"","Bin 1","Bin 10","Bin 100","Bin 101","Bin 102","Bin 103","Bin 104","Bin 105","Bin 106","Bin 107","Bin 108","Bin 109","Bin 11","Bin 110","Bin 111","Bin 112","Bin 113","Bin 114","Bin 115","Bin 116","Bin 117","Bin 118","Bin 119","Bin 12","Bin 120","Bin 121","Bin 122","Bin 123","Bin 124","Bin 125","Bin 126","Bin 127","Bin 128","Bin 129","Bin 13","Bin 130","Bin 131","Bin 132","Bin 133","Bin 134","Bin 135","Bin 136","Bin 137","Bin 138","Bin 139","Bin 14","Bin 140","Bin 141","Bin 142","Bin 143","Bin 144","Bin 145","Bin 146","Bin 147","Bin 148","Bin 149","Bin 15","Bin 150","Bin 151","Bin 152","Bin 153","Bin 154","Bin 155","Bin 156","Bin 157","Bin 158","Bin 159","Bin 16","Bin 160","Bin 161","Bin 162","Bin 163","Bin 164","Bin 165","Bin 166","Bin 167","Bin 168","Bin 17","Bin 18","Bin 19","Bin 2","Bin 20","Bin 21","Bin 22","Bin 23","Bin 24","Bin 25","Bin 26","Bin 27","Bin 28","Bin 29","Bin 3","Bin 30","Bin 31","Bin 32","Bin 33","Bin 34","Bin 35","Bin 36","Bin 37","Bin 38","Bin 39","Bin 4","Bin 40","Bin 41","Bin 42","Bin 43","Bin 44","Bin 45","Bin 46","Bin 47","Bin 48","Bin 49","Bin 5","Bin 50","Bin 51","Bin 52","Bin 53","Bin 54","Bin 55","Bin 56","Bin 57","Bin 58","Bin 59","Bin 6","Bin 60","Bin 61","Bin 62","Bin 63","Bin 64","Bin 65","Bin 66","Bin 67","Bin 68","Bin 69","Bin 7","Bin 70","Bin 71","Bin 72","Bin 73","Bin 74","Bin 75","Bin 76","Bin 77","Bin 78","Bin 79","Bin 8","Bin 80","Bin 81","Bin 82","Bin 83","Bin 84","Bin 85","Bin 86","Bin 87","Bin 88","Bin 89","Bin 9","Bin 90","Bin 91","Bin 92","Bin 93","Bin 94","Bin 95","Bin 96","Bin 97","Bin 98","Bin 99"
"SKST007_1_G102966",177313.482243421,2676.5060897578,50.4620303498835,2081.0541316291,44.4065867078975,4004.6667285667,22.2032933539488,310.8461069552,82.757729773809,611.5998078405,185.7002716875,2282.9022530287,23989.6492283346,16.1478497119627,8659.28440804,3150.8491750467,1725.801437966,347.1787688071,440.0289046509,139.2752037656,427.918017367,413.788648869,0,2321.2533960946,290.6612948153,2892.4835796553,2468.6025247163,1439.1771055786,1752.0416937479,88.813173415795,9208.3112982467,1786.3558743858,141.2936849796,115.0534291977,7167.6267908974,50.4620303498835,2305.1055463826,175.6078656175,147.3491286216,1600.6556026983,1521.9348353524,288.6428136013,1146.4973295493,4856.4658008727,179.6448280455,5395.4002850095,555.0823338487,2129.497680765,823.54033531,0,1370.5487443028,10942.1866610687,1677.3578888301,1859.0211980897,193.7741965435,355.2526936631,8086.0357432653,353.2342124491,10104.5169572606,32.2956994239255,983.0003512157,24.2217745679441,193.7741965435,1897.3723411556,831.614260166,222.0329335394,4305.420429452,3582.8041548417,296.7167384573,3566.6563051297,56.5174739918696,1025.3884567096,1033.4623815656,298.7352196713,62.5729176338556,123.1273540537,238.1807832514,2353.5490955185,3944.1122921468,4571.8599496994,62217.6649401924,643.8955072645,1572.3968657023,1386.6965940147,2.01848121399534,369.3820621611,55875.596965819,3138.7382877627,1328.1606388089,26351.2722487091,815.4664104541,29239.7188659365,2517.0460738521,607.5628454125,393.603836729,5205.6630508939,3175.0709496146,1330.1791200229,6838.6143530162,246.2547081074,1519.9163541384,1251.4583526771,261435.705317891,805.3740043841,936.5752832938,4795.9113644529,369.3820621611,3334.5309655203,898.2241402279,2807.7073686675,1955.9082963614,181.6633092595,10976.5008417066,4087.4244583405,1263.569239961,4099.5353456245,676.1912066884,1614.7849711962,1418.9922934387,641.8770260505,58.5359552058649,1094.0168179854,1560.2859784183,3784.6522762412,6640.8031940446,191.7557153295,498.5648598568,1390.7335564427,1970.0376648594,712.5238685403,250.2916705354,290.6612948153,28712.8952690837,157.4415346916,684.2651315444,3055.9805579889,131.2012789096,5070.4248095562,1408.8998873687,278.5504075313,1253.4768338911,1507.8054668545,3368.8451461582,1816.6330925958,490.4909350008,1451.2879928626,4206.5148499662,1406.8814061547,145.3306474076,18921.2428999923,9676.5989398936,183.6817904735,8.07392485598137,242.2177456794,20.1848121399534,458.1952355769,179.6448280455,4535.5272878475,121.1088728397,20186.8306211674,11537.6386191973,4676.8209728272,48.4435491358882,2476.6764495722,181.6633092595,60.5544364198602,153.4045722636,6.05544364198602
"SKST007_2_G102967",187668.646878766,2242.4035579825,39.9953072172865,2402.3847868516,0,2535.7024775759,2.66635381448577,178.6457055705,2.66635381448577,557.2679472275,226.6400742312,3055.6414714006,18656.4776399569,0,9406.8962575057,1034.5452800204,1202.525570333,271.9680890775,610.5950235172,141.3167521677,237.3054894892,629.2595002186,7.9990614434573,2135.749405403,0,2378.3876025213,2674.3528759292,1061.2088181653,2951.6536726357,111.9868602084,7300.476744062,1757.1271637461,165.3139364981,0,6412.5809238382,23.9971843303719,2866.3303505721,135.9840445387,114.6532140228,1674.470195497,2071.7569138554,277.3007967065,618.5940849606,2919.6574268619,154.6485212401,11539.9793090944,557.2679472275,1317.1787843559,602.5959620737,0,1018.5471571335,7783.0867844839,1186.5274474461,2039.7606680816,274.634442892,215.9746589733,7668.433570461,221.3073666023,11217.3504975416,21.3308305158861,898.5612354817,10.6654152579431,162.6475826836,3415.5992363562,439.9483793901,103.9877987649,2477.0426936572,3570.2477575964,207.9755975298,4252.8343341047,23.9971843303719,946.5556041424,917.2257121831,63.9924915476584,13.3317690724288,53.3270762897153,103.9877987649,1962.4364074615,3527.5860965646,4679.4509444225,53817.6853915807,725.2482375401,935.8901888845,2247.7362656115,2.66635381448577,554.601593413,64456.4371113789,2223.7390812811,1415.8338754919,23546.5705357238,639.9249154765,30601.7427288531,714.5828222821,455.946502277,23.9971843303719,4554.1323151416,4375.4866095711,1493.158136112,7852.4119836605,114.6532140228,1919.7747464297,1447.8301212657,290187.28469193,207.9755975298,418.6175488742,5743.3261164023,466.611917535,3236.9535307857,453.2801484625,3351.6067448086,2026.4288990091,279.967150521,10454.7733065986,3071.6395942876,1295.84795384,2546.3678928339,394.6203645438,1229.1891084779,735.913652798,663.9220998069,247.9709047471,1287.8488923966,1362.5067992022,2495.7071703586,5913.9727605294,82.6569682490588,202.6428899009,719.9155299111,2791.6724437665,810.5715596036,21.3308305158861,0,26212.9243502095,15.9981228869146,530.6044090826,3364.938513881,45.328014846258,5713.9962244429,1114.535894455,191.9774746429,863.8986358933,847.9005130064,3220.9554078988,1293.1816000255,170.646644127,1853.1159010676,2818.3359819114,346.6259958831,18.6644767014004,18968.4410362517,6292.5950021864,103.9877987649,7.9990614434573,333.2942268107,5.33270762897153,1125.2013097129,159.9812288691,4396.817440087,10.6654152579431,17824.5752498373,5538.0168726869,5567.3467646462,31.9962457738292,1637.1412420942,10.6654152579431,31.9962457738292,95.9887373214876,0
"SKST007_3_G102949",178051.301679713,1403.8524733614,37.7718154267649,1906.2176185373,13.8496656564804,3462.4164141201,1.2590605142255,180.0456535342,23.9221497702844,462.0752087207,164.9369273635,1700.9907547186,22749.9644315404,1.2590605142255,7817.5067328261,2975.1599951148,932.963841041,269.4389500442,478.4429954056,81.8389334246572,125.9060514225,462.0752087207,0,1639.2967895215,30.2174523414119,1999.38809659,2140.4028741833,1173.4443992581,2785.0418574667,110.7973252518,5483.208539452,1979.2431283624,180.0456535342,31.4765128556374,6977.7133698376,30.2174523414119,2941.1653612307,96.9476595953631,172.4912904488,1124.3410392033,1461.7692570158,431.8577563793,960.663172354,4965.7346681053,196.4134402191,15354.2429709799,915.3369938419,1420.2202600463,566.5772314014,0,885.1195415005,10278.9700381369,980.8081405816,1695.9545126617,255.5892843877,203.9678033045,9036.2773105963,460.8161482065,7125.023450002,1.2590605142255,888.8967230431,10.072484113804,110.7973252518,1392.5209287333,396.604061981,54.1396021116963,3531.6647424025,4416.784283903,216.5584084467,4046.6204927207,36.5127549125394,1079.0148606912,1400.0752918187,65.4711467397258,11.3315446280295,36.5127549125394,15.1087261707059,1498.2820119283,4197.7077544278,3449.8258089778,51542.1602708491,815.8712132181,1342.1585081643,1633.0014869504,7.55436308535297,1105.4551314899,56374.4345244465,2919.7613324889,1794.1612327713,27360.6440346342,599.3128047713,27839.0870300399,2518.1210284509,538.8779000885,122.1288698798,5600.301167275,4360.1265607628,2137.8847531548,8697.5900322697,120.8698093656,1538.5719483835,2190.7652947523,282807.654584302,225.3718320463,650.9342858545,4192.6715123708,491.0336005479,2960.0512689441,706.3329484805,2881.9895170621,943.0363251548,367.6456701538,12450.8494251759,6416.1723804931,610.6443493993,2535.7478756501,498.5879636332,1415.1840179894,706.3329484805,663.5248909968,101.9839016522,332.3919757555,1585.1571874098,2285.1948333192,5077.7910538714,62.9530257112748,351.2778834689,1073.9786186343,3009.1546289989,467.1114507776,62.9530257112748,51.6214810832453,26897.3097653992,41.5489969694414,532.5825975173,2019.5330648176,109.5382647376,4577.9440297239,867.4926943013,226.6308925605,722.7007351654,833.4980604172,4025.2164639789,1188.5531254288,298.3973418714,1706.0269967755,3831.3211447881,1290.5370270811,62.9530257112748,17234.0203187185,10612.6210744066,156.1235037639,7.55436308535297,73.0255098250787,6.29530257112748,844.8296050453,130.9422934794,3486.3385638903,86.8751754815592,19703.0379871147,16229.2900283666,7514.0731488977,20.1449682276079,1091.6054658335,6.29530257112748,45.3261785121178,124.6469909083,1.2590605142255
"SKST007_4_G102948",179939.645407565,2372.2128340027,55.2248202432101,2270.3537211097,4.90887291050757,2336.6235054016,51.5431655603294,204.9454440136,19.6354916420303,339.9394490526,174.264988323,1910.778780415,22088.7008790564,1.22721822762689,8174.5006142227,1354.8489233,964.5935269147,326.4400485487,582.9286581227,87.1324941615093,141.130096177,344.8483219631,2.45443645525378,8634.7074495828,28.2260192354185,2515.7973666351,2086.2709869657,969.5023998252,2869.2362161916,132.5395685837,7357.1732746232,1482.4796189732,310.4862115896,51.5431655603294,7519.1660806699,31.9076739182992,3169.9046819602,109.2224222587,144.8117508599,1174.4478438389,1923.0509626913,487.2056363678,840.6444859244,3689.0179922464,195.1276981926,20325.1882859565,603.7913679924,1519.296165802,619.7452049515,28.2260192354185,904.459833761,8494.8045716333,1519.296165802,1440.7541992339,196.3549164203,385.3465234748,8969.7380257249,400.0731422063,8439.5797513901,4.90887291050757,796.4646297298,11.044964048642,111.676858714,2366.0767428646,731.4220636656,65.0425660642252,3734.4250666686,4038.77518712,323.9856120934,3766.3327405869,53.9976020155832,997.7284190606,1040.6810570276,153.4022784533,8.59052759338824,29.4532374630454,18.4082734144034,2183.2212269482,3061.909477929,3885.3729086667,54844.3825926457,1082.4064767669,1186.7200261152,1222.3093547163,1.22721822762689,1303.3057577397,55714.4803160332,2526.8423306837,2971.0953290847,27959.7128800234,754.7392099905,29995.6679196564,1818.737413343,602.5641497648,266.306355395,4730.9262675016,4969.0066036612,1774.5575571484,9425.0359881745,92.0413670720168,1796.6474852457,2744.0599569737,276570.808650907,173.0377700953,689.6966439263,4473.2104397,279.8057558989,4016.6852590228,786.6468839088,3912.3717096745,1108.178059547,454.0707442219,11673.2997811869,3336.8063609175,789.101320364,3063.1366961567,456.5251806772,888.5059968018,994.0467643777,590.2919674885,103.0863311206,942.5035988174,1678.8345353935,2109.5881332906,5394.8513286478,60.1336931537177,617.2907684963,1055.4076757591,3050.8645138804,2197.9478456797,46.6342926498219,88.3597123891362,23373.5983633817,34.362110373553,433.2080343522,2461.7997646195,105.5407675759,4578.7512072759,872.5521598427,247.8980819806,951.0941264108,1298.3968848292,2941.6420916216,1348.7128321619,393.9370510682,1286.1247025529,3585.9316611257,938.8219441345,17.1810551867765,17124.6031483056,7892.2404218685,141.130096177,2.45443645525378,116.5857316245,14.7266187315227,1077.4976038564,89.5869306167631,4118.5443719158,28.2260192354185,18691.7608249851,8145.0473767596,5953.235622218,51.5431655603294,1407.619307088,23.3171463249109,20.8627098696572,141.130096177,4.90887291050757
"SKST007_6_G102995",174926.646174169,2300.6427192358,42.8691189919724,1413.0931815872,43.6629915658978,5495.9798292856,1.58774514785083,306.4348135352,16.6713240524337,194.4987806117,104.7911797581,1089.9870439995,27221.8905599024,10.3203434610304,6909.8668834468,1211.4495478101,962.9674321715,288.1757443349,480.2929072248,140.5154455847,480.2929072248,645.4184026013,3.17549029570166,7505.2713138908,104.7911797581,2938.1223960979,2162.5088913728,1607.5919621989,3153.2618636317,130.9889746976,11038.7981404328,2009.2914846052,46.8384818615994,50.0139721573011,9584.4235850015,45.2507367137486,2418.1358601768,258.0085865257,154.8051519154,1377.3689157605,722.4240422721,185.7661822985,1095.544152017,5769.8658672899,307.2286861091,3205.6574535108,516.8110456254,1512.3272533279,937.5635098059,4.76323544355248,947.8838532669,7267.1095417132,1933.0797175083,1443.2603393964,227.8414287165,355.6549131185,6797.9308505233,401.6995224062,14777.1440910476,13.495833756732,735.9198760288,1.58774514785083,106.378924906,643.0367848795,327.0755004572,142.8970633065,5298.3055583782,2961.9385733157,413.6076110151,3843.9310029468,73.0362768011381,844.6804186566,1351.171120821,141.3093181587,67.4791687836602,23.8161772177624,34.1365206787928,3350.9361345391,3421.5907936185,3866.1594350167,44742.6582664363,879.6108119093,1191.602733462,5969.1278833451,4.76323544355248,885.9617925007,47384.6661924601,2855.5596484097,1151.9091047657,30409.2889442129,730.3627680113,34683.4988822274,2717.4258205466,329.457118179,199.2620160552,4644.1545574636,3255.6714256681,1521.853724215,7095.6330657453,134.1644649933,2035.4892795447,1193.9843511838,245929.815313484,413.6076110151,629.5409511228,4276.5915557362,445.3625139721,3187.3983843105,643.8306574535,2421.3113504725,535.0701148257,521.5742810689,16699.903465095,11881.0969413677,373.9139823188,4169.4187582562,751.7973275073,2599.1388070318,1139.2071435829,908.1902245706,138.9277004369,318.342902144,1482.1600955187,6131.8717609998,5895.2977339701,68.2730413575856,1500.419164719,1140.7948887308,1802.8846153846,2395.1135555329,86.5321105578701,98.4401991667513,35737.7616604003,96.8524540189005,1062.2015039122,1897.3554516817,172.2703485418,6223.9609795752,1351.171120821,358.0365308403,1113.8032212173,1305.9203841073,4005.0871354537,804.9867899603,391.3791789452,1936.255207804,3647.8444771872,914.541205162,144.4848084544,13971.3634285133,11203.9236358093,75.4178945229143,10.3203434610304,130.1951021237,23.8161772177624,455.6828574331,231.0169190122,3076.2562239609,58.7465704704806,33389.4865867289,9763.0449141347,5061.7315313484,20.6406869220608,3639.905751448,56.3649527487044,14.2897063306575,102.4095620363,0.793872573925414
"SKST007_7_G103016",156455.9001895,1602.9706114949,28.7767330521029,1145.7402974448,5.32902463927832,4609.6063129757,18.1186837735463,367.7027001102,0,277.1092812424,137.4888356933,1075.3971722063,21745.6179430391,5.32902463927832,6645.29372518,1375.9541618616,1022.1069258135,174.7920081683,508.3889505871,108.7121026412,68.2115153827625,541.4289033506,0,9359.8988764284,154.541714539,3043.9388739557,1923.7778947794,1236.3337163125,2306.4018638796,180.1210328076,8121.4335502601,2051.6744861221,25.5793182685359,10.6580492785566,7322.0798543684,54.3560513206389,2457.7461636351,334.6627473466,116.1727371362,1210.754398044,806.8143303867,199.305521509,1016.7779011743,5399.3677645167,220.6216200661,1769.2361802404,587.2585152484,1281.0975232825,1062.607513072,1.06580492785566,901.6709689658,7535.2408399395,2045.279656555,1034.8965849478,103.3830780019,308.0176241502,6200.8530702642,414.5981169358,7728.1515318814,13.8554640621236,616.0352483005,6.39482956713399,91.6592237955871,932.5793118737,227.0164496332,204.6345461482,3677.027001102,3674.8953912463,528.6392442164,3617.3419251421,28.7767330521029,378.3607493887,944.3031660801,34.1057576913813,58.6192710320615,22.381903484969,23.4477084128246,2745.5134941561,3456.4053810359,4242.9694177934,38305.0291071325,450.8354844829,847.3149176452,4149.1785841421,4.26321971142266,268.5828418196,45789.111310535,3351.956498106,893.144529543,23622.5004209929,737.5370100761,32492.1290306077,1220.3466423947,412.4665070801,109.7779075691,4265.3513212783,3178.2302948655,1327.9929401081,5242.694440122,99.1198582905768,1915.2514553566,968.8166794207,225398.557752772,506.2573407314,655.4700306312,3841.1609599918,378.3607493887,3250.7050299597,384.7555789558,2099.6357078756,764.1821332725,368.768505038,11285.8083810636,133245.866275587,446.5722647715,4414.5640111781,551.0211477013,2597.3666091842,1156.3983467233,471.0857781122,183.3184475911,482.8096323186,1171.3196157133,5152.1010212542,6675.13626316,57.5534661042059,730.0763755811,802.5511106753,2055.9377058335,3453.2079662523,85.2643942284532,36.2373675470926,28687.205438163,86.3301991563088,1147.8719073005,1908.8566257894,605.377199022,5826.7555405869,951.7638005751,208.8977658597,1038.0939997314,894.2103344709,3120.6768287613,480.6780224629,310.1492340059,1746.8542767554,2895.7919889838,980.5405336272,42.6321971142266,13742.4887397709,10514.1656132961,51.1586365370719,17.0528788456906,108.7121026412,10.6580492785566,200.3713264368,126.8307864148,3400.9835247874,44.7638069699379,18956.4064468408,9176.5804288372,4954.9271096009,33.0399527635256,3248.573420104,44.7638069699379,7.46063449498965,100.1856632184,3.19741478356699
"SKST007_8_G102999",187057.381148268,1812.1494673786,59.1502793506375,1373.8996703716,13.4432453069631,2715.5355520065,10.7545962455705,220.4692230341,0,561.927653831,104.8573133943,1900.8748864045,19266.8591739394,8.06594718417784,8926.3148838234,2349.8792796571,1099.6574661095,276.9308533234,365.6562723493,137.121102131,120.9892077626,647.9644237956,8.06594718417784,3118.8329112154,72.5935246576005,2048.7505847811,2204.6922303419,881.8768921367,2164.362494421,137.121102131,9485.5538885931,2433.2274005603,155.9416455607,21.5091924911409,7573.9244059429,72.5935246576005,2731.6674463748,91.4140680873488,137.121102131,1513.709421564,1129.2326057848,430.1838498228,704.4260540848,4011.4643995977,188.2054342974,10719.6438077723,457.0703404367,1943.8932713868,411.363306393,37.6410868594966,1180.3169379513,9267.7733146203,919.5179789962,941.0271714874,365.6562723493,91.4140680873488,7641.1406324778,344.1470798582,11499.3520355762,13.4432453069631,946.4044696101,2.68864906139261,137.121102131,2188.5603359735,368.3449214107,69.9048755962079,3651.1854253711,3906.6070862034,198.960030543,3753.354089704,64.5275774734227,387.1654648405,1126.5439567235,142.4984002538,21.5091924911409,29.5751396753187,26.8864906139261,1333.5699344507,3444.1594476439,4369.0547247629,53990.761801825,604.9460388133,1183.0055870127,1602.4348405899,8.06594718417784,338.7697817354,59491.7377814343,2546.1506611388,1785.2629767646,25563.6752757209,707.1147031462,28155.5329709034,535.0411632171,387.1654648405,115.6119096398,4691.6926121301,4508.8644759554,1365.8337231874,8060.569886055,118.3005587012,1927.7613770185,1430.3613006608,279533.465614867,96.791366210134,548.484408524,5000.8872541902,352.2130270424,2586.4803970596,747.4444390671,2965.579914716,1188.3828851355,298.4400458145,12945.8452306054,6178.5155430802,924.895277119,2632.1874311033,637.20982755,1806.7721692558,1002.8660998994,497.4000763576,145.1870493152,941.0271714874,1822.9040636241,3172.6058924432,5431.071104013,72.5935246576005,322.6378873671,1062.01637925,2339.1246834115,1290.5515494684,24.1978415525335,45.7070340436744,30526.9214430517,13.4432453069631,524.2865669715,2651.0079745331,155.9416455607,5006.264552313,868.4336468298,209.7146267886,645.2757747342,1018.9979942678,3519.4416213629,1513.709421564,279.6195023848,1597.0575424672,3013.9755978211,957.1590658557,5.37729812278523,18070.4103416197,8689.7137664209,64.5275774734227,0,145.1870493152,61.8389284120301,1734.1786445982,104.8573133943,2968.2685637774,45.7070340436744,20361.1393419262,8821.4575704291,6232.288524308,34.952437798104,1828.2813617469,26.8864906139261,45.7070340436744,164.0075927449,13.4432453069631
"SKST010_1_G102968",247324.340344064,6602.5957072612,176.8065619379,1049.9350021691,0.778883532766462,2043.7903899791,60.752915555784,700.216295957,95.0237909975084,312.3322966393,247.6849634197,1124.7078213147,9801.4703763331,1596.7112421712,7439.8955049852,2148.1607833699,1867.7627115739,405.0194370385,438.5114289475,247.6849634197,442.4058466113,995.4131548755,0,989.9609701461,730.5927537349,4448.2038556292,2745.5644530017,355.1708909415,1069.4070904883,43.6174778349219,5065.0796135803,1081.0903434798,43.6174778349219,43.6174778349219,8502.2926436786,6.23106826213169,2906.0144607516,316.2267143031,243.0116622231,1950.3243660472,585.7204166403,759.4114444473,1338.9007928255,2701.168091634,225.8762245022,113.7169957839,939.3335405163,1201.0384075258,1203.3750581241,0,1028.1262632517,6421.1158441267,2748.6799871328,1796.8843100922,209.5196703141,170.5754936758,10042.1453879579,538.2085211416,7536.4770630482,116.8325299149,1021.1163114568,43.6174778349219,144.8723370945,432.2803606853,914.4092674678,197.0575337899,4322.024723321,5012.1155333521,616.875757951,3766.6807644586,115.2747628494,1010.2119419981,777.3257657009,220.4240397729,910.5148498039,106.707043989,451.7524490045,4302.5526350019,3879.6188767097,5831.5010098225,51709.2988568326,498.4854609705,1743.1413463313,1819.4719325424,3.11553413106585,162.7866583481,43015.4008640933,4381.9987553441,791.3456692907,15918.8216426809,1182.3452027394,32826.0464884425,5931.1981020166,1500.1296841082,232.8861762971,5496.5810907329,3070.3588861653,2601.4709994399,6631.4143979736,391.7784169815,2029.7704863894,799.9133881511,261300.626456025,567.8060953867,771.0946974387,5763.7381424718,836.5209141911,6034.7896118745,645.6944486633,3793.9416881054,1265.6857407455,791.3456692907,6278.5801576304,3325.05380138,264.0415176078,7069.1469433884,700.9951794898,1400.432591914,2986.2394646266,630.116778008,378.5373969245,401.9039029074,1658.2430412597,2834.3571757371,7661.8773118236,42.0597107693889,634.7900792046,1236.8670500331,2772.0464931158,478.2344891186,15.5776706553292,315.4478307704,19986.1514507874,117.6114134477,816.2699423392,5310.4279264017,83.3405380060114,6519.2551692552,2190.2204941392,677.6286735068,2159.0651528286,2987.7972316921,2902.8989266206,1059.2816045623,1816.3563984113,1626.3088164163,3980.8737359693,604.4136214267,18.6932047863951,14018.3458227307,5056.5118947198,151.8822888894,2.33665059829939,462.6568184632,1602.1634269006,726.6983360711,349.7187062121,4376.5465706147,65.4262167523828,14633.6638136162,3281.4363235451,4473.9070122105,274.9458870665,1967.459803768,37.3864095727902,381.6529310555,205.6252526503,65.4262167523828
"SKST010_2_G102969",212672.162033113,2289.3247509873,42.5662645696921,669.9559901838,0,1413.9402665758,81.4311148289761,231.3383944005,12.954950086428,916.1000418259,220.2341514692,2248.6091935728,10304.7374401758,68.4761647425481,7404.6793279712,1252.9287440731,1478.7150170079,179.5185940547,521.8994177675,86.9832362945882,59.2226289665281,399.752745524,0,1038.2467140694,305.3666806086,3079.5767062594,2583.5871886647,157.3101081923,429.3640600073,25.909900172856,8211.5876476401,1787.783111927,42.5662645696921,14.805657241632,8863.0365662719,0,1956.1974630506,107.3410150018,107.3410150018,1791.4845262374,888.3394344979,83.2818219841802,997.5311566549,5313.3802425906,96.2367720706082,196.1749584516,558.9135608716,3107.3373135875,916.1000418259,11.104242931224,1447.2529953695,14466.9778322296,1730.4111901157,212.8313228484,109.191722157,31.4620216384681,5198.636398968,494.1388104394,14685.3612765437,12.954950086428,694.0151832015,11.104242931224,48.1183860353041,1147.4384362264,640.3446757005,25.909900172856,3490.4336947147,4526.8297016289,706.9701332879,3368.2870224712,46.2676788801001,351.6343594887,547.8093179403,66.6254575873441,116.5945507778,44.4169717248961,338.6794094023,3549.6563236812,3521.8957163532,4278.8349428316,50131.955420166,329.4258736263,788.4012481169,8317.0779554867,9.25353577602002,244.2933444869,52219.5530912361,4898.8218398249,779.1477123408,32872.2604907335,682.9109402702,44966.6317499916,1402.8360236446,642.1953828557,9.25353577602002,5716.8344024251,2961.1314483264,1291.7935943323,7634.1670152165,136.952329485,2417.0235446964,777.2970051856,251759.097151021,111.0424293122,436.7668886281,8032.0690535853,819.8632697553,3446.0167229898,1008.6353995861,2946.3257910847,1228.8695510554,235.0398087109,7508.3189286626,2720.5395181498,327.5751664711,3901.29068317,375.6935525064,697.7165975119,906.8465060499,706.9701332879,123.9973793986,692.1644760462,1517.5798672672,1354.7176376093,8287.4666410035,48.1183860353041,855.0267057042,3172.1120640196,2937.0722553087,405.3048669896,111.0424293122,42.5662645696921,34693.3563314542,194.3242512964,877.2351915666,2605.7956745272,196.1749584516,7115.9690117593,592.2262896652,111.0424293122,1332.5091517468,518.1980034571,3755.0848179089,433.0654743177,407.1555741448,2254.1613150384,3494.1351090251,1687.844925546,1.850707155204,14542.856825593,12199.8615671047,107.3410150018,1.850707155204,125.8480865538,51.8198003457121,175.8171797443,161.0115225027,4199.2545351578,49.9690931905081,18135.079413844,7978.3985460844,3884.6343187732,153.6086938819,579.2713395788,7.40282862081601,196.1749584516,57.3719218113241,40.7155574144881
"SKST010_3_G102970",198303.043185602,5182.9808339533,573.9185885853,2026.4285967336,0,3726.9281184681,14.1708293477876,336.5571970099,0,389.6978070641,265.703050271,1576.5047649413,7666.418677153,354.2707336946,7988.8050448152,999.043469019,2161.0514755376,297.5874163035,1200.9777872249,187.7634888581,95.6530980975662,775.8529067913,0,10684.8053282318,162.9645374995,2504.6940872214,3347.8584334148,828.9935168455,1955.5744499946,53.1406100542034,6592.9783540581,1346.2287880398,28.3416586955752,3.54270733694689,10957.5937931767,0,3124.6678711871,219.6478548907,123.9947567931,2263.789988309,400.3259290749,903.3903709214,1551.7058135827,2834.1658695575,283.4165869557,315.3009529882,627.0591986396,1707.5849364084,825.4508095086,0,1094.6965671165,8027.7748255216,1526.9068622241,1983.9161086902,166.5072448365,99.1958054345131,8226.1664363906,226.7332695646,7673.5040918269,85.0249760867255,871.5060048889,17.7135366847345,148.7937081517,1006.1288836929,446.3811244553,77.9395614128317,2692.4575760796,4839.3382222694,371.9842703794,4272.5050483579,88.5676834236724,889.2195415736,1101.7819817904,21.2562440216814,325.9290749991,67.311439401991,134.6228788039,1923.6900839621,4031.6009494455,4793.2830268891,44397.2083466184,726.2550040741,1580.0474722783,1541.0776915718,21.2562440216814,145.2510008148,47001.0982392744,3397.456336132,4407.1279271619,25015.056506182,1704.0422290714,41481.5602083111,9682.2191518758,740.4258334219,53.1406100542034,5859.6379353101,2720.7992347752,1562.3339355935,9281.8932228008,262.160342934,1293.0881779856,4268.962341021,269242.214900627,258.6176355971,836.0789315194,5700.2161051475,857.3351755411,3323.0594820561,407.4113437488,4329.1883657491,960.0736883126,407.4113437488,7836.4686293265,5381.3724448223,442.8384171183,4361.0727317816,595.174832607,2274.4181103199,2146.8806461898,853.7924682042,775.8529067913,389.6978070641,1254.1183972792,4733.057002161,7949.8352641088,67.311439401991,914.0184929322,1176.1788358663,1629.6453749955,4463.811244553,35.4270733694689,106.2812201084,27558.7203741098,49.5979027172565,276.3311722818,2065.39837744,113.3666347823,5916.3212527013,1438.3391788004,209.0197328798,1452.5100081482,3400.999043469,3454.1396535232,1275.3746413008,733.340418748,2324.0160130371,3489.5667268926,945.9028589648,21.2562440216814,13859.0711021362,6040.3160094944,162.9645374995,17.7135366847345,315.3009529882,425.1248804336,393.2405144011,187.7634888581,4616.1476600418,7.08541467389379,19212.101888263,5186.5235412902,5554.9651043327,53.1406100542034,3036.1001877634,0,70.8541467389379,216.1051475537,67.311439401991
"SKST010_4_G102956",229361.971668778,4462.7432914891,181.3889208798,2735.2297592997,0,2288.9554301508,446.2743291489,541.2875734193,48.9462167453645,1042.2664977542,290.7981112518,2024.0700218818,6875.5038581135,175.6305424392,8830.4733387078,1934.815156052,2003.9156973396,374.294598641,480.8245997926,241.8518945065,506.7373027755,800.4146032477,0,5119.198433721,132.4427041345,3000.1151675688,2191.0629966601,587.3546009443,1834.043533341,155.476217897,8412.990901762,1534.6078544281,63.3421628469423,83.4964873891512,8058.8506276632,5.75837844063112,2337.9016468962,218.8183807439,247.6102729471,1684.3256938846,405.9656800644,742.8308188414,1655.5338016814,1793.7348842565,123.8051364735,282.1605435909,590.2337901646,2355.1767822181,587.3546009443,23.0335137625245,1338.8229874467,6668.2022342508,1655.5338016814,1479.9032592421,178.5097316595,123.8051364735,10817.1139007255,630.5424392491,11565.7030980076,112.2883795923,1027.8705516526,43.1878383047334,276.4021651502,984.6827133479,1143.0381204652,328.2275711159,3754.4627432914,4494.4143729125,486.5829782333,3345.6178740066,123.8051364735,380.0529770816,1295.635149142,181.3889208798,221.6975699642,158.3554071173,745.7100080617,3164.2289531267,5139.3527582632,5844.7541172405,60186.5714614764,558.5627087412,1678.5673154439,509.6164919958,2.87918922031556,440.5159507082,49674.6516181043,3791.8922031555,3126.7994932626,20560.2902222734,1252.4473108372,32529.0798111251,7039.6176436715,1623.8627202579,316.7108142347,5502.130600023,2746.746516181,2476.1027294713,7054.0135897731,187.1472993205,2038.4659679834,2553.8408384199,254782.333294944,351.2610848784,872.3943337556,4626.8570770471,607.5089254865,3999.1938270183,860.8775768743,3869.6303121041,1739.0302890705,495.2205458942,8706.6682022342,2438.6732696072,498.0997351145,4978.1181619256,1071.0583899573,751.4683865023,2545.2032707589,604.6297362662,313.8316250143,1073.9375791777,1382.0108257514,3123.9203040423,6639.4103420476,20.1543245422089,483.703789013,1298.5143383623,2343.6600253368,1442.473799378,20.1543245422089,285.0397328112,17597.6045145686,166.9929747783,518.2540596568,5412.8757341932,71.979730507889,5934.0089830703,2018.3116434412,492.3413566739,1834.043533341,2444.4316480479,3691.1205804445,1030.7497408729,1148.7964989059,1399.2859610733,4114.3613958309,397.3281124035,2.87918922031556,17709.892894161,4638.3738339283,158.3554071173,8.63756766094668,394.4489231832,175.6305424392,486.5829782333,253.3686513877,4883.1049176551,166.9929747783,14845.099619947,5939.7673615109,3080.7324657376,319.590003455,2075.8954278475,11.5167568812622,486.5829782333,262.0062190487,166.9929747783
"SKST010_5_G102990",239335.681073393,2421.1790299827,160.3353431003,1301.1386116343,0,2445.4023551993,141.8794762686,341.4335363863,6.92095006188483,572.1318717824,113.0421843441,1401.4923875316,8477.0103341319,5.76745838490402,7952.1716211056,1588.3580392025,898.570016368,331.0521112934,758.9975234533,381.8057450806,175.330734901,574.4388551364,0,2966.7805931946,43.8326837252706,2602.2772232686,2657.6448237637,292.9868859531,1870.9635000628,149.9539180075,6307.292489731,1293.0641698954,11.534916769808,28.8372919245201,9182.9472404441,110.7352009901,2996.7713767961,144.1864596226,107.2747259592,1809.8284411828,545.6015632119,671.3321560028,970.0865003408,2061.2896267646,163.7958181312,133.8050345297,652.8762891711,1674.8699149761,655.183272525,16.1488834777313,2086.6664436582,7689.175518754,1380.729537346,860.5047910276,125.7305927909,151.1074096844,8490.8522342557,317.2102111697,10359.5087509646,107.2747259592,843.2024158729,85.3583840965796,119.963134406,1469.5483964735,639.0343890473,42.6791920482898,2957.5526597787,4154.8770204848,334.5125863244,4052.2162612335,108.4282176361,347.2009947712,280.2984775063,47.293158756213,69.2095006188483,29.9907836015009,417.563987067,2117.8107189367,3701.5547914314,5665.9511173297,50476.79578468,335.6660780014,1258.459419586,498.3084044557,1.1534916769808,547.9085465658,50504.4795849275,3616.1964073348,4867.7348768589,22335.0593413793,1080.821701331,34423.6521161381,5208.0149215683,561.7504466896,130.3445594988,4438.6359730221,2563.0585062513,2265.4576535903,9591.2832940953,94.586317512426,2083.2059686273,4325.593788678,280795.632419114,256.0751522897,933.1747666774,5833.2074104919,542.1410881809,3318.5955546737,627.4994722775,3632.3452908125,919.3328665537,226.0843686882,7018.9968544281,2914.8734677304,519.0712546413,3831.8993509302,734.7741982367,1058.9053594683,1887.1123835405,313.7497361387,248.0007105508,592.8947219681,2030.1453514862,3278.2233459794,6468.7813245083,34.6047503094241,835.1279741341,1365.7341455452,1380.729537346,699.0159562503,23.0698335396161,48.4466504331938,20419.1096659142,55.3676004950786,282.6054608602,1590.6650225565,89.9723508045028,8659.2620190949,1385.3435040539,160.3353431003,1286.1432198335,2185.8667278786,2229.6994116038,1129.2683517642,659.797239233,1342.6643120056,3467.3959810042,1507.6136218139,6.92095006188483,14366.7388367959,6186.175863648,91.1258424814836,8.07444173886563,177.637718255,11.534916769808,385.2662201115,140.7259845916,4564.366565813,98.0467925433684,15389.8859542778,3523.9170731763,4047.6022945256,65.7490255879059,2054.3686767028,11.534916769808,158.0283597463,95.7398091894068,29.9907836015009
"SKST010_6_G103004",218194.699754902,2891.3909313725,134.037990196,836.141748366,0,1340.3799019607,0,338.2863562091,31.9138071895425,804.2279411764,127.6552287581,1876.531862745,9146.4971405228,0,8706.0866013071,1531.862745098,1295.7005718954,197.8656045751,408.4967320261,689.3382352941,236.1621732026,644.6589052287,0,4040.287990196,95.7414215686274,1978.6560457516,2336.0906862745,319.1380718954,925.5004084967,44.6793300653595,10212.4183006535,1870.1491013071,12.765522875817,0,9829.452614379,140.4207516339,2508.425245098,108.5069444444,51.062091503268,2144.6078431372,816.9934640522,389.3484477124,797.8451797385,3044.5772058823,146.8035130718,102.1241830065,899.969362745,2182.9044117647,357.4346405228,12.765522875817,2221.2009803921,10327.3080065359,740.4003267973,280.8415032679,31.9138071895425,44.6793300653595,6140.2165032679,268.0759803921,12695.3125,0,772.3141339869,0,134.037990196,1723.3455882352,836.141748366,108.5069444444,2814.7977941176,5840.2267156862,510.6209150326,3912.6327614379,25.531045751634,989.3280228758,268.0759803921,0,25.531045751634,57.4448529411765,165.9517973856,2048.8664215686,3510.5187908496,4314.7467320261,49415.3390522875,287.2242647058,740.4003267973,504.2381535947,0,229.7794117647,54534.3137254902,4946.640114379,2221.2009803921,25722.5285947712,880.8210784313,41194.3423202614,3657.3223039215,357.4346405228,6.3827614379085,5144.5057189542,2738.2046568627,1244.6384803921,9191.1764705882,76.593137254902,1953.125,1991.4215686274,268210.018382353,127.6552287581,517.0036764705,5942.3508986928,497.8553921568,2042.4836601307,548.9174836601,3216.9117647058,887.2038398692,312.7553104575,11329.4015522875,4972.1711601307,899.969362745,3536.0498366013,1091.4522058823,2731.8218954248,1812.704248366,453.1760620915,427.6450163398,1321.231617647,1238.2557189542,976.5625,7742.289624183,19.1482843137255,951.0314542483,1059.5383986928,1359.5281862745,1014.8590686274,70.2103758169935,12.765522875817,24209.8141339869,82.9758986928105,561.6830065359,2712.6736111111,121.2724673202,8846.5073529411,293.6070261437,146.8035130718,848.9072712418,989.3280228758,2776.5012254901,1148.8970588235,523.3864379084,1340.3799019607,2814.7977941176,1333.9971405228,0,18248.3149509803,8355.0347222222,89.3586601307189,0,165.9517973856,6.3827614379085,185.1000816993,127.6552287581,4155.1776960784,146.8035130718,21235.4473039215,4870.0469771241,4927.4918300653,102.1241830065,504.2381535947,0,12.765522875817,146.8035130718,0
"SKST010_7_G103003",211442.644711039,2783.4097627346,84.7031476332976,540.3846380655,0,1368.116663039,301.2858795564,1006.7880459198,32.1657522658092,1000.3548954666,60.0427375628438,991.7773615291,10094.6852527531,93.2806815708467,7155.8076874003,977.8388688805,1552.5336426963,225.1602658606,409.5772455179,530.7349123858,354.895466666,412.7938207445,0,2974.2598928451,13.9384926485173,7644.7271218406,1873.1189736122,276.6254694859,5901.3433490337,274.4810860015,7709.0586263722,1334.878719031,26.804793554841,104.0025989927,5642.9451391651,64.3315045316184,2798.4204471254,136.1683512585,263.7591685796,1511.790356493,2684.7681224528,291.6361538766,817.0101075515,1921.367602011,176.9116374619,77.1978054379421,990.7051697869,1126.8735210455,2374.9047089589,49.3208201409074,818.0822992937,6343.0863468175,4323.0771045247,426.732313393,85.7753393754912,26.804793554841,7432.4331568863,497.4969683778,9536.0733550702,78.2699971801357,748.3898360511,16.0828761329046,406.3606702913,835.2373671688,467.4755995964,157.6121861024,1635.0924068453,2759.8215444064,1047.5313321231,3826.6523278891,123.3020503522,392.4221776428,1185.8440668661,132.951776032,157.6121861024,51.4652036252947,422.4435464242,8946.3678968637,4457.1010722989,7319.8530239559,57374.0523165238,188.705746626,1568.6165188292,680.8417562929,0,616.5102517613,46910.5331044561,4620.0742171123,947.8175000991,20533.5440547504,697.996824168,46426.9746287268,2025.3702010037,392.4221776428,437.454230815,4446.379154877,3477.1178199339,2043.597460621,8710.4857135811,620.7990187301,1999.6375991911,1098.9965357484,268234.496911552,336.6682070488,722.6572342385,3971.3982130852,494.2803931512,8275.1758662505,904.9298304114,2666.5408628355,1706.9292535722,333.4516318222,11382.3875351276,1625.4426811655,288.41957865,7997.4782050223,629.3765526676,2716.9338747186,1202.9991347412,410.6494372601,437.454230815,304.5024547829,1885.9852745186,1799.1377434009,10514.984415693,218.7271154075,506.0745023153,1289.8466658589,5872.3941719945,1045.3869486387,22.5160265860664,277.6976612281,10392.7545570829,70.7646549847802,468.5477913386,4999.6300938489,67.5480797581993,4623.2907923389,1065.7585917404,285.2030034235,2262.3245760285,3247.6687871045,4754.0981848866,2771.6156535705,509.2910775419,882.4138038253,4330.5824467201,1085.0580430999,18.2272596172919,13170.8033611066,5211.9240588032,150.1068439071,2.14438348438728,961.7559927476,93.2806815708467,343.1013575019,1947.1002038236,7252.3049441977,113.6523246725,18422.3985143711,2291.2737530678,7340.2246670576,46.1042449143265,1200.8547512568,10.7219174219364,79.3421889223294,473.9087500495,23.5882183282601
"SKST010_8_G102998",241169.800799281,2935.6547600607,54.5246135258217,710.0591715976,3.71758728585148,1803.0298336379,91.7004863843366,567.5516589733,40.8934601443663,675.361690263,154.8994702438,1684.0670404907,7839.1523900988,40.8934601443663,8726.4165556553,951.7023451779,1579.9745964868,260.2311100096,609.6843148796,716.2551504073,344.4964218222,542.7677437343,2.47839152390099,1860.0328386876,26.0231110009604,4055.8877288639,2401.56138666,224.294432913,3000.0929396821,179.6833854828,6898.6028067784,1311.0691161436,6.19597880975247,49.5678304780198,6433.9043960469,19.8271321912079,2677.902041575,231.7296074847,178.4441897208,1867.4680132593,1412.6831686235,355.6491836797,889.7425570804,1758.4187862077,224.294432913,250.3175439139,752.1918275039,1318.5042907153,1172.2791908051,75.5909414789801,863.7194460794,5302.5186653861,2423.8669103751,530.3757861148,127.6371634809,95.418073670188,6296.3536664704,361.8451624895,10980.5136466433,85.5045075745841,788.1285046005,40.8934601443663,308.5597447256,1371.7897084791,467.1768022553,287.4934167725,1280.0892220948,3457.3561758418,630.7506428328,3960.4696551937,99.1356609560395,939.3103875584,706.3415843117,151.1818829579,104.0924440038,53.2854177638713,244.1215651042,4347.0987329223,4526.7821184051,6628.4581306731,55270.6093745159,258.9919142476,1513.0580253415,866.1978376033,2.47839152390099,586.1395954025,51281.6382167973,4265.3118126336,1765.8539607794,16025.2795935437,926.9184299389,36401.3755072957,2972.8306329192,855.0450757458,276.3406549149,6209.6099631339,2842.7150779144,2340.8407943244,7757.36546981,372.997924347,2162.3966046036,2421.3885188512,278537.749000898,288.7326125344,737.3214783605,5060.8754918058,728.6471080268,4899.7800427522,789.3677003624,3386.7220174107,1654.3263422039,448.588865826,8182.4096161591,2545.3080950463,670.4049072152,5540.4442516806,561.3556801635,2183.4629325567,1783.2027014467,491.9607174943,356.8883794417,614.6410979274,1772.0499395892,2421.3885188512,9606.2455466402,109.0492270516,415.1305802534,1339.5706186684,4142.6314322005,504.3526751138,7.43517457170296,169.7698193872,14002.9121100405,64.4381796214257,475.8511725889,4407.8193252579,64.4381796214257,4976.6101799931,1228.0430000929,211.9024752935,1946.7765420242,3131.4476904488,3509.4023978437,1628.3032312029,867.4370333653,1234.2389789026,3741.1320053285,1231.7605873787,17.3487406673069,14413.0859072461,4344.6203413984,121.4411846711,3.71758728585148,591.0963784503,80.5477245267821,525.419003067,1071.9043340871,5334.7377551968,180.9225812447,14694.3833452089,3043.4647913504,4594.9378853124,115.2452058613,1572.5394219151,13.6311533814554,301.1245701539,282.5366337247,52.0462220019208
"SKST011_1_G102971",180556.063186673,2476.2245890015,124.2680974554,1290.1952471107,5.48241606421006,2119.8675448278,272.293331189,193.7120342687,0,487.9350297146,171.7823700119,2406.7806521882,6222.5422328784,10.9648321284201,8918.0634644483,3815.7615806901,2026.6664717363,290.5680514031,385.5965965161,157.1625938406,626.8229033413,813.2250495244,1.82747202140335,4453.5493161599,69.4439368133274,1357.8117119026,2929.4376503095,610.3756551487,3187.1112053274,171.7823700119,10115.0576384675,2754.0003362548,62.134048727714,201.0219223543,8338.7548336634,312.4977156599,1924.3280385377,126.0955694768,221.1241145898,1904.2258463022,1211.6139501904,135.2329295838,1781.7852208682,4146.5340165642,210.1592824613,460.5229493936,299.7054115101,3452.0946484309,365.4944042806,155.3351218192,3548.9506655653,11578.8627276116,787.6404412248,831.4997697385,254.018610975,129.7505135196,8311.3427533424,546.4141343996,18302.1322943545,32.8944963852603,1266.4381108325,34.7219684066637,201.0219223543,1346.8468797742,698.094312176,436.7658131154,1834.7819094889,3384.478183639,202.8493943757,3311.3793027828,168.1274259691,427.6284530083,1078.2084926279,252.1911389536,47.5142725564872,149.852705755,413.0086768371,1960.8774789657,4687.4657348995,4323.7988026403,72799.1754446239,1271.9205268967,2054.0785520573,1228.061198383,21.9296642568402,1502.1820015935,55847.5449740864,3225.4881177769,3817.5890527116,31014.0276752362,608.5481831273,28795.4766412526,1911.5357343879,504.3822779073,791.2953852676,6860.3299683481,2567.5981900717,1025.2118040072,6184.1653204289,197.3669783115,1432.7380647802,3066.4980519148,246875.0228434,571.9987426992,994.1447796434,5774.8115876345,646.9250955767,1557.0061622356,1048.9689402855,2923.9552342453,2673.5915673131,676.1646479192,9893.9335238777,6050.7598628665,855.2569060167,2596.8377424141,1145.8249574199,1083.6909086921,886.3239303806,645.0976235553,365.4944042806,1511.3193617005,2260.5828904759,2300.7872749468,6257.264201285,118.7856813912,232.0889467182,1619.1402109633,1372.4314880739,1478.4248653153,16.4472481926302,288.7405793817,31916.7988538095,149.852705755,478.7976696076,2015.7016396078,63.9615207491173,7492.6352877537,1100.1381568848,182.7472021403,533.6218302497,1964.5324230086,5058.4425552444,1803.7148851251,676.1646479192,1529.5940819146,4618.0217980862,663.3723437694,9.13736010701676,18459.2948881952,7752.136314793,116.9582093698,18.2747202140335,283.2581633175,60.3065767063106,235.743890761,85.8911850059576,3346.1012711895,290.5680514031,21642.7511494799,16620.8580346634,2872.786017646,164.4724819263,1129.3777092272,16.4472481926302,127.9230414982,111.4757933056,78.5812969203441
"SKST011_2_G102972",217608.838344728,2252.3618824258,190.2781158041,1122.4933808291,0,1467.6490327529,47.2007729126564,616.5600961715,0,458.7325117448,193.2281641111,1778.8791291457,6143.4755994129,41.3006762985744,8291.1107669388,2793.6957467678,1631.3767137936,293.5298065505,402.6815939111,60.4759902943411,185.8530433435,1247.8704338783,0,2165.3354573681,95.8765699788334,2674.2187903326,2395.4392253173,654.9107241631,2706.6693217101,199.1282607252,11027.2805717193,2000.1327521738,11.8001932281641,13.2752173816846,5998.9232323679,163.7276810407,2177.1356505962,156.3525602731,148.9774395055,1542.8752645824,2134.3599501441,50.1508212196975,1548.7753611965,3689.0354079548,126.8520772027,143.0773428914,1345.2220280107,2706.6693217101,573.7843957194,14.7502415352051,1575.3257959599,9434.2544859172,951.3905790207,557.5591300307,132.7521738168,230.1037679492,12480.179362937,470.532704973,13120.3398455649,11.8001932281641,1003.0164243939,23.6003864563282,69.3261352154642,966.1408205559,361.3809176125,225.6786954886,1663.8272451711,5357.2877255865,629.8353135532,3655.1098524238,95.8765699788334,336.3055070026,573.7843957194,75.2262318295462,11.8001932281641,44.2507246056154,29.5004830704103,4773.1781607923,4004.6905768081,5491.5149235568,50861.7828616943,862.8891298095,1216.8949266544,455.7824634378,4.42507246056154,1126.9184532896,53957.8585599339,3868.9883546843,2759.7701912368,27394.1485791829,497.0831397364,39871.377893813,737.5120767602,887.9645404193,134.2271979703,4147.7679196996,2932.3480171987,1935.2316894189,6847.0621206422,162.2526568872,2395.4392253173,2578.3422203538,254348.739960617,103.2516907464,572.3093715659,5332.2123149766,430.7070528279,2861.5468578297,859.9390815024,4997.3818321275,1613.6764239514,120.9519805886,11776.5928417077,3535.6328959886,626.8852652462,4093.1920260194,588.5346372546,1166.7441054347,896.8146853404,461.6825600519,94.4015458253129,1119.543332522,1334.896858936,1264.095699567,7646.5252118503,137.1772462774,159.3026085802,1095.9429460657,3093.1256499325,725.711883532,10.3251690746436,87.0264250577103,19763.8486330213,123.9020288957,1351.1221246247,4484.0734267023,61.9510144478616,5544.6157930836,1094.4679219122,146.0273911985,907.1398544151,3739.1862291745,4472.2732334741,3163.9268093015,1227.220095729,1526.6499988937,3211.1275822141,328.930386235,19.1753139957667,15065.8967040585,6810.1865168042,138.6522704309,36.8756038380129,221.253623028,227.1537196421,539.8588401885,197.6532365717,5995.9731840608,87.0264250577103,23438.1337994409,10449.0711035393,5349.9126048189,222.7286471815,836.3386950461,5.90009661408206,287.6297099365,441.0322219026,44.2507246056154
"SKST011_3_G102973",255230.966502832,3290.3491157186,72.5812304937943,954.7223395722,7.44422876859429,1874.0845924936,120.9687174896,703.4796186321,0,292.1859791673,349.8787521239,1902.0004503758,5802.7763251192,11.1663431528914,9604.9161686787,2173.7148004295,2097.4114555514,307.0744367045,400.1272963119,80.0254592623886,191.6888907913,1313.9063776568,0,2013.6638819047,228.9100346342,2633.3959268902,2186.7422007745,643.9257884834,3766.7797569087,249.3816637479,9573.2781964122,1395.7928941114,9.30528596074286,39.08220103512,7351.1759089868,288.463864783,2598.0358402394,266.1311784772,178.6614904462,1462.7909530287,937.9728248428,52.10960138016,1403.23712288,1848.0297918035,128.4129462582,254.9648353243,1485.1236393345,1836.8634486506,876.5579375019,68.8591161094972,1835.0023914584,7399.5633959827,1410.6813516486,474.5695839978,141.4403466032,35.3600866508229,9833.826203313,359.1840380846,10170.6775550919,53.9706585723086,1083.1352858304,46.5264298037143,176.8004332541,839.336793659,199.1331195598,921.2233101135,897.0295666156,5689.2518363981,468.9864124214,3513.6759787765,74.4422876859429,826.3093933139,826.3093933139,148.8845753718,35.3600866508229,89.3307452231315,117.2466031053,2918.1376772889,3290.3491157186,5709.7234655118,46042.5549337556,1003.109826568,1259.9357190845,498.7633274958,11.1663431528914,831.8925648904,52051.9086072034,3902.6369319355,2477.0671227497,20006.3648155971,930.5285960742,28972.9383673689,2248.1570881154,2076.9398264378,295.9080935516,6550.9213163629,3469.0106061649,3022.3568800492,7691.74937515,279.1585788222,1680.5346445101,1727.0610743138,257946.248946176,266.1311784772,614.148873409,4712.1968105201,640.2036740991,3640.2278678426,474.5695839978,4018.0224778487,1377.1823221899,433.6263257706,7740.1368621459,4014.3003634644,474.5695839978,5151.4063078672,614.148873409,1047.7751991796,1568.8712129812,818.8651645453,275.4364644379,562.0392720288,971.4718543015,2752.5035871877,7040.379357898,78.16440207024,238.215320595,932.3896532664,1890.8341072229,897.0295666156,7.44422876859429,145.1624609875,17518.1313496945,50.2485441880114,550.8729288759,6811.4693232637,70.7201733016457,7289.7610216459,1038.4699132189,457.8200692685,1864.7793065328,2964.6641070926,3091.2159961587,2142.076828163,1233.8809183945,1243.1862043552,2350.5152336836,217.7436914813,5.58317157644572,17479.0491486593,4639.6155800263,104.2192027603,22.3326863057829,506.2075562644,29.7769150743772,744.4228768594,197.2720623677,5871.6354412287,161.9119757169,17004.4795646615,8575.7515414206,3876.5821312454,465.2642980371,1916.888907913,1.86105719214857,558.3171576445,374.0724956218,50.2485441880114
"SKST011_4_G102952",209388.072454554,2658.529770269,97.1892071385473,1117.6758820932,50.6193787179934,1395.0700774678,58.7184793128723,413.0541303388,14.1734260410381,451.5248581645,192.3536391283,1988.3291960427,6373.9921681697,6.0743254461592,8522.2786009613,2326.4666458789,1589.4484917449,263.2207693335,489.9955859901,176.1554379386,210.5766154668,739.0429292827,0,2676.7527466074,54.6689290154328,2085.5184031813,2684.8518472023,398.8807042977,4142.6899542805,257.1464438874,6404.3637954005,2012.6264978274,14.1734260410381,0,6434.7354226313,275.3694202258,2174.6085097249,111.3626331795,204.5022900206,2318.367545284,1146.0227341753,56.6937041641526,1350.525024196,2871.1311608845,121.4865089231,313.8401480515,680.3244499698,2727.3721253254,459.6239587593,18.2229763384776,2846.8338590999,9342.3125361928,1065.0317282265,336.1126746874,80.9910059487894,64.7928047590315,9392.9319149108,277.3941953746,14112.6827865765,34.4211775282355,951.6443198982,50.6193787179934,95.1644319898275,1107.5520063496,378.6329528105,554.7883907492,1864.8179119708,4191.2845578498,570.9865919389,3470.4646049056,58.7184793128723,303.7162723079,1000.2389234675,87.0653313949486,40.4955029743947,95.1644319898275,56.6937041641526,3458.3159540133,4126.4917530908,4788.5932267221,53512.7824055138,840.2816867186,975.9416216829,427.2275563798,10.1238757435987,1743.3314030476,56252.3031817316,3634.4713919519,2733.4464507716,26004.1872350075,783.5879825545,37373.2996950688,1830.3967344426,649.952822739,226.7748166566,4247.978262014,2946.0478413872,1749.4057284938,7783.2356716786,135.6599349642,1781.8021308733,2644.3563442279,258954.568095213,139.7094852616,734.9933789852,6341.5957657902,500.1194617337,2595.7617406587,785.6127577032,3490.7123563928,1326.2277224114,469.7478345029,7157.5801507242,5790.8569253384,749.1668050263,2828.6108827614,688.4235505647,935.4461187085,1354.5745744935,419.1284557849,182.2297633847,1121.7254323907,1597.5475923398,1449.7390064833,8228.686204397,83.0157810975091,247.0225681438,1101.4776809035,2950.0973916846,1099.4529057548,10.1238757435987,44.5450532718342,26996.3270578802,129.585609518,1166.2704856625,2968.3203680231,56.6937041641526,8394.717766592,629.7050712518,178.1802130873,955.6938701957,2231.3022138891,4703.5526704759,1449.7390064833,526.4415386671,1423.4169295499,3612.198865316,621.6059706569,12.1486508923184,18935.6971908269,6414.4876711441,105.2883077334,8.09910059487894,273.3446450771,28.3468520820763,194.378414277,137.6847101129,6230.2331326106,176.1554379386,21825.05132805,16765.1382313994,4580.041386404,172.1058876411,698.5474263083,10.1238757435987,202.4775148719,170.0811124924,28.3468520820763
"SKST011_5_G102993",177938.959292612,1980.3593985575,55.4174646509922,1704.9020007334,24.448881463673,1261.5622835255,586.7731551281,234.7092620512,0,635.6709180554,57.0473900819038,2291.6751558616,6852.206511552,8.14962715455768,10180.5142414734,5572.7150482865,2863.7789821115,264.0479198076,730.2065930483,337.3945641986,1106.7193675889,912.7582413104,0,5256.5095146897,48.8977629273461,1827.1464080518,2924.0862230552,648.7103215027,13287.1521127908,709.0175624465,15539.7090583105,2537.7938959292,37.4882849109653,299.9062792877,8278.3912635996,518.3162870298,2428.5888920581,135.2838107656,441.709791777,946.9866753596,648.7103215027,30.9685831873192,1714.6815533189,1890.7134998573,112.4648547328,583.5133042663,555.8045719408,3455.4419135324,482.4579275498,246.1187400676,4571.9408337068,4449.6964263884,1031.742797767,1281.1213886964,280.3471741167,29.3386577564076,9732.2847479727,700.8679352919,13577.278839493,73.3466443910191,1659.2640886679,164.622468522,296.6464284258,1449.0037080803,911.1283158795,5745.4871439631,837.7816714885,3558.1272156798,415.6309848824,3507.5995273216,164.622468522,982.8450348396,813.3327900248,350.4339676459,412.3711340206,208.6304551566,1080.6405606943,1129.5383236216,5743.8572185322,5013.6506254838,78013.1208997188,1735.8705839207,2242.7773929342,826.3721934721,29.3386577564076,2242.7773929342,58501.2835662768,2325.9035899107,5447.2107901063,24413.0231041929,676.4190538282,25219.8361924941,1820.6267063281,502.0170327207,1193.1054154272,6079.6218573,4925.6346522146,1559.8386373823,9018.3774092335,982.8450348396,1437.5942300639,3411.4339268978,263888.18711544,911.1283158795,1150.7273542235,2899.6373415916,379.7726254023,2288.4153049997,955.1363025141,1924.9419339065,2829.5505480624,795.4036102848,14237.3986390122,4746.3428548143,443.3397172079,3302.2289230267,2175.9504502669,1064.3413063852,1804.327452019,464.5287478097,568.8439753881,1372.3972128275,1810.8471537427,1002.4041400105,4619.2086712032,123.8743327492,182.551648262,2237.8876166415,1184.9557882726,1574.5079662605,0,513.4265107371,13119.2697934069,21.18903060185,502.0170327207,3051.2204066663,22.8189560327615,4130.2310419298,586.7731551281,161.3626176602,1023.5931706124,1095.3098895725,2593.2113605802,2622.5500183366,599.8125585754,1442.4840063567,5404.8327289026,617.7417383154,19.5591051709384,17238.0913573204,7331.40458824,156.4728413675,9.77955258546922,255.8982926531,9.77955258546922,707.3876370156,136.9137361965,6736.4818059573,440.0798663461,13210.5456175379,7422.6804123711,2317.7539627562,205.3706042948,572.1038262499,13.0394034472923,410.7412085897,247.7486654985,146.693288782
"SKST011_6_G103002",132592.980305889,1594.4536854046,76.3698610999868,1128.7838006485,11.1760772341444,1827.2886277826,529.0009890828,173.2291971292,0,525.2756300047,191.8559925194,3352.8231702433,5140.9955277064,0,10088.2723833543,8125.0081492229,3606.1475875505,255.1870968462,139.7009654268,273.8138922365,821.4416767096,448.9057689048,0,3885.5495184042,113.6234518804,1816.1125505484,2536.9695321507,657.5258772754,8126.870828762,495.4727573804,18930.4121551016,3308.1188613067,31.6655521634091,158.327760817,7970.4057474839,1169.7627505071,1717.3905349801,83.8205792560831,810.2655994754,702.230186212,3602.4222284725,24.2148340073129,1819.8379096265,1119.4704029534,104.3100541853,1566.5134923192,204.8947492926,4932.3754193357,536.4517072389,147.1516835829,7243.9607272645,4317.6911714577,791.6388040852,493.6100778413,191.8559925194,22.3521544682888,10034.2546767226,640.7617614242,29232.8926854437,33.5282317024332,2346.9762191703,16.7641158512166,400.4761008901,1279.6608433095,884.7727810364,1821.7005891655,810.2655994754,4476.0189322748,199.3067106755,3134.8896641775,91.2712974121793,726.4450202193,1737.8800099094,162.053119895,229.1095832999,150.8770426609,853.107228873,1272.2101251534,6189.6841081769,3935.8418659578,76256.2376481063,3760.7499892895,1907.3838479606,1531.1225810777,9.31339769512034,2125.3173540264,58909.1031011751,1279.6608433095,9009.7809302594,41440.8943842074,499.1981164584,27766.9638882317,1842.1900640948,363.2225101096,787.9134450071,6485.8501548818,3183.3193321921,923.8890513559,4641.7974112479,1728.5666122143,843.7938311779,4816.8892879162,243062.91572679,718.9943020632,765.5612905388,2056.3982110825,769.2866496169,1397.009654268,996.5335533778,1721.1158940582,2224.0393695947,571.8426184803,18239.3580461236,17162.7292725677,912.7129741217,3131.1643050994,1238.681893451,1072.9034144778,1246.1326116071,575.5679775584,705.9555452901,1160.4493528119,1704.351778207,1395.146974729,3390.0767610238,109.8980928024,87.5459383341312,1853.3661413289,856.832587951,1097.1182484851,24.2148340073129,393.025382734,20878.7749529207,27.940193085361,368.8105487267,4243.1839898968,7.45071815609627,4194.7543218822,461.9445256779,262.6378150023,424.6909348974,1097.1182484851,5344.02759746,6863.9741013036,240.2856605341,918.3010127388,5006.8826008966,424.6909348974,119.2114904975,21934.9142515474,3822.2184140773,255.1870968462,1.86267953902407,193.7186720585,536.4517072389,203.0320697536,165.7784789731,4204.0677195773,221.6588651438,23728.6746476276,9162.5206524593,1553.474735546,186.2679539024,623.997645573,3.72535907804814,143.4263245048,117.3488109585,106.1727337243
"SKST011_7_G103017",152302.735055815,1985.1897195228,72.2660069205329,1509.084262164,8.50188316712152,1934.1784205201,276.3112029314,361.3300346026,42.5094158356076,484.6073405259,136.0301306739,3477.2702153527,6176.6181209137,0,10253.2710995485,3719.5738856156,4250.9415835607,250.80555343,369.8319177697,161.5357801753,650.3940622847,518.6148731944,0,15235.3746354817,131.7791890903,2082.9613759447,3039.4232322459,641.8921791176,4948.0960032647,297.5659108492,17577.6434480237,2129.7217333639,140.2810722575,148.7829554246,8731.4340126337,263.5583781807,1874.6652383502,327.3225019341,276.3112029314,862.9411414628,2325.2650462077,76.5169485040936,1513.3352037476,1424.0654304928,68.0150653369721,170.0376633424,395.3375672711,3379.4985589308,845.9373751285,29.7565910849253,3519.7796311883,6380.6633169246,1232.7730592326,1143.5032859778,110.5244811725,72.2660069205329,14019.6053425833,306.0677940163,24957.2780370852,25.5056495013646,1194.5145849805,68.0150653369721,263.5583781807,1823.6539393475,518.6148731944,327.3225019341,922.4543236326,3604.7984628595,174.2886049259,3621.8022291937,80.7678900876544,871.4430246299,1441.069196827,289.0640276821,170.0376633424,42.5094158356076,616.3865296163,1721.6313413421,4871.5790547606,4901.3356458455,76635.9748684333,1462.3239047449,2359.2725788762,1037.2297463888,42.5094158356076,1156.2561107285,61557.8850715433,2474.0480016323,3545.2852806896,37148.9784987374,340.0753266848,25203.8326489317,1755.6388740105,531.367697945,909.701498882,6023.5842239055,2520.8083590515,837.4354919614,6333.9029595055,1351.7994235723,939.4580899669,2146.7254996981,259502.97991005,433.5960415231,765.1694850409,2584.5724828049,578.1280553642,2342.2688125419,845.9373751285,2155.2273828653,2520.8083590515,467.6035741916,18648.880727081,8514.6359918722,658.8959454519,3753.5814182841,646.1431207012,833.1845503779,1441.069196827,446.3488662738,289.0640276821,726.9110107888,1666.3691007558,1470.825787912,4348.7132399826,229.5508455122,170.0376633424,2167.9802076159,1028.7278632217,5670.75607247,12.7528247506823,289.0640276821,18487.3449469057,46.7603574191683,340.0753266848,3247.7193698404,21.2547079178038,3953.3756727115,646.1431207012,276.3112029314,663.1468870354,1283.7843582353,3817.3455420375,2321.0141046241,225.2999039287,1649.3653344215,4182.9265182237,756.6676018738,76.5169485040936,17182.3058807525,3409.2551500157,225.2999039287,4.25094158356076,301.8168524328,4.25094158356076,216.7980207615,233.8017870958,4552.7584359935,102.0225980054,21331.2248663078,7226.6006920532,2274.253747205,38.2584742520468,1768.3916987612,0,114.7754227561,263.5583781807,59.5131821698506
"SKST011_8_G103000",103962.373731439,1356.2644984339,93.9985295944299,936.6282056016,50.3563551398732,2450.6759501404,1326.0506853499,73.8559875384806,473.3497383148,1023.9125545107,201.4254205594,2625.2446479587,3535.016130819,0,8929.8603114708,2927.3827787979,3632.3717507561,234.996323986,684.8464299022,379.3512087203,2269.3930716369,187.9970591888,6.71418068531642,4280.2901868892,117.498161993,755.345327098,3192.5929158679,600.9191713358,3209.3783675812,245.067595014,12948.2974516327,2507.7464859656,73.8559875384806,1900.1131339445,8637.7934516595,355.8515763217,2031.0396573082,110.7839813077,1218.6237943849,1094.4114517065,2349.9632398607,60.4276261678478,1134.6965358184,1211.9096136996,177.9257881608,245.067595014,114.1410716503,3608.8721183575,87.2843489091135,83.9272585664553,3521.5877694484,3830.440080973,402.8508411189,584.1337196225,204.7825109021,0,7775.0212335964,1752.4011588675,22492.50529581,60.4276261678478,1846.399688462,43.6421744545567,375.9941183777,2934.0969594832,1789.3291526368,1470.4055700842,966.8420186855,3044.8809407909,402.8508411189,3588.7295763016,258.4959563846,845.9867663498,926.5569345736,1070.9118193079,2581.6024735041,83.9272585664553,1060.8405482799,1000.4129221121,9755.7045357647,2803.1704361196,155557.495207753,960.1278380002,4522.0006915606,570.7053582518,0,1309.2652336367,53884.6570900069,788.9162305246,3206.0212772385,29827.7476945182,453.2071962588,23345.2062428452,1158.196168217,476.7068286574,9077.5722865478,9681.8485482262,1809.4716946927,389.4224797483,3333.5907102596,3766.6553644625,661.3467975036,1869.8993208606,251805.275331764,2360.0345108887,2192.1799937558,1816.185875378,516.9919127693,986.9845607415,2410.3908660285,1396.5495825458,6606.7537943513,268.5672274126,11964.6699812338,17477.0123238786,701.6318816155,2282.8214330075,2376.819962602,657.989707161,2581.6024735041,463.2784672868,389.4224797483,476.7068286574,3088.5231152455,2437.2475887698,4397.7883488822,117.498161993,67.1418068531642,3884.1535264555,805.7016822379,1789.3291526368,26.8567227412657,1634.9029968745,15855.5376883747,986.9845607415,198.0683302168,2524.5319376789,40.2850841118985,2054.5392897068,251.7817756993,114.1410716503,171.2116074755,641.2042554477,2853.5267912594,2175.3945420425,100.7127102797,1749.0440685249,12260.0939313877,4961.7795264488,73.8559875384806,16523.5986665637,3608.8721183575,533.7773644826,0,221.5679626154,3.35709034265821,140.9977943916,30.2138130839239,2188.8229034131,83.9272585664553,18007.4325980186,6814.8933955961,1044.0550965667,83.9272585664553,1708.758984413,3.35709034265821,43.6421744545567,67.1418068531642,57.0705358251896
"SKST012_1_G102974",143306.415798871,2499.9169211899,140.4787152088,2289.9541102863,0,2140.4122521608,9.06314291670065,258.2995731259,179.7523345145,811.1512910447,98.1840482642571,3108.6580204283,4095.0300745292,238.6627634731,9425.6686333686,2690.2429224406,2373.0329203561,314.1889544456,173.7102392367,648.014718544,2288.4435864669,611.7621468772,0,3391.1259746654,78.5472386114057,1442.5502475748,2848.8479234829,676.7146711136,6176.5318977314,499.9833842379,20935.8601375785,1499.9501527139,66.4630480558048,0,4081.4353601541,0,2274.8488720918,222.0470014591,752.2408620861,702.3935760443,398.7782883348,149.5418581255,1714.4445350758,3694.7412623749,175.2207630562,422.946669446,409.3519550709,3511.9678802215,326.2731450012,0,1596.6236771587,6354.7737084266,771.877671739,2762.7480657742,586.0832419466,81.5682862503059,10720.1875466374,1714.4445350758,11214.1288355976,267.3627160426,1688.7656301452,60.4209527780044,823.2354816003,909.3353393089,885.1669581977,1536.2027243807,2672.1166366072,5040.617985505,182.7733821534,3469.6732132769,265.8521922232,922.930053684,2001.4440607713,885.1669581977,279.4469065982,262.8311445843,450.1360981961,4105.6037412653,8335.0704357257,3490.8205467492,125835.697303111,1518.0764385473,4492.2978390446,9552.5526342024,6.04209527780044,664.630480558,47853.3946001794,2566.3799692457,554.3622417381,23641.2082982136,543.788575002,21361.8278546634,3898.6619780007,626.8673850717,7.55261909725054,9954.3519701762,2160.0490618136,1300.5610085465,5885.0008005776,1377.5977233384,1063.4087688928,1092.1087214624,249817.981879756,2092.0754899384,2125.3070139663,2457.6222542453,821.7249577808,2185.7279667443,2169.1122047303,2373.0329203561,5119.1652241164,321.7415735428,18586.9955983335,2537.6800166761,1149.5086266015,2897.1846857053,2356.4171583421,595.1463848633,1232.5874366712,560.4043370159,388.2046215986,561.9148608354,3147.931639734,1776.3760116733,4832.1656984208,119.3313817365,172.1997154173,3442.4837845267,1501.4606765334,864.0196247254,27.189428750102,1338.3241040327,12744.2894647005,237.1522396536,1122.3191978514,2604.1430647319,52.8683336807538,4243.0614088353,1154.0401980598,394.2467168764,651.0357661829,1398.7450568108,6182.5739930092,2830.7216376495,703.9040998637,1157.0612456987,10557.0509741368,305.1258115289,42.2946669446031,14401.3340946373,7783.7292416264,664.630480558,6.04209527780044,392.736193057,326.2731450012,1549.7974387558,273.4048113204,4069.3511695985,409.3519550709,14278.9816652618,10102.3833044823,5039.1074616855,108.7577150004,1543.755343478,21.1473334723015,132.9260961116,166.1576201395,330.8047164595
"SKST012_2_G102975",195182.739487321,2375.3840509928,59.6138854496263,2017.700738295,0,1609.5749071399,288.8980602558,396.6616224148,337.0477369651,765.8091438528,110.056403907,2194.2495528958,5631.2193332416,527.3536020543,8932.9114504516,1586.6464896592,2171.3211354152,389.7830971706,249.9197505388,541.1106525427,1772.3666712523,763.5163021048,4.5856834961251,4454.9915164855,226.9913330581,2116.2929334617,2687.2105287293,353.0976292016,2040.6291557756,171.9631311046,10439.3084789287,887.3297565002,229.2841748062,13.7570504883753,3819.8743522722,0,2877.5163938184,229.2841748062,591.5531710001,848.3514467831,479.203925345,80.2494611821892,1332.1410556243,2196.5423946439,197.1843903333,529.6464438024,314.1193194845,1621.0391158802,676.3883156784,0,997.3861604072,5096.987205943,1283.991378915,1935.1584353647,149.034713624,155.9132388682,6718.0263218232,1228.9631769615,7116.9807859861,75.6637776860641,1251.8915944421,87.1279864263769,531.9392855505,841.4729215389,850.6442885312,889.6225982482,3544.7333425047,3093.0435181363,396.6616224148,3785.4817260512,238.4555417985,293.483743752,1183.1063420002,960.7006924382,655.7527399458,75.6637776860641,447.1041408721,4665.9329573072,6860.1825102031,5032.7876369972,101261.062961434,1001.9718439033,4030.8157930939,960.7006924382,110.056403907,346.2191039574,43194.8456917503,2932.544595772,926.3080662172,18140.9639106708,1004.2646856513,23726.3264089512,3829.0457192644,1233.5488604576,18.3427339845004,8825.1478882927,2512.9545558765,2178.1996606594,6105.8375750905,165.0846058605,1618.7462741321,2242.3992296051,257582.427660843,1469.711560508,1621.0391158802,3503.4621910395,1160.1779245196,2549.6400238455,2029.1649470353,3219.1498142798,4232.5858669234,520.4750768101,10508.0937313706,37682.8541294079,621.3601137249,4115.6509377722,1770.0738295042,774.9805108451,1882.4230751593,570.9175952675,188.0130233411,408.1258311551,2673.4534782409,2217.1779703764,5631.2193332416,107.7635621589,398.9544641628,3333.7919016829,2139.2213509423,1034.0716283762,52.7353602054386,933.1865914614,11019.3974411886,515.889393314,848.3514467831,3180.1715045627,45.856834961251,5268.9503370477,2143.8070344384,417.2971981473,1098.2711973219,2661.9892695006,3226.028339524,1506.397028477,951.5293254459,1075.3427798413,9003.9895446416,366.85467969,162.7917641124,14119.3194845691,4292.199752373,353.0976292016,89.4208281744394,263.6768010271,655.7527399458,1279.4056954189,472.3254001008,3567.6617599853,564.0390700233,10249.0026138395,5241.4362360709,3812.995827028,288.8980602558,1325.2625303801,25.221259228688,181.1344980969,284.3123767597,378.3188884303
"SKST012_3_G102950",170966.23454203,1792.0887951093,130.0709609353,2114.8574759489,0,1729.4620361404,633.4937541851,366.125667818,264.9593648683,953.8537135259,115.6186319425,2562.8796747262,4285.1155463702,505.8315147486,10251.5186989049,2338.8685753375,1722.235871644,582.9106027102,161.3843404197,462.4745277701,1450.0503422793,992.3932575067,4.81744299760573,2962.7274435275,77.0790879616917,1963.1080215243,2726.6727366448,469.7006922665,3615.4909697031,390.212882806,15637.4199702282,2211.206335901,40.9482654796487,0,4783.7208966224,0,2309.9639173519,178.2453909114,423.9349837893,1033.3415229864,628.6763111875,161.3843404197,1401.8759123032,2526.7488522442,240.8721498802,375.7605538132,438.3873127821,2818.2041535993,578.0931597126,0,1517.4945442458,10049.1860930055,1339.2491533343,1139.3252689337,183.062833909,108.3924674461,8741.2503191555,1163.4124839217,11540.1847007645,31.3133794844373,1329.6142673391,36.130822482043,561.232109221,756.338550624,1093.5595604565,1466.9113927709,3461.3327937797,3964.7555870295,221.6023778898,3360.1664908299,286.6378583575,833.4176385857,1206.7694709002,397.4390473024,563.6408307198,69.8529234652831,1421.1456842936,4810.2168331093,7105.7284214684,4704.2330871619,98767.2163369127,1045.3851304804,3109.6594549544,1120.0554969433,21.6784934892258,416.7088192928,51431.0214424387,2815.7954321005,1117.6467754445,19291.4504839121,626.2675896887,24450.9319343478,5626.7734212034,773.1996011157,4.81744299760573,9114.60215147,2606.2366617047,1715.0097071476,4990.8709455195,146.9320114269,1688.5137706608,1659.6091126751,264605.282807991,994.8019790055,1201.9520279026,3499.8723377605,435.9785912833,2290.6941453615,1698.148656656,3868.4067270774,3357.7577693311,368.5343893168,14437.8766638243,4545.257468241,869.5484610678,3654.0305136839,1642.7480621835,573.275716715,1616.2521256967,551.5972232258,199.9238844006,467.2919707677,2661.6372561771,2045.0045524836,5236.5605383974,72.261644964086,214.3762133934,3010.9018735035,1772.8190231189,1618.6608471955,12.0436074940143,809.3304235977,19792.4645556631,301.0901873503,585.319324209,2129.3098049417,89.122695455706,4256.2108883846,2377.4081193184,445.6134772785,737.0687786336,2184.7103994141,4075.5567759744,1594.5736322074,705.7553991492,1213.9956353966,7674.1866951859,142.1145684293,14.4523289928172,17559.5797262728,5540.0594472465,291.4553013551,24.0872149880287,190.2889984054,491.3791857557,1601.7997967039,197.5151629018,4251.393445387,368.5343893168,16145.6602064756,10983.770034541,5282.3262468746,175.8366694126,1127.2816614397,40.9482654796487,144.5232899281,139.7058469305,407.0739332976
"SKST012_4_G102954",144927.969037437,2475.6910433141,84.3646224048546,2064.3201853931,2.98635831521609,1676.8401939938,0.746589578804023,321.7801084645,731.6577872279,1077.3287622142,128.4134075542,2121.0609933822,4679.6234799436,886.2018300403,8725.3924074826,1797.0411161812,2009.8191461404,380.0140956112,329.2460042525,2071.7860811811,2807.1768163031,975.7925794968,6.71930620923621,3223.0272116969,90.3373390352868,1960.5442339393,2660.0986692787,469.6048450677,5273.9087846716,353.1368707743,17163.3478271256,1391.6429748906,22.3976873641207,6.71930620923621,4848.3527247533,0,2683.9895358004,272.5051962634,807.8099242659,913.8256444561,209.7916716439,150.0645053396,1252.7773132331,1888.8716343741,132.1463554483,182.9144468069,436.7549036003,2884.8221324987,526.3456530568,0,1845.5694388035,6676.7506032443,1255.0170819695,1861.2478199584,181.4212676493,116.4679742934,8216.964904317,1476.7541868743,8800.051365363,175.4485510189,1762.6979955562,23.8908665217287,707.0203311274,605.48414841,708.513510285,1319.9703753255,1848.5557971187,4961.8343407315,238.1620756384,3326.8031631507,385.9868122416,557.7024153666,1663.4015815753,1302.798815013,490.5093532742,88.0975702988747,329.2460042525,6481.1441335977,8652.2266287598,3907.6498554602,142545.601691473,1464.8087536134,5574.0377953508,1081.0617101082,28.3704039945529,370.3084310867,45482.9837303199,2465.9853787896,851.8587094153,17715.8241154406,598.018252622,21307.6665790668,2216.6244594691,1275.921590176,2.23976873641207,10099.8638220608,2123.3007621186,1576.0506008552,5770.3908545762,181.4212676493,1145.2684138853,1464.0621640346,253484.333564278,2158.3904723224,2352.5037628114,2932.6038655422,714.4862269154,2530.1920825668,2452.5467663712,3269.3157655828,5721.862531954,344.9243854074,16592.9533889194,12986.9257232959,771.9736244833,3219.2942638029,2386.1002938576,854.0984781518,1755.2320997682,800.3440284779,183.6610363857,471.0980242253,3354.4269775664,1655.9356857873,4739.3506462479,85.1112119836586,193.3667009102,4001.7201423895,1210.2217072413,1609.6471319014,32.103351888573,1705.2105979883,13875.3673220727,881.7222925675,969.8198628664,2510.7807535179,47.0351434646535,3460.4426977566,1022.8277229615,650.2795231383,978.0323482332,2130.7666579066,4533.291922498,1629.8050505291,869.0302697278,1486.4598513988,11979.0297919105,174.7019614401,31.356762309769,15307.3261342188,5108.1658981771,689.1021812361,30.610172730965,278.4779128939,1053.4378956924,1050.4515373772,315.8073918341,3571.6845449984,1003.4163939126,12314.2485127935,5441.1448503237,4298.1162051747,88.8441598776788,1275.1750005972,17.9181498912966,191.8735217526,176.1951405977,590.5523568339
"SKST012_5_G102992",205993.444537785,1891.7311879606,65.5969427592613,3133.8410395634,4.23206082317815,1460.0609839964,59.2488515244941,336.4488354426,0,410.5098998482,86.7572468751521,2312.8212398668,6189.388953898,4.23206082317815,9452.3078485684,2054.6655296529,1790.1617282043,327.9847137963,188.3267066314,126.9618246953,383.0015044976,1138.4243614349,0,2676.7784706601,42.3206082317815,2391.1143650956,2664.0822881906,397.8137173787,7095.0499700581,658.0854580042,20734.9820031613,2054.6655296529,0,84.641216463563,5205.4348125091,0,2323.4013919248,251.807618979,150.2381592228,1669.5479947437,981.8381109773,131.1938855185,1652.619751451,1984.8365260705,184.0946458082,440.1343256105,600.9526368912,3358.1402631918,634.8091234767,29.6244257622471,2323.4013919248,9896.6742350021,1282.3144294229,1013.5785671511,143.890067988,141.7740375764,10006.7078164047,298.360288034,14238.7686395828,69.8290035824395,990.3022326236,80.4091556403849,116.3816726373,1180.7449696667,215.835101982,2109.6823203543,2369.9540609797,6511.0255764595,347.0289875006,3275.6150771398,114.2656422258,423.2060823178,2022.9250734791,101.5694597562,8.4641216463563,61.3648819360832,38.0885474086034,3813.0868016835,4052.198238193,4928.2348285909,56112.8944545191,522.6595116625,1199.789243371,2937.0502112856,16.9282432927126,810.4396476386,54925.8013936176,3459.7097229481,1929.8197353692,23925.9558638376,715.2182791171,30153.4333651443,1597.6029607497,567.0961503058,243.3434973327,5497.4470093084,2723.3311397151,1889.615157549,8811.1506338569,135.4259463417,1809.2060019086,2035.6212559486,254052.727245796,347.0289875006,560.7480590711,5459.3584618998,336.4488354426,3011.1112756912,594.6045456565,3557.0471218812,1868.4548534331,272.9679230949,19486.5240603237,2130.8426244701,979.7220805657,4160.1157891841,1307.706794362,975.4900197425,1675.8960859785,577.6763023638,152.3541896344,1197.6732129594,1455.8289231732,1701.2884509176,6388.2958125874,46.5526690549597,211.6030411589,1089.7556619683,2065.2456817109,992.4182630352,14.8122128811235,93.1053381099193,19262.2248366953,74.0610644056176,556.5159982479,2272.6166620466,42.3206082317815,5565.1599824792,992.4182630352,217.9511323936,1115.1480269074,2852.408994822,7099.2820308813,1690.7082988596,1005.1144455048,1532.0060179904,2930.7021200508,347.0289875006,12.6961824695345,17800.0478222873,4596.0180539714,52.9007602897269,27.508395350658,126.9618246953,55.016790701316,691.9419445896,256.0396798022,5994.7141560318,40.2045778201924,16964.2158097096,10827.7276161012,6523.7217589291,69.8290035824395,1058.0152057945,6.34809123476723,228.5312844516,188.3267066314,156.5862504575
"SKST012_6_G102997",215967.141314549,2539.0802393759,222.0181449374,3297.9786257076,8.0733870886357,1812.4754013987,385.5042334823,429.9078624698,0,391.5592737988,102.9356853801,2246.4199574128,6505.1316466682,10.0917338607946,9028.0651118668,2298.896973489,2199.9979816532,538.8985881664,254.311693292,280.55020133,165.504435317,1148.4393133584,0,2516.8784248821,98.8989918357873,3259.6300370366,2730.823182731,528.8068543056,5059.9953578024,551.0086687993,15280.9034120152,1897.2459658293,40.3669354431785,80.733870886357,5168.986083499,0,2407.8876991855,262.3850803806,183.6695562664,1630.8241919044,427.8895156976,131.1925401903,1953.7596754498,2191.9245945645,365.3207657607,2506.7866910213,357.2473786721,2672.2911263384,1396.6959663339,34.3118951267017,2268.6217719066,11175.5860774439,1753.9433450061,672.1094751289,226.0548384817,217.9814513931,7556.690314963,320.9171367732,7687.8828551533,119.0824595573,1402.7510066504,111.0090724687,201.8346772158,1134.3108859533,867.8891120283,1911.3743932345,5540.3618895762,5269.9034221069,389.5409270266,3330.2721740622,82.7522176585159,823.4854830408,1435.0445550049,102.9356853801,104.9540321522,74.6788305698802,777.0635072811,2424.0344733628,3534.1251980502,6414.306041921,49649.3122483373,730.6415315215,1150.4576601305,1695.4112886134,4.03669354431785,855.7790313953,49899.587248085,3649.1709640633,6646.4159207193,20332.825382729,1108.0723779152,26105.2971511035,2250.4566509572,2595.5939489963,129.1741934181,4500.9133019144,2609.7223764014,2218.1631026026,8335.7721690163,1445.1362888657,1727.704836968,19071.3586501296,255334.995105509,322.9354835454,603.4856848755,5395.0409219808,492.4766124067,2868.0707632378,474.3114914573,3158.7126984287,1529.9068532964,490.4582656346,18316.4969573422,2097.0622962731,801.283668547,5076.1421319796,1340.1822567135,871.9258055726,2266.6034251344,371.3758060772,387.5225802545,464.2197575965,1366.4207647515,1255.4116922828,7167.1493879363,40.3669354431785,246.2383062033,2272.6584654509,1959.8147157663,936.5129022817,40.3669354431785,115.045766013,17194.2961520218,149.3576611397,615.5957655084,2183.8512074759,46.4219757596553,6218.5264050216,1695.4112886134,316.8804432289,1124.2191520925,2757.061690769,5469.7197525506,1265.5034261436,964.7697570919,1431.0078614606,3431.1895126701,304.7703625959,44.4036289874963,14227.3263969482,4710.8213662189,139.2659272789,36.3302418988606,328.9905238619,84.7705644306748,805.3203620914,581.2838703817,4712.839712991,113.0274192408,14094.1155099857,11292.6501902291,5582.7471717915,104.9540321522,1217.0631036118,16.1467741772714,236.1465723425,183.6695562664,44.4036289874963
"SKST014_2_G102977",176644.061251119,497.3581505298,0,23.405089436698,0,29.2563617958725,0,5.8512723591745,0,122.8767195426,29.2563617958725,1597.3973540546,3504.9121431455,0,29010.6083567871,87.7690853876175,46810.178873396,11.702544718349,567.5734188399,362.7788862688,579.2759635582,1193.6595612715,0,5.8512723591745,0,292.5636179587,3364.4816065253,0,0,0,3762.3681269492,0,0,0,590.9785082766,0,2656.4776510652,0,0,134.579264261,35.107634155047,0,0,0,0,0,17.5538170775235,10052.4859130617,0,23.405089436698,11.702544718349,29.2563617958725,0,590.9785082766,0,0,585.1272359174,169.686898416,23.405089436698,0,397.8865204238,0,35.107634155047,427.1428822197,0,1328.2388255326,0,4985.2840500166,70.215268310094,7589.1002498493,0,29.2563617958725,0,0,4505.4797165643,11.702544718349,0,906.947215672,7232.1726359396,6383.7381438593,45914.9342024423,152.1330813385,397.8865204238,0,0,339.3737968321,98599.7905244495,8092.3096727383,0,280.8610732403,99.4716301059666,13727.0849546233,2931.4874519464,46.810178873396,17.5538170775235,6904.5013838259,1831.4482484216,1860.7046102174,35.107634155047,204.7945325711,140.4305366201,23.405089436698,408372.000491507,17.5538170775235,2311.2525818739,245.7534390853,117.0254471834,234.0508943669,17.5538170775235,1059.0802970105,497.3581505298,5.8512723591745,40.9589065142215,0,99.4716301059666,1240.4697401449,4441.1157206134,345.2250691912,99.4716301059666,555.8708741215,23.405089436698,17.5538170775235,1925.0686061684,157.9843536977,5102.3094972001,0,17.5538170775235,1029.8239352147,1252.1722848633,17.5538170775235,5.8512723591745,409.5890651422,11.702544718349,0,58.512723591745,12375.441039654,0,93.620357746792,0,11.702544718349,70.215268310094,0,40.9589065142215,11.702544718349,58.512723591745,87.7690853876175,2012.837691556,140.4305366201,23.405089436698,50414.5626466475,1667.6126223647,29.2563617958725,17.5538170775235,0,64.3639959509195,146.2818089793,58.512723591745,3124.5794397991,128.7279919018,58.512723591745,251.6047114445,0,0,0,0,64.3639959509195,392.0352480646,0
"SKST014_5_G102980",182754.399964607,759.4762481381,22.9399514000744,5343.3701082601,0,4557.6767728076,0,935.6223035316,5.7349878500186,405.5455693941,124.5311647432,1131.4311744108,4212.7582178279,3.27713591429634,9847.7934224605,706.2227895308,2780.6498232804,176.965339372,401.4491495013,3271.4009264463,91.7598056002976,215.4716863649,0,72.9162740930936,11.4699757000372,9993.6259706466,1841.7503838345,430.9433727299,380.1477660583,3.27713591429634,6995.8658930441,538.2695739231,15.5663955929076,4.91570387144451,5443.3227536462,0,4051.3592740488,175.3267714148,232.676649915,2026.9085629922,145.8325481861,0,313.7857637938,2847.8311095235,298.2193682009,409.641989287,790.6090393239,374.4127782083,1343.6257248615,24.5785193572226,279.3758366937,5243.4174628741,6234.7510769487,18.843531507204,49.9763226930192,0.819283978574085,9432.4164453234,160.5796598005,719.331333188,37.6870630144079,613.6436999519,13.9278276357595,24.5785193572226,2493.9004307795,0,149.1096841004,1185.5039169967,2980.5551140525,789.7897553454,4728.9071243296,34.4099271001116,507.1367827373,380.1477660583,166.3146476505,88.4826696860012,25.3978033357966,1139.6240141965,4814.1126581013,4560.1346247433,3328.7508049465,60276.3608716526,363.7620864868,1407.5298751902,3500.800440447,27.0363712929448,101.5912133431,47118.6601757528,4065.2871016846,721.7891851237,28161.248195527,1366.5656762615,55681.8163198091,15373.8638579427,871.7181532028,0.819283978574085,6478.0784185852,2219.4402979571,1038.0328008533,5549.8296708608,142.5554122718,1007.7192936461,229.3995140007,315305.53557413,433.4012246656,1411.6262950831,3404.9442149538,3640.0787168046,11098.8400577431,377.6899141226,6116.7741840341,906.1280803029,871.7181532028,6175.7626304914,924.1523278315,725.066321038,11266.7932733508,487.4739672515,2264.5009167787,1450.9519260547,421.111964987,222.0259581935,82.7476818359826,1589.4109184337,5849.6876070189,13073.3144461066,131.0854365718,412.9191252013,676.7285663021,5408.0935425675,18.0242475286299,49.1570387144451,27.8556552715189,5032.042196402,22.9399514000744,352.2921107868,1658.2307726339,0.819283978574085,922.5137598744,496.4860910158,96.6755094717421,3449.1855497968,100.7719293646,1870.4253230846,311.3279118581,144.193980229,1243.6730794754,4911.6074515516,852.8746216956,200.7245747506,15833.4821699227,3730.1999544478,1991.6793519136,205.640278622,228.5802300221,121.2540288289,1174.0339412966,149.1096841004,3605.6687897045,27.8556552715189,4107.8898685704,3474.5833531326,2476.6954672294,604.6315761876,3292.7023098892,38.506346992982,1.63856795714817,22.1206674215003,2.45785193572226
"SKST014_6_G102951",219656.27632038,996.440183715,19.2735045206005,468.3461598505,0,2971.9743970765,5.78205135618015,776.7222321801,1.92735045206005,508.8205193438,19.2735045206005,740.102573591,7084.9402617727,1.92735045206005,8401.3206205297,601.3333410427,1846.4017330735,212.0085497266,167.6794893292,487.6196643711,92.5128216988823,314.1581236857,0,306.4487218775,194.662395658,5084.3504925344,1987.0983160739,107.9316253153,215.8632506307,7.70940180824019,5498.7308397273,736.2478726869,25.0555558767806,0,4775.9744202048,0,4172.71372871,23.1282054247206,175.3888911374,1644.0299356072,169.6068397812,36.6196585891409,716.9743681663,1233.5042893184,258.264960576,144.5512839045,1158.337621688,531.9487247685,1318.307709209,0,661.0812050565,6192.5770024689,3226.3846567485,57.8205135618015,36.6196585891409,169.6068397812,12845.7907629802,346.9230813708,2754.1837959938,23.1282054247206,761.3034285637,3.8547009041201,9.63675226030024,718.9017186183,9.63675226030024,23.1282054247206,678.4273591251,5282.8675890965,1117.8632621948,5704.9573380977,30.8376072329608,1451.2948904012,190.8076947539,256.3376101239,42.4017099453211,21.2008549726605,244.7735074116,2039.1367782795,4332.6838162309,4477.2351001354,46880.8723959086,227.427353343,1489.8418994424,3708.2222697635,0,186.9529938498,54588.3468536967,5649.064174988,1337.5812137296,6435.4231594285,1408.8931804558,40657.4577862067,3858.5556050242,377.7606886037,0,5805.1795616048,3879.7564599968,2569.158152596,8310.7351492829,185.0256433977,1888.8034430188,277.5384650966,327269.888811152,1146.7735189757,464.4914589464,3409.4829496942,2095.0299413892,5988.2778545505,614.8247942071,8644.1667774893,639.8803500839,1108.2265099345,4671.8974957935,2752.2564455417,80.948718986522,8449.5043818312,242.8461569595,5228.9017764389,3178.200895447,248.6282083157,514.6025707,50.1111117535613,1671.012841936,3289.9872216665,13057.7993127068,73.2393171782818,495.3290661794,757.4487276595,5209.6282719183,154.1880361648,0,17.3461540685404,7657.3633460345,7.70940180824019,504.9658184397,2573.0128535001,0,3230.2393576526,545.4401779329,82.8760694385821,1751.9615609225,2255.0000289102,1613.1923283742,3205.1838017758,454.8547066861,1692.2136969087,4244.0256954362,88.6581207947622,34.6923081370809,16180.1070450441,3112.6709800769,92.5128216988823,3.8547009041201,319.9401750419,5.78205135618015,1447.440189497,346.9230813708,5972.859050934,11.5641027123603,12787.9702494184,2729.128240117,4182.3504809703,28.9102567809007,1782.7991681555,5.78205135618015,0,190.8076947539,0
"SKST014_7_G102940",204725.412113354,2321.0316725319,176.5373217262,2101.0835339877,0,4786.7660677903,0,613.53954436,0,685.8909057232,20.2583811817003,1802.9959251713,4378.7043897017,23.1524356362289,10722.4717540285,674.3146879051,2636.4836080755,303.8757177255,127.3383959992,917.4152620855,677.2087423596,506.4595295425,448.5784404519,6184.5943693276,289.4054454528,3959.0664937951,2274.7268012594,732.1957769957,1666.9753658084,60.7751435451009,9023.6617892202,737.9838859047,23.1524356362289,0,5851.7781070568,11.5762178181145,3209.5063900722,28.9405445452862,136.0205593628,402.2735691794,243.1005741804,159.172994999,740.8779403593,1733.5386182626,355.968697907,584.5989998147,740.8779403593,1012.919059085,656.9503611779,0,732.1957769957,8676.3752546767,2564.1322467123,1360.2055936284,52.0929801815151,280.7232820892,6100.6667901463,717.725504723,5024.0785330616,40.5167623634006,1215.502870902,34.7286534543434,115.7621781811,451.4724949064,1377.5699203556,509.353583997,396.4854602704,3660.9788849786,370.4389701796,4526.3011668827,144.7027227264,306.76977218,477.5189849972,853.7460640859,387.8032969068,63.6691979996296,1941.9105389887,2662.5300981663,5342.4245230598,4983.5617706982,55849.4628634932,1070.8001481755,1409.4045193554,717.725504723,17.3643267271717,659.8444156325,49259.7008705315,3944.5962215225,1299.4304500833,13306.8623819225,955.0379699944,41431.2835710316,6809.7101315058,512.2476384515,0,6421.906834599,3032.9690683459,1782.7375439896,5736.0159288757,564.340618633,1475.9677718095,975.2963511761,303829.412854232,341.4984256343,1151.8336729023,1904.2878310798,2098.1894795332,5084.8536766067,969.508242267,2396.2770883496,761.136321541,75.245415817744,5006.7142063345,7295.9112798666,651.1622522689,6248.2635673272,584.5989998147,1658.2932024448,2268.9386923504,761.136321541,361.756806816,260.4649009075,1510.6964252639,7967.3319133172,6977.5652898684,127.3383959992,225.7362474532,2022.9440637155,2977.9820337099,1910.0759399888,315.4519355436,269.1470642711,6491.3641415076,49.1989257269865,1195.2444897203,4613.1228005186,40.5167623634006,4546.5595480644,816.123356177,1302.3245045378,1776.9494350805,9535.9094276717,2737.775513984,3333.9507316169,188.1135395443,865.322281904,4294.7768105204,240.2065197258,72.3513613632154,14481.8484904611,3082.1679940729,587.4930542693,2.89405445452862,193.9016484534,5.78810890905723,5889.4008149657,593.2811631783,5411.8818299685,28.9405445452862,9854.2554176699,7744.4897203185,4474.2081867012,350.1805889979,4161.6503056121,31.8345989998148,14.4702722726431,546.9762919059,355.968697907
"SKST023_1_G102981",210730.437963486,2178.1783113298,280.585946593,1097.4028133417,0,1691.8293372352,0,498.8194606098,542.4661634132,259.8018024009,141.3321805061,2888.9960426989,7773.2699278374,78.9797479298992,9930.6640949752,548.7014066708,1170.147318014,203.6846130823,469.7216587409,598.5833527318,347.0952080077,502.9762894483,0,56722.0079146021,31.1762162881181,1602.4575172092,1756.2601842306,257.7233879817,841.7578397791,18.7057297728709,4487.2967310698,1421.6354627381,2.07841441920787,0,6763.1605201024,182.9004688902,3354.5608726015,103.9207209603,135.0969372485,1402.9297329653,378.2714242958,16.627315353663,941.5217319011,2510.7246184031,60.2740181570284,81.0581623491071,1195.0882910445,1311.4794985201,488.4273885138,0,1440.341192511,6341.2423930032,968.5411193508,83.136576768315,172.5083967942,2.07841441920787,5156.5461740547,396.9771540687,10491.8359881613,27.0193874497024,690.033587177,54.0387748994047,99.763892121978,1920.454923348,83.136576768315,301.3700907851,272.2722889162,5630.4246616341,1091.1675700841,4250.3574872801,29.0978018689102,1114.0301286954,157.9594958597,112.2343786372,70.6660902530678,60.2740181570284,189.1357121479,1315.6363273585,4188.0050547038,4736.7064613747,58717.2857570416,906.1886867746,1837.3183465797,261.8802168201,0,83.136576768315,57407.8846729407,2471.2347444381,633.9163978584,14187.2568255129,588.1912806358,31666.7220910511,1849.788833095,687.9551727578,0,5096.2721558977,3071.8965115892,1398.7729041268,5360.2307871371,170.429982375,2388.0981676698,4271.1416314721,275865.867447042,2013.9835722124,579.8776229589,4165.1424960925,702.5040736922,2793.3889794153,642.2300555352,2897.3097003757,2203.1192843603,534.1525057364,2751.8206910312,1903.8276079944,286.8211898506,5405.9559043596,883.3261281633,1161.8336603372,1914.2196800904,548.7014066708,282.6643610122,552.8582355092,1415.4002194805,2057.6302750157,11005.2043497056,72.7445046722756,573.6423797013,958.1490472548,2602.1748528482,18888.6302417611,39.4898739649496,216.1550995976,15710.7345947923,604.8185959894,860.463569552,3678.7935219979,87.2934056067307,5019.370822387,663.0141997273,66.509261414652,964.3842905124,147.5674237637,390.741910811,2194.8056266835,473.8784875793,1573.3597153403,3560.323900103,141.3321805061,33.254630707326,17853.5798609956,5347.7603006218,95.6070632835622,85.2149911875229,218.2335140168,24.9409730304945,47.8035316417811,83.136576768315,5447.5241927438,168.3515679558,7841.8576036713,5647.0519769877,1234.5781650094,60.2740181570284,1091.1675700841,2.07841441920787,72.7445046722756,45.7251172225732,39.4898739649496
"SKST023_2_G102987",199479.11367937,887.1345148228,195.3323702362,1192.3413433169,0,2433.515779193,0,305.2068284941,219.7489165157,146.4992776771,77.3190632185077,5477.4452153742,8203.9595499216,48.8330925590575,13123.8936252467,573.7888375689,691.8021445866,183.1240970964,402.8730136122,765.0517834252,150.568702057,374.3870429527,0,28266.2217429344,8.13884875984292,1701.0193908071,1786.4773027855,227.8877652756,695.8715689665,56.9719413189004,4012.4524386025,1367.3265916536,0,0,5465.2369422345,305.2068284941,2722.4449101674,28.4859706594502,138.3604289173,1469.0622011516,752.8435102854,0,1045.8420656398,2278.877652756,16.2776975196858,16.2776975196858,1412.0902598327,1387.6737135532,651.1079007874,0,1941.1154292225,5851.832258327,1176.0636457973,16.2776975196858,16.2776975196858,4.06942437992146,4276.9650232974,427.2895598917,11528.6792683174,12.2082731397644,598.2053838484,0,52.902516938979,4529.2693348525,101.735609498,52.902516938979,402.8730136122,6498.8707347345,964.4535780413,3800.8423708466,20.3471218996073,927.828758622,142.4298532972,0,28.4859706594502,44.7636681791361,32.5553950393717,1473.1316255315,3113.1096506399,4089.771501821,64134.1282275622,472.0532280708,1001.0783974606,8.13884875984292,0,77.3190632185077,77990.5182411947,2193.4197407776,573.7888375689,13168.6572934258,805.7460272244,30109.6709870388,321.4845260137,622.6219301279,0,6563.9815248133,2799.7639733859,1102.8140069587,5534.4171566931,170.9158239567,2348.0578672146,2209.6974382973,295725.069688893,1701.0193908071,415.0812867519,3031.7211630414,516.81689625,2405.0298085335,431.3589842716,1928.9071560827,2934.0549779233,215.6794921358,3214.8452601379,1989.9485217815,276.7208578346,4183.3682625592,720.288115246,891.2039392027,1501.617596191,390.6647404724,191.2629458563,805.7460272244,1326.6323478543,3231.1229576576,10173.5609498036,223.8183408956,602.2748082283,691.8021445866,2189.3503163977,10096.2418865851,24.4165462795288,8.13884875984292,17905.4672716544,488.3309255905,699.9409933464,6079.7200236026,44.7636681791361,7113.3538161027,618.552505748,40.6942437992146,736.5658127657,268.5820090748,374.3870429527,2323.6413209351,118.0133070177,1444.6456548721,2169.0031944981,154.638126437,4.06942437992146,22658.5549474026,4862.9621340061,138.3604289173,24.4165462795288,97.666185118115,0,16.2776975196858,146.4992776771,4557.755305512,199.4017946161,6730.82792439,10845.0159724906,854.5791197835,4.06942437992146,1131.2999776181,8.13884875984292,0,16.2776975196858,8.13884875984292
"SKST023_3_G102941",316432.795604857,3709.2766910452,162.7182699373,1514.0380959046,0.583219605510259,290.4433635441,0,705.6957226674,248.4515519473,295.1091203881,207.6261795616,751.1868518972,5723.7172084776,60.6548389730669,7998.2736699676,441.4972413712,2085.5933093046,309.1063909204,1218.9289755164,236.7871598371,829.3382790355,954.7304942202,4.08253723857181,1020.6343096429,48.9904468628617,4015.4669839381,2658.3149619157,96.814454514703,2159.0789795989,104.3963093863,2965.0884744141,1200.8491677456,2.33287842204104,0,6484.8187936685,7.58185487163337,2910.8490511017,540.644574308,296.8587792047,2057.0155486346,277.6125322228,44.3246900187797,1898.9630355414,2427.3599981336,65.9038154226592,120.1432387351,1436.4698883717,1390.9787591419,1775.3204791732,0,783.2639302002,5288.635382767,2468.7685901249,235.0375010206,140.5559249279,21.5791254038796,14339.6204406807,554.6418448402,6398.502292053,16.9133685597975,1108.1172504694,235.0375010206,284.0279478834,165.6343679649,40.2421527802079,3492.9022174009,770.433098879,3628.7923854848,1113.366226919,3513.3149035937,129.4747524232,348.1821044896,489.9044686286,258.366285241,36.1596155416361,60.0716193675567,596.6336564369,2310.1328574261,2602.3258797867,7662.3391771937,51540.8661977581,686.4494756855,1749.0755969252,453.7448530869,39.0757135691873,104.3963093863,39043.6364908842,5278.7206494733,1221.8450735439,12319.9309467987,192.4624698183,35842.9272958439,4041.711866186,2023.7720311205,2.33287842204104,3117.8920110578,3943.1477528548,3734.3551340821,9532.7244520651,109.6452858359,2724.8019969439,446.1629982153,249734.051859887,887.6602395866,910.989023807,5828.6967374695,348.7653240951,6186.2103556473,738.3560205759,3582.134817044,1247.5067361864,186.0470541577,1952.6192392483,874.8294082653,414.0859199122,9134.3854615016,1701.8348088789,463.6595863806,2794.2051299996,367.4283514714,278.7789714339,728.4412872823,1173.4378462866,201.7939835065,8847.4414155906,39.6589331746976,1172.8546266811,1242.2577597368,3418.8333275011,342.93312804,4.08253723857181,418.7516767563,5633.3181696235,432.7489472886,993.8062077894,3719.7746439444,286.944045911,6257.946367125,1556.6131271068,354.0143005447,3496.401535034,456.6609511145,839.2530123292,1209.0142422227,2108.3388739195,1157.6909169378,4206.1797949399,121.3096779461,4.08253723857181,11892.4309759596,4820.3100395422,248.4515519473,2.33287842204104,335.3512731683,106.7291878083,161.5518307263,398.922210169,11826.527160537,277.6125322228,6022.9088661044,4294.245955372,3281.1935006007,295.1091203881,58.9051801565361,0,193.0456894238,149.3042190106,148.1377797996
"SKST023_4_G102937",317025.979392262,3003.9287190014,148.6660501398,1331.4356549286,0,389.1552488953,0,703.9774727208,537.8212990352,192.3913590044,229.5578715394,675.5560219588,6755.5602195885,50.2841051943481,7638.8114586544,443.8118849762,2002.6191460009,345.4299400307,1123.7404378215,295.1458348363,323.5672855984,896.3688317253,0,12105.3517591784,50.2841051943481,3740.7001733708,2632.2635936519,74.3330250699058,2068.2071092979,65.5879632969757,4274.1489415195,1506.3368903872,0,0,7063.8236470842,19.6763889890927,3058.5853550823,419.7629651006,174.9012354586,2179.7066469028,229.5578715394,32.7939816484879,1766.5024781318,2632.2635936519,63.4016978537432,78.7055559563709,1486.6605013981,1261.4751607451,1950.1487753634,0,813.2907448824,6888.9224116256,2557.930568582,122.430864821,120.2445993777,50.2841051943481,11311.737403285,330.1260819281,10351.966873706,4.37253088646505,966.3293259087,194.5776244476,168.3424391289,262.3518531879,63.4016978537432,2313.06883894,736.7714543693,4302.5703922816,1158.7206849132,3570.1714687987,67.7742287402083,360.7337981333,310.449692939,124.6171302642,61.2154324105107,83.0780868428359,708.3500036073,1825.5316450991,2444.2447655339,7345.8518892612,36012.1643809261,743.330250699,1086.5739252865,207.695217107,41.539043421418,253.6067914149,39894.9718081071,5336.6739469305,1539.1308720356,16296.4226138552,133.3621920371,36908.5332126514,3038.9089660932,1915.1685282716,2.18626544323252,2240.9220793133,4099.2477060609,3627.0143703227,9341.9122389325,161.7836427992,2914.2918358289,1460.4253160793,242443.720061828,625.2719167645,671.1834910723,5732.3879921556,367.292594463,6386.0813596822,476.6058666246,3694.7885990629,585.9191387863,161.7836427992,2995.1836572285,1042.8486164219,247.0479950852,8729.7579148274,1289.8966115071,317.0084892687,2807.1648291105,461.302008522,133.3621920371,419.7629651006,870.1336464065,240.4891987555,9199.8049851224,28.4214507620228,1348.9257784744,940.0941405899,3469.60325841,4383.4622136812,0,148.6660501398,8447.7296726504,660.2521638562,1366.4159020203,3417.1328877724,233.9304024258,6309.562069169,1714.0321074942,260.1655877446,3611.7105122201,494.0959901705,673.3697565156,1843.021768645,1884.5608120664,1257.1026298587,2616.9597355493,102.7544758319,4.37253088646505,12404.8701249013,6001.2986416732,120.2445993777,0,452.5569467491,67.7742287402083,83.0780868428359,826.4083375418,10697.3968137367,69.9604941834408,7798.4088360104,3561.4264070257,1974.1976952389,356.3612672469,41.539043421418,0,288.5870385066,168.3424391289,48.0978397511155
"SKST023_6_G103009",325283.366590206,4072.8054973036,267.2573655638,2001.970818119,0,318.0854534931,0,836.2040272241,162.3219582258,170.5200369241,319.7250692327,890.3113466328,5453.3619500933,50.8280879293129,8358.7610407624,557.4693514827,2087.2308365811,329.5627636707,1200.1987214276,224.6273563327,278.7346757413,944.4186660414,0,1042.7956104207,98.3769443793153,4094.1205019191,2626.6644149277,109.8542545569,1290.3775871086,77.061939763797,3436.6345903174,1069.0294622552,0,0,6868.3503334158,22.9546203551736,3180.8545349311,698.4763050931,136.0881063913,2221.6793272328,290.2119859189,4.91884721896576,1677.3269016673,2700.4471232122,31.1526990534498,45.9092407103471,950.977129,1303.4945130259,1857.6846330294,0,513.199726512,6399.4202318744,2738.1582852242,70.5034768051759,300.0496803569,29.5130833137946,11608.4794367592,257.4196711258,5960.0032136468,0,1042.7956104207,245.9423609482,211.5104304155,254.1404396465,70.5034768051759,2334.812813269,813.249406869,3754.7200438105,934.5809716034,3772.7558169467,86.8996342017285,288.5723701793,242.6631294689,39.3507777517261,91.8184814206942,57.3865508879339,862.4378790586,2774.2298314966,2647.9794195432,7525.8362450176,38206.3259654467,596.8201292345,946.058281781,114.7731017758,39.3507777517261,214.7896618948,40059.0917512571,5435.3261769571,1237.9098834397,12365.9819084799,154.1238795275,33792.4803942947,4269.5593860622,1993.7727394207,8.19807869827627,2436.4689891277,4161.344747245,3589.1188541053,8845.72691544,129.5296434327,2456.1443780035,341.0400738482,262026.991354306,403.3454719551,531.2354996483,5928.8505145934,406.6247034345,6437.1313938865,460.7320228431,4238.4066870088,595.1805134948,77.061939763797,2579.1155584777,996.8863697103,208.2311989362,9490.0959011246,1216.5948788241,342.6796895879,3736.6842706743,357.4362312448,162.3219582258,221.3481248534,764.0609346793,260.6989026051,9426.150887278,40.9903934913814,1446.1410823759,855.8794161,3885.8893029829,341.0400738482,0,154.1238795275,5235.2930567192,262.3385183448,1011.6429113672,3298.9068681863,493.5243376362,7238.9034905779,2370.8843595414,380.3908516,3200.529923807,501.7224163345,946.058281781,1388.754531488,2279.0658781208,926.3828929052,2129.8608458121,304.9685275758,11.4773101775868,12713.5804452868,5409.0923251226,177.0784998827,0,570.5862774,109.8542545569,70.5034768051759,572.2258931396,10491.9011180539,63.9450138465549,6973.2857407537,3494.0211412053,1970.8181190656,291.8516016586,81.9807869827627,0,188.5558100603,218.0688933741,63.9450138465549
"SKST023_7_G103015",284018.046298186,2598.5543254105,192.8504564362,2007.3339480148,0,865.715552615,0,647.5270800047,439.192280351,398.3699209594,157.6587673055,1110.6497089647,6590.6995403965,32.3763540002393,7547.9134847514,727.7641312227,2110.0936802764,280.1258454803,1354.1761977491,395.554585829,851.6388769628,884.015230963,8.44600539136677,13857.0795121024,30.9686864350115,3347.4334701116,2629.5230118455,125.2824133052,2195.9614017553,73.1987133918454,4946.5438242104,1521.6886380112,7.03833782613898,0,6172.6222735238,35.1916891306949,2816.7427980208,377.254907481,347.6938886112,1974.9575940145,195.6657915666,18.2996783479613,2291.6827961908,2970.1785626306,63.3450404352508,212.5578023493,1364.0298707057,1621.6330351424,1324.6151788793,0,755.9174825273,7785.8093032749,2356.4355041913,277.3105103498,140.7667565227,9.85367295659457,8824.667966413,648.93474757,11658.3027752166,22.5226810436447,1120.5033819213,204.111796958,226.6344780016,374.4395723505,76.014048522301,2176.2540558421,433.5616100901,4802.9617325572,1057.158341486,3806.3330963759,106.9827349573,387.1085804376,243.5264887844,294.2025211326,35.1916891306949,54.899035043884,256.1954968714,2248.0451016687,3536.0609238522,6538.6158404831,57059.8047565087,844.6005391366,2011.5569507105,456.0842911338,32.3763540002393,160.4741024359,41454.4021283933,4384.8844656845,1034.6356604424,18402.4380802229,323.7635400023,34428.7333103414,2266.3447800167,1862.3441887963,1.4076675652278,3665.5663398531,3551.5452670697,3172.8826920234,8087.0501622336,202.7041293928,2538.0246201057,1790.5531429697,246223.579839385,1497.7582894023,982.551960529,5501.1648449102,346.286221046,5216.8159967342,893.8689039196,2870.2341654994,1333.0611842707,287.1641833064,4107.5739553347,1279.569816792,392.7392506985,7221.3346096185,1527.3193082721,658.7884205266,2401.4808662786,574.3283666129,289.9795184369,786.8861689623,1393.5908895755,719.3181258314,7674.6035656219,18.2996783479613,1244.3781276613,1285.2004870529,2832.2271412383,5195.7009832557,11.2613405218224,496.9066505254,9497.5330625919,585.5897071347,1430.1902462714,3398.1095024598,85.8677214788955,5091.5335834289,1403.4445625321,243.5264887844,2891.3491789778,396.9622533942,550.398018004,1990.4419372321,1645.5633837512,1402.0368949668,4591.811597773,260.4184995671,26.7456837393281,13339.0578480985,6711.7589510061,411.0389290465,0,481.4223073079,12.6690080870502,267.4568373932,295.6101886978,9155.4698442415,250.5648266105,8246.1165971044,5273.1226993433,1860.9365212311,249.1571590453,342.0632183503,1.4076675652278,143.5820916532,156.2510997402,115.4287403486
"SKST024_1_G102982",170028.189333612,2201.9950834764,47.4567905921658,1148.4543323304,0,2496.2271851479,0,151.8617298949,142.3703717764,313.2148179082,85.4222230658985,7507.6642716806,8902.8939150903,0,12319.7828377262,1528.1086570677,2837.9160774115,237.2839529608,322.7061760267,455.5851896847,996.5926024354,199.318520487,0,4527.3778224926,113.8962974211,1993.1852048709,2477.244468911,142.3703717764,113.8962974211,9.49135811843317,6264.2963581658,2287.4173065423,37.9654324737327,0,6492.0889530082,0,1936.2370561603,607.4469195797,123.3876555396,1585.0568057783,1252.8592716331,0,1395.2296434096,1926.7456980419,218.3012367239,806.7654400668,161.3530880133,2258.943232187,284.7407435529,0,873.2049468958,11702.844560028,1252.8592716331,797.2740819483,218.3012367239,9.49135811843317,3483.3284294649,474.5679059216,19542.7063658538,85.4222230658985,1072.5234673829,9.49135811843317,85.4222230658985,3777.5605311364,977.6098861986,142.3703717764,1129.4716160935,3891.4568285575,189.8271623686,3692.1383080705,132.879013658,892.1876631327,237.2839529608,237.2839529608,0,85.4222230658985,56.948148710599,1205.402481041,4821.609924164,5144.3161001907,90129.9366926413,294.2321016714,1423.7037177649,6843.2692033903,0,18.9827162368663,70397.4031644188,1357.2642109359,1917.2543399234,28236.7904023386,3483.3284294649,29537.106464564,2904.3555842405,180.3358042502,0,9140.1778680511,2239.9605159502,635.920993935,10829.6396131322,522.0246965138,1822.3407587391,2391.8222458451,292893.820176729,835.2395144221,721.3432170009,4650.7654780322,531.5160546322,2059.6247116999,939.6444537248,2894.8642261221,3331.46669957,85.4222230658985,5552.4444992834,1110.4888998566,901.6790212511,2078.6074279368,607.4469195797,1660.9876707258,1195.9111229225,294.2321016714,180.3358042502,1053.540751146,1509.1259408308,3521.2938619387,6178.8741350999,104.4049393027,208.8098786055,1053.540751146,436.6024734479,1129.4716160935,0,227.7925948423,12908.2470410691,56.948148710599,322.7061760267,3359.9407739253,85.4222230658985,5523.9704249281,142.3703717764,503.0419802769,559.9901289875,1053.540751146,1176.9284066857,1765.3926100285,132.879013658,1034.5580349092,4071.7926328078,1006.0839605539,0,21251.1508271718,4347.0420182423,503.0419802769,0,265.7580273161,0,85.4222230658985,66.4395068290322,3492.8197875834,351.180250382,11304.2075190539,2799.9506449377,2477.244468911,0,1651.4963126073,0,18.9827162368663,227.7925948423,37.9654324737327
"SKST024_2_G102953",207914.119576562,6816.758610407,129.7152229014,2615.178172059,1.49097957357984,2325.9281347845,0,302.6688534367,243.0296704935,685.8506038467,131.206202475,1465.6329208289,4297.0031310571,41.7474280602356,8112.4198598479,767.8544803936,2246.9062173848,454.7487699418,70.0760399582526,280.304159833,1680.3339794244,743.9988072163,1.49097957357984,690.3235425674,123.7513046071,1619.2038169077,2713.5828239153,254.9575070821,477.1134635455,8.94587744147905,3612.6435067839,1528.2540629193,4.47293872073953,5.96391829431937,8986.1338899657,8.94587744147905,3068.4359624273,1073.5052929774,278.8131802594,2394.5131951692,502.4601162964,2.98195914715968,1097.3609661547,2633.069926942,326.5245266139,122.2603250335,548.6804830773,1473.0878186968,1051.1405993737,0,587.4459519904,13721.4850156552,1094.3790070076,960.1908453854,174.4446101088,10.4368570150589,6084.6876397793,1083.9421499925,12809.0055166244,1182.3468018488,1687.7888772923,5.96391829431937,19.3827344565379,474.1315043983,90.9497539883704,633.6663187714,1400.0298195914,4031.6087669598,869.241091397,3609.6615476367,256.4484866557,742.5078276427,861.7861935291,541.2255852094,4.47293872073953,64.1121216639332,74.5489786789921,3642.4630982555,5477.8589533323,5000.7454897867,90506.9330550171,146.1159982108,2920.8289846429,3175.786491725,0,61.1301625167735,41741.4641419412,2758.3122111227,3029.6704935142,24695.0946772029,2718.055762636,35213.9555688087,1076.4872521246,120.7693454599,0,6955.4197107499,2703.1459669002,1146.5632920828,13618.6074250782,292.2319964216,2209.6317280453,1751.9009989563,267688.981660951,937.8261517817,1883.1072014313,5956.4633964514,320.5606083196,2149.9925451021,1476.069777844,4237.3639481139,3072.908901148,31.3105710451767,2958.1034739824,1168.9279856865,205.755181154,5592.6643804979,1130.1625167735,940.8081109288,5030.5650812583,344.4162814969,25.3466527508573,480.0954226927,1687.7888772923,3527.6576710899,9697.3311465632,22.3646936036976,563.5902788131,1938.2734456537,3216.0429402117,229.6108543312,0,812.583867601,9634.7100044729,99.8956314298494,1705.6806321753,1935.2914865066,29.8195914715968,7432.5331742955,2816.4604144923,441.3299537796,1780.2296108543,2023.2592813478,3819.8896675115,3223.4978380796,1452.2141046667,1410.4666766065,8002.087371403,126.7332637542,8.94587744147905,13326.3754286566,4628.0005963918,283.2861189801,16.4007753093783,350.3801997912,70.0760399582526,793.2011331444,1186.8197405695,6763.0833457581,451.7668107946,12144.0286268078,1866.7064261219,1959.1471596839,204.2642015804,2135.0827493663,0,20.8737140301178,432.3840763381,123.7513046071
"SKST024_3_G102944",249130.930459972,8269.6936132648,125.3581583396,2083.3123307281,0,2245.0506539005,0,425.6040970202,87.6630477899488,319.0934939554,146.8356050481,1008.1250495844,4320.4733103276,37.695110549678,9312.0072514873,326.9831682565,3190.4966243151,525.1016562617,62.6790791698134,305.5057215479,458.4777399414,1211.941635696,0.438315238949744,1203.6136461559,70.1304382319591,1701.5397576029,2702.2134481251,134.1244631186,254.2228385908,9.64293525689437,2368.6555512844,930.5432522903,0,1.75326095579898,7754.2348922599,0.438315238949744,3764.6895873393,1509.5576829429,284.4665900783,2191.5761947487,589.9723116263,0,1345.1894683367,1485.8886600396,241.5116966613,74.5135906214565,1219.3929947581,853.8380854741,1214.5715271297,0,408.0714874622,11089.8138606674,1114.6356526491,177.0793565356,169.6279974735,3.50652191159795,7034.5212699044,645.200031734,7416.7321582686,307.2589825037,1495.0932800575,6.13641334529642,31.5586972043816,321.7233853891,60.0491877361149,566.741603962,995.8522228938,4036.0067202492,1149.7008717651,4084.6597117726,178.8326174914,411.5780093738,831.9223235266,153.4103336324,2.19157619474872,70.1304382319591,32.8736429212308,3409.65424379,3539.3955545191,5333.4198275404,60248.621169837,145.0823440923,1570.4835011569,3411.8458199848,4.82146762844719,24.9839686201354,42648.511065049,3938.7007372024,4087.2896032063,15202.0874324939,1321.0821301945,34537.9258835229,1248.7601157678,188.9138679873,0.438315238949744,6129.8386167121,3111.1615660652,1318.0139235218,12114.5948893319,121.413321189,2903.838458042,2244.6123386616,291189.030898156,336.6261035134,1059.8462477804,5677.9356053549,392.29213886,2106.5430383924,980.5111895305,5532.4149460236,1694.5267137797,11.8345114516431,1911.4927570598,1144.0027736588,114.4002773658,6001.4122516998,518.9652429164,447.9581742066,6376.6100962408,591.2872573432,18.847555274839,260.797567175,1467.4794200037,3296.568912141,10025.1461452585,23.6690229032862,670.1840003541,1296.9747920522,4716.7102863381,270.002187193,0.876630477899488,209.9529994569,6710.1679930816,41.6399477002257,1513.9408353324,2330.0838102568,11.8345114516431,8576.5142805296,3627.935232787,482.1467628447,2063.5881449753,2887.6207942009,2486.5623505618,2885.8675332451,2234.0927729268,2176.2351613854,4486.1564706506,95.1144068520945,7.88967430109539,13554.0221340429,2413.3637056572,225.2940328201,37.695110549678,436.1236627549,280.9600681667,555.7837229882,1570.9218163958,7667.4484749478,127.1114192954,9003.4333232666,1200.9837547222,2523.3808306336,68.3771772761601,1679.6239956554,0.876630477899488,14.0260876463918,528.1698629344,49.9679372402708
"SKST024_4_G102938",212124.481586579,9216.3771866911,97.913873210889,1708.1917116218,1.24731048676292,1995.0731235772,0,511.3972995727,205.1825750724,603.0746203498,111.0106333218,827.5905079671,5161.9944494683,31.1827621690729,9032.3988898936,371.0748698119,3418.8780442171,613.6767594873,137.2041535439,391.6554928435,1320.2781502385,1076.4289500763,0.623655243381459,2717.265895413,61.118213851383,1699.4605382144,3216.8137453615,333.655555209,1057.7192927749,46.7741432536094,2384.2339954473,836.9453366179,3.74193146028875,0,7133.3686737971,0,3408.2759050796,1155.6331659858,466.4941220493,2249.5244628769,614.9240699741,0,1125.6977143035,2023.7612647728,316.8168636377,199.569677882,918.6441735008,921.1387944744,1035.8913592566,0,234.4943715114,10987.5580778945,1234.8373818952,1203.6546197262,245.7201658922,1.24731048676292,5337.2415728585,923.0097602045,7476.3790576569,972.902179675,1680.1272256696,16.8386915712994,19.9569677882067,301.2254825532,152.171879385,721.5691165923,2111.0729988462,3507.4370887773,942.3430727493,4187.2213040631,289.3760329289,885.5904456016,580.6230315881,570.0208924506,5.61289719043313,57.9999376344757,44.903177523465,5900.4022576319,6023.8859958215,5509.3704200318,91032.461255418,418.4726683089,2766.5346596401,5652.8111260095,0,137.8278087873,41237.9556581121,3823.0066419283,3918.4258941657,15033.20964171,1424.4285758832,33825.1894352801,4441.6726433627,178.9890548504,2.49462097352583,7452.056503165,3415.7597680002,1236.7083476254,10650.7842464685,93.5482865072188,2684.2121675137,2101.7181701955,281283.482490879,1039.0096354735,1791.1378589915,5135.1772740029,331.1609342355,1742.4927500077,1431.9124388038,4891.3280738407,2956.7495088714,39.9139355764134,2145.9976924755,849.4184414855,218.2793351835,6030.7462034987,995.9774236801,1211.1384826467,6127.4127662228,449.655430478,165.268639496,424.0855654993,2002.5569864978,2894.3839845333,10313.3867597991,14.967725841155,488.3220555676,1879.6969035517,4959.9301506127,669.1820761483,0,768.9669150893,3307.2437556518,77.3332501793009,1794.8797904518,1487.4177554647,18.0860020580623,7151.4546758551,3486.2328105023,646.1068321431,2079.8902366771,2829.5238392216,2316.8792291621,2242.6642551997,2150.3632791792,1631.4821166858,7698.4003243007,94.1719417506003,4.98924194705167,13687.3616264928,3625.9315850198,336.1501761826,33.6773831425988,471.4833639963,62.9891795815273,1077.0526053197,1464.966166703,5879.8216346003,456.5156381552,8842.8076959057,1352.7082228943,1800.4926876422,169.6342261997,1561.0090741837,3.74193146028875,6.23655243381459,251.9567183261,109.1396675917
"SKST024_6_G103012",228828.408144959,8375.457822168,122.7719202876,2329.1181640701,3.54832139559739,2086.4129806112,0,469.0880884979,217.8669336896,401.6699819816,178.1257340589,1306.4919378589,4327.5327740705,46.128178142766,8643.7109196752,294.5106758345,3126.7808138004,486.8296954759,93.675684843771,554.9574662714,928.2408770882,1292.2986522765,2.83865711647791,1406.5546012148,113.5462846591,1635.0664990912,2514.3405409203,102.9013204723,349.8644896059,14.1932855823895,2251.0550933669,662.1167724184,6.38697851207529,1.41932855823895,7861.6608840855,2.12899283735843,3555.4180383885,1801.8376046843,359.7997895135,1840.1594757568,542.8931735263,0,1233.3965171096,1863.5783969677,266.8337689489,97.9336705184878,1034.6905189561,864.3710919675,1062.3674258418,0,337.8001968608,11335.4675303754,1128.3662037999,174.5774126633,254.7694762038,7.09664279119477,6377.7528764467,1031.1421975606,6531.7500250156,651.4718082316,1571.9063782496,4.25798567471686,31.9348925603765,393.8636749113,66.7084422372308,1084.3670184945,1197.2036388745,3591.6109166236,994.9493193255,4290.6302315563,210.0606266193,422.9599103552,1005.5942835122,268.2530975071,0,83.7403849360983,97.2240062393684,4233.8570892267,5334.5463861411,5293.3858579521,79618.6548029723,112.1269561008,2386.6009706788,4534.0450792943,4.25798567471686,53.2248209339608,42122.1232871365,3753.4143722629,4883.9095689002,14022.9661554008,1769.9027121239,34346.3317808244,1644.2921347198,199.4156624325,2.83865711647791,5648.927661791,3120.3938352883,1376.7487014917,10891.9273559257,102.1916561932,2715.8851961902,3333.2931190241,285832.191365231,865.0807562466,1742.9354695174,5089.0025455657,298.7686615092,1992.7372957674,1284.4923452062,4583.7215788327,2587.4359616696,20.5802640944648,1991.3179672092,1258.9444311579,129.8685630788,5567.3162696922,1086.4960113319,672.7617366052,6008.7274513046,326.4455683949,21.9995926527038,302.3169829048,1813.9018974293,3207.68254162,9955.170507488,18.4512712571064,679.1487151173,1674.8076987219,4350.9516952815,315.090939929,0,606.053294368,5087.5832170075,202.9639838281,1603.84127081,2230.4748292725,9.93529990767268,8264.7501946254,3661.1580159773,461.9914457067,1818.8695473832,2634.9834683706,3252.3913912045,3404.9692112152,2175.1210155011,1780.5476763107,6748.9072944262,83.0307206569788,29.805899723018,13465.879696292,2675.4343322804,272.5110831818,51.8054923757218,437.8628602167,238.4471977841,610.3112800427,1506.6172645706,7366.3152172601,313.6716113708,10009.1049927011,1093.5926541231,1884.1586610622,112.1269561008,1426.4252010301,0,13.4836213032701,492.5070097089,82.3210563778593
"SKST024_7_G103022",174250.961156039,6162.288593019,101.7973144448,1181.3223234408,4.73475881138615,3075.2258479953,0,475.8432605443,357.4742902596,883.0325183235,127.8384879074,3087.0627450237,5766.9362322683,18.9390352455446,9758.3379102668,1186.0570822522,2798.2424575292,575.2731955834,333.8004962027,516.088710441,1879.6992481203,459.2716047044,4.73475881138615,6844.0938618586,82.8582791992576,2099.8655328497,2350.8077498532,71.0213821707922,324.3309785799,2.36737940569307,6268.8206662752,1316.2629495653,14.2042764341584,0,7765.0044506732,0,3108.369159675,878.2977595121,494.7822957898,946.9517622772,790.7047215014,7.10213821707922,1110.30094127,2504.6874112232,352.7395314482,750.4592716047,757.5614098217,1803.9431071381,669.9683718111,0,317.2288403628,9692.0512869074,1313.8955701596,362.209049071,300.657184523,9.4695176227723,6948.2585557091,1008.5036268252,13761.5764852938,776.5004450673,1917.5773186113,23.6737940569307,16.5716558398515,1335.2019848108,788.3373420957,390.6176019393,404.8218783735,3016.0413628529,246.207458192,4064.790439575,336.1678756084,989.5645915797,232.0031817579,643.9271983485,0,82.8582791992576,85.2256586049507,1406.2233669816,6867.7676559156,3972.4626427529,104919.887880911,376.4133255051,3356.9439972727,9902.7480540141,0,127.8384879074,51170.9058540557,2312.9296793621,1593.2463400314,24956.9136948163,1503.2859226151,29047.745307854,3693.1118728811,132.5732467188,11.8368970284654,8844.5294596693,2601.7499668566,1070.0554913732,9303.8010643737,350.3721520425,1766.065036647,1972.0270449423,284282.021173841,1441.734058067,1877.3318687146,2608.8521050737,1136.3421147326,3016.0413628529,1545.8987519175,4365.447624098,3908.5433987992,66.2866233594061,5501.7897388307,1337.5693642165,336.1678756084,4886.2710933505,963.523418117,1872.5971099032,2357.9098880703,402.4544989678,229.6358023522,549.2320221207,1969.6596655366,4730.0240525747,8316.6038521997,94.695176227723,359.8416696653,3203.0643359027,999.0341092024,1562.4704077574,0,875.9303801064,9594.988731274,331.433116797,691.2747864623,1938.8837332626,37.8780704910892,2256.1125736254,326.6983579856,293.5550463059,1373.0800553019,1860.7602128747,771.7656862559,2902.4071513797,395.3523607507,1202.628738092,8766.4059392814,343.2700138254,7.10213821707922,14800.856044393,4654.2679115925,492.4149163841,18.9390352455446,276.983390466,26.0411734626238,295.9224257116,163.3491789928,3508.4562792371,624.9881631029,12151.7584894225,2296.3580235222,4471.9796973542,156.2470407757,2663.3018314047,7.10213821707922,16.5716558398515,757.5614098217,80.4908997935645
"SKST024_8_G103031",185723.981646642,8464.3085518123,95.356690113194,1175.1309752184,2.804608532741,2476.4693344103,0,479.5880590987,614.2092686702,953.5669011319,103.7705157114,1584.6038209986,3354.3118051582,53.287562122079,8523.2053309998,451.5419737713,2546.5845477288,504.8295358933,129.011992506,602.9908345393,2437.2048149519,810.5318659621,2.804608532741,1567.7761698022,30.850693860151,1391.0858322395,2518.5384624014,201.9318143573,353.3806751253,16.827651196446,1665.9374684481,953.5669011319,16.827651196446,5.609217065482,8085.6863998923,0,3242.1274638485,1281.7060994626,905.8885560753,1379.8673981085,572.1401406791,0,1710.811204972,1578.9946039331,381.4267604527,215.954857021,1105.0157618999,1564.9715612694,1046.1189827123,0,182.2995546281,8929.8735682473,1015.2682888522,288.8746788723,187.9087716936,2.804608532741,5028.6630992046,1407.9134834359,7502.3278250821,619.8184857357,2709.2518426278,0,11.218434130964,370.2083263218,19.632259729187,1716.4204220374,992.8314205903,3387.9671075511,748.8304782418,3836.7044727896,235.5871167502,903.0839475426,560.9217065482,1082.578893638,0,109.3797327768,67.310604785784,2667.1827146366,8018.3757951065,4546.2704315731,137767.980345303,84.13825598223,4779.0529397906,2627.9181951783,11.218434130964,47.678345056597,42004.6219948619,2838.2638351338,2784.9762730118,12915.2222932723,2044.5596203681,30357.0827583885,1048.9235912451,187.9087716936,11.218434130964,9762.8423024714,2577.4352415889,1225.6139288078,9681.5086550219,92.552081580453,2613.8951525146,1329.3844445192,282785.873747742,1772.5125926923,2397.9402954935,3629.1634413668,302.897721536,1716.4204220374,2389.5264698953,3531.0021427209,4865.9958043056,0,1214.3954946768,675.9106563905,126.2073839733,5185.7211770381,1985.6628411806,1991.2720582461,4436.8906987962,221.5640740865,120.5981669078,406.6682372474,2490.492377074,3744.1523912092,8893.4136573217,14.023042663705,558.1170980154,3303.8288515688,3946.0842055665,288.8746788723,0,1590.2130380641,4215.3266247097,661.8876137268,1107.8203704326,2159.5485702105,11.218434130964,6136.4834696373,2608.2859354491,294.4838959378,1343.4074871829,2109.0656166212,1654.7190343171,3387.9671075511,1862.26006574,1761.2941585613,12208.4609430215,47.678345056597,22.436868261928,13055.4527199093,3323.461111298,232.7825082175,16.827651196446,297.2885044705,129.011992506,294.4838959378,1046.1189827123,6234.6447682832,785.2903891674,6203.794074423,1085.3835021707,1708.0065964392,100.9659071786,1789.3402438887,0,14.023042663705,459.9557993695,218.7594655537
"SKST025_1_G102983",168010.015001594,1369.4835165409,96.700171969495,1795.486976839,0,2582.1559434016,2.6135181613377,282.2599614244,211.6949710683,872.9150658867,101.9272082921,3617.1091352913,5642.5857103281,109.7677627761,12816.6930632,5025.7954242524,3818.3500337143,384.1871697166,219.5355255523,1100.2911459231,525.3171504288,148.9705351962,0,3021.2269945063,96.700171969495,757.9202667879,3593.5874718393,316.2356975218,1170.8561362792,120.2218354215,2482.8422532708,4861.1437800881,44.429808742741,2.6135181613377,2017.6360205527,5.22703632267541,3167.5840115412,893.8232111774,214.3084892296,692.5823127544,980.0693105016,0,669.0606493024,4019.5909321373,169.8786804869,211.6949710683,237.8301526817,3434.1628639977,135.9029443895,0,180.3327531323,1102.9046640845,371.1195789099,162.0381260029,3818.3500337143,2.6135181613377,3943.7989054585,831.0987753053,9382.5301992023,5.22703632267541,2344.3257907199,33.9757360973901,138.5164625508,1419.1403616063,99.3136901308327,125.4488717442,394.6412423619,1636.0623689974,365.8925425872,5075.4522693178,96.700171969495,1215.285945022,96.700171969495,130.6759080668,533.1577049128,104.5407264535,0,5454.4124027117,6303.8058051465,4725.2408356985,85409.7735125161,6058.1350979807,5436.1177755824,96.700171969495,13.0675908066885,198.6273802616,59572.5329695316,1570.7244149639,15482.4815877645,25142.0447120687,480.8873416861,27943.7361810227,778.8284120786,256.124779811,0,9019.2511747764,2728.5129604365,1210.0589086993,1340.7348167662,582.8145499783,1745.8301317735,5219.1957681913,335920.716313058,645.5389858504,1361.6429620569,2352.1663452039,1191.7642815699,802.3500755306,1453.1160977037,3039.5216216357,2114.3361925222,159.4246078415,1549.8162696732,1523.6810880598,1800.7140131616,1967.9791754872,857.2339569187,653.3795403344,773.6013757559,710.8769398838,70.564990356118,279.6464432631,2495.9098440775,384.1871697166,5302.8283493542,78.4055448401311,94.0866538081573,2169.2200739102,3708.5822709382,2211.0363644916,91.4731356468196,0,3355.7573191576,23.5216634520393,987.9098649856,4743.5354628279,18.2946271293639,1926.1628849058,1210.0589086993,384.1871697166,107.1542446148,235.2166345203,1163.0155817952,810.1906300146,1727.5355046442,457.365678234,5741.8994004589,595.8821407849,7.84055448401311,22157.406971821,7291.7156701321,951.3206107269,23.5216634520393,491.3414143314,1061.0883735031,1210.0589086993,261.3518161337,3157.1299388959,54.8838813880918,8959.1402570656,11055.1818224584,517.4765959448,216.922007391,507.0225232995,2.6135181613377,146.3570170349,222.1490437137,23.5216634520393
"SKST025_2_G102986",187766.400761995,1729.3725443505,133.9445172044,892.9634480295,0,1303.7266341231,2.97654482676509,916.7758066436,523.8718895106,910.8227169901,14.8827241338255,2422.9074889867,5756.6376949636,104.1790689367,9126.0864388617,726.2769377306,5080.962019288,369.0915585188,657.816406715,1913.9183236099,166.6865102988,142.8741516847,0,45609.5963805214,50.6012620550066,1922.8479580902,2363.3765924514,107.1556137635,952.4943445648,104.1790689367,4086.7960471484,869.1510894154,38.6950827479462,0,2327.6580545303,0,3628.4081438266,764.9720204786,154.7803309917,1077.5092272889,842.3621859745,0,544.707703298,2577.6878199785,35.7185379211811,122.0383378973,1122.1573996904,1050.720323848,586.3793308727,0,166.6865102988,4027.2651506131,1479.3427789022,17.8592689605905,467.3175378021,2.97654482676509,5848.9105845934,565.5435170853,1422.7884271937,5.95308965353018,1285.8673651625,0,339.3261102512,443.5051791879,0,327.4199309441,175.6161447791,3711.751398976,684.6053101559,4042.1478747469,92.2728896297178,354.208834385,410.7631860935,315.513751637,214.311227527,35.7185379211811,50.6012620550066,3967.7342540778,4432.0752470532,5896.5353018216,71085.8435528039,1925.824502917,3161.0906060245,95.2494344564829,20.8358137873556,62.5074413620669,42007.9771401357,1916.8948684367,3512.3228955828,14588.0461959757,258.9593999285,24806.5245862602,580.4262412191,86.3197999761876,2.97654482676509,4628.5272056197,3045.0053577806,2107.3937373496,3854.6255506607,127.9914275508,1125.1339445172,1151.922847958,306598.999880938,151.803786165,1726.3959995237,3241.4573163471,976.3067031789,1440.6476961543,1053.6968686748,3818.9070127396,1250.1488272413,80.3667103226575,4185.0220264317,1077.5092272889,416.7162757471,3693.8921300154,1047.7437790213,59.5308965353018,589.3558756994,288.7248481962,14.8827241338255,130.9679723776,1973.4492201452,77.3901654958924,11272.1752589594,23.8123586141207,229.1939516609,2086.5579235623,6286.4626741278,65811.4061197761,8.92963448029527,0,4771.4013573044,5.95308965353018,2821.7644957733,5935.2303845695,11.9061793070604,1934.7541373973,2848.5533992141,125.0148827241,636.9805929277,291.7013930229,547.6842481247,291.7013930229,1348.3748065245,940.5881652577,5220.8596261459,142.8741516847,2.97654482676509,14361.8287891415,3670.0797714013,190.4988689129,5.95308965353018,642.9336825812,258.9593999285,2062.7455649482,1404.9291582331,6590.0702464579,0,6354.9232051434,3512.3228955828,244.0766757947,29.7654482676509,122.0383378973,0,101.20252411,398.8570067865,17.8592689605905
"SKST025_3_G102942",221575.266098155,1767.1861586692,166.8806723032,1209.7026900581,1.45747312055197,1643.3009434223,1.45747312055197,787.035485098,175.6255110265,660.9640601703,26.9632527302115,2700.6976923828,7092.7929411661,186.5565594306,11129.9934850951,446.7155114491,4395.0101950244,475.8649738602,454.0028770519,1587.1882282811,112.9541668427,152.3059410976,0,233.1956992883,142.1036292538,2385.8834983435,2767.0127193679,53.926505460423,437.9706727258,44.4529301768352,4330.1526411599,837.3183077571,53.1977689001471,4.37241936165592,3487.0044409205,2.18620968082796,4175.6604903814,1296.4223407309,153.7634142182,1142.6589265127,818.3711571899,5.8298924822079,566.2283073344,2629.2815094757,26.9632527302115,93.2782797153264,1026.7898134288,1421.7650290984,549.467366448,0,236.8393820896,5426.172427815,1838.6023415763,18.9471505671757,327.9314521241,2.91494624110395,6762.6752793611,738.2101355595,1525.9743572179,5.8298924822079,2828.9553269913,5.8298924822079,209.8761293594,636.1870171209,10.9310484041398,47.3678764179392,190.200242232,4940.8338786711,1096.7485232153,4967.7971314014,118.0553227647,260.1589520185,446.7155114491,374.5705919818,237.5681186499,90.3633334742224,8.01610216303586,7719.5063830035,5004.9626959754,6990.7698227275,73434.0544424509,1125.8979856264,3162.7166715977,61.9426076234589,8.74483872331185,128.9863711688,48272.9672258019,1816.0115082077,2752.4379881624,16053.3376863197,311.1705112378,28412.7097486004,704.6882537868,222.9933874444,5.10115592193191,4958.3235561178,3936.6348986108,2776.4862946515,6340.7368109613,150.1197314168,1596.6618035646,1220.6337384622,335255.983291528,170.5243551045,1230.1073137458,3371.1353278367,1123.7117759455,1614.1514810113,618.6973396743,5141.236432747,1435.6110237436,38.6230376946273,6007.7042029152,693.7572053827,309.7130381172,4354.200947649,1041.3645446343,117.3265862044,968.4908886067,505.7431728315,85.9909141125665,94.7357528358783,1987.9933364328,104.2093281194,11491.446818992,21.1333602480036,292.2233606706,1407.1902978929,8833.7445836655,37.8943011343513,16.0322043260717,0,7984.7664909439,8.74483872331185,3356.5605966311,4686.5048191348,46.6391398576632,2384.426025223,3446.1951935451,424.8534146409,773.918227013,370.1981726202,993.9966682164,188.7427691114,1667.3492499114,881.0425013736,5073.4639326414,94.0070162756023,5.10115592193191,16169.2067994036,4909.4982065793,174.1680379059,18.2184140068997,808.168845346,334.4900811666,2525.8009179165,1571.156023955,7944.6859801288,3.64368280137994,6602.3532361004,1254.8843567952,278.3773660254,44.4529301768352,90.3633334742224,0.728736560275987,67.7725001056668,472.2212910588,14.5747312055197
"SKST025_4_G102939",222898.978637306,1691.4130059334,395.8103109815,920.6892016309,2.4584491365312,1852.4414243762,1.2292245682656,948.961366701,102.025639166,856.7695240811,6.146122841328,2194.165854354,7021.3307339331,222.489646856,10748.3396249144,361.39202307,4314.5782346122,524.8788906494,593.7154664722,1460.3187870995,138.902376214,285.1800998376,0,476.939132487,130.2978042361,1799.5847679408,2794.0274436677,35.6475124797024,243.3864645165,23.3552667970464,4444.8760388484,1159.1587678744,17.2091439557184,2.4584491365312,2849.3425492396,9.83379654612481,4447.3344879849,905.9385068117,175.7791132619,1118.5943571216,848.1649521032,11.0630211143904,592.486241904,2301.1083917932,18.438368523984,56.5443301402176,1164.0756661475,1214.4738734464,574.04787338,0,186.8421343763,4281.389171269,1837.690729557,188.0713589446,528.5665643542,3.6876737047968,6304.6928106342,794.0790710995,704.3456776161,35.6475124797024,2667.4173131363,2.4584491365312,255.6787101992,770.7238043025,12.292245682656,213.8850748782,145.0484990553,5032.4453824793,1055.9039041401,4838.2279006934,152.4238464649,503.9820729888,419.1655777785,310.9938157711,41.7936353210304,95.8795163247169,11.0630211143904,8260.3890987448,5209.4537203096,7435.5794134386,76295.5105031093,593.7154664722,2632.9990252249,19.6675930922496,8.60457197785921,120.46400769,47176.4097054655,2223.6672439924,897.3339348338,15026.0411224787,285.1800998376,27017.1267859096,621.9876315423,216.3435240147,7.37534740959361,4714.0762192985,3514.3530406713,3050.9353784352,5318.8547068852,97.1087408929825,1468.9233590773,673.6150634095,345936.982573283,197.9051554907,1945.8624915644,3387.7429101399,696.9703302065,1572.1782228117,1202.1816277637,5318.8547068852,1656.994718022,60.2320038450145,6545.6208260143,682.2196353874,523.6496660811,5302.8747874978,985.838103749,81.1288215055297,1167.7633398523,516.2743186715,89.7333934833889,151.1946218966,1971.676207498,143.819274487,10265.254369586,13.5214702509216,334.3490825682,1417.2959272102,7612.5877512688,312.2230403394,18.438368523984,0,4495.2742461473,13.5214702509216,3585.6480656307,4052.7534015716,7.37534740959361,2427.7185223245,4218.6987182875,259.366383904,829.7265835792,383.5180652988,652.718245749,191.7590326494,1350.9178005238,983.3796546124,5992.4697702948,57.7735547084832,1.2292245682656,15681.2178173642,3500.8315704204,61.4612284132801,1.2292245682656,923.1476507674,591.2570173357,1864.7336700589,1797.1263188043,8170.6557052614,0,5847.4212712394,1918.8195510626,233.5526679704,99.5671900295137,124.1516813948,1.2292245682656,49.168982730624,267.9709558819,14.7506948191872
"SKST025_5_G103006",172595.906131435,872.4062016956,29.2753758958265,1036.3483067122,0,2277.6242446953,0,286.898683779,52.6956766124877,322.029134854,64.4058269708183,5310.5531875029,6633.8001779942,93.6812028666448,14040.4702796383,2535.2475525785,2722.6099583118,163.9421050166,146.3768794791,374.7248114665,70.2609021499836,199.0725560916,0,2435.7112745327,117.1015035833,480.1161646915,2535.2475525785,286.898683779,439.1306384373,87.8261276874795,1908.7545084078,2593.7983043702,5.8550751791653,0,2968.5231158368,11.7101503583306,2675.7693568785,175.6522553749,105.3913532249,726.0293222164,1299.8266897746,0,585.5075179165,3278.8421003325,46.8406014333224,538.6669164832,158.0870298374,4016.5815729073,140.5218042999,0,1171.015035833,3671.1321373366,245.9131575249,199.0725560916,2646.4939809827,0,2517.682327041,790.4351491873,7892.6413415148,0,1832.6385310787,52.6956766124877,199.0725560916,3114.8999953159,122.9565787624,23.4203007166612,87.8261276874795,1797.5080800037,251.7682327041,4315.1904070448,134.6667291208,819.7105250831,35.1304510749918,64.4058269708183,158.0870298374,58.550751791653,0,3717.9727387699,5632.582322357,7008.5249894608,84506.3000608927,6206.3796899152,7096.3511171483,23.4203007166612,0,316.1740596749,71835.917373179,1007.0729308164,18162.4432057707,25592.5336081315,386.4349618249,27518.8533420769,398.1451121832,187.3624057332,0,7687.713710244,2968.5231158368,1288.1165394163,3407.6537542742,257.6233078832,1346.667291208,5152.4661576654,328897.138039252,228.3479319874,1229.5657876247,2107.8270644995,1030.493231533,649.9133448873,1018.7830811747,3296.40732587,3173.4507471075,52.6956766124877,1452.0586444329,1141.7396599372,930.9569534872,1692.1167267787,1001.2178556372,491.8263150498,1182.7251861913,761.1597732914,193.2174809124,398.1451121832,2189.7981170078,755.3046981123,4414.7266850906,152.2319546582,52.6956766124877,2125.392290037,1551.5949224788,1387.6528174621,52.6956766124877,0,7213.4526207316,5.8550751791653,772.8699236498,8033.1631458147,23.4203007166612,1416.928193358,954.3772542039,204.9276312707,298.6088341374,117.1015035833,673.333645604,720.1742470373,2746.0302590285,310.3189844957,4736.7558199447,825.5656002623,0,21540.8215841491,6475.7131481568,661.6234952456,5.8550751791653,638.203194529,40.9855262541571,614.7828938123,163.9421050166,3706.2625884116,5.8550751791653,11598.9039299264,9696.0044966977,298.6088341374,93.6812028666448,286.898683779,0,52.6956766124877,93.6812028666448,5.8550751791653
"SKST027_11_G102996",199048.697818341,998.1729095872,0,755.1395055138,0,742.119858867,0,425.3084571284,21.6994110779833,1288.9450180322,0,3159.4342529543,2395.6149830093,0,15328.4639854874,256.0530507202,11157.837176299,43.3988221559667,130.1964664679,2174.2809900139,117.1768198211,373.2298705413,0,112.8369376055,0,156.2357597614,1323.6640757569,0,182.275053055,8.67976443119334,650.9823323395,60.7583510183534,13.01964664679,134.5363486834,390.5893994037,0,4634.9942062572,52.07858658716,95.4774087431267,212.6542285642,65.09823323395,0,533.8055125183,47.7387043715634,0,30.3791755091767,950.4342052156,1432.1611311469,69.4381154495467,0,39.05893994037,169.2554064082,95.4774087431267,0,0,0,13453.6348683496,1097.9902005459,169.2554064082,0,1688.2141818671,17.3595288623867,321.1512839541,1627.4558308487,0,47.7387043715634,0,3484.9254191241,828.9175031789,4982.1847835049,82.4577620963367,108.4970553899,69.4381154495467,0,407.948928266,13.01964664679,0,2456.3733340277,8896.7585419731,2603.929329358,97907.7427838608,286.4322262293,4409.3203310462,56.4184688027567,151.8958775458,0,55355.1976599355,5576.7486470417,156.2357597614,594.5638635367,481.7269259312,11969.3951506156,17771.8176728683,130.1964664679,34.7190577247734,7225.9038889684,2109.1827567799,3806.0767030782,303.7917550917,52.07858658716,43.3988221559667,34.7190577247734,392794.059569223,216.9941107798,3198.4931928947,1032.891967312,1588.3968909083,338.5108128165,1367.0628979129,455.6876326376,867.9764431193,17.3595288623867,499.0864547936,108.4970553899,455.6876326376,2855.6424978626,1054.5913783899,299.4518728761,177.9351708394,13.01964664679,86.7976443119334,789.8585632385,2829.603204569,69.4381154495467,22155.0987106209,0,177.9351708394,2343.5363964222,16387.395246093,1783.6915906102,4.33988221559667,47.7387043715634,117.1768198211,8.67976443119334,177.9351708394,1970.3065258808,0,321.1512839541,56.4184688027567,633.6228034771,885.3359719817,0,1145.7289049175,30.3791755091767,230.0137574266,147.5559953302,8862.0394842483,321.1512839541,0,21083.1478033686,134.5363486834,56.4184688027567,1293.2849002478,0,1683.8742996515,0,277.7524617981,4982.1847835049,0,420.9685749128,39.05893994037,221.3339929954,0,34.7190577247734,0,86.7976443119334,69.4381154495467,0
"SKST027_4_G102958",161862.629540619,8090.069955761,7.65380317479756,880.1873651017,0,3513.095657232,0,260.2293079431,24109.4800006123,750.0727111301,84.1918349227731,2158.3724952929,6498.0788954031,1063.8786412968,7692.0721906715,1308.8003428903,2372.6789841872,681.1884825569,114.8070476219,45.9228190487853,229.6140952439,596.9966476342,0,9605.5229843709,15.3076063495951,2456.87081911,3337.0581842117,313.8059301666,1821.6051556018,137.7684571463,5449.5078604558,1270.5313270163,0,0,2816.5995683255,0,2793.6381588011,145.4222603211,298.4983238171,3283.4815619881,359.7287492154,0,551.0738285854,4293.7835810614,298.4983238171,4997.9334731428,673.5346793821,1423.6073905123,681.1884825569,0,1278.1851301911,9590.2153780213,1660.875288931,528.112419061,903.1487746261,0,5258.1627810859,176.0374730203,15162.1840892739,0,742.4189079553,0,22.9614095243927,1385.3383746383,405.6515682642,252.5755047683,3030.9060572198,3788.6325715247,528.112419061,3635.5565080288,160.7298666707,1523.1068317847,581.6890412846,38.2690158739878,206.6526857195,153.0760634959,84.1918349227731,4209.5917461386,4584.6281017037,3405.9424127849,57824.4829855955,1354.7231619391,1653.2214857562,3092.1364826182,0,76.5380317479756,49558.3755568141,3084.4826794434,321.4597333414,34732.9588072313,750.0727111301,33630.8111500604,1890.4893841749,1370.0307682887,0,5778.6213969721,1936.4122032237,1010.3020190732,9743.2914415172,512.8048127114,1400.6459809879,336.767339691,259196.044514519,1285.8389333659,811.3031365285,6207.2343747608,1102.1476571708,2311.4485587888,926.1101841505,4156.015123915,1339.4155555895,6597.5783366754,5143.3557334639,2648.2158984799,711.8036952561,1867.5279746506,1186.3394920936,11319.9748955255,1546.0682413091,489.843403187,4224.8993524882,214.3064888943,1745.0671238538,4990.279669968,8702.3742097448,53.5766222235829,122.4608507967,1125.1090666952,1813.951352427,4324.3987937606,22.9614095243927,290.8445206423,9689.7148192937,34732.9588072313,413.305371439,1645.5676825814,114.8070476219,4446.8596445573,1148.0704762196,972.0330031992,826.6107428781,252.5755047683,1852.220368301,5457.1616636306,420.9591746138,1117.4552635204,3803.9401778743,1591.9910603578,0,15055.0308448267,7799.2254351187,145.4222603211,22.9614095243927,45.9228190487853,0,229.6140952439,283.1907174675,2487.4860318092,76.5380317479756,17841.0152004531,3735.0559493012,2380.332787362,30.6152126991902,2035.9116444961,0,30.6152126991902,130.1146539715,7.65380317479756
"SKST032_1_G102943",412230.111947271,1053.2216691864,84.9372313860057,658.2635432415,0,2824.1629435846,0,2272.0709395756,0,157.1338780641,148.6401549255,815.3974213056,6400.0203849355,157.1338780641,6599.6228786926,322.7614792668,3253.095962084,186.8619090492,874.8534832758,891.840929553,25.4811694158017,530.8576961625,0,29.728030985102,12.7405847079009,6234.3927837328,1945.0625987395,237.8242478808,955.5438530925,42.4686156930029,1278.3053323593,819.6442828749,25.4811694158017,0,5283.0957922095,4.24686156930029,2272.0709395756,84.9372313860057,89.184092955306,1762.4475512596,178.3681859106,0,2293.3052474221,259.0585557273,195.3556321878,0,1180.6275162654,335.5020639747,2119.1839230808,0,169.874462772,3894.3720590483,3546.1294103657,989.5187456469,0,1006.5061919241,6845.940849712,38.2217541237026,2140.4182309273,373.7238180984,297.280309851,276.0460020045,63.7029235395043,556.3388655783,1371.7362868839,1006.5061919241,161.3807396334,4259.6021540081,1325.0208096216,2828.4098051539,25.4811694158017,38.2217541237026,564.8325887169,0,33.9748925544023,0,768.6819440433,6514.6856473066,1010.7530534934,7979.8528887152,18983.4712147722,123.1589855097,789.9162518898,16.9874462772011,0,12.7405847079009,27273.3449980464,7877.928211052,67.9497851088046,5571.8823789219,267.5522788659,71122.1907010719,3057.7403298962,263.3054172966,0,1575.5856422104,4140.6900300677,7555.1667317852,3809.4348276623,67.9497851088046,896.0877911223,25.4811694158017,202787.639934089,93.4309545246063,445.9204647765,5584.6229636298,297.280309851,9704.0786858511,152.8870164948,2170.1462619124,416.1924337914,0,8782.5097253129,530.8576961625,178.3681859106,8332.3423989671,586.0668965634,327.0083408361,3019.5185757725,1758.2006896903,12.7405847079009,178.3681859106,628.5355122564,3949.5812594492,12562.2165219902,46.7154772623032,828.1380060135,458.6610494844,6157.9492754854,12.7405847079009,0,0,4501.6732634583,67.9497851088046,492.6359420388,7856.6939032055,29.728030985102,5359.5393004569,339.748925544,700.7321589345,4709.769480354,704.9790205038,2369.7487556695,518.1171114546,3176.6524538366,471.4016341923,917.3220989688,0,0,8247.4051675811,811.1505597363,12.7405847079009,25.4811694158017,394.9581259449,106.1715392325,284.5397251431,581.8200349941,5571.8823789219,0,3686.2758421526,1027.7404997706,1358.995702176,671.0041279494,2110.6901999422,4.24686156930029,2059.7278611106,1966.296906586,148.6401549255
"SKST032_2_G102946",177507.816765774,3678.1584215973,95.0779503367118,1271.3280216451,0,2749.1110211643,0,339.5641083453,19.0155900673424,57.0467702020271,81.4953860028958,6484.3162129637,8225.6009605589,13.582564333816,13237.567199737,3648.2767800629,3422.8062121216,122.2430790043,187.4393878066,192.8724135401,195.5889264069,570.4677020202,0,904.5987846321,10.8660514670528,3300.5631331172,2382.3817841513,312.3989796777,4099.2179159456,793.2217570948,5976.328306879,741.6080126263,27.1651286676319,0,5394.9945533917,766.0566284272,2493.7588116886,24.4486158008687,111.3770275372,1295.776637446,3167.4540026458,5.43302573352639,994.2437092353,3572.2144197935,361.2962112795,480.822777417,239.0531322751,2352.5001426169,1113.7702753729,0,1841.7957236654,9439.882212002,1768.4498762628,605.7823692881,0,524.2869832852,3433.6722635886,149.4082076719,8850.3989199144,16.2990772005792,844.8355015633,190.1559006734,195.5889264069,6076.8392829492,8912.87871585,143.9751819384,138.5421562049,4235.0435592838,138.5421562049,3683.5914473308,27.1651286676319,369.4457498797,1024.1253507697,0,703.5768324916,27.1651286676319,160.274259139,2952.8494861715,4006.8564784757,6823.8803213091,79786.6994097017,369.4457498797,814.9538600289,423.776007215,2.71651286676319,127.6761047378,71631.7277836786,2716.5128667631,217.321029341,22995.2814171504,1955.8892640694,27904.0201673915,1950.4562383359,320.548518278,10.8660514670528,5663.9293272012,4425.1994599572,991.5271963685,4292.0903294858,160.274259139,1238.729867244,274.367799543,277160.374770115,513.4209318182,491.6888288841,3278.8310301831,1420.7362293171,3743.3547303996,548.7355990861,4175.280276215,2841.4724586343,165.7072848725,10276.5681749651,4737.598439635,3520.600675325,4004.1399656089,488.9723160173,464.5237002165,385.7448270803,771.4896541607,86.9284117364222,1458.7674094518,1249.595918711,3588.5134969941,6291.4437994235,225.4705679413,57.0467702020271,1312.0757146466,967.0785805676,179.2898492063,32.5981544011583,0,10988.2945460571,0,342.2806212121,6864.6280143105,81.4953860028958,3588.5134969941,225.4705679413,214.6045164742,1187.1161227755,1138.2188911737,4775.6296197696,1287.6270988457,304.2494410774,934.4804261665,2387.8148098848,176.5733363396,0,20338.531833456,7771.9433118094,546.0190862194,0,355.8631855459,27.1651286676319,62.4797959355534,100.5109760702,4580.0406933627,19.0155900673424,12629.068317582,18803.7020637348,4786.4956712367,57.0467702020271,2148.7616776096,0,67.9128216690798,168.4237977393,21.7321029341055
"SKST032_3_G102989",190253.335911816,1850.5571009922,5.95034437618077,2627.0770420838,0,4587.7155140353,0,473.0523779063,0,252.8896359876,193.3861922258,3046.5763206045,7155.2891123573,2.97517218809039,9428.3206640584,2210.5529357511,2609.2260089552,261.8151525519,380.8220400755,98.1806822069827,68.4289603260789,526.6054772919,0,523.6303051039,544.4565104205,3183.4342412567,2487.2439492435,294.5420466209,612.8854707466,14.8758609404519,7830.6531990538,1121.63991491,11.9006887523615,0,7521.2352914924,56.5282715737173,3082.2783868616,142.8082650283,95.2055100188924,2249.2301741963,1475.6854052928,0,464.1268613421,6899.4243041816,386.7723844517,297.517218809,639.6620204394,1288.2495574431,1276.3488686907,0,1892.2095116254,11094.417089389,2894.8425390119,59.5034437618077,5.95034437618077,464.1268613421,7015.4560195171,600.9847819942,15244.7822917751,104.1310265831,821.1475239129,26.7765496928135,29.7517218809039,2448.5667107983,2278.9818960772,196.3613644139,1103.7888817815,4611.51689154,479.0027222825,4186.0672686431,20.8262053166327,999.6578551983,595.034437618,0,53.553099385627,11.9006887523615,17.8510331285423,1901.1350281897,4129.5389970694,4947.7113487943,58087.2618002766,1005.6081995745,1309.0757627597,130.9075762759,0,38.677238445175,58378.8286747095,3216.1611353257,1172.2178421076,31792.6900019338,791.395802032,36106.6896746649,844.9489014176,351.0703181946,0,5322.5830444937,3683.2631688558,940.1544114365,8104.3690403582,145.7834372164,1243.6219746217,357.0206625708,291254.481353108,1246.5971468098,693.215119825,8970.1441470925,345.1199738184,3837.9721226365,743.7930470225,3763.5928179343,1698.8233193996,580.1585766776,9208.1579221397,3183.4342412567,1231.7212858694,7182.0656620501,529.58064948,913.3778617437,401.6482453922,246.9392916115,104.1310265831,470.0772057182,1725.5998690924,5420.7637267006,8958.2434583401,5.95034437618077,151.7337815926,782.4702854677,1904.1102003778,86.2799934546212,5.95034437618077,0,16473.5284054564,14.8758609404519,562.307543549,1737.5005578447,193.3861922258,2832.363923062,425.4496228969,214.2123975425,1445.9336834119,993.7075108221,1666.0964253306,2766.910134924,511.7296163515,1398.3309284024,2555.6729095696,312.3930797494,2.97517218809039,18038.468976392,11615.0722223048,336.1944572542,0,172.5599869092,65.4537881379885,145.7834372164,116.0317153355,6670.3360456986,136.8579206521,11638.8735998095,6482.9001978489,1939.8122666349,14.8758609404519,2900.7928833881,2.97517218809039,8.92551656427116,145.7834372164,23.8013775047231
"SKST032_4_G103008",159752.886098845,2470.4740118103,86.4499654200138,714.8747140501,0,2028.2491887003,0,49.874980050008,0,758.0996967601,229.42490823,5629.2227483109,6809.597276161,6.64999734000106,10992.4456030217,3441.3736234505,3308.3736766505,299.2498803,66.4999734000106,53.1999787200085,26.5999893600043,382.37484705,0,6669.947332021,9.9749960100016,1157.0995371601,3694.0735223705,129.67494813,7438.0220247911,482.12480715,7860.2968558812,2317.5240729903,13.2999946800021,0,4937.6230249507,408.97483641,1050.6995797201,152.94993882,16.6249933500027,2646.6989413204,2460.4990158003,0,525.34978986,9778.8210884715,169.57493217,229.42490823,259.34989626,2420.5990317603,189.52492419,0,2686.5989253604,17998.2178007128,398.9998404,182.87492685,103.07495877,73.1499707400117,5133.7979464808,262.67489493,20259.2168963132,23.2749906900037,1273.4744906102,9.9749960100016,23.2749906900037,6536.947385221,2011.6241953503,166.2499335,352.44985902,6427.222429111,99.749960100016,2453.8490184603,0,216.12491355,744.7997020801,19.9499920200032,23.2749906900037,106.39995744,172.89993084,635.0747459701,3607.6235569505,7009.0971963611,72794.1958823216,655.0247379901,881.1246475501,9.9749960100016,6.64999734000106,19.9499920200032,78453.3436186625,1994.9992020003,558.59977656,44395.3822418471,2487.0990051603,24172.7403309038,1253.5244985902,315.87487365,0,4854.4980582007,3660.8235356705,618.44975262,3534.4735862105,601.82475927,1785.5242857902,4006.6233973506,252972.54881098,79.7999680800128,209.47491621,9150.3963398414,196.17492153,1173.7245305101,595.17476193,2673.2989306804,2945.9488216204,36.5749853700059,4984.1730063307,4119.6733521306,1333.3244666702,1433.0744267702,156.27493749,172.89993084,651.6997393201,621.77475129,43.2249827100069,1486.2744054902,1283.4494866202,1861.9992552002,5815.4226738309,252.69989892,73.1499707400117,744.7997020801,771.3996914401,3281.7736872905,3.32499867000053,0,21073.8415704633,0,379.04984838,4086.4233654306,16.6249933500027,3205.2987178805,332.499867,199.4999202,645.0497419801,1772.2242911102,2078.1241687503,3142.1237431505,83.1249667500133,1389.8494440602,1765.5742937702,342.47486301,6.64999734000106,21931.6912273235,16026.4935894025,99.749960100016,3.32499867000053,1196.9995212001,26.5999893600043,448.87482045,109.72495611,5542.7727828908,189.52492419,17173.6181305527,15577.6187689524,2563.5739745704,9.9749960100016,1173.7245305101,0,0,69.8249720700112,16.6249933500027
"SKST032_5_G103024",180112.970265374,1509.8227290489,50.7503438335795,1022.6194282466,2.53751719167897,3484.0111041752,2.53751719167897,139.5634455423,2.53751719167897,378.0900615601,78.6630329420482,3001.8828377562,6041.8284333876,5.07503438335795,10155.1438010992,2501.9919509954,1750.8868622584,296.8895114264,324.8022005349,131.9508939673,53.2878610252585,454.2155773105,17.7626203417528,1862.5376186923,2.53751719167897,1058.1446689301,4785.7574235065,507.5034383357,11609.1411519313,669.9045386032,9053.8613399105,1286.5212161812,10.1500687667159,0,6320.9553244723,157.326065884,2712.6058779048,263.9017879346,101.5006876671,2583.1925011291,1370.2592835066,0,380.6275787518,4864.4204564485,210.6139269093,86.2755845170851,497.353369569,1185.020528514,170.0136518424,0,3308.9224179493,10228.7317996579,522.7285414858,10.1500687667159,109.1132392421,17.7626203417528,6107.8038803712,426.302888202,19234.3803129266,48.2128266419005,910.9686718127,2.53751719167897,53.2878610252585,3260.7095913074,654.6794354531,119.2633080089,1063.2197033134,5630.7506483356,494.8158523773,3593.1243434174,15.2251031500738,1078.4448064635,314.6521317681,27.9126891084687,7.61255157503692,45.6753094502215,73.5879985586902,1124.1201159137,4689.3317702227,4592.9061169389,65132.9912760158,1299.2088021396,898.2810858543,88.8131017087641,0,63.4379297919743,68617.0023801911,2626.3302933877,847.5307420207,28519.1557172799,1715.3616215749,28174.0533792116,730.8049512035,393.3151647102,0,5803.3018173698,3329.2225554828,641.9918494947,5214.5978289002,152.2510315007,1969.1133407428,6929.9594504752,280286.536441284,540.4911618276,332.4147521099,6645.7575250072,537.9536446359,1050.532117355,629.3042635363,3534.7614480088,2118.8268550519,515.1159899108,9038.6362367605,2281.2279553193,801.8554325705,2103.6017519018,261.3642707429,837.380673254,961.7190156463,469.4406804606,96.425653283801,657.2169526448,1662.0737605497,4932.9334206239,7417.1627512776,0,78.6630329420482,809.4679841455,2288.8405068944,621.6917119613,7.61255157503692,48.2128266419005,12875.3622305791,0,438.9904741604,1598.6358307577,38.0627578751846,3720.0002030013,345.1023380683,124.3383423922,690.2046761366,918.5812233877,1578.3356932243,1479.3725227488,71.0504813670113,1299.2088021396,2776.0438076967,177.6262034175,17.7626203417528,19422.1565851108,9863.3293240561,139.5634455423,0,540.4911618276,20.3001375334318,370.4775099851,30.4502063001477,4600.5186685139,385.7026131352,16747.6134650812,28539.4558548134,2809.0315311886,0,2590.8050527042,0,5.07503438335795,35.5252406835056,0
"SKST036_1_G103013",211248.218568598,2565.2612186728,62.5673467968994,1564.1836699224,0,1807.5011296882,0,236.3655323438,194.6539678125,451.875282422,166.846258125,4358.8584935173,8877.6113177378,0,11408.1128993013,2454.0303799228,2314.9918314852,250.2693871875,632.6253953908,104.2789113281,437.9714275782,486.6349195314,0,451.875282422,55.6154193750217,1348.6739198442,2440.126525079,604.8176857033,1682.3664360944,55.6154193750217,4657.791372658,2892.0018075011,27.8077096875109,0,6263.6866071118,139.0385484375,2002.1550975007,76.4712016406549,194.6539678125,1703.22221836,2593.0689283603,0,1306.962355313,5714.4843407834,111.23083875,361.5002259376,486.6349195314,2954.569154298,305.8848065626,0,966.317911641,7306.4757203934,305.8848065626,1334.7700650005,493.5868469533,27.8077096875109,6819.840800862,896.7986374222,12555.1809239111,0,910.7024922659,62.5673467968994,90.3750564844103,2481.8380896103,1105.3564600785,236.3655323438,2071.6743717195,4407.5219854704,597.8657582814,3371.6847996106,69.5192742187772,813.3755083596,806.4235809378,41.7115645312663,111.23083875,69.5192742187772,97.326983906288,3260.4539608606,3635.858041642,8168.5147207063,75741.2492613577,931.5582745316,1758.837637735,6.95192742187772,0,69.5192742187772,64743.3000799471,3955.6467030484,799.4716535159,20153.6375960234,507.490701797,29608.2588897771,2648.6843477354,528.3464840627,0,5985.6095102367,3691.473461017,1863.1165490632,8432.6879627376,180.7501129688,2968.4730091417,1126.2122423441,283680.350377142,493.5868469533,868.9909277347,3809.6562271889,597.8657582814,1717.1260732037,875.9428551565,3253.5020334387,2356.7033960165,83.4231290625326,6055.1287844554,1661.5106538287,1522.4721053912,2641.7324203135,1188.779589141,1300.0104278911,1348.6739198442,577.0099760158,1425.1451214849,375.4040807813,1334.7700650005,1209.6353714067,6548.7156314088,27.8077096875109,368.4521533595,1306.962355313,1529.424032813,159.8943307031,298.9328791407,208.5578226563,14995.3074489902,173.7981855469,723.0004518752,2537.4535089853,97.326983906288,3538.5310577357,305.8848065626,278.0770968751,709.0965970315,632.6253953908,3072.7519204699,2412.3188153915,653.4811776565,1383.4335569536,3802.7042997671,959.3659842191,62.5673467968994,18464.3192325072,10379.2276408634,333.6925162501,0,375.4040807813,20.8557822656331,41.7115645312663,229.4136049219,4435.3296951579,0,13194.7582467239,8064.2358093781,1293.0585004692,111.23083875,417.1156453126,0,583.9619034377,20.8557822656331,0
"SKST036_3_G103025",206293.732367234,2706.9014802202,320.6522414585,1556.0333577758,0,1036.527013087,4.97135258075341,119.312461938,2.4856762903767,430.0219982351,459.8501137196,5190.0920943065,6072.5071773902,49.7135258075341,10511.925032003,5080.7223375299,1464.0633350318,452.3930848485,1071.3264811523,96.9413753246915,243.5962764569,840.1585861473,0,4725.2706280061,19.8854103230136,686.0466561439,2336.5357129541,347.9946806527,999.2418687314,59.6562309690409,7138.8623059618,1593.3185021314,9.94270516150682,0,5475.9448676998,0,2361.3924758578,171.5116640359,77.0559650016778,1794.6582816519,1946.2845353649,44.7421732267807,730.7888293707,2018.3691477858,236.1392475857,186.4257217782,581.6482519481,1918.9420961708,99.4270516150682,0,1314.9227576092,6435.4159157852,395.2225301698,599.0479859807,39.7708206460273,9.94270516150682,6321.0748064279,397.7082064602,14764.9171648376,2.4856762903767,860.0439964703,7.45702887113011,44.7421732267807,2296.764892308,265.9673630703,96.9413753246915,2995.2399299039,2952.9834329675,397.7082064602,3939.796920247,39.7708206460273,1034.0413367967,959.4710480854,9.94270516150682,24.856762903767,22.3710866133903,728.3031530803,4916.6677023651,3092.1813052286,5068.2939560781,51821.3793017735,270.938715651,663.6755695305,1747.4304321348,7.45702887113011,442.450379687,61858.5401623146,4414.561091709,377.8227961372,23208.7595232472,2207.2805458545,36795.4661264463,7767.7384074272,653.732864369,12.4283814518835,4183.3931967039,2878.4131442562,1518.7482134201,11334.6838841177,67.113259840171,2038.2545581088,64.6275835497943,284237.083804576,944.5569903431,638.8188066268,5627.5711214128,305.7381837163,1439.2065721281,497.1352580753,4138.6510234772,1744.9447558444,546.8487838828,7245.746386448,1799.6296342327,872.4723779222,1799.6296342327,581.6482519481,1735.0020506829,2209.7662221448,974.3851058276,372.8514435565,738.2458582418,1327.3511390611,1048.9553945389,8128.1614695318,12.4283814518835,1031.5556605063,2473.2479089248,1523.7195660009,2398.6776202135,4.97135258075341,0,20467.0585749617,4.97135258075341,715.8747716284,2055.6542921415,111.8554330669,6132.1634083593,559.2771653347,467.3071425908,907.2718459874,3199.0653857148,3830.4271634705,2082.9967313356,676.1039509824,2353.9354469867,2704.4158039298,178.9686929071,22.3710866133903,19358.4469494537,5058.3512509165,101.9127279054,59.6562309690409,171.5116640359,208.7968083916,149.1405774226,494.6495817849,3897.5404233106,0,26171.6856613763,3974.5963883123,2348.9640944059,315.6808888778,571.7055467866,0,32.3137917748972,231.167895005,52.1992020979108
"SKST037_2_G103023",214133.072135911,1519.6568890089,27.1837066123928,1168.0224905711,0,1767.8178235672,47.3522631312649,640.1324460337,0,235.0075281329,119.2575515898,2504.4085833868,9661.6154663014,14.9071939487315,7628.098832942,1030.3501699858,1164.5149155244,162.2253459126,1550.348170668,196.4242026185,85.0586948839387,591.9032891408,0,754.1286350534,114.8730827814,3002.4842400268,1581.0394523272,199.0548839036,1594.1928587525,326.2044793487,3086.6660411491,1942.3196821435,12.2765126636613,0,4219.6127812527,7.01515009352072,3427.7777144465,90.3200574540793,76.2897572670378,1919.5204443396,491.0605065464,7.01515009352072,571.7347326219,1390.7535060404,91.1969512157694,1094.3634145892,1381.9845684235,1890.5829502038,998.781994565,0,2255.3707550669,4816.7774329636,2027.3783770274,213.0851840906,22.7992378039423,2.63068128507027,12178.3005623519,496.3218691165,15176.4003335703,38.5833255143639,668.1930464078,2.63068128507027,35.9526442292937,553.3199636264,358.6495485312,112.2424014963,1118.9164399165,6136.5025443072,1671.3595097813,4800.1164514915,21.9223440422522,1233.7895226979,1776.5867611841,23.6761315656324,34.1988567059135,43.8446880845045,86.8124824073189,3418.1318830679,2894.6263073389,4646.6600431957,50922.0976351052,165.7329209594,1252.2042916934,1027.7194887007,47.3522631312649,84.1818011222486,51296.5312713468,6355.7259847297,548.0586010563,20776.2438957233,917.2308747278,44771.5647906109,2302.7230181981,213.9620778523,3.50757504676036,4542.3096855546,3030.5448404009,1191.6986221368,9116.1875465301,272.7139598856,1672.236403543,439.3237746067,275976.881572867,3235.7379806364,536.6589821543,5633.1655250971,681.3464528331,3689.9689491918,604.1798018044,7299.2636723083,419.1552180878,1216.2516474641,2721.0013425243,11604.8120422066,2043.1624647379,8766.3069356158,694.4998592585,2312.3688495767,1609.1000527013,568.2271575751,292.0056226427,441.0775621301,1540.7023392894,566.4733700517,11546.0601601734,56.1212007481658,476.1533125977,1032.9808512709,3997.7586595451,512.105956827,2.63068128507027,17.5378752338018,13296.3401085068,15.7840877104216,1085.5944769723,1132.9467401035,179.7632211464,4240.6582315332,1089.102052019,138.549214347,1235.5433102213,2079.9920027288,5326.2527085056,1774.8329736607,427.9241557047,2121.2060095283,3105.0808101446,300.7745602597,5.26136257014054,14839.6731290813,7102.8394696897,135.9185330619,3.50757504676036,43.8446880845045,12.2765126636613,90.3200574540793,174.5018585763,7118.6235574001,2.63068128507027,17046.8147272553,19414.4278838185,3578.6034414572,28.0606003740829,236.7613156563,1.75378752338018,21.0454502805622,161.3484521509,3.50757504676036
"SKST041_1_G103005",242816.065455582,3172.1813776857,92.2145749327253,4746.5356660826,0,1913.0332726952,0,759.5127717186,0,580.1135077585,206.2253221222,565.0238500423,15213.7282352645,0,7261.4786187933,610.2928231911,1498.9059998155,373.8881856363,233.0513802845,189.4590357708,40.239087243371,670.6514540561,0,1673.2753778701,30.1793154325283,6802.0823727648,1493.8761139101,251.494295271,707.5372840292,57.0053735947756,1996.8647044522,1378.1887380854,1.67662863514046,0,3831.0964312959,0,2969.3093128337,211.2552080276,172.6927494194,796.3986016917,281.6736107035,112.3341185544,1108.2515278278,1317.8301072204,140.8368053517,181.0758925951,2067.2831071281,806.4583735025,2293.6279728721,0,595.2031654748,3557.805963768,3646.6672814304,33.5325727028092,8.3831431757023,399.0376151634,14615.1718125193,326.9425838523,9042.0582293124,21.796172256826,707.5372840292,145.8666912572,80.478174486742,506.3418478124,469.4560178393,1073.0423264898,2239.9758565476,6242.0884086279,1163.5802727874,3971.9332366477,77.1249172164611,378.9180715417,318.5594406766,23.4728008919664,5.02988590542138,65.3885167704779,36.8858299730901,16695.8679487286,3084.9966886584,7626.9836612539,38726.7682144743,179.39926396,917.1158634218,912.0859775164,1.67662863514046,712.5671699346,47046.1995020412,6832.2616881973,258.2008098116,11308.8601440224,749.4529999077,33755.5643112828,1135.07758599,1492.199485275,18.4429149865451,3856.245860823,4131.212956986,2538.4157536026,11518.4387234149,73.7716599461802,2670.8694157787,181.0758925951,271773.118613093,254.8475525413,479.5157896501,3209.0672076588,323.5893265821,8188.654254026,551.6108209612,3264.3959526184,635.4422527182,1453.6370266667,4411.2099390545,1664.8922346944,122.3938903652,9446.1257303813,888.6131766244,4054.0880397696,1456.990283937,422.5104160553,757.8361430834,447.6598455825,1289.327420423,2385.8425478048,12561.3017344723,55.3287449596352,417.4805301499,994.2407806382,7516.3261713346,652.2085390696,6.70651454056184,6.70651454056184,7150.821128874,3.35325727028092,350.4153847443,1877.8240713573,78.8015458516016,8626.2543277976,915.4392347866,214.6084652979,2426.0816350482,9300.2590391241,1988.4815612765,2561.8885544946,1383.2186239908,2260.0954001693,3269.4258385238,137.4835480815,5.02988590542138,12596.5109358102,4920.9050441372,62.035259500197,0,243.1111520953,8.3831431757023,174.3693780546,425.8636733256,9412.5931576785,0,7234.652560631,13496.8605128806,8725.1754172709,231.3747516493,1854.3512704653,0,46.9456017839329,523.1081341638,1.67662863514046
"SKST041_2_G103027",197628.791367853,612.3209860297,45.6170362085225,804.4388885233,0.87725069631774,2577.3625457815,0,1835.2084566967,0,139.4828607145,35.9672785490273,887.7777046735,11963.9449963813,0,7960.1728183871,1235.1689804153,951.8170055047,92.1113231133627,121.9378467881,1023.7515626028,43.862534815887,364.0590389718,0,1822.9269469482,4.3862534815887,15699.2784613022,1167.6206767989,143.8691141961,812.3341447902,8.7725069631774,2135.2281948373,961.4667631642,1.75450139263548,0,5568.787420225,0,3525.6705485009,38.5990306379806,70.1800557054192,623.7252450819,159.6596267298,1.75450139263548,962.3440138605,1631.6862951509,33.3355264600741,212.2946685088,1650.9858104699,1243.0642366822,4798.561308858,0,1361.4930806851,17275.6979625852,7704.0156150623,94.743075202316,41.2307827269338,77.1980612759611,7304.8665482378,445.6433537294,9145.3385091124,10.5270083558129,481.6106322784,16.6677632300371,2.63175208895322,732.5043314253,136.8511086255,96.4975765949514,1692.2165931969,4120.4465206044,1622.9137881878,4546.7903590148,5.26350417790644,1207.0969581332,172.8183871745,0.87725069631774,0,24.5630194968967,0,3450.2269886176,2778.2529552382,4183.6085707393,47530.3199771914,220.1899247757,1095.6861197008,1384.3015987893,0,615.829988815,52195.5391802092,5459.1310831852,188.6088997083,13434.2171634098,682.5010417352,37297.190604645,914.9724762594,278.965721429,0,4501.1733228063,3011.6016404588,711.4503147136,5907.4061890036,286.8609776959,3244.9503256793,321.9510055486,267847.44610391,2350.1546154352,392.131061254,3614.272868829,329.8462618154,13419.3039015724,662.3242757198,4729.2585038489,415.8168300546,20596.0918481479,6363.5765510888,1839.5947101783,263.1752088953,23351.5362852819,1015.8563063359,21411.057745027,3851.1305568348,862.3374344803,9141.8295063271,816.7203982718,1450.0954010132,1738.7108801017,11507.7746342961,13.1587604447661,100.0065793802,838.6516656797,4545.9131083185,528.1049191832,9.64975765949514,0,5670.5485009978,12.2815097484484,440.3798495515,944.7989999342,171.9411364782,2915.9813145601,629.8659999561,53.5122924753822,2846.678509551,1705.3753536416,499.1556462047,578.1082088733,861.460183784,3310.7441279031,3301.0943702436,361.4272868829,6.14075487422418,14499.1995087396,7105.7306401736,19.2995153189903,0.87725069631774,55.2667938680176,7.89525626685966,7.01800557054192,138.6056100182,3968.6821501414,0,15600.1491326183,3404.6099524091,6010.9217711691,10.5270083558129,1161.4799219246,0.87725069631774,0.87725069631774,74.5663091870079,0
"SKST041_3_G103028",196959.927093274,628.5721382056,21.0160897272398,1133.9135684651,0,1812.1601005715,0,1445.3338071506,0,225.4453261649,15.284428892538,1387.0619219978,17361.2006683116,0,8293.7132278134,1285.8025805847,992.5326012091,105.0804486361,174.8156554584,840.6435890895,33.434688202427,278.9408272888,0,3545.032226263,1.91055361156726,10226.2382059137,1421.451887006,77.3774212684739,697.352068222,15.284428892538,4412.4235659145,1230.3965258493,3.82110722313451,1.91055361156726,5588.3693138342,0,3071.2149305943,41.076902648696,79.2879748800411,603.7349412552,301.8674706276,14.3291520867544,951.4556985604,4314.0300549188,53.4955011238832,138.5151368386,1248.5467851592,1844.6395119681,3323.4080073212,1.91055361156726,2352.846772645,13269.7501091403,5727.8397274786,192.0106379625,28.6583041735088,128.007091975,7278.2539832654,351.5418645283,13091.1133464588,1.91055361156726,583.6741283337,18.1502593098889,6.68693764048539,806.2536240813,277.985550483,130.8729223923,2414.939765021,4760.1443232198,1199.8276680642,4327.4039301998,11.4633216694035,1027.8778430231,905.6024118828,1.91055361156726,0,47.7638402891814,11.4633216694035,3926.1876717707,3148.5923518628,4200.3521150306,47576.6060352478,190.1000843509,998.2642620438,1826.4892526582,0,532.0891808214,56955.5137144314,3856.4524649485,472.8620188628,15760.1567418182,638.1249062634,35626.0931948946,1258.099553217,280.8513809003,0,5038.1298737028,2501.8699543473,1011.6381373248,9670.2671049476,127.0518151692,3544.0769494572,637.1696294576,268277.072305857,1829.3550830756,308.5544082681,3337.7371594079,457.5775899703,10336.0950385788,743.2053548996,3839.2574824444,732.697310036,13735.9251903627,9540.349459361,1640.2102755304,376.3790614787,17563.7193511377,1003.9959228785,14564.1501809771,2926.968132921,555.0158241602,6458.6264839031,839.6883122838,1504.5609691092,940.9476536968,10087.7230690751,12.4185984751872,78.3326980742575,1214.1568201509,3788.6278117378,1377.5091539399,24.8371969503743,0,8024.3251685824,4.77638402891814,320.9730067432,889.3627061845,27.7030273677252,3821.1072231345,457.5775899703,40.1216258429124,2011.8129529803,1873.2978161416,2092.0562046661,530.1786272099,570.3002530528,2765.5263527436,3355.8874187178,156.6653961485,3.82110722313451,15085.731316935,11164.3200291932,50.6296707065323,0,41.076902648696,3.82110722313451,27.7030273677252,95.5276805783628,3788.6278117378,13.3738752809708,19416.0010775522,4039.8656116589,5705.8683609456,21.0160897272398,450.8906523298,0.955276805783628,2.86583041735088,114.633216694,0.955276805783628
"p8582_mo1",188290.253525714,3047.363475063,141.6392152339,4007.4568382056,0,3356.9342149455,3.39255605350739,779.4397532933,0,530.0868833605,330.7742152169,1025.4000671726,5334.7943941403,1.6962780267537,7153.2044388203,1420.6328474062,1936.3013675393,374.0293048991,547.8978026414,497.0094618388,1015.222399012,524.1499102668,6.78511210701479,1105.12513443,53.4327578427415,12392.1591244491,3107.5813450127,670.0298205677,2624.1421073879,212.8828923575,3599.5019727713,1362.9593944965,5.93697309363794,5.08883408026109,4603.6985646095,0.848139013376848,3568.9689682897,625.0784528587,463.0839013037,1057.6293496809,408.8030044476,0,625.0784528587,1249.308766704,301.9374887621,140.7910762205,805.732062708,1183.1539236607,3507.0548203132,0,677.6630716881,2547.809596184,6789.3528020816,646.2819281931,220.5161434779,388.4476681265,8579.7742593201,709.044215183,4861.532824676,70.3955381102784,1379.0740357507,11.025807173899,279.8858744143,757.3881389455,893.9385200991,220.5161434779,1738.6849774225,5171.1035645586,504.6427129592,4172.843945814,184.8943049161,1192.4834528078,776.8953362531,506.3389909859,22.0516143477981,161.1464125416,27.988587441436,8316.00302616,5913.2252012633,4871.7104928366,90110.5294762232,876.9757398316,3196.6359414173,709.044215183,8.48139013376849,207.7940582773,40787.853292306,3182.2175781899,2011.7857397298,11907.8717478109,1255.2457397977,32679.6443244233,853.2278474571,478.3504035445,1.6962780267537,7617.9846181508,2022.8115469037,2138.158452723,8666.2844386846,101.7766816052,1697.9743047804,701.4109640626,272463.809908299,1641.9971298975,1145.8358070721,3785.2444167008,703.9553811027,9818.0572188503,1398.5812330584,4213.5546184561,2713.1967037925,663.2447084606,6350.0167931524,1509.6874438107,314.6595739628,10110.6651784654,1162.7985873396,1115.3028025905,4441.7040130545,917.6864124737,541.1126905344,323.1409640965,2624.9902464013,4702.0826901612,9970.7222412582,475.8059865044,635.2561210192,1519.8651119713,3526.5620176209,342.6481614042,2.54441704013055,741.2734976913,11355.7332501026,8.48139013376849,925.3196635941,1418.9365693794,74.6362331771627,6361.0426003263,1868.4502464691,1197.5722868881,3037.1858069024,1144.1395290453,3453.6220624705,903.2680492463,895.6347981259,1216.2313451824,8339.7509185345,691.2332959021,6.78511210701479,13973.9383843969,3411.2151118016,127.2208520065,240.0233407856,524.9980492802,0,2298.4567262512,750.6030268385,8002.1915912105,61.9141479765099,13158.8767925418,14348.8158283095,9771.4095731146,83.1176233109312,2445.1847755654,0.848139013376848,11.8739461872759,150.968744381,53.4327578427415
"p8582_mo10",195764.048129174,2983.6123975774,61.779655489044,3014.659026478,0,1641.0808993612,1.56801156063563,550.9992624073,1.88161387276276,481.6931514272,270.9523976778,1965.3456901007,8398.2699187644,2.19521618488989,7858.5603395936,2170.7552045439,1747.7056854844,384.4764346678,462.2498080753,355.31141964,588.0043352383,365.9738982523,6.27204624254254,1425.949713242,17.248127166992,7696.4279442239,3299.0963235773,495.4916531608,2092.6682288243,196.6286497037,5183.5326171492,1235.906712093,10.0352739880681,4.39043236977978,3696.1168507303,112.2696277415,3162.9929201142,684.5938473735,313.2887098149,1776.5570982001,849.8622658645,7.84005780317817,1127.0867097848,1040.2188693256,163.0732023061,505.5269271489,1240.6107467749,1843.9815953075,3300.0371305137,0.627204624254254,1796.6276461763,4380.7106981038,5170.9885246641,607.4476785902,231.4385063498,275.6564323597,8314.5381014265,789.9642242482,5790.6666934273,119.4824809204,1316.5025063096,4.07683005765265,189.7293988369,958.3686658604,450.6465225266,128.5769479721,1874.4010195838,3921.2833108375,306.7030612603,3833.7882657541,102.2343537534,1240.6107467749,519.9526335067,291.3365479661,72.7557364134934,144.5706658906,25.7153895944244,5348.8010356402,5535.708013668,4605.5635558989,72682.6670747678,1133.3587560274,2557.1132530845,1207.9961063136,24.1473780337888,440.9248508507,52631.2488396714,2863.5027120327,2061.6215999237,15210.3393427899,1264.4445224965,35559.0525697827,993.1785225066,467.5810473815,7.84005780317817,7527.3962979874,3082.7107282096,1939.9439028184,5753.3480182842,145.1978705148,1842.0999814347,1479.5757086157,283310.210389519,769.893676272,1161.5829641188,6073.535978966,452.5281363994,8414.2636366829,1173.4998519797,3943.2354726864,2332.8875999136,619.0509641389,7354.9150263175,1309.6032554428,598.3532115385,9562.9889060046,744.8054913019,1225.8714381049,3158.9160900565,725.36214795,345.9033502762,588.6315398626,2276.4391837308,1777.4979051365,9116.1056112234,376.6363768646,532.8103283039,1308.6624485065,2302.7817779494,442.8064647235,3.13602312127127,451.587329463,10833.3918724315,24.774582658043,868.36480228,1809.7989432856,77.7733734075275,6696.9773754747,1355.7027953255,1093.2176600751,2696.352679669,1186.3575467769,2826.8112415139,1075.0287259717,762.367220781,822.2652623973,5818.2636968945,686.1618589341,10.6624786123223,18011.1215923972,3709.2881478396,208.2319352524,26.3425942186787,422.4223144352,9.72167167594093,1151.2340878186,648.2159791667,6152.2501593099,5.01763699403403,13770.5911278142,18841.5405149099,4874.3207373919,20.0705479761361,1058.407803429,3.4496254333984,18.8161387276276,142.3754497057,44.2179260099249
"p8582_mo11",188173.441301133,2732.7775061365,88.9754247139235,2506.6430420944,0,2480.6348410241,2.19016430065042,515.236151728,0,568.6214065563,228.3246283428,1917.4888452194,6053.6141269977,3.28524645097564,7614.9275028239,1725.5756983749,1562.682228514,446.7935173326,613.2460041821,458.8394209862,1011.3083658253,404.9066250827,9.58196881534561,1439.4854866024,25.7344305326425,7318.7077811609,2981.6349247979,794.4821000609,2415.4774530798,187.8065887807,5854.8567167137,1322.0379259801,7.39180451469518,1.09508215032521,3357.7956434346,11.2245920408334,3037.7578850021,467.8738487264,418.5951519618,2109.1282215263,509.7607409763,6.84426343953258,1037.0427963579,1754.5953753585,198.757410284,280.6148010208,1109.3182182794,1998.5249243435,3100.1775675706,0,893.3132641277,4542.1269890113,4998.5024751594,832.8099753223,235.1688917823,268.021356292,9494.3622433195,728.7771710414,7446.0110811362,130.3147758887,1403.6215461793,7.39180451469518,312.6459539178,1093.1657565621,528.3771375319,219.2902006026,2011.3921396098,4170.3465989759,298.4098859636,3762.4284979798,181.7836369539,1215.5411868609,463.4935201251,473.0754889404,32.5786939721751,179.5934726533,29.2934475211994,5739.0517793168,5927.6796797103,4416.7400827991,90222.1757420687,594.6296076265,3377.7808926781,1516.4150076628,15.6049206421343,192.7344584572,48555.9425454199,2970.9578738323,1350.5100618885,17070.9618708821,1208.4231528838,33406.3023072833,967.2313092747,524.5443500057,3.55901698855694,8093.2046319784,2395.2184332988,1970.3265589726,5938.356730676,101.8426399802,1629.7560102214,644.7296160039,271937.096291121,1044.160830335,1482.4674610027,6362.9748344646,504.2853302247,7929.7636210424,1494.2395941187,4101.3564235055,3197.0923378744,978.7296718531,7821.0767176226,1443.3182741286,603.6640353667,8761.752284752,1149.0149462287,1732.1461912769,2835.9889988047,999.8100032469,467.3263076512,467.3263076512,2277.7708726764,2890.7431063209,8897.8162419299,570.5378003194,533.0312366707,1509.0232031481,1919.67900952,337.2853023001,5.47541075162606,752.3214372734,11151.7690778367,49.2786967646345,821.5853832814,1663.4297863439,75.5606683724396,6323.0043359777,1421.1428605845,1080.0247707582,2536.4840306907,1158.0493739689,2894.0283527719,1640.1592906495,752.0476667358,955.1854056211,7380.5799226543,802.6952161883,7.39180451469518,16023.515794096,4649.1712692056,177.6770788902,16.4262322548782,404.6328545451,9.58196881534561,1186.7952804149,556.5755029027,5603.2615926765,7.39180451469518,14877.7860943183,18079.5325313316,5083.9188828847,26.0082010702238,1677.6658542982,6.29672236436997,23.5442662319921,149.4787135193,68.7164049329071
"p8582_mo12",170285.399984999,2330.4142546197,112.1265636162,2086.4632175626,0,3105.4512450215,1.51522383265262,640.939681212,0.757611916326309,700.7910226018,250.0119323876,1606.8948745281,5082.8183466332,9.09134299591571,7037.457090755,1569.7718906281,1300.8196603322,563.6632657467,851.5557939507,363.6537198366,1594.0154719505,328.0459597692,10.6065668285683,661.3952029528,20.4555217408104,9383.0235837013,3196.3646749807,643.9701288773,1961.4572513688,148.4919355999,4530.5192596313,1129.5993672425,9.09134299591571,0,4212.3222547742,28.0316409040735,3450.16466695,473.5074477039,602.3014734794,2195.5593335136,444.7181948835,0,508.3575958549,1365.21667322,184.0996956672,481.0835668672,772.0065427365,1627.3503962689,4049.4356927641,0,725.0346039242,5790.4278764819,5925.282797588,412.1408824815,317.4393929407,558.3599823324,9214.8337382769,910.6495234242,7218.526338757,192.4334267468,1559.1653237995,7.57611916326309,405.3223752345,992.4716103874,624.2722190528,346.9862576774,1752.3563624627,4671.435076068,337.1373027652,3902.4589809968,228.7987987305,1236.4226474445,471.9922238712,706.0943060161,15.1522383265262,231.8292463958,21.970745573463,4006.2518135335,6900.3293339,4061.5574834253,108602.91059346,873.5265395242,4091.8619600783,1281.1217505077,6.81850724693679,284.1044686223,45471.867217905,3199.395122646,1893.2721788994,17574.3236230214,2047.0673979136,34783.4783023735,726.5498277569,472.7498357876,3.03044766530524,8287.5167526935,2056.1587409096,1661.4429325035,7108.6726108897,79.5492512142625,2066.7653077381,765.1880354895,266969.559910814,1715.990990479,1421.2799550281,6518.4929280715,515.1761031018,9227.7131408544,1795.5402416933,4422.1807555966,4035.7986782702,1172.0256345568,7991.2904934099,1879.6351644055,391.6853607407,10354.2820604316,1543.2554735566,1759.1748697096,3128.1796025113,1678.1103946627,656.0919195385,240.1629774754,2879.6828939563,3622.142571956,9566.3656674523,1004.5934010486,700.0334106855,1790.9945701953,1827.359942179,136.3701449387,3.78805958163155,1175.0560822221,7487.4785690529,37.8805958163155,638.666845463,1598.5611434485,85.610146544873,6245.752638194,1669.7766635831,797.0077359752,3201.6679583949,719.7313205099,2024.3390404238,807.6143028038,817.463257716,831.1002722099,9411.0552246054,934.8931047466,12.8794025775473,13984.000751551,4257.7789697538,254.5576038856,40.1534315652944,406.0799871509,0,1005.351012965,618.9689356385,6632.8923274368,18.1826859918314,12071.030662827,15809.8454698974,6157.1120439839,15.9098502428525,2133.4351563748,3.78805958163155,10.6065668285683,103.7928325367,40.1534315652944
"p8582_mo2",187645.379374512,3127.0634491866,85.3517618104328,4094.0707725553,0,4336.0570862596,0.937931448466294,894.7866018368,0,572.1381835644,310.4553094423,1056.110810973,5538.4852031934,2.81379434539888,7011.0375772855,1594.4834623927,1800.8283810552,348.9104988294,462.4002040938,442.703643676,998.8969926166,443.6415751245,9.37931448466294,994.2073353742,75.9724473257699,11514.9843928206,3061.4082477939,1029.8487304159,4068.7466234467,276.6897772975,3378.4290773755,1348.7454228945,15.0069031754607,0,4424.2226424155,0,3408.4428837265,579.6416351521,377.0484422834,969.8211177141,417.3794945675,0,634.9795906116,1356.2488744822,272.0001200552,580.5795666006,860.0831382435,1343.1178342037,4034.0431598535,0,603.0899213638,3034.2082357884,6912.5547751965,496.1657362386,253.2414910858,337.6553214478,10797.4668347439,662.1796026172,4208.4984092682,70.3448586349721,1399.3937211117,8.44138303619665,348.9104988294,628.4140704724,1242.7591692178,167.8897292754,1686.4007443423,4694.3468995738,533.6829941773,3971.2017528062,192.2759469355,1216.4970886607,608.7175100546,512.1105708625,19.6965604177922,120.0552254036,22.5103547631911,8779.9762890929,6148.1406446965,5029.1884266762,85393.9687256137,1577.6006963203,3012.6358124737,759.7244732576,7.50345158773036,528.9933369349,44683.9921363827,3480.6636052584,3764.8568341437,10862.1841046881,1278.4005642595,34833.8360645897,761.6003361546,451.1450267122,2.81379434539888,6939.7547872021,2306.3734317786,2118.7871420853,7054.182423915,84.4138303619665,1681.7110871,1463.1730596074,271088.450687316,1498.8144546491,1378.7592292454,3570.7050243111,613.4071672969,10535.7839606218,1473.4903055405,4539.5882105768,2514.5942133381,826.3176060988,6943.5065129959,1245.5729635632,305.7656522,10634.2667627108,1062.6763311123,1334.6764511675,3886.7879224443,825.3796746503,647.1726994417,334.8415271024,2443.3114232546,5216.7747163695,9878.294015247,504.6071192748,553.3795545951,1369.3799147607,3067.0358364847,327.3380755147,2.81379434539888,685.6278888288,11423.067110871,13.1310402785281,797.2417311963,1567.2834503871,79.724173119635,6226.9268863677,1731.4214538687,1487.5592772675,3197.4083078215,1015.7797586889,3296.829041359,938.8693799147,872.2762470736,926.6762710846,7531.5895311843,548.6898973527,13.1310402785281,14086.7924245152,3777.9878744222,92.8552133981632,72.2207215319047,447.3933009184,0,1763.3111231166,632.1657962662,9165.4661144126,44.0827780779158,9908.3078215979,14595.151269584,7808.2793084819,61.9034755987754,2848.4978089921,1.87586289693259,7.50345158773036,114.4276367128,43.1448466294495
"p8582_mo3",191305.984436959,2795.030384057,109.2484786338,2339.6481117319,0,3537.0547042827,2.16333621057049,793.9443892793,2.16333621057049,682.5325744349,221.7419615834,1236.346644341,6453.2319161317,1.08166810528525,7227.706279516,1527.3153646627,2086.5377750952,387.2371816921,301.7854013745,786.3727125423,1228.774967604,466.1989533779,5.40834052642623,553.814069906,70.308426843541,8353.7227771179,2541.9200474203,930.2345705453,996.2163249677,90.8601208439607,6111.4247948616,1016.7680189681,3.24500431585574,2.16333621057049,4378.5924901946,2.16333621057049,3362.9061393318,466.1989533779,475.9339663255,1235.2649762357,318.0104229538,6.49000863171148,843.7011221224,1318.5534203427,208.76194432,489.9956516942,1332.6151057114,1295.8383901317,3488.3796395449,0,798.2710617005,3521.9113508087,5493.7923067437,479.1789706413,343.9704574807,313.6837505327,8135.2258198503,830.721104859,6075.7297473872,91.941788949246,1528.397032768,5.40834052642623,453.2189361145,483.5056430625,1306.6550711845,283.3970435847,1931.8592360394,4623.0494819891,666.3075528557,3829.1050927097,180.6385735826,1190.916583919,465.1172852726,708.4926089618,56.2467414748328,179.5569054773,21.6333621057049,8036.7940222693,6641.4421664514,4510.5559990394,99252.7836728689,303.9487375851,3714.4482735495,711.7376132776,12.980017263423,252.0286685314,42506.3115333943,2931.320565323,1339.1051143431,14949.7348831473,1482.966972346,32934.6304697251,723.6359624358,368.8488239022,9.73501294756722,7890.7688280558,2813.4187418469,2301.789728047,6492.171967922,83.288444106964,1544.6220543473,862.0894799123,272003.833431765,1734.9956408775,1782.58903751,5027.5933533658,593.8357898016,9330.4690761905,1560.8470759266,3544.6263810197,3243.9226477504,1093.5664544433,7990.2822937421,1378.0451661334,316.9287548485,10570.0607248474,1498.11032582,1270.9600237101,3855.0651272366,1087.0764458116,660.8992123292,262.8453495843,2573.2884224736,4474.860951565,10196.885228524,638.1841821182,526.7723672739,1544.6220543473,3380.2128290163,246.620328005,7.57167673699673,820.9860919115,6573.2970758184,17.3066896845639,739.8609840151,1826.9374298267,43.2667242114099,6014.0746653859,1579.2354337164,1131.4248381283,2873.9921557429,1145.486523497,3127.1024923796,933.4795748611,1166.0382174974,1010.2780103364,8745.2866312312,628.4491691707,6.49000863171148,13797.7583510186,3085.9991043788,115.7384872655,46.5117285272656,465.1172852726,5.40834052642623,2783.1320348989,613.3058156967,6838.3057616133,21.6333621057049,11539.235347183,11306.6767045466,6038.9530318075,143.8618580029,2094.1094518322,7.57167673699673,15.1433534739935,193.618590846,48.6750647378361
"p8582_mo4",190296.894591882,1662.9097884835,121.4585022737,3106.1225802072,0,2516.6916132904,0,421.5324490678,0,425.1047579582,230.4139234311,1457.5020272852,7623.3071721245,7.14461778081027,8023.4057678499,2856.0609578789,1057.4034315599,334.0108812528,680.5248436221,787.6941103343,526.9155613347,298.2877923488,0,498.3370902115,19.6476988972282,5542.4372434635,2213.0453576059,453.6832290814,1182.4342427241,107.1692667121,7155.3347074814,928.8003115053,23.2200077876334,3.57230889040514,4293.9152862669,17.8615444520257,3988.4828761373,716.2479325262,301.8601012392,1786.1544452025,587.6448124716,0,966.3095548545,1003.8187982038,285.7847112324,137.5338922805,1904.0406385859,1562.8851395522,2359.5100221125,0,2045.1468397569,3274.0210980563,4050.9982817194,167.898517849,210.7662245339,21.4338533424308,6789.1730462149,877.0018325944,7744.7656743983,103.5969578217,1125.2773004776,5.3584633356077,228.6277689859,1400.3450850388,369.7339701569,146.4646645066,582.286349136,5138.7663388477,378.6647423829,4226.0414173492,107.1692667121,1528.9482050933,539.4186424511,344.727807924,16.0753900068231,133.9615833901,16.0753900068231,3995.6274939181,6024.6989436682,3538.3719559462,77642.3475785104,437.6078390746,2629.2193433381,1307.4650538882,0,50.0123244656719,51835.9881542237,3200.788765803,894.8633770464,14948.3265519002,634.0848280469,38525.5652285741,644.8017547181,798.4110370055,0,7555.4333032068,4052.7844361646,2907.8594367897,9214.7707828,89.3077222601284,1009.1772615394,721.6063958618,305498.497844112,1028.8249604366,1175.2896249432,6210.4590059693,941.3033926217,7132.1146996938,960.9510915189,3116.8395068784,2491.6854510575,544.7771057867,8536.032093623,1328.8989072307,567.9971135744,6782.0284284341,732.323322533,735.8956314234,1303.8927449978,1044.9003504435,503.6955535471,258.9923945543,2352.3654043317,3583.0258170763,9189.7646205672,385.8093601637,514.4124802183,1430.7097106072,3257.9457080494,155.3954367326,5.3584633356077,517.9847891087,8577.1136458627,12.503081116418,509.0540168827,1793.2990629833,50.0123244656719,4354.6445374038,471.5447735334,723.392550307,1895.1098663599,559.0663413484,1598.6082284562,612.6509747044,576.9278858004,1691.4882596068,6631.9914550371,664.4494536153,21.4338533424308,17259.6104039924,3691.9812382337,158.967745623,10.7169266712154,78.590795588913,0,1643.2620895863,141.106201171,4563.6246074925,69.6600233629001,13221.1152033894,12429.8487841646,6858.8330695778,126.8169656093,1784.3682907573,0,23.2200077876334,92.8800311505335,108.9554211573
"p8582_mo5",186853.405306415,2987.9043870596,77.5359803870892,2432.2298609521,0,3239.8963233176,0.923047385560585,733.8226715206,0,729.2074345928,310.1439215483,1129.8099999261,5359.2131205647,7.38437908448468,7423.1470746782,1747.3287008661,1856.2482923623,419.0635130445,370.1420016097,414.4482761167,1168.5779901197,428.2939869001,2.76914215668176,707.0542973394,58.1519852903169,8265.889337695,2986.0582922884,840.8961682456,2331.617695926,191.070808811,4145.4058085525,1389.1863152686,8.30742647004527,3.69218954224234,4125.0987660702,13.8457107834088,3346.0467726571,374.7572385375,455.0623610813,1793.4810701442,470.7541666358,5.53828431336351,965.5075652963,1266.4210129891,189.2247140399,354.4501960552,860.2801633424,1526.7203757172,3742.0341010626,0,908.2786273916,4651.2357758397,5937.9638313112,569.5202368908,323.9896323317,576.9046159753,9895.0679732094,781.8211355698,5997.9619113726,71.0746486881651,1588.5645505497,11.076568626727,419.98656043,556.597573493,1080.8884884914,280.6064052104,1617.1790195021,3674.6516419166,470.7541666358,3853.7228347154,214.14699345,1317.1886191949,454.1393136958,623.9800326389,17.5379003256511,168.9176715575,35.9988480368628,5666.5878999564,6539.7907266967,4936.457417978,98078.3999527399,695.0546813271,3468.8120749366,681.2089705437,15.6918055545299,454.1393136958,43684.1405690402,3220.5123282208,2503.3045096403,15428.7370496451,1712.2529002148,30632.2505372135,1023.6595505866,462.4467401658,2.76914215668176,8040.6657756182,2160.8539295973,1787.9427858308,6096.7279816276,101.5352124116,1820.2494443254,1226.72997541,269311.997400698,1351.3413724606,1295.958529327,5481.0553754587,441.2166502979,9871.0687411848,1556.2578920551,4476.7798199688,3310.0479246202,1372.5714623285,7262.5368295906,1312.5733822671,312.913063705,10651.0437819835,1331.0343299783,1739.9443217817,3645.1141255787,1037.50526137,781.8211355698,276.9142156681,2645.4538070166,3574.9625242761,10400.8979404966,716.284771195,631.3644117234,1517.4899018616,2269.7735210934,183.6864297265,3.69218954224234,968.276707453,10426.7432672923,18.4609477112117,724.592197665,1609.7946404176,79.3820751582103,7267.1520665184,1557.1809394407,924.8934803317,2950.9824916371,1553.4887498984,2806.0640521041,831.66569439,1222.1147384822,807.6664623655,8308.3495174308,870.4336845836,6.4613316989241,14109.7023356791,3359.8924834405,172.6098610998,31.3836111090599,565.8280473486,11.9996160122876,2593.7631534252,795.6668463532,7553.2967560422,7.38437908448468,10964.8798930741,16263.1718861919,5058.299672872,55.3828431336351,1933.7842727494,11.9996160122876,19.3839950967723,127.3805392073,18.4609477112117
"p8582_mo6",195879.944352039,3283.5807795103,120.2487481403,2523.4682547693,0,2111.8137812087,0.877728088615428,874.2171762609,0.877728088615428,631.9642238031,344.0694107372,978.6668188062,5948.3632565467,3.51091235446171,7207.0253356212,1249.0070700997,2177.6433878548,446.7635971052,307.2048310153,607.3878373218,1208.6315780234,543.3136868529,7.02182470892342,498.5495543335,122.0042043175,10813.610051742,2871.9263059496,571.4009856886,1707.181132357,139.5587660898,3814.6062731226,1548.3123483176,24.576386481232,1.75545617723086,4207.8284568223,5.26636853169257,3306.4017098143,491.5277296246,469.5845274092,1685.2379301416,514.3486599286,15.7991055950777,794.3439201969,1328.8803261637,137.8033099126,262.440698496,1049.762793984,1392.076748544,3712.7898148432,0,860.1735268431,4007.706452618,6448.6682670575,434.4754038646,268.5847951163,617.0428462966,9853.3755227967,835.5971403618,4962.6746130316,93.9169054818508,1550.0678044948,1.75545617723086,459.0517903458,419.5540263581,1274.4611846696,238.7420401033,1356.0898969108,3732.0998327927,589.8332755495,3945.3877583263,203.6329165587,1280.6052812899,559.112792448,659.1737945501,30.72048310154,184.3228986092,7.89955279753885,6640.0129903757,6220.4589640175,4849.4476896002,96762.499945142,402.8771926744,3592.5410667029,545.9468711187,1.75545617723086,168.5237930141,41073.2859067589,3345.899473802,1274.4611846696,13143.1003989274,1658.9060874831,30293.9072504728,829.4530437415,422.187210624,4.38864044307714,7871.4654987031,2720.9570747078,1975.7659274733,6327.5417908286,86.8950807729274,1677.338377344,667.9510754363,270447.334120363,1314.8366767459,1687.8711144074,5158.4079767928,710.0820236898,10267.6631806232,1560.6005415582,4709.8889235103,3091.3583281035,1262.1729914289,6467.1005569184,1335.024422784,266.829338939,10971.6011076928,1246.3738858339,1880.9712939028,4259.6144140506,901.426747008,788.1998235766,234.3533996603,2785.9089532653,2598.0751423016,10923.3260628189,698.6715585378,579.3005384861,1612.3864987865,2811.3630678352,172.9124334572,5.26636853169257,910.2040278941,8306.8186306564,11.4104651520006,710.9597517784,1773.8884670917,61.44096620308,8299.7968059474,1973.1327432074,1136.6578747569,3144.899741509,2110.9360531201,3386.2749658783,1130.5137781366,1274.4611846696,945.3131514388,8407.7573608471,831.2084999188,1.75545617723086,13330.0564818025,3202.8297953576,122.0042043175,48.2750448738485,595.9773721698,4.38864044307714,2282.9707584887,861.9289830203,8114.5961792496,0,10214.1217672177,13531.933942184,5469.1237201627,18.432289860924,1353.4567126449,7.02182470892342,15.7991055950777,238.7420401033,46.5195886966177
"p8582_mo7",199867.460026508,2743.6244512751,78.7249842550032,3219.4993561001,0,2733.0494533901,0,713.224857355,0,452.374909525,280.824943835,1004.624799075,6417.8487164302,2.34999953000009,7370.7735258452,1409.999718,1747.224650555,427.69991446,366.59992668,410.074917985,716.74985665,434.74991305,0,1129.174774165,61.0999877800024,8484.6733030653,3293.5243412951,780.19984396,3181.8993636201,259.674948065,4067.8491864301,1617.974676405,27.0249945950011,0,4305.1991389601,29.3749941250012,3272.3743455251,479.39990412,394.79992104,1856.4996287,781.374843725,0,902.39981952,1507.524698495,169.19996616,536.974892605,934.124813175,1728.424654315,3553.1992893601,0,1797.74964045,5067.7739864452,5958.4238083152,441.79991164,179.774964045,469.999906,10168.4479663104,621.574875685,6220.4487559102,81.0749837850032,1344.19973116,5.87499882500024,210.324957935,554.59988908,647.424870515,146.874970625,1892.924621415,4242.9241514151,498.19990036,3845.7742308451,131.59997368,1167.94976641,620.39987592,378.34992433,14.0999971800006,136.29997274,16.4499967100007,6171.0987657802,5145.3239709352,4972.5990054801,76763.909647218,871.84982563,2616.7244766551,912.974817405,5.87499882500024,567.524886495,46661.5906676818,3373.4243253151,2757.7244484551,16659.1466681706,1373.574725285,33668.4432663113,726.14985477,394.79992104,2.34999953000009,6836.1486327702,2503.9244992151,1945.79961084,6368.4987263002,124.54997509,1875.29962494,1185.574762885,271666.995666601,862.44982751,1267.824746435,5708.1488583702,527.574894485,9539.8230920353,1279.574744085,3770.5742458851,2127.924574415,1008.14979837,6328.5487342902,1509.874698025,354.84992903,10112.0479775904,835.424832915,1640.29967194,4009.0991981801,864.79982704,498.19990036,327.824934435,2122.04957559,2730.6994538601,10210.7479578504,460.59990788,672.09986558,1373.574725285,2798.8494402301,357.19992856,8.22499835500033,580.44988391,10574.9978850004,23.4999953000009,843.64983127,1448.774710245,70.4999859000028,7192.1735615652,1548.64969027,1064.54978709,3130.1993739601,1010.4997979,3090.2493819501,716.74985665,915.324816935,818.974836205,6391.9987216002,1009.324798135,7.04999859000028,15934.1718131656,4093.6991812601,122.19997556,98.6999802600039,595.724880855,0,1595.64968087,918.84981623,7686.8484626303,4.69999906000019,12286.9725426054,19286.4461427107,5191.1489617702,36.4249927150015,1507.524698495,10.5749978850004,4.69999906000019,91.6499816700037,24.674995065001
"p8582_mo8",197327.593983018,4850.7771020612,100.9264416553,2361.0479444753,0,1462.1718234821,0.630790260346064,695.1308669013,0,550.0491070217,239.7002989315,1609.1459541428,8048.8837220157,6.30790260346064,8509.9914023287,1574.4524898237,2125.7631773662,482.5545491647,338.7343698058,914.0150872414,792.903357255,543.1104141579,5.04632208276851,1793.9675004242,47.3092695259548,7349.9681135523,3246.0466797408,537.4333018148,2313.7386749493,153.282033264,4031.3805538716,1271.6731648576,5.67711234311458,0.630790260346064,3610.0126599605,49.8324305673391,3592.3505326708,599.8815375891,392.9823321955,1335.3829811526,798.5804695981,9.46185390519096,1238.2412810593,1194.7167530954,184.190756021,471.8311147388,1215.5328316868,1322.1363856853,3568.3805027776,0,825.0736605326,5917.4434323064,5094.2621425548,960.693566507,252.3161041384,650.9755486771,9302.8947595837,761.994634498,4418.6857737241,201.8528833107,1400.3543779682,12.6158052069213,414.4292010473,798.5804695981,395.5054932369,181.6675949796,2073.4075857575,3391.1284396204,433.983699118,4278.6503359273,150.7588722227,1180.2085771074,680.6226909134,428.9373770353,39.108996141456,191.7602391452,24.6008201534965,8070.9613811278,5704.8671145698,5232.4052095706,79465.0646276161,804.2575819412,3057.4403918973,1259.0573596507,18.9237078103819,418.8447328697,47597.5406749329,3198.1066199545,1966.1732414986,13662.9170390957,1981.3122077469,30161.236298447,1722.0574107447,437.7684406801,3.15395130173032,7458.4640383318,2673.2891233466,1986.9893200901,6826.4121974651,152.6512430037,2019.1596233677,1081.1745062331,281222.067818784,879.3216229224,1497.4960780615,3803.6652698867,633.3134213874,8833.5868058862,1440.7249546304,4008.6721044992,2631.0261759034,1064.7739594641,6694.5770330527,1718.903459443,552.5722680631,11810.2860444593,975.8325327553,2174.9648176732,3873.6829887851,899.5069112534,586.6349421218,492.6471933302,2438.0043562375,1745.3966503775,11286.7301283721,614.389713577,612.497342796,1370.0764454716,3068.1638263232,611.2357622753,5.67711234311458,620.6976161805,8029.9600142053,3.78474156207638,1034.4960269675,1734.0424256913,44.7861084845706,6620.7745725922,1994.5588032142,1561.8366846168,2808.2782390606,1473.5260481684,3126.196530275,1224.3638953317,1255.2726180886,1204.1786070006,6987.2637138533,392.3515419352,17.0313370293437,16026.4881446124,2703.5670558432,261.1471677832,44.1553182242245,576.5422979563,3.15395130173032,1629.9620327342,905.8148138569,7212.4558367968,11.9850149465752,11449.4740155414,10782.0979200952,5071.5536931823,21.4468688517662,999.1717723881,10.7234344258831,17.6621272896898,201.2220930503,95.2493293122557
"p8582_mo9",197970.193521303,2690.5976288938,111.7674800249,2900.5024084528,0,1910.9513048171,0,482.508389376,0,588.8237972047,209.904779559,1150.3872334277,7065.8855664566,2.72603609817001,7177.6530464816,1744.6631028288,1600.1831896257,406.1793786273,463.4261366889,419.8095591181,1044.0718255991,553.3853279285,21.8082887853601,875.0575875125,29.9863970798701,7793.737204668,3148.5716933863,370.7409093511,3173.1060182698,332.5764039767,5689.2373368808,1218.5381358819,8.17810829451004,0,3952.7523423465,13.6301804908501,3249.4350290186,436.1657757072,468.8782088852,2325.308791739,618.8101942845,0,785.0983962729,1207.6339914893,196.2745990682,370.7409093511,1106.770655857,1461.1553486191,2965.9272748089,0,741.4818187022,4236.2600965561,4819.6318215645,381.6450537438,242.6172127371,447.0699200998,8818.7267775799,806.9066850583,5266.7017416644,147.2059493011,1436.6210237355,8.17810829451004,376.1929815474,850.523262629,509.7687503577,286.2337903078,1695.5944530617,3870.9712594014,398.0012703328,3974.5606311318,160.836129792,1422.9908432447,815.0847933528,550.6592918303,32.7124331780401,166.2882019883,0,6010.9095964648,6997.7346640024,5176.7425504248,90338.110257256,455.2480283943,2965.9272748089,853.2492987272,0,384.3710898419,46440.7509684243,3737.395490591,1390.2784100667,13245.809401008,1442.0730959319,30114.5207764841,1153.1132695259,498.8646059651,10.90414439268,8104.5053198594,3006.8178162815,2011.8146404494,6299.8694228708,84.5071190432704,1883.6909438354,697.8652411315,281918.475164448,1049.5238977954,1687.4163447672,5795.5527447094,591.5498333028,8030.9023452088,1744.6631028288,4342.5755043848,3014.995924576,1267.606785649,5768.2923837277,1731.0329223379,427.9876674126,9047.7138098262,1177.6475944094,2731.4881703663,3243.9829568223,1104.0446197588,553.3853279285,460.7001005907,2614.268618145,2300.7744668554,10318.0466315734,692.4131689351,447.0699200998,1602.9092257239,2810.5432172132,283.5077542096,0,817.810829451,7038.6252054749,10.90414439268,894.1398401997,1237.6203885691,65.4248663560803,6152.6634735697,1414.8127349502,1030.4416451082,2431.6241995676,954.1126343595,3532.9427832283,1022.2635368137,711.4954216223,1286.6890383362,8268.0674857496,610.63208599,5.45207219634002,15380.2956658752,3671.970624235,144.479913203,32.7124331780401,482.508389376,0,1204.9079553911,847.7972265308,6294.4173506745,0,12032.7233373224,12220.8198280961,5828.2651778874,13.6301804908501,1360.2920129868,0,5.45207219634002,111.7674800249,40.8905414725502
"p8585_mo1",215802.262078219,2553.9051772031,418.8723152234,3278.4410738058,0,550.1105881613,1.67716642732104,894.3489973689,7.12795731611442,846.1304625834,114.0473170578,2771.9368127548,6013.0609335527,52.8307424606128,9394.2284510319,1057.4534324259,3413.8722628119,127.8839400832,233.1261333976,3082.2126018092,90.5669870753362,597.0712481262,1.25787482049078,88.4705290411849,326.6281617207,1108.1877168523,2049.4973741863,40.251994255705,310.2757890543,54.9272004947641,514.4708015807,48.6378263923102,56.6043669220851,0,6826.0673591966,205.0335957399,4332.9594649839,1786.6015367037,106.5000681348,90.147695468506,258.2836298074,2.0964580341513,496.441262487,55.7657837084246,113.2087338441,140.0433966813,1684.7136762439,1759.3475822597,310.6950806612,1.67716642732104,170.6516839799,863.7407100703,1059.54989046,440.6754787786,603.7799138355,0.83858321366052,12702.0199373159,843.6147129424,1309.028396524,782.817429952,2977.3897001016,17.6102474868709,143.3977295359,610.9078711516,304.4057065587,231.0296753634,3696.8940974224,3047.4113984423,1087.2231365108,5340.0979045901,164.3623098774,509.8585939055,408.8093166595,40.251994255705,131.6575645447,74.2146144089561,1727.9007117475,9149.3621526431,4673.8435413369,4397.9496640426,74028.4489355234,146.7520623905,3337.5611903688,145.0748959632,56.1850753152549,315.7265799431,48051.6567259614,5480.5605928783,87.2126542206941,18938.5632973091,1363.9555970188,29739.9343808635,2816.3817230788,454.0928101971,2.51574964098156,6143.0413316701,2887.66129624,3071.3110200316,4410.1091206406,58.2815333494062,1531.6722397509,62.893741024539,334875.208335517,1547.6053208104,1918.2591012484,2563.1295925533,773.5930146018,3483.8939611526,967.3057369574,4884.3279279657,761.4335580037,17.1909558800407,57.4429501357457,547.1755469134,137.9469386471,7333.829495068,1059.1305988532,2052.0131238272,599.1677061604,254.0907137391,77.9882388704284,477.5731401796,2615.9603350139,737.9532280212,9405.5493244164,438.1597291376,1333.3473097202,2397.9286994622,8384.1549701778,1.25787482049078,421.3880648644,25.9960796234761,7700.7096510445,68.3445319133324,360.590781874,6431.5139571693,0.41929160683026,4734.2215327204,408.3900250526,1955.5760542563,1062.9042233147,4046.164005912,1327.0579356177,2963.5530770762,2118.2611977064,1561.4419438358,6426.9017494942,30.1889956917787,0.41929160683026,17699.1373075189,314.0494135158,82.181154938731,79.6654052977495,124.1103156217,213.4194278766,1676.3278441073,89.3091122548454,5966.5195651946,0.41929160683026,4019.7486346817,735.8567699871,1687.2294258849,161.8465602364,493.925512846,5.87008249562364,65.8287822723509,437.7404375307,89.3091122548454
"p8585_mo2",246580.985671342,7980.0793725247,150.9138445097,1943.5255921329,0,169.2682310042,8.15750510863757,1023.766891134,14.2756339401158,503.7259404583,95.8506850264915,2585.9291194381,7759.8267345914,12.2362576629564,9360.7371121616,2021.0218906649,4345.9108466266,230.449519319,130.5200817382,244.7251532591,750.4904699946,479.2534251324,0,75.4569222548976,150.9138445097,5957.0181055825,2379.952115445,20.3937627715939,305.9064415739,16.3150102172751,1029.8850199654,165.1894784499,91.7719324721727,0,6793.1623792179,16.3150102172751,3473.0578000024,3165.1119821513,197.8194988844,726.0179546687,1233.8226476814,4.07875255431879,558.7890999416,336.4970857312,20.3937627715939,138.6775868468,905.4830670587,838.1836499125,936.0737112161,14.2756339401158,83.6144273635351,3505.6878204369,3946.1930963034,34.6693967117097,181.5044886671,2.03937627715939,8738.727347628,827.9867685267,2653.2285365843,1188.9563695839,1209.3501323555,20.3937627715939,59.1419120376224,389.5208689374,191.7013700529,199.8588751616,4566.1634845598,3697.3891904899,789.2386192606,4403.0133823871,144.7957156783,931.9949586618,456.8202860837,448.662780975,522.0803269528,81.5750510863758,195.7801226073,14037.0269156881,4413.2102637729,5663.3479216716,54698.1111296921,161.1107258955,1617.2253877873,4784.3767462159,4.07875255431879,152.9532207869,48259.8002226998,4721.1560816239,681.1516765712,9846.1086661255,679.112300294,29446.5540659044,1902.7380665897,550.631594833,6.11812883147818,7072.5569291887,3628.0503970665,2928.5443340008,8375.7183702936,63.2206645919412,1888.4624326495,140.7169631239,312312.122460467,332.4183331769,1529.5322078695,2689.9373095732,397.678374046,6419.9565204977,854.4986601297,3956.3899776892,1494.8628111578,26.5118916030721,1174.6807356438,858.5774126841,189.6619937758,9281.2014373524,450.7021572522,581.2222389904,2806.1817573713,1042.1212776284,59.1419120376224,132.5594580153,1668.2097947163,120.3232003524,9654.4072960725,416.0327605405,876.9317991785,1319.4764513221,2732.7642113935,10.196881385797,295.7095601881,20.3937627715939,2559.417227835,142.7563394011,2335.0858373475,3063.1431682934,18.3543864944345,5020.9443943664,3216.0963890803,1401.0515024085,2188.250745392,3511.8059492684,1290.9251834418,2516.5903260146,1796.6905001774,715.8210732829,4884.3061837967,493.5290590725,0,17838.4242963132,1144.0900914864,277.3551736936,91.7719324721727,312.0245704053,91.7719324721727,2806.1817573713,509.8440692898,6528.0434631872,4.07875255431879,6607.5791379964,281.4339262479,2861.2449168546,59.1419120376224,42.8269018203473,18.3543864944345,124.4019529067,379.3239875516,28.5512678802315
"p8585_mo3",239013.285432266,6958.4007683141,168.9579739271,1304.9780354633,0,104.4871680865,35.5700997741299,973.7314813168,0,517.9895779607,62.2476746047273,1927.4547815106,7291.8704536966,26.6775748305974,8083.305173671,2589.9478898038,2307.6102228466,133.3878741529,322.354029203,484.6426094225,451.2956408842,435.733722233,0,26.6775748305974,31.1238373023636,8112.2058797374,3170.1851423693,42.2394934817792,1044.871680865,73.3633307841428,1369.4488413039,142.2803990965,20.008181122948,0,6724.9719885464,8.89252494353247,3012.3428246216,2738.8976826079,137.8341366247,773.6496700873,602.4685649243,0,582.4603838013,295.6764543724,40.0163622458961,17.7850498870649,1204.9371298486,1093.7805680544,1042.6485496291,0,82.2558557276753,3245.7716043893,4984.2602308499,0,62.2476746047273,2.22313123588312,12487.3281519554,686.9475518878,1698.4722642147,851.4592633432,1009.3015810909,26.6775748305974,55.5782808970779,364.5935226848,313.4615042595,655.8237145855,3739.3067387554,4455.1549967097,718.0713891902,4737.4926636669,137.8341366247,835.897344692,709.1788642467,306.7921105518,311.2383730236,75.586462020026,206.7512049371,14712.6825190744,3843.7939068419,6151.4041296885,50096.0392693901,64.4708058406104,1460.5972219752,329.0234229107,0,17.7850498870649,51885.659914276,5648.976470379,715.8482579543,6547.1214896757,480.1963469507,31937.5033346968,2103.0821491454,477.9732157148,15.5619186511818,6291.4613975492,4661.9062016468,2456.5600156508,10330.8908531488,140.0572678606,1751.8274138758,157.8423177477,314890.977644192,329.0234229107,924.8225941273,3014.5659558575,373.4860476283,8854.7317125224,486.8657406584,3826.0088569548,1182.7058174898,13.3387874152987,1822.9676134241,842.5667383997,86.7021181994416,11166.7881978408,933.7151190709,786.9884575026,3525.8861401106,1482.828534334,122.2722179735,255.6600921265,1647.3402457893,40.0163622458961,10611.0053888701,193.4124175218,853.6823945791,2185.3380048731,2589.9478898038,6.66939370764935,42.2394934817792,8.89252494353247,989.2933999679,44.4626247176623,864.7980507585,3705.9597702171,0,5602.2907144254,3059.0285805751,1618.4395397229,2565.4934462091,3554.7868461771,1173.8132925462,2300.940829139,1898.5540754441,786.9884575026,4773.062763441,929.2688565991,0,22015.6686289505,775.8728013232,88.9252494353247,46.6857559535455,322.354029203,55.5782808970779,2105.3052803813,689.1706831237,8507.9232397246,4.44626247176623,5024.2765930958,124.4953492094,1869.6533693777,11.1156561794156,11.1156561794156,22.2313123588312,289.0070606648,491.3120031301,35.5700997741299
"p8585_mo4",226799.979810309,5682.4803953508,167.9415233122,2239.2203108294,0,165.1883835857,129.3975671421,905.7829699953,46.8033753493046,821.3533517181,129.3975671421,2265.8339948516,9505.6737621195,231.26373702,9682.7924178531,1221.4763252926,5836.6562200309,231.26373702,105.5370228464,976.4468896403,835.1190503503,374.4270027944,5.50627945285936,121.1381479629,329.4590539294,3936.0720955523,2354.8521793395,17.4365516007213,1462.8349079763,93.6067506986092,989.2948750303,351.4841717408,51.3919415600207,2.75313972642968,5367.7047532957,253.2888548315,3550.6325338521,2446.6235035538,365.249870373,782.8093955481,1030.5919709268,0,1054.4525152225,1458.2463417655,49.5565150757343,72.499346129315,716.7340421138,1377.4875764569,1527.0748349263,0,128.4798539,3500.1583055342,3089.9404862962,0.917713242143228,276.2316858851,2.75313972642968,11765.0837642761,1257.2671417362,2899.9738451725,311.1047890865,1568.3719308227,38.5439561700156,232.1814502622,656.1649681324,649.7409754374,309.2693626022,8216.2866569083,2386.9721428145,730.499740746,4636.2872993075,233.0991635043,714.8986156295,532.273680443,342.3070393194,253.2888548315,115.63186851,513.001702358,8139.1987445682,6096.3690675574,5040.0811258506,85799.7641476967,171.6123762807,3304.6853849577,662.5889608274,1.83542648428646,98.1953169093253,45911.3580779413,4448.1560846682,791.0688147274,8967.8938022236,420.3126649015,24546.993800847,4157.2409869088,955.339485071,10.0948456635755,7556.4508358073,3231.2683255863,2869.6893081818,5278.6865688078,28.4491105064401,1738.1488806192,243.1940091679,310897.38589383,812.1762192967,2138.2718541937,3042.2193977047,624.9627178995,4417.8715476774,1655.5546888263,4558.2816737254,2639.3432844039,27.5313972642968,651.5764019216,795.6573809381,126.6444274157,6658.9272849912,1176.5083764276,546.0393790752,3243.1985977341,864.4858740989,56.8982210128801,132.1507068686,2756.8105793982,9.17713242143227,9224.8535100237,492.8120110309,738.7591599252,2933.9292351318,2395.2315619938,5.50627945285936,503.8245699366,407.4646795115,2714.5957702596,40.379382654302,3091.7759127805,3330.3813557377,27.5313972642968,6517.5994457012,1652.8015490999,1070.053640339,1155.4009718583,1757.4208587042,1278.3745463055,1413.2783929005,3022.9474196197,592.8427544245,7829.929381966,1631.6941445306,0,15177.1415985646,2789.8482561154,150.5049717114,96.3598904250389,210.1563324507,471.7046064616,1601.4096075399,486.3880183359,7465.5972248351,1.83542648428646,4104.0136188645,441.4200694708,516.6725553266,128.4798539,6.42399269500259,296.4213772122,124.8090009314,287.2442447908,30.2845369907265
"p8585_mo6",230444.634674455,5194.1185356765,143.5117578931,2691.4748980311,0,1090.1858099602,47.8372526310489,576.564781711,7.55325041542877,619.3665340651,93.1567551236215,3293.2171811269,6541.1148597613,133.4407573392,9363.5127649932,2724.2056498313,2877.7884082783,299.6122664786,256.8105141245,410.3932725716,261.8460144015,415.4287728485,0,45.3195024925726,105.745505816,2555.5163905534,2797.2204038471,93.1567551236215,1817.8155999798,138.4762576161,3560.0986958054,720.0765396042,32.7307518001913,2.51775013847626,5345.183543985,37.7662520771439,3021.3001661715,619.3665340651,173.7247595548,1628.9843395941,410.3932725716,0,976.8870537287,1810.2623495644,55.3905030464777,22.6597512462863,1037.3130570522,1722.1410947177,888.7657988821,10.071000553905,329.8252681403,2135.0521174278,2132.5343672893,65.4615036003827,191.3490105241,45.3195024925726,9952.6662973966,624.4020343421,6103.0263356664,307.1655168941,2250.8686237977,10.071000553905,118.3342565083,1498.0613323933,490.9612770028,234.1507628782,4212.1959816707,3504.7081927589,609.2955335112,4688.0507578427,88.121254846669,903.8722997129,339.8962686942,158.618258724,271.9170149554,50.3550027695252,166.1715091394,8195.2767007402,4839.1157661513,4944.8612719673,60546.855330077,795.6090437584,1631.5020897326,2845.0576564781,12.5887506923813,108.2632559544,58945.5662420061,4662.873256458,302.1300166171,10569.5150813233,619.3665340651,31348.5069741678,3270.5574298806,793.09129362,12.5887506923813,8346.3417090487,3645.7022005136,2074.6261141044,8648.4717256659,123.3697567853,1913.4901052419,135.9585074777,316179.062389848,516.1387783876,883.7302986051,3592.8294476056,913.9433002668,2935.6966614633,934.0853013746,3887.4062138073,1513.1678332242,83.0857545697165,2530.3388891686,1480.437081424,229.1152626013,5443.3757993856,561.4582808802,1047.3840576061,2084.6971146583,853.5172969434,57.9082531849539,533.7630293569,1860.6173523339,1389.7980764388,9436.527519009,55.3905030464777,624.4020343421,2668.8151467848,2545.4453899994,0,130.9230072007,158.618258724,5851.2513218188,98.192255400574,2215.6201218591,2036.8598620272,57.9082531849539,6118.1328364973,1772.4960974872,984.4403041442,911.4255501284,850.9995468049,1007.1000553905,1359.5850747771,1258.8750692381,1007.1000553905,5272.1687899692,1065.0083085754,47.8372526310489,19212.9513067123,4685.5330077043,118.3342565083,60.4260033234302,178.7602598318,93.1567551236215,1256.3573190996,256.8105141245,6760.1591218087,22.6597512462863,8011.4809406314,1515.6855833627,1523.2388337781,52.8727529080014,692.3812880809,118.3342565083,47.8372526310489,229.1152626013,188.8312603857
"p8585_mo7",240967.223469134,5093.2270679264,154.9600543971,1147.6341628654,3.09920108794355,1763.135498931,43.3888152312097,517.8765017953,19.5249668540444,385.8505354489,78.4097875249718,2081.7333707716,7077.3356044278,55.7856195829839,8657.6182391703,1914.6864321315,2573.2666633195,285.4364201996,230.2706408342,228.4111201814,196.7992690844,854.449739946,0,346.1807615232,60.1245011061049,4054.3748632477,2390.103879022,140.7037293926,1303.8338976978,89.8768315503629,4295.8026279985,1105.4850280694,42.1491347960323,5.26864184950403,6563.7979841556,27.5828896826976,2758.9088084873,465.8099235179,201.4480707163,1786.9993473082,235.5392826837,274.5892163917,1878.7356995113,1868.5083359211,116.2200407978,167.0469386401,1484.5173211249,1985.0382968278,926.0412850775,10.5372836990081,486.8844909159,3983.7130784426,2503.5346388407,28.822570117875,50.2070576246855,90.1867516591573,11947.7301141311,674.3861567365,6759.3575728048,395.4580588215,1260.1351623578,2.78928097914919,105.37283699,821.9081285226,285.1265000908,372.214050662,4542.4990345988,4523.9038280711,593.4970083411,3971.006353982,96.6950739438388,360.7470066366,348.6601223936,128.9267652584,244.8368859475,59.8145809973105,88.0173108975968,8106.2703656251,3608.7097468014,4577.8299270014,50422.7620204063,521.2856229921,1252.3871596379,1303.523977589,54.2360190390121,236.1591229012,55786.859263419,5861.8289377364,508.5788985315,12618.7071496709,502.3804963556,30198.9253210307,4245.285650265,792.7756382959,10.5372836990081,7288.3911985168,3591.3542207089,2070.2663267462,11282.9514807672,98.8645147053992,1936.0709196383,383.6810946874,292143.091353911,360.4370865278,796.1847594926,5543.5409860046,777.589552965,4079.1684719513,787.1970763376,4108.9208023955,1262.3046031194,147.2120516773,2776.2643345798,2100.6384974081,138.8442087398,5563.0659528586,499.5912153765,1204.9693829924,2729.7763182606,772.0109910067,80.5792282865323,397.9374196919,1579.352874416,2307.0452898651,9667.6478737311,40.2896141432661,604.9640523665,1553.9394254948,2314.1734523674,105.37283699,58.8848206709274,94.8355532910726,15376.0663576143,23.553928268371,1800.0159918776,1982.5589359574,162.0882168994,4549.6271971011,2118.6138637182,1129.9687166642,1138.9563998192,1916.855872893,1322.1191841167,993.6038687947,1451.9757097015,1577.4933537632,4362.4354513893,2154.5645963383,13.0166445693629,17950.8826214778,5783.4191502114,81.199068504121,8.9876831550363,270.2503348686,93.5958728558952,1459.4137923126,344.3212408705,6768.0353358511,7.74800271985888,11311.4641307763,5262.7533674369,924.1817644247,13.946404895746,1616.2333673625,74.0709060018508,27.8928097914919,282.9570593292,146.9021315685
"p8585_mo8",255266.41982871,6521.5892344869,171.5785709589,1191.4287684346,0,1778.3236933971,50.5114484598819,769.6982622458,20.8459946024909,345.5624489874,124.2741985917,2116.670221176,6603.3696748505,72.9609811087183,8605.3869257128,1419.9329400389,2487.8892789049,365.6066745667,452.1977290694,428.9464273974,240.5307069518,1665.2742611297,0,105.8335110588,77.7715952477546,3963.9460505659,2123.0843733613,92.2034376648638,916.4219934864,60.1326767379546,3296.072454263,683.1072077431,42.4937582281546,0,5972.3774536136,40.8902201818091,3146.9434159529,1753.4688536787,139.507810032,1141.7190889979,157.1467285418,22.4495326488364,2438.9813684914,1464.0302363134,198.0369487236,36.0796060427728,1898.589046873,1106.4412519783,926.0432217645,14.4318424171091,150.7325763564,2382.8575368693,2437.377830445,8.01769023172728,77.7715952477546,68.9521359928546,14686.804966478,614.1550717503,5724.6308254532,243.7377830445,1181.0057711334,20.0442255793182,131.4901198003,911.6113793473,81.7804403636183,228.5041716042,2974.5630759708,4017.6645751185,793.751332941,4082.6078659955,164.3626497504,910.007841301,460.2154193011,188.4157204455,225.2970955115,44.8990652976728,72.9609811087183,7448.4342252746,3310.5042966801,5129.7182102591,49464.3381156183,209.261715048,1552.2248288624,845.8663194472,15.2336114402818,43.2955272513273,51354.9094722596,6325.1558238096,425.7393513047,9980.4208004541,469.8366475792,31754.0621627559,2249.7638790226,424.9375822815,1.60353804634546,6549.651150298,3894.1921455499,2391.6769961242,12550.0905197227,64.943290876991,2064.5552346697,88.1945925490001,294157.82983575,730.4115801103,821.0114797288,4149.1546949188,580.480772777,4577.2993532931,649.4329087699,5247.5782566655,1383.8533339961,186.8121823992,2114.2649141064,3624.7977537639,103.4282039892,7304.1158011035,565.2471613367,1371.8267986485,3530.9907780526,709.5655855078,119.4635844527,256.5660874152,1843.2669842741,2627.397088937,9731.8724032705,42.4937582281546,1025.4625806379,1345.3684208838,2779.7332033398,16.8371494866273,82.582209386791,167.5697258431,8234.1678679839,28.8636848342182,2149.542751126,3653.6614385981,86.5910545026547,6158.3878669897,2011.6384791403,1358.1967252546,1286.037513169,3292.8653781703,2169.5869767054,1480.8673858,2474.259205511,2210.4771968872,4318.3279588083,812.1920204739,12.0265353475909,16510.0277251728,3264.8034623593,69.7539050160274,1.60353804634546,319.1040712227,103.4282039892,1057.5333415648,347.9677560569,7707.4056197594,3.20707609269091,7628.0304864653,902.7919200924,1944.2898811938,117.8600464063,1638.815883365,81.7804403636183,140.3095790552,251.7554732762,315.0952261068
"p8585_mo9",262004.631892196,3919.0539484701,45.1360462691167,1245.9105185664,3.11283077718046,2061.4721821877,140.0773849731,726.8459864716,74.7079386523311,367.3140317072,108.170869507,1764.9750506613,8115.1498361094,10.8949077201316,9246.6638236145,1107.3895489819,2200.7713594665,279.3765622519,575.8736937783,77.0425617352164,435.0181011109,1119.0626643963,0.778207694295115,1328.4005341617,15.5641538859023,2667.6959760436,2106.6082284568,376.6525240388,2108.1646438454,72.3733155694457,5073.1359591098,1178.2064491628,31.1283077718046,0,5639.6711605566,3.89103847147558,3037.3446308338,1799.2161892103,238.9097621486,1627.232288771,271.5944853089,402.3333779505,2312.833267445,1971.9782973438,277.8201468633,260.6995775888,1676.2593735116,1326.0659110788,824.1219482585,133.8517234187,687.9356017568,4639.6742733874,1835.0137431478,64.5912386264945,164.2018234962,141.6338003617,10957.9425433695,579.7647322498,4801.5414738008,250.582877563,1136.9614413651,277.8201468633,175.8749389106,625.6789862132,38.9103847147558,1234.237403152,2449.0196139467,3482.4794319706,775.0948635179,3960.2989562678,140.0773849731,980.5416948118,647.4688016535,198.4429620452,155.641538859,94.941338704004,111.2837002842,4341.6207264724,3573.5297322031,5470.8000908946,51139.1404229091,321.3997777438,1445.9098960003,778.9859019894,18.6769846630828,923.7325331283,52082.3281483948,6231.8872159152,456.0297088569,10573.5079423877,440.465554971,35914.2850917195,2684.8165453181,358.75374707,0.778207694295115,5539.2823679926,3960.2989562678,2844.3491226486,10757.9431659356,72.3733155694457,2083.261997628,304.2792084693,282985.111330393,777.4294866008,833.46044059,5349.3996905846,447.4694242196,3939.2873485218,588.3250168871,4937.7278203025,1432.6803651973,478.5977319914,3929.9488561903,1675.4811658173,245.1354237029,5559.5157680443,761.8653327149,1663.0298427086,2370.4206368229,961.0865024544,395.3295087019,408.5590395049,1789.8776968787,2879.3684688919,11709.6911760585,24.1244385231486,787.5461866266,1343.1864803533,3045.1267077767,295.7189238321,17.1205692744925,214.7853236254,6937.7215946409,93.3849233154138,1424.12008056,3173.5309773354,73.9297309580359,5961.0709383005,1394.5481881768,751.748632689,1562.6410501445,3128.3949310663,1785.9866584072,1370.4237496536,2399.2143215118,1903.4960202458,3950.182256242,723.7331556944,13.229530803017,16484.7735882534,4956.4048049655,165.7582388848,13.229530803017,244.3572160086,38.1321770204606,1193.7706030487,426.4578164737,6455.2328241779,2.33462308288534,10136.1552181938,1579.761619419,1863.8074278368,115.9529464499,1626.4540810767,3.11283077718046,35.0193462432802,559.5313321981,288.7150545834
"p8600_mo1",182818.276740486,5148.2343006197,106.8309489259,8108.9777422805,0,874.9963435835,1.27179701102266,362.4621481414,0,588.8420161034,92.8411818046545,2418.9579149651,4333.0124165542,0,8147.1316526111,1219.6533335707,3727.6370393074,454.031532935,137.3540771904,773.2525827017,1251.4482588463,705.8473411175,78.8514146834052,1073.3966773031,53.4154744629519,2858.9996807789,3784.8679048034,166.6054084439,649.8882726325,171.692596488,8159.8496227214,611.7343623019,11.446173099204,2.54359402204533,5964.7279816962,0,4712.0079258389,601.5599862137,506.175210387,4455.1049296123,852.1039973851,10.1743760881813,489.6418492437,431.1391867366,43.2410983747706,181.8669725762,988.1862775646,958.934946311,373.9083212406,0,184.4105665982,2922.58953133,1784.3312064647,901.704080815,108.1027459369,0,6172.0308944929,1326.4842824966,1910.239110556,128.4514981132,1477.8281268083,8.90257907715865,342.113395965,1800.864567608,73.7642266393146,259.4465902486,1729.6439349908,3194.7540916889,549.4163087617,4891.3313043931,185.6823636093,487.0982552216,967.8375253882,359.9185541194,71.2206326172692,44.5128953857933,287.4261244911,2899.6971851316,8729.6146836595,3114.6308799945,113005.523414419,1145.8891069314,4029.0529309198,16.5333611432946,10.1743760881813,281.067139436,47235.8127863927,4642.0590902327,619.365144368,2515.6144878028,1687.674633627,26145.6029526039,10105.699049586,1114.0941816558,1.27179701102266,9458.3543709755,2321.0295451163,2151.8805426503,5952.010011586,122.0925130581,1288.3303721659,434.9545777697,318562.258914979,1306.1355303202,1630.443768131,4993.0750652749,1233.6431006919,2958.1998476387,1853.00824506,4918.0390416246,3329.5645748573,532.8829476184,8449.8193412345,709.6627321506,1505.8076610508,5088.4598411016,1289.6021691769,2028.5162325811,806.3193049883,806.3193049883,67.4052415842012,67.4052415842012,2886.9792150214,719.8371082388,10717.4334118879,461.6623150012,133.5386861573,2089.5624891102,4427.1253953698,301.4158916123,31.7949252755666,806.3193049883,8948.3637695554,0,900.432283804,847.016809341,19.07695516534,2173.5010918377,1630.443768131,258.1747932376,824.1244631426,101.7437608818,2744.5379497869,254.3594022045,326.8518318328,1751.2644841782,10132.4067868175,104.2873549038,12.7179701102266,15832.6009902211,1072.1248802921,523.9803685413,10.1743760881813,138.6258742014,109.3745429479,274.7081543808,333.2108168879,6600.6264872076,517.6213834862,11331.7113682119,695.6729650293,5496.7066816399,21.6205491873853,371.3647272186,24.1641432094306,12.7179701102266,230.1952589951,0
"p8600_mo10",169762.170675402,3420.1252174537,80.0948562634178,2965.0067818635,0,1901.317148683,448.3814850634,366.7895286829,0,873.5579183122,153.452762,1921.5280002634,5203.171456888,100.3057078439,8467.5982621661,1066.6838334146,2801.074319044,244.0273190829,115.2767090146,765.0181598244,1142.2873893268,511.2596899805,139.2303108878,2736.6990140098,98.8086077268331,1470.1523149659,2466.4724428781,276.9635216585,1229.1191961171,253.7584698439,7128.4422074441,793.4630620488,41.1702532195138,41.9188032780504,6370.9095482051,357.0583779219,3908.9284056782,767.26381,492.545938517,1467.1581147317,902.7513705951,5.98840046829292,970.1208758634,534.4647417951,103.299908078,509.0140398048,1390.0574587024,1071.1751337658,277.712071717,0,518.7451905658,7676.3808502929,867.5695178439,163.9324628195,321.8765251707,1.49710011707323,13464.9184529566,1409.5197602244,1550.9957212878,475.3292871707,1422.9936612781,9.73115076097599,447.6329350048,1018.7766296683,142.9730611804,1516.5624185951,1725.4078849268,3777.9321454342,858.5869171414,4555.6756562538,293.4316229463,957.3955248683,437.1532341853,17.2166513463421,62.129654858539,74.1064557951248,416.9423826048,6389.6232996685,8067.123980849,4092.3231700196,127192.128846424,887.0318193658,3893.9574045074,30.6905524000012,11.2282508780492,538.9560421463,49470.9248186263,2981.4748831513,815.1710137463,9015.5369050149,1012.0396791415,29407.5375996694,9990.1490812296,355.5612778048,1.49710011707323,8976.612301971,4006.2399132879,1318.1966530829,5683.7405944685,107.0426583707,1665.5238802439,493.2944885756,296051.548151231,2706.0084616098,2122.8879660098,2743.4359645366,550.1842930244,2801.8228691025,1812.9882417756,4160.4412253465,3726.2821913952,169.9208632878,5751.1100997368,3783.9205459025,1719.4194844586,6373.9037484392,1785.2918896098,2631.1534557562,569.6465945463,1514.3167684195,203.6056159219,171.4179634048,3161.8754472586,2000.8743064683,10297.0546052296,136.9846607122,339.8417265756,2512.8825465074,3729.2763916294,765.0181598244,1912.545399561,1046.4729818341,4235.2962312001,0,728.3392069561,1523.299369122,119.0194593073,3137.1732953269,1892.3345479805,949.1614742244,559.1668937268,108.5397584878,1108.6026366927,161.6868126439,854.0956167902,1300.231451678,9799.2688163028,164.681012878,60.6325547414658,16685.1808047811,2192.5031214537,672.9465026244,35.1818527512209,285.1975723024,107.0426583707,170.6694133463,474.5807371122,6814.7997329173,5.98840046829292,9338.1619802442,1614.6224762634,6894.8945891807,70.3637055024418,1312.2082526146,611.5653978244,25.4507019902449,30.6905524000012,1.49710011707323
"p8600_mo11",146125.39690217,3152.055512146,127.390183871,3476.3214347268,0,2299.8356189766,661.4752328277,314.0474586339,0,1166.9485827331,91.966175521874,2113.1783442137,4110.5474303628,73.5729404174992,8161.8277698338,1236.4341375718,2066.1734100581,274.536064706,104.9095631879,833.1454271351,1746.6761039858,317.4536132829,137.6086478179,1398.5670988622,162.8141922202,1541.6255941185,2852.9951339674,329.0345390893,1474.8649629989,348.7902360533,7114.775830744,432.5816404177,71.5292476281242,0,5464.1532878588,591.3084470591,3493.3522079716,820.8832703989,880.1503612908,1252.102448957,799.7651115754,3.4061546489583,823.6081941181,806.5774208733,146.4646499052,335.8468483872,900.5872891845,1077.7073309304,250.0117512335,0,168.9452705883,6013.2254172709,1055.2267102472,487.7613457308,521.8228922204,0,7864.1298535149,2037.5617110068,2519.8732092993,309.9600730552,2279.3986910828,4.76861650854161,763.6598722964,1014.3528544597,379.4456278939,611.7453749529,2070.2607956368,2874.113292791,685.3183153704,4267.2305442149,404.6511722962,816.7958848201,514.3293519927,34.061546489583,141.6960333966,90.6037136622907,610.3829130933,8231.9945556024,10582.9224943134,3664.3411713493,174618.561771636,968.7103821637,6244.1627024703,25.2055444022914,12.2621567362499,681.2309297916,44709.1859222265,2580.5027620508,1008.2217760916,8238.8068649003,914.8931387101,22622.9979474512,7591.6374815982,408.7385578749,1.36246185958332,11434.4611565529,2597.5335352955,1553.2065199249,4517.9235263782,109.6781796964,1477.5898867181,503.429657116,287083.657201871,3184.754596776,2491.9427411778,2730.3735666049,707.1177051237,2413.6011842518,2953.1360806468,3615.2925444043,5696.4530349178,292.2480688806,5539.7699210657,3268.5460011403,2736.504644973,4464.7875138545,2293.7045406085,2053.9112533218,685.3183153704,1422.4101814049,348.1090051235,167.5828087287,3955.2267783703,2696.3120201153,8222.4573225853,96.0535611006239,386.2579371918,4261.7806967766,4210.6883770422,315.4099204935,1414.2354102474,1812.7555041756,3966.8077041768,0.681230929791659,607.6579893741,3732.4642643285,69.4855548387492,2717.4301789389,1696.946246111,1126.7559578754,456.4247229604,63.3544764706243,1584.5431426953,333.1219246681,842.6826601522,879.469130361,14921.6822861565,270.4486791272,39.5113939279162,14961.8749110142,1754.8508751433,948.2734542699,38.8301629981246,300.4228400381,137.6086478179,211.1815882354,495.9361168883,4676.6503330197,8.85600208729157,7201.9733897574,2286.2110003808,4160.9585191674,62.6732455408326,1521.8698971545,516.373044782,20.4369278937498,55.860936242916,3.4061546489583
"p8600_mo12",145074.934748938,3556.5221731033,85.8048185534533,2843.8168434858,0,2229.1741636437,471.9265020439,343.2192742138,0,1109.3337255839,161.9784840039,2455.9440412493,4468.8550397635,80.5514623154868,9063.7906292382,1571.6290745249,2238.8053167467,305.570221175,149.720652782,642.6605797779,1504.2110028044,276.6767618662,71.7958685855426,1414.0283873859,86.6803779264478,2361.3836289659,3934.7638222369,2021.6665922441,2335.9924071491,300.316864937,4789.3097702794,1339.6058406814,36.7734936657657,0,4623.8290487835,429.8996521402,3631.8202791808,812.5190981388,636.5316641669,1020.0266695385,1494.5798497014,3.50223749197769,2048.8089328069,690.8163452925,175.9874339718,236.4010307084,672.4295984597,1915.7239081117,406.2595490694,0,115.5738372352,4468.8550397635,1328.2235688325,12428.5652996558,443.9086021081,0,7837.131947673,1522.5977496372,1982.2664204593,274.9256431202,1943.7418080476,6.12891561096095,608.5137642311,871.1815761294,368.6104960306,395.7528365934,3046.0710586475,2714.2340562827,641.7850204049,4152.7781061125,337.0903586028,782.750079457,435.1530083782,10.5067124759331,145.342855917,132.2094653221,526.2111831696,8770.4782392851,10162.6176423462,3912.874837912,140586.817402968,1021.7777882844,4814.7009920963,10.5067124759331,7.00447498395537,499.9444019798,47090.2097577589,2390.2770882747,900.0750354382,24968.3266396819,907.0795104222,19882.2022419573,7366.081005002,214.5120463836,9.63115310293864,10273.8136827165,2723.8652093856,1431.5395748458,2688.8428344658,77.0492248235091,1306.3345845076,422.0196177833,284257.354917623,2217.7918917948,2531.2421473268,2504.099806764,503.4466394717,2701.1006656877,2479.5841443202,4025.8219970283,4301.6231995215,159.3518058849,4021.4442001633,5174.555894397,2926.1194245473,4747.2829203757,1692.4562679982,1020.9022289114,895.6972385732,1515.5932746533,244.2810650654,236.4010307084,3573.1578011902,2707.2295812987,7482.5304016103,140.0894996791,398.3795147124,3547.7665793733,4075.728881289,308.196899294,1528.7266652482,1372.8770968552,4010.9374876874,0,802.0123856628,3973.2884346486,44.6535280227155,3349.0146017036,1902.5905175168,1145.2316598767,597.1314923821,164.6051621229,1266.0588533499,448.2863989731,714.4564483634,626.024951691,11514.4813142496,234.6499119625,69.1691904665593,17423.6315225889,1984.8930985783,1535.7311402322,12.2578312219219,305.570221175,94.5604122833976,160.2273652579,555.1046424784,4425.0770711138,3.50223749197769,8088.4174877224,20218.4170411871,2637.1848314591,140.9650590521,1652.1805368404,476.3042989089,17.5111874598884,20.1378655788717,9.63115310293864
"p8600_mo2",183306.005590152,3315.0110018945,126.7554181144,5184.0587220811,0,827.8182266135,2.37878800751017,505.3225381668,0,403.0346538438,131.1731672712,2320.6776147552,3915.8248872199,4.41774915680461,7795.9679543272,577.0260052503,2970.4265676637,364.2943920072,105.0064991886,788.0584842022,1627.4308239951,381.9653886344,77.8203505314042,858.4026438529,38.7402618365943,4282.1582403765,2823.6213649145,88.6948099943079,850.5866261139,232.1017441613,8120.5026039233,221.5671115566,7.47619088074626,1.6991342910787,6414.5717756802,5.43722973145182,4087.0976237606,817.9632477252,602.5130196165,2414.809654481,552.2186446005,6.45671030609904,676.2554478493,321.476207872,31.6038978140637,172.9718708318,1248.5238770846,1035.4524369833,512.4589021893,0,161.7575845106,5085.1691063403,2920.1321926478,275.2597551547,293.9502323566,0.679653716431478,8813.7493946834,1592.7684844571,1452.7598188722,243.3160304824,1680.4438138768,8.15584459717774,537.266262839,862.8203930097,52.6731630234396,405.4134418513,1683.1624287425,3273.5521251922,1117.0108829551,4613.829253995,277.298716304,970.2056802059,607.6104224897,655.5260094981,38.4004349783785,109.0844214872,997.7316557214,5400.1886039063,7968.2601714426,4407.5543510581,128973.128191187,823.0606505985,4670.9201661753,10.8744594629036,6.1168834478833,380.9459080598,41650.878877212,4000.1019480574,166.8549873839,2716.5759045766,874.7143330473,29615.5708666434,13105.4227870899,603.1926733329,3.39826858215739,8814.4290483998,2737.9849966442,1868.0282396119,3520.606251115,66.9458910685006,1593.4481381736,137.6298775773,297682.550740398,2588.4611790292,2427.0434213768,3871.9872225101,761.8918161196,5550.3920752376,2132.4135353037,5095.0240852285,4179.5305291953,354.0995862608,6875.0371685626,1340.9567825193,1762.681913565,8431.7840060489,1865.3096247461,2132.7533621619,520.2749199282,1067.7359885138,120.9783615248,135.9307432862,3246.3659765349,608.6299030643,12349.3080275599,111.1233826365,404.0541344185,2694.8269856508,5878.3249934158,240.2575887585,53.0129898816553,1224.056343293,5917.7449089688,0,974.9632562209,1398.3875215577,10.1948057464722,3264.7166268786,2652.3486283738,652.4675677742,1392.9502918263,118.5995735172,1440.5260519765,139.6688387266,644.9913768934,1269.9329691522,11663.8772545388,179.4285811379,3.39826858215739,13729.6847256322,710.9177873873,627.6602071244,3.73809544037313,268.8030448486,25.4870143661804,440.7554351058,652.4675677742,5929.2990221482,691.547656469,9174.9853449667,407.1125761424,5405.2860067795,82.9177534046403,287.8333489087,13.9329011868453,12.9134206121981,100.5887500318,0.679653716431478
"p8600_mo3",136262.343305655,2601.824443727,170.6191869546,5664.4624810298,0,951.4028347361,6.14418124767526,525.5638113396,0,431.5105753175,131.8635821616,3283.828562219,2749.2847936713,2.36314663372125,7464.2349572719,611.1097194803,2967.6395426271,292.0849239279,114.3762970721,288.3038893139,3642.5542212179,176.2907388756,130.4456941814,453.2515243477,54.3523725755888,5030.6665538658,2952.5154041713,135.6446167755,1839.0007103618,492.0071291407,9213.4360955524,61.4418124767525,56.2428898825658,0,3722.9012067644,3.781034613954,3391.5880487167,764.2416213454,1166.9218077315,1177.7922822466,473.1019560709,11.8157331686063,606.8560555396,214.5737143418,58.1334071895428,252.3840604814,612.5276074605,1627.2627719804,559.1204935384,0,102.5605639035,4429.0094209203,3384.0259794888,497.2060517349,515.1659661512,0,6259.5028034008,2650.032635055,662.6263160954,110.5952624581,2711.001818205,7.08943990116376,971.2532664594,609.2192021733,28.8303889313993,797.7983035442,1709.9729041606,2064.9175285456,899.4136087943,3791.9050884691,473.1019560709,737.7743790477,545.4142430628,1217.0205163664,66.168105744195,139.8982807162,670.1883853233,7625.8741870184,11719.7894152771,3488.949690026,209438.124077487,553.4489416175,7880.6213941336,6.6168105744195,4.25366394069825,417.8043248419,35884.8542623839,2629.2369446782,180.0717734895,1732.1864825176,454.1967830012,18623.0133617036,13585.2573679367,149.8234965779,0,12821.488375918,2053.5744247037,1805.444028163,1246.7961639513,36.3924581593073,1030.8045616292,102.0879345767,277097.847976887,3462.0098184016,2976.1468705085,3319.7483910516,657.9000228279,5864.8573155694,3605.2165044051,3686.9813779318,7533.2388389766,229.2252234709,7996.4155791859,952.8207227164,3151.9649800574,8091.4140738615,2964.8037666666,393.2275998512,395.1181171581,967.4722318454,199.9222052128,92.6353480418731,4646.8915405494,984.0142582815,8102.2845483766,40.1734927732613,365.8150989,4980.5678452309,4979.1499572506,159.7487124395,68.058623051172,2339.9877967107,5720.7053709124,0,735.8838617407,932.9702909931,8.50732788139651,3253.5802853074,2442.5483606142,1175.9017649396,1477.9119047292,158.3308244593,1205.6774125245,81.2922442000111,457.0325589616,503.3502329826,18762.9116424199,165.8928936872,1.41788798023275,11258.5031923747,271.7618628779,1230.2541375152,2.8357759604655,263.7271643232,43.481898060471,468.3756628035,742.9733016419,4826.963314039,1367.7892715978,6492.036432159,463.6493695361,1580.9450979595,90.7448307348961,440.4905325256,15.5967677825603,16.5420264360488,110.1226331314,1.41788798023275
"p8600_mo4",139962.305280015,3084.8288588887,51.1514989356553,2919.5701700197,0,2591.6759460732,646.6074096225,335.7636853212,0,1263.0485506419,83.9409213303062,1722.100464167,3810.1308822584,94.4335364965945,8282.6080968888,1032.2110169836,2220.4996845657,234.7722643457,103.614574767,634.8032175604,1920.1485754307,325.2710701549,146.896612328,3821.9350743205,149.5197661196,2821.2019028357,3149.0961267822,940.4006342785,1913.5906909518,406.5888376936,5873.2413393298,773.8303685137,43.2820375609391,2.62315379157207,4493.4624449629,626.9337561857,3798.3266901963,292.4816477602,940.4006342785,1653.8984655861,717.4325619949,3.9347306873581,1109.5940538349,473.4792593787,153.4544968069,249.1996101993,814.4892522831,826.2934443452,275.431148115,0,161.3239581816,4995.796396049,1583.0733132137,3577.9817717043,393.4730687358,1.31157689578603,5810.2856483321,2018.5168426147,1299.7727037239,169.1934195563,2564.1328312616,10.4926151662883,781.6998298884,847.2786746777,174.4397271395,612.506410332,1268.294858225,2738.5725584012,629.5569099772,4198.357643411,473.4792593787,699.0704854539,359.3720694453,0,170.5049964521,76.07145995559,552.1738731259,3417.9693904184,11077.5784618088,3597.655425141,176559.235403133,975.8132104648,6265.4028311698,28.8546917072928,5.24630758314414,380.3572997779,44589.6797260378,2704.4715591108,443.3129907756,10952.9786567091,853.8365591567,20750.4580682308,9586.3155313001,339.6984160085,3.9347306873581,11948.4655206107,2338.5416051865,1038.7689014625,2385.7583734347,118.0419206207,1163.3687065622,196.7365343679,295664.844886358,3328.7821615049,3045.4815520151,3092.6983202634,695.1357547665,3449.4472359172,2937.9322465607,3214.6749715715,5760.4457262922,237.3954181372,4890.8702443861,1705.0499645218,3236.9717787999,5418.1241564921,2570.6907157406,1610.6164280252,537.7465272722,805.3082140126,356.7489156538,129.8461126828,4229.8354889099,2826.4482104189,8172.4356376427,137.7155740575,238.706995033,4005.5558397305,3010.0689758289,973.1900566732,1921.4601523265,1951.6264209296,5326.313773787,0,664.9694861635,1266.9832813293,19.6736534367905,2888.0923245208,1858.5044613288,373.799415299,813.1776753873,107.5493054544,890.5607122387,142.9618816406,423.6393373388,771.2072147221,15353.3191420713,148.2081892238,6.55788447893017,15325.7760272598,1238.128589622,1290.5916654534,35.4125761862229,205.9175726384,86.5640751218783,141.6503047448,434.1319525051,4802.9945923684,55.0862296230135,7178.2603506369,6269.3375618572,3543.8807724138,23.6083841241486,1753.5783096659,679.3968320171,19.6736534367905,24.9199610199347,0
"p8600_mo5",153887.631692161,2892.8386087365,107.0707187628,2779.0156824841,0,3010.5199392687,556.5748173527,432.1412793311,0,1184.5301138808,81.0264898745826,1906.0517141925,3430.1214046906,56.9114631261949,7950.2420184084,741.7782227804,2916.9536354849,264.3006931623,112.8583251824,581.6544451711,1926.3083366612,330.8581669878,89.7078995040021,1236.6185716573,54.9822609863239,3378.997547984,3103.1216419825,417.672263282,1630.175808191,432.1412793311,6652.8535793451,236.3272621341,57.8760641961304,0.964601069935507,4575.1028747041,467.8315189187,3727.2185342307,429.2474761213,932.7692346276,1264.5920026854,494.8403488769,0,838.2383297739,667.5039403953,171.6989904485,250.7962781832,1013.7957245022,645.3181157868,406.0970504428,0,160.1237776092,5608.190620605,2065.2108907319,531.4951895344,515.0969713455,0,6533.2430466731,2052.6710768227,1296.4238379933,158.1945754694,2471.3079411747,44.3716492170333,758.1764409693,704.1587810529,218.9644428753,689.6897650038,1431.4679877842,2842.6793530999,848.8489415432,4089.9085365265,401.2740450931,789.0436752072,506.4155617161,108.0353198327,156.2653733295,154.3361711896,892.2559896903,5955.4470057818,10919.2841116699,3840.0768594132,177351.552718342,905.7604046694,6415.561716141,3.85840427974203,10.6106117692906,485.1943381775,41934.1023133062,2623.7149102245,536.3181948841,4175.7580317508,642.424312577,20904.8343876423,9052.7810413447,245.0086717636,7.71680855948405,11728.5844093458,2322.7593764047,1904.1225120526,1807.6624050591,110.9291230425,1290.6362315737,154.3361711896,296498.112275706,3163.8915093884,2459.7327283355,3054.8915884857,528.6013863246,3896.0237214695,3106.9800462622,4051.3244937291,6009.4646656982,172.6635915184,5484.7216836532,1272.3088112449,2859.0775712888,6076.9867405936,2431.7592973074,1452.6892113228,451.4333007298,1416.0343706653,507.380162786,131.1857455112,4151.6430050024,3042.3517745765,8772.0821299934,81.0264898745826,335.6811723375,4329.1296018705,4945.5096855593,288.4157199107,1442.0785995535,1836.6004371572,4139.1031910932,0,639.5305093672,1231.7955663076,18.3274203287746,2619.8565059448,2109.5825399489,677.1499510947,900.9373993197,113.8229262523,1191.2823213703,117.6813305321,808.3356966059,660.7517329058,14796.0158117407,146.6193626301,4.82300534967753,14259.6976168565,1122.7956454049,1008.9727191525,48.2300534967753,333.7519701976,209.318432176,427.3182739814,477.477529618,4760.3062801317,111.8937241125,6432.9245353998,938.5568410472,3316.2984784382,75.2388834549695,1795.1225911499,517.9907745553,11.5752128392261,42.4424470771623,1.92920213987101
"p8600_mo6",163477.608606791,4750.0853346593,176.1475931412,4816.6674392438,0,2197.2094512876,65.7392931340365,434.8907084251,0,658.2357427908,63.2108587827274,3033.2784101204,3343.433023881,10.1137374052364,8482.897248642,850.3967534902,2916.9704299602,327.0108427693,220.8166000143,750.9450023388,2131.4701581535,438.2619542269,284.027458797,566.3692946932,76.6958419897093,2964.1678711846,2989.4522146977,377.5795297954,1720.1781703406,349.766751931,6588.257108061,283.1846473466,52.2543099270547,0,4873.135806423,53.9399328279274,4081.7358544633,713.0184870691,813.313049671,1879.469534473,439.9475771277,2.5284343513091,1168.1366703048,380.1079641468,114.6223572593,193.8466336003,767.8012313475,1399.0670077243,340.4958259762,0,171.0907244385,5148.7351507157,1502.732816128,595.8676954585,527.5999679731,4.21405725218183,6482.062865306,1893.7973291305,1196.7922596196,210.702862609,2416.340428401,5.89968015305456,756.8446824918,1007.1596832714,73.3245961879638,497.2587557574,1733.6631535476,2738.2944024677,779.6005916536,4548.653398005,421.4057252181,1051.8286901445,747.573756537,734.08877333,85.1239564940729,179.5188389429,1002.9456260192,7869.3305127243,9794.311865521,3647.6879574885,158853.102178246,817.5271069232,5586.9971049426,8.42811450436366,16.8562290087273,372.5226610928,44643.7225296142,2771.1640490347,206.4888053569,2573.9461696326,900.122629066,22006.6497823439,5917.3791935137,474.5028465956,7.58530305392729,10974.2478961319,2372.5142329783,2588.27396429,3222.0681750182,85.9667679445093,1238.090020691,115.4651687097,310969.612433155,2683.5116581893,2251.9921955659,3354.3895727367,788.028706158,2899.271389501,2713.0100589546,4291.5959056219,5260.8290736237,207.3316168073,5533.8999835651,1162.2369901517,2785.4918436921,3757.2534460453,2448.3672635176,1199.3206939709,548.670254234,1603.8701901804,161.8197984837,148.3348152768,3823.8355506297,2128.9417238022,8023.5650081542,174.4619702403,279.8134015448,4121.3479926338,4841.1089713064,124.7360946645,271.3852870405,1438.6791458948,4290.7530941715,0.842811450436366,562.155237441,1678.8804092692,13.4849832069819,2110.3998718926,2073.3161680734,1110.8254916751,633.7942107281,130.6357748176,2095.2292657848,155.9201183307,611.0383015663,686.8913321056,13837.2783932642,80.9098992418911,3.37124580174546,14308.4099940581,726.5034702761,1152.9660641969,5.89968015305456,165.1910442855,172.7763473394,442.476011479,219.9737885638,4380.9339193682,790.5571405093,6283.1593630031,904.3366863182,2973.4387971394,101.1373740523,960.8050534974,68.2677274853456,4.21405725218183,69.9533503862183,0
"p8600_mo7",143654.541581267,2954.6377756989,97.2529675386796,2505.421687544,0,2979.1164137868,641.7372687926,367.1795713195,0,1116.7551646618,243.4632112532,1624.1907163772,5321.1266524734,89.31394978042,8809.0017876021,1134.6179546179,2424.7083403351,213.0303098466,95.2682130991147,337.408254726,1841.8521199162,559.0391671441,54.2499546814403,3548.0793531288,166.7193729234,3720.0914045577,2696.6196985554,478.3258199351,1575.8950250145,355.9326294953,7010.1526805431,578.2251267265,73.4359142639009,0,5749.8336114194,512.0666454077,3542.7866746233,387.6887005283,844.1822216282,1096.9076202661,755.529856661,5.29267850550637,1612.2821897398,758.8377807269,240.8168720005,525.9599264846,614.6122914519,774.0542314303,535.2221138693,0,586.1641444848,4242.7434069765,2306.2846587744,772.0694769907,271.9113582203,0.661584813188296,12808.9435681386,1982.7696851253,1726.7363624214,360.5637231876,2304.961489148,12.5701114505776,746.9292540895,763.4688744192,299.6979203742,2044.958657565,1661.2394659158,3004.9182215012,582.1946356057,4315.5177364272,427.3837893196,683.4171120235,447.8929185284,19.1859595824606,218.9845731653,75.4206687034658,325.4997280886,5802.0988116613,9611.5041659995,3999.9417805364,164086.265366961,969.883336134,5576.4983903641,24.478638087967,13.8932810769542,695.3256386608,45636.1204137286,2637.7386501817,618.581800331,6803.0766340152,747.5908389027,23096.5874132166,12184.4075044888,188.5516717586,3.30792406594148,10472.2260079575,4296.9933616579,1408.5140672778,4079.9935429322,116.4389271211,1388.6665228822,379.74968277,288490.012054075,2865.3238259185,2994.9944493034,2559.0100574123,462.4477844186,4292.3622679656,2616.5679361597,2742.2690506654,5358.8369868252,193.1827654509,5918.5377387824,3689.6585031511,2295.0377169502,6267.1929353327,2615.2447665333,1411.8219913438,526.6215112978,1513.7060525748,305.6521836929,177.3047299344,3822.6370506019,3762.4328326018,8168.5876884358,43.6645976704276,283.8198848577,3769.7102655469,3347.6191547327,991.054050156,1482.6115663549,1750.5534156962,4111.7496139652,0,983.7766172109,1077.0600758705,29.7713165934733,3735.3078552611,2169.3366024444,733.0359730126,1157.7734230795,164.0730336706,992.3772197824,125.7011145057,568.3013545287,1059.1972859144,13734.500721789,230.2315149895,42.341428044051,15291.209787221,1755.1845093885,1022.8101211891,18.5243747692723,350.6399509897,151.5029222201,186.566917319,669.5238309465,6146.7844993324,18.5243747692723,6895.6985078616,1105.5082228376,4906.9745594175,115.1157574947,2078.0378982244,505.4507972758,23.1554684615904,66.1584813188296,4.63109369231807
"p8600_mo8",173880.609736209,3268.8610202316,103.8056737433,4041.0429315332,0,2676.0492069424,362.3021554179,319.3042170291,2.03540536751661,845.7109302031,176.825841303,2004.3654356619,4972.749738514,73.7834445724771,8553.0277799757,1096.5746417495,3097.6325436893,296.9147579864,121.6154707091,455.6763766527,1286.6306179414,449.8245862211,114.2371262518,2305.8598557253,142.987227068,2869.1582911856,2909.1031215231,437.1033026741,1496.2773707956,286.228879807,10288.2108557836,625.1238734985,61.825438038317,7.88719579912686,5098.9448713,289.5364135292,3695.2784447264,519.5372200586,563.2984354602,1626.2888886457,669.139514571,8.39604714100602,1155.6013974075,526.9155645158,176.571415632,506.8159365116,746.4849185367,888.9632942628,386.981445499,0,689.4935682462,6180.5083984641,1742.5614202651,178.8612466705,511.1411729176,1.0177026837583,12758.6841206069,1336.7524751165,2118.0937105719,203.2861110807,1615.3485847953,6.36064177348941,470.9419169091,898.1226184167,486.4618828364,1857.8162492007,2084.000670666,2805.5518734507,778.5425530751,4292.1610687506,264.3482721062,900.4124494551,466.6166805031,10.9403038504018,172.246179226,141.7150987133,518.0106660329,8024.0768100923,8151.798496904,4575.3368405063,125525.484420117,1223.7874772193,3958.6090141488,18.0642226367099,14.7566889144954,339.1494193624,46873.35020854,3387.4233828895,1369.0645353258,6932.3362560906,733.7636349897,22526.84890499,13274.4049556014,346.7821894906,5.08851341879152,9653.9276581312,3754.3052003843,1699.5634818763,3716.9046267562,110.9295925296,1519.4301068511,503.7628284603,295338.845380686,2005.1287126748,2340.7161726441,3762.4468218544,625.6327248404,3616.915338077,1942.5399976236,3342.3900391332,3704.9466202221,256.715501978,9004.8877715644,2467.6745824429,1876.3893231793,5833.4717833026,1862.3959112776,1366.5202786164,641.6615421096,1280.015550497,321.0851967257,169.4474968457,3012.6543695955,3856.0754687602,8813.3052413469,72.2568905468396,357.4680676701,2301.5346193194,4751.9082561384,645.2235015027,1798.2806422009,1016.1761297326,6742.5347055697,0,762.5137358059,1497.2950734794,27.4779724614742,3897.8012787943,2164.3991826829,993.2778193481,926.8727192328,152.9098282346,1160.6899108263,287.2465824907,616.7278263575,922.5474828269,10106.2965010618,302.0032714052,35.8740196024802,15352.044984494,1412.0624737146,593.320664631,29.5133778289908,285.7200284651,112.7105722262,279.6138123625,641.9159677805,6147.6874869129,18.0642226367099,9352.4332380678,1647.1517936628,4123.9857002595,93.1197955638849,2068.7351304096,561.0086044217,35.1107425896615,45.7966207691237,1.78097969657703
"p8600_mo9",172099.628698092,3405.9410929929,100.7845711419,3299.3824057959,0,1961.8871595994,359.5699543346,338.8356285007,0.787379462046604,940.655997325,184.2467941189,2063.9840298448,5247.0967350785,68.2395533773723,8485.8509222969,1169.7834207805,3095.9760447672,291.5928607779,140.1535442442,604.7074268517,1260.5945187366,514.1587887164,85.0369819010332,1492.0840805783,115.7447809208,2261.3538149978,2945.3241076956,373.7427846514,1723.8361022406,257.9980037306,8362.7572663969,778.4558281434,62.7278971430461,13.1229910341101,5346.0440874757,316.5265437427,3789.1324311889,590.7970563556,565.3384537494,1530.1407545772,649.063136547,5.77411605500843,1216.7637286826,544.3416680948,152.751615637,625.4417526856,1003.9088141094,1031.467095281,331.4867535216,0.262459820682201,555.3649805635,6371.9995265224,1482.373067213,353.5333784589,554.8400609221,1.57475892409321,13596.4685506207,1326.7343935485,2156.6323465456,296.0546777295,1560.848553597,6.56149551705503,470.5904584831,955.3537472832,177.1603789604,1833.2818474651,2445.338149296,2967.8956522743,770.3195737022,4374.1553714895,269.2837760199,1015.1945863987,511.0092708682,12.8605312134279,101.0470309626,163.2500084643,502.085636965,10471.8843853991,8038.3569280337,4357.8828626072,125149.766135177,1054.563559501,3932.1730334607,23.3589240407159,12.8605312134279,471.6402977659,48188.1479968935,3138.7569955384,1356.6548131062,8326.5378111428,927.7954661115,24762.2967019036,10319.6576894034,420.9855523742,8.66117408251264,9498.4209104888,4046.3430554574,1538.8019286597,4273.8957199889,110.4955845072,1494.4462189644,515.2086279991,298168.791585118,2045.611842397,2248.2308239637,3221.9567586947,608.644324162,3388.8812046485,1979.2095077644,3711.1818644463,3644.517069993,301.8287937845,6865.1615295843,4111.4330909866,1882.3618339327,6154.4203351769,1783.9394011769,1522.004500136,622.2922348374,1447.9908307037,225.7154457866,190.2833699945,2990.7296566736,2681.0270682686,8864.0555238999,76.6382676392028,389.4903738923,2234.3204534675,4673.8844867086,367.9686685964,1082.3843004933,1055.6133987838,5356.8049401237,1.04983928272881,799.7150736186,1414.3959736563,65.8774149912325,3476.8052445771,1961.6246997787,1582.6327187136,849.3199797276,125.1933344654,1220.9630858136,186.8713923257,869.7918457408,1069.2613094592,10147.2215872152,333.8488919077,67.1897140946435,15744.1772632632,1701.7894773033,639.3521231818,19.9469463718473,317.5763830254,95.5353747283213,261.9349010408,539.8798511432,6144.7093218116,13.6479106754745,8733.8754528416,1746.1451869986,4813.5131113115,97.8975131144611,1478.4361699028,406.8127220574,34.3822365093684,63.2528167844105,1.31229910341101
"p8646_mo1",241770.67299668,5084.0670613309,720.5061263626,2278.2829562867,0,2079.7831750486,3.43425227055589,1555.0294281077,0,258.9426211999,62.5033913241172,736.3036868071,4186.3535178076,16.4844108986683,7846.579587766,590.0045400815,1652.5621925914,783.6963681408,421.7261788242,271.992779828,162.0967071702,940.9851221323,22.6660649856689,240.3976589389,37.7767749761148,11372.1829687187,2141.5997159186,271.3059293739,2482.2775411577,228.721201219,4388.9744017704,664.8712395796,73.492998589896,2.06055136233353,6560.1086872158,0.686850454111178,3354.5776178789,139.4306421845,120.1988294694,1085.2237174956,289.1640411808,113.3303249283,973.9539439296,1248.6941255741,202.6208839627,156.6019035373,716.3850236379,459.5029538003,2420.4610002877,0,165.5309594407,3089.453342592,7643.2718533491,98.2196149378984,78.3009517686743,46.7058308795601,7939.3043990711,607.1758014342,7007.9351832963,1076.2946615922,1015.8518216304,2.06055136233353,218.4184444073,287.7903402725,116.0777267447,85.8563067638972,2161.5183790878,8994.3066965858,594.8124932602,4472.0833067178,153.8545017209,348.9200306884,662.1238377631,175.1468657983,18.5449622610018,59.0691390535613,78.9878022227854,10801.4102413523,4066.1546883381,5228.9925071483,47402.2972400288,329.6882179733,1226.0280605884,6009.2546230186,6.1816540870006,66.6244940487842,42633.4945371349,2870.3480477306,310.4564052582,8731.9298231154,2483.651242066,33108.2524395211,1438.9517013629,284.356088002,23.35291543978,5998.2650157529,2595.6078660861,2160.8315286337,10130.3573476857,72.8061481357848,2682.8378737582,122.2593808317,287049.228632598,309.08270435,724.6272290872,4523.5970907762,721.8798272708,11406.5254914243,622.2865114247,4810.7005805946,918.3190571466,63.8770922323395,2460.9851770803,782.3226672326,235.5897057601,10879.0243426669,250.0135652964,892.9055903445,4475.5175589884,1200.6145937863,64.5639426864507,247.9530139341,1074.9209606839,1920.4338696948,10793.8548863571,26.7871677103359,613.3574555212,1022.0334757174,2869.6611972765,65.9376435946731,57.6954381453389,67.9981949570066,4857.4064114742,0,2250.8089381223,3555.8248009335,43.9584290631154,7268.2515054044,1633.3303798763,622.9733618788,3533.845586402,3175.3096493559,2020.714035995,1474.6679249766,1135.3638006457,1216.4121542308,3934.2794011488,592.0650914438,0.686850454111178,14302.287005957,2344.2205998814,256.8820698375,31.5951208891142,324.8802647945,125.6936331023,8071.1796862604,546.7329614724,10486.8327333694,0,11139.340664775,2046.1275027971,10960.7595467061,3.43425227055589,940.2982716782,18.5449622610018,92.724811305009,660.7501368549,8.24220544933413
"p8646_mo10",165428.944243752,5343.1847646858,446.1394948134,1838.4024010416,0,2235.5924215025,0.699278205036761,759.4161306699,0.699278205036761,1073.3920447314,54.5436999928674,1622.3254356852,3613.8697636299,27.2718499964337,7766.8830233433,1858.6814689877,1164.9974895912,531.4514358279,212.5805743311,497.1868037811,2294.3317907256,457.327946094,537.7449396732,994.3736075622,70.6270987087129,4471.184843005,2115.3165702362,164.3303781836,910.4602229578,64.333594863382,5480.9425710781,709.0680999072,20.2790679460661,1.39855641007352,7524.2334861955,57.3408128130144,3124.3750201042,156.6383179282,442.6431037882,1036.3302998644,701.3760396518,118.8772948562,681.0969717058,1771.2716933581,188.8051153599,3018.0847329386,906.9638319326,1659.3871805522,1225.1354152244,0,318.8708614967,3620.1632674753,3760.0189084826,333.5557038025,481.1034050652,66.4314294784923,7210.956850339,1234.9253100949,8032.6087412572,346.8419896982,1800.6413779696,4.19566923022057,344.7441550831,831.4417857887,760.8146870799,474.8099012199,1376.1795075123,7734.7162259116,349.6391025183,3858.6171353928,326.5629217521,1448.2051626311,351.7369371334,918.1522832132,90.2068884497422,321.6679743169,346.1427114931,5878.831869744,8857.7570232006,3124.3750201042,138067.586637073,616.7633768424,5586.5335800386,1834.9060100164,18.8805115359926,39.1595794820586,42825.8951110663,2968.435980381,1588.7600818435,11988.4255471502,1822.3190023257,27097.7297233795,1968.4681471784,518.8644281372,13.9855641007352,9799.6847653851,2469.8506201898,2269.8570535493,8252.8813758438,196.4971756153,1991.5443279446,1514.6365921096,267352.93829709,2183.1465561247,2457.9628907042,3141.1576970251,789.4850934865,4957.1831955055,2281.7447830349,3328.5642559749,4547.406167354,1436.3174331455,3233.4624200899,653.1258435043,253.8379884283,4925.7156762789,2110.4216228009,992.2757729471,3063.537816266,806.2677704073,626.5532717129,332.8564255974,3192.9042841978,2457.9628907042,6945.2311324251,32.166797431691,447.5380512235,4225.0389148321,1826.514671556,249.6423191981,1039.8266908896,1577.5716305629,10883.5659831921,15.3841205108087,1756.5868510523,4604.746980167,20.2790679460661,3885.8889853892,888.0833203966,478.3062922451,1718.1265497753,1706.2388202896,1079.6855485767,1073.3920447314,351.7369371334,1174.0881062567,12326.876198388,1125.8379101091,1.39855641007352,14124.7204635375,4077.4912135693,135.6599717771,576.2052409502,111.1852346008,304.1860191909,2226.501804837,187.4065589498,5738.9762287366,0.699278205036761,15400.2039095245,6657.1285119499,10247.2228166086,29.369684611544,1402.7520793037,16.0833987158455,37.0617448669483,725.8507768281,5.59422564029409
"p8646_mo11",191072.902769602,4359.0484915407,538.5239705866,1554.9618400381,0,2801.2999815383,0,542.0073080419,1.39333498211306,841.5743291962,53.6433968113529,1731.9153827665,5107.9660444264,12.5400148390176,7397.2154200382,3130.1270373169,1585.6152096446,597.7407073265,449.3505317314,419.393829616,1351.5349326496,537.1306356045,230.5969395397,505.780598507,117.0401384974,3773.8477990532,2046.809088724,141.4235006844,989.2678373002,69.6667491056531,5642.3100100668,715.477513315,24.3833621869786,2.78666996422612,8273.6231237873,100.3201187121,3410.1873687217,217.3602572096,345.547075564,1150.8946952253,752.400890341,146.3001731218,701.5441634939,1469.9684061292,207.6069123348,1576.5585322609,1432.3483616122,1439.3150365227,1045.6979040758,0,292.6003462437,5259.1428899857,2900.9234327593,534.3439656403,291.2070112616,56.430066775579,7911.3560284379,879.1943737133,8371.8532400263,378.9871151347,1177.3680598855,2.78666996422612,264.7336466014,934.9277729978,666.01412145,230.5969395397,2031.4824039208,9751.2548723182,515.5339433818,4310.2817671667,229.9002720486,1276.9915111066,399.1904723753,546.8839804793,52.9467293202963,213.8769197543,250.8002967803,6387.0475580062,6309.717466499,3495.1808026306,94534.2951989159,563.6040002647,3621.9742860029,1665.0353036251,25.7766971690917,54.3400643024094,45771.7508299051,3600.3775937801,1039.4278966563,13816.3096826331,1353.6249351228,33237.309330816,1981.3223445647,590.0773649248,28.5633671333178,7823.5759245648,3434.5707309086,2487.1029430718,10149.7486772026,137.9401632291,2694.0131879156,812.3142945719,277597.611823841,1475.5417460577,1649.7086188218,3396.9506863916,824.8543094109,4825.8157105485,1553.568505056,3679.7976877605,2846.5833684569,808.8309571166,4449.615265378,943.2877828905,300.9603561364,5064.7726599809,1261.6648263033,870.8343638206,3296.6305676795,778.1775875101,303.7470261006,590.0773649248,2454.3595709921,3141.9703846649,9256.6209536681,49.4633918650137,384.5604550632,3509.1141524517,2420.9195314214,96.8367812568578,524.5906207655,869.4410288385,11510.340287236,58.5200692487486,1743.7587301144,3180.9837641641,39.0133794991657,3348.8806295087,994.8411772287,580.32402005,1525.0051379227,1220.561444331,1371.7382898903,998.324514684,521.8039508013,1584.9185421536,8114.7829358264,1048.48457404,5.57333992845225,15544.7417279443,4141.688234331,149.086843086,296.083683699,119.8268084617,179.0435452015,1728.4320453112,184.6168851299,6536.8310685834,0,16094.4123783879,5581.0032708538,14087.3133366541,10.450012365848,1809.9421417648,8.36000989267837,23.6866946959221,458.4072091151,9.75334487479144
"p8646_mo12",160716.730433825,3390.2039711966,381.5498376185,1736.8213415162,0,2481.2890713919,1.62016916186219,503.8726093391,3.24033832372438,1262.9218616715,35.6437215609682,1957.1643475295,4209.1994825179,12.9613532948975,7815.6960368232,1870.4852973698,1181.1033189975,554.9079379378,298.9212103635,505.492778501,2567.9681215515,439.8759274455,584.8810674322,1352.0311655739,150.6757320531,3359.4207571212,2243.9342891791,204.1413143946,852.2089791395,51.035328598659,3478.5031905181,797.9333122171,22.6823682660707,0.810084580931095,6243.3218652359,59.1361744079699,3030.5264172632,144.1950554057,486.8608331395,834.387118359,747.7080681994,149.0555628913,804.4139888645,1676.8750825273,223.5833443369,3111.5348753563,988.3031887359,1836.4617449707,908.1048152237,0,264.0875733835,3531.1586882786,2889.5717001812,777.6811976938,567.0592066517,52.6554977605212,7913.7162711158,1278.3134687092,7963.1314305526,326.4640861152,1746.5423564874,1.62016916186219,335.3750165054,804.4139888645,879.7518548911,608.3735202792,1279.9336378711,7232.4351385528,369.3985689045,3952.4026703628,405.8523750464,1518.9085892458,272.1884191928,1121.1570600086,55.8958360842456,285.9598570686,311.0724790775,6096.6965560874,8831.5421013107,2904.9633072189,150399.493211086,623.7651273169,6252.2327956261,1190.0142493877,71.2874431219364,31.5932986563127,43233.4039997116,2500.7311013342,1749.7826948111,12409.6856952834,1957.1643475295,27032.5224656706,2312.7914785582,471.4692261018,15.3916070376908,10395.0053425078,2614.9530272455,1975.7962928909,8242.6106109738,171.7379311573,1967.6954470816,1584.5254403012,271591.386856702,2627.9143805404,2170.2165923144,2970.5801582743,860.3098249488,4073.9153575024,2572.8286290371,3195.7836717731,5002.2722872495,1675.2549133655,3048.3482780437,761.4795060752,356.4372156096,4483.0080708726,2252.0351349884,1040.9586864964,3041.8676013962,813.3249192548,633.4861422881,255.9867275742,3416.1266777864,2864.4590781723,6890.5794453998,37.2638907228304,425.2944049888,4291.8281097729,1701.1776199552,319.9834094677,1127.637736656,1782.9961626293,7315.8738503887,45.3647365321413,1855.9037749131,3770.9437242342,31.5932986563127,2879.0406006291,837.6274566827,442.3061811883,1487.3152905894,1275.0731303855,968.0510742126,997.2141191261,473.8994798446,1063.6410547625,13060.1836137711,1051.4897860485,0,14148.9372905425,4342.0533537906,146.6253091485,604.3230973745,127.1832792061,191.9900456806,2200.9998063897,134.4740404345,7534.5966872401,0.810084580931095,11382.4984466628,4469.2366329968,10674.484522929,7.29076122837986,1629.0800922524,5.67059206651767,19.4420299423463,486.8608331395,0.810084580931095
"p8646_mo2",227244.872154068,4934.5056522519,664.7547752688,1923.4341011329,0,1901.3980312345,0.524668330914612,1092.8841332951,0,647.9653886795,42.4981348040836,628.5526604357,3771.8406309451,15.2153815965238,6618.6909944878,400.8466048187,1797.5137017134,663.7054386069,171.566544209,209.8673323658,75.5522396517042,714.5982667057,5.77135164006074,194.1272824384,65.0588730334119,7715.7724744302,1763.410260204,177.3378958491,1380.9270469672,107.0323395065,3363.1240011626,497.9102460379,34.1034415094498,1.57400499274384,6571.4708447055,0,3299.114464791,156.8758309434,125.9203994195,938.6316440062,235.0514122497,67.1575463570704,928.6629457188,1238.2172609584,171.0418758781,53.5161697532905,1231.9212409875,401.8959414805,1912.9407345146,0,113.3283594775,4269.2262086522,5833.2625031086,107.0323395065,76.6015763135334,54.0408380842051,10277.7279342863,369.3665049638,10611.416992748,705.6789050801,848.9133594198,0,205.6699857185,304.8323002613,415.5373180843,38.3007881567667,1816.9264299573,8411.482681223,982.703783803,4142.7811409017,105.4583345138,958.04437225,395.0752531787,129.0684094049,17.8387232510968,46.6954814514005,85.5209379390818,26012.0065100846,3354.729307868,6371.0475422961,41852.7927570586,397.1739265023,1158.9923429903,18688.1612788475,7.34535663280457,18.3633915820114,40865.8916266082,4058.8342079554,288.0429136721,16865.9881655811,2637.5076995077,42596.2477819646,1180.5037445578,369.8911732948,4.72201497823151,5542.5962477819,3009.4975461262,2234.0377530344,11195.8975133869,87.6196112627402,3070.3590725123,96.5389728882887,271083.534543638,227.181387286,718.795613353,4055.161529639,705.6789050801,8564.1611655192,577.135164006,4619.1799853722,836.3213194778,97.5883095501179,2120.1847252259,799.5945363138,75.5522396517042,8541.0757589589,219.3113623223,2450.2011053712,4895.1555274333,798.0205313211,86.570274600911,122.2477211031,1149.023644703,1978.524275879,10481.8239150121,18.3633915820114,716.1722716984,914.4969007841,5452.3532948646,55.0901747460343,15.7400499274384,18.3633915820114,3393.0300960247,2.09867332365845,1284.3880740789,3738.2618577666,37.7761198258521,7374.7380593357,1700.4500604942,763.9170898116,2608.6509413074,8192.6959872316,1511.044793034,3440.2502458071,1245.5626175912,1533.6055312634,4088.2156344866,674.7234735561,1.57400499274384,12730.0277129812,2686.8265226137,114.9023644703,8.91936162554841,212.4906740204,190.9792724529,3479.6003706257,346.2810984036,10754.6514470877,2.09867332365845,12429.917427698,1377.7790369817,10429.8817502515,9.44402995646302,952.7976889409,11.0180349492069,26.7580848766452,797.4958629902,7.87002496371918
"p8646_mo3",239559.451904548,3751.2091460953,627.7404137882,2117.4337921106,0,2674.7200239671,0.6347223597454,924.1557557893,0,384.0070276459,86.9569632851198,959.0654855752,4326.2676040246,17.1375037131258,7346.911314053,795.9418391207,1287.2169455636,755.319608097,376.390359329,199.30282096,68.5500148525032,945.7363160206,0,1405.910026836,57.125012377086,6860.713986488,2228.5102050661,387.1806394446,2572.5297240481,213.2667128744,6411.3305557882,966.6821538922,9.520835396181,0.6347223597454,6851.1931510918,1.2694447194908,3344.3521134985,162.4889240948,118.0583589126,959.700207935,255.1583886176,136.4653073452,1154.5599723768,1921.939305309,236.751440185,55.8555676575952,791.4987826025,549.0348411797,1653.4517471367,0,272.2958923307,3682.6591312428,5344.996991416,590.9265169229,65.3764030537762,38.7180639444694,10964.8287646017,465.2514896933,10461.4939333236,644.2431951415,864.4918539732,1.2694447194908,394.7973077616,308.4750668362,368.773691012,31.1013956275246,1716.9239831113,9079.7033561579,582.0404038865,4389.1051176394,137.7347520647,410.6653667552,425.8987033891,142.1778085829,19.041670792362,69.1847372122486,140.9083638634,15504.3630815008,3755.6522026135,4823.889934065,42448.3272526931,447.4792636205,1174.2363655289,7999.4058998712,6.347223597454,52.0472334991228,43350.902448251,3256.7604278536,335.1334059455,13327.2653875741,1833.7128973044,37811.6804147529,789.5946155232,219.6139364719,7.6166683169448,6181.5610615604,2656.3130755344,1918.7656935103,10824.555123098,292.6070078426,2656.3130755344,144.7166980219,284206.457411399,205.6500445575,680.422369647,4514.1454225092,1075.2196774087,7504.9571816296,625.2015243492,4695.0412950367,668.3626448119,51.4125111393774,2330.7005049851,752.1459962982,270.3917252515,7947.9933887319,171.3750371312,1357.6711274954,4580.1565479228,875.2821340889,33.0055627067608,190.4167079236,1179.3141444069,2922.8964666275,9367.2325851226,29.1972285482884,743.2598832618,1059.351618415,3357.6812830531,310.3792339155,33.6402850665062,0,5312.6261510689,1.9041670792362,1371.00029705,2573.7991687675,24.1194496703252,5063.180263689,1517.6211621512,644.2431951415,2611.2477879925,3955.5897459333,1550.626724858,1885.1254084438,971.1252104104,1419.8739187504,3416.0757401497,417.0125903527,1.9041670792362,13819.8099387365,3642.0369002191,133.2916955465,0.6347223597454,286.8945066049,121.8666930711,3720.7424728275,308.4750668362,13713.8113046591,8.8861130364356,13334.2473335313,2191.6963082008,12088.9220637108,3.8083341584724,1612.1947937533,16.5027813533804,27.9277838287976,545.2265070212,5.7125012377086
"p8646_mo4",216600.604597002,4915.9357773431,220.2706345974,2674.2231731591,0,1905.5704378452,13.7669146623377,628.6891029134,0,548.3821007164,49.3314442067102,1662.3549454772,4518.9897379123,10.3251859967533,7777.1595413322,1102.5004158755,1819.5272212056,547.2348578279,385.4736105454,317.7862801222,449.719212303,696.3764333365,40.1535010984851,1081.850043882,39.0062582099569,4158.7554709145,2637.5114007262,236.3320350367,1191.9853611807,126.196717738,5774.0734579621,1442.0843108798,11.4724288852814,12.6196717738096,7668.1714669221,14.9141575508659,3454.3483373582,282.2217505779,301.7248796829,2226.7984466331,625.2473742478,142.2581181774,1302.1206784794,1475.3543546471,207.6509628235,671.1370897889,1115.1200876493,1446.6732824339,1043.9910285606,0,471.516827185,4751.8800442835,2942.6780090746,374.0011816601,299.4303939058,232.8903063712,6137.7494536255,741.1189059891,8976.0283598442,246.6572210335,1146.0956456396,3.44172866558443,348.7618381125,972.8619694718,174.3809190562,329.2587090075,1380.1331948993,6282.3020575801,605.7442451428,4486.8669370335,158.3195186168,1080.7028009935,466.9278556309,231.7430634826,57.3621444264072,95.221159747836,273.0438074696,9545.0608325541,4811.536674487,4966.4144644383,66690.3763530295,570.1797155984,2250.8905472922,3980.9328231926,2.29448577705629,129.6384464036,47323.7691517859,3804.2574183593,540.3514004967,16460.6409646018,1291.7954924826,35722.8490629893,3754.9259741526,340.7311378928,2.29448577705629,7048.6603071169,2819.9230200021,2022.5892124751,8576.7878346364,130.7856892922,2252.0377901807,212.2399343777,291091.085349135,684.9040044513,1194.2798469577,4463.922079263,811.1007221893,4920.5247488972,1174.7767178528,3641.3489281883,1661.2077025887,564.4435011558,2642.1003722803,1032.5185996753,516.2592998376,5733.9199568636,675.726061343,2277.2771337283,2839.4261491071,1096.7642014329,245.509978145,391.209824988,2319.7251206039,2131.5772868852,8857.8623423258,59.6566302034635,339.5838950043,1486.8267835324,4569.4684250076,290.2524507976,113.5770459642,287.9579650205,8854.4206136602,11.4724288852814,711.2905908874,1803.4658207662,53.9204157608228,4427.2103068301,1439.7898251028,620.6584026937,1540.7471992932,3970.6076371959,2603.0941140703,2233.6819039642,933.8557112619,1248.2002627186,5202.7464994751,641.3087746872,4.58897155411258,16053.3697391743,3746.8952739329,250.0989496991,25.2393435476192,152.5833041742,49.3314442067102,1004.9847703506,295.9886652402,6820.3589722998,165.202975948,15561.2025399957,6543.8734361645,9034.5377471591,20.6503719935066,1427.170153329,10.3251859967533,12.6196717738096,314.3445514567,2.29448577705629
"p8646_mo5",240829.033748436,4382.4764942321,590.3526181855,2625.9191133577,0,4149.1355384275,0.833360556444844,993.5324553935,0,336.0109763585,65.1687955139868,1123.036685865,4566.6491772064,12.5004083466727,7382.4078253222,1528.7166047424,1621.8863149529,682.8556399509,485.5158601847,218.3404657885,150.5049164939,779.858808721,18.5006043530755,1139.7038969939,96.6698245476019,6276.2050226974,2410.7454176836,345.1779424794,1989.2316482338,183.8393387517,4500.8136932473,624.1870567771,28.3342589191247,0.333344222577937,6705.3857092665,8.0002613418705,3427.7786407689,163.3386690631,145.1714089326,977.5319327098,364.1785631663,220.6738753465,967.3649339211,1582.3850245774,398.8463623145,149.0048674923,1012.866420303,985.8655382742,1429.5466985254,0,657.5214790349,3054.9331278155,4563.8157513145,298.6764234298,99.1699062169364,42.501388378687,7592.7480297689,624.687073111,9210.8008861622,468.6819769445,933.6971674408,2.33340955804556,206.8400901096,496.3495474185,438.0143084674,42.834732601265,2026.0661848287,8477.4435964908,578.518898284,4327.8080417293,135.3377543666,997.0325697306,390.8461009726,148.5048511584,48.001568051223,68.8355819623441,160.0052268374,10532.1773844612,3824.7916098592,4970.3290307483,47911.7317832382,566.1851620486,1259.8744892333,4882.492828099,11.0003593450719,100.5032831072,45895.3325808643,2682.9209754185,755.5246804728,14050.7923258826,1366.5446404582,38380.0870828447,1724.5563355069,283.3425891912,6.83355656284772,5845.690959238,2735.7560346971,2487.5812609878,8929.2916901952,102.8366926652,2874.2605591782,179.3391917469,285879.838741399,618.0201886594,705.5230470862,4083.4667265797,844.3609157899,6670.0512216732,699.3561789685,4600.6502879094,873.0285189316,275.3423278493,1616.5528073917,924.1968570973,359.8450882728,7073.8977473264,337.3443532488,1213.8729865175,4105.9674616037,1090.702296275,70.8356472978117,357.5116787148,1599.2189078176,5573.8487457256,9349.8054269772,32.167717478771,541.1843453552,1291.3755182669,3004.9314944288,332.1775177989,60.5019763978957,59.8352879527398,7939.9260375838,7.33357289671463,1485.215183696,3178.4371622806,49.3349449415348,4830.6578014881,1616.5528073917,629.1872201158,2148.9035308486,3299.774459299,1258.7077844542,1709.055829157,989.3656526113,1506.7158860522,3741.7888984373,814.5266078691,1.33337689031175,14847.3183457326,3707.1210992892,160.0052268374,22.5007350240108,271.5088692897,137.0044754795,2912.761816886,267.8420828413,7796.9213660979,9.16696612089328,14164.1293615591,1866.8943185477,13670.1132236986,1.33337689031175,2901.4281133183,22.5007350240108,107.5035117813,551.3513441439,2.16673744675659
"p8646_mo6",211967.064919711,2827.8717491089,450.7592476076,2062.5201099417,0,2497.2161168178,0.494253560973343,633.3859383873,0.494253560973343,540.2191421438,80.3162036581683,1575.680352383,4298.0289662241,4.44828204876009,7037.4293279189,3079.1996848639,1061.1623954097,713.455015265,649.6963058994,241.6899913159,581.2421877046,456.1960367783,91.1897819995819,1392.8065348228,47.9425954144143,4724.8169161246,2740.8831223776,144.3220398042,2647.7163261342,254.2934571207,7142.9524631867,820.7080379962,20.5115227803938,0.247126780486672,6063.5026860209,0.247126780486672,3328.5506063749,182.3795639991,179.1669158528,1712.3414619921,345.4832391203,113.9254458043,952.4266119956,3745.9477386169,259.483119511,597.0583016557,844.9264624839,1231.6798739455,1311.5018240427,0,417.8913858029,3125.1652660344,3219.8148229608,150.9944628773,150.7473360968,33.856368926674,5049.5415056841,532.0639583878,15846.5105451468,259.9773730719,912.6392003372,1.48276068292003,273.8164727792,1566.7837882854,794.2654724841,60.7931879997212,2785.1188160847,8164.3274469381,472.5064042905,4169.5230403711,92.6725426825019,1225.7488312138,438.4029085833,371.9258046324,28.9138333169406,99.0978389751554,146.5461808285,7629.545093965,4252.5576386146,4714.4375913442,61097.1539397198,462.8684598515,1809.2151599429,4386.9946071993,8.40231053654684,84.7644857069284,48768.7402415812,2898.3028815476,1083.8980592145,19815.1195129823,1719.0138850652,41715.2476729306,1346.0995733109,184.1094514625,4.44828204876009,7008.2683678215,2953.1650268157,2145.3075814047,9002.3343595684,109.2300369751,2632.394465744,459.4086849247,286051.966807908,471.5178971685,988.5071219466,4592.1098350033,1054.9842258976,4860.2423918313,940.5645265322,3256.6367132533,1844.0600359915,252.5635696573,1767.9449876016,659.8285038994,300.7532918522,5420.7259299751,513.0351962903,1084.8865663364,3491.4071547156,881.5012259959,159.6439001943,516.9892247781,1897.6865473571,2818.23380467,9488.9269903467,21.2529031218538,467.5638686807,1462.990540481,3072.7743885712,346.4717462423,175.707140926,295.8107562425,10647.4573372682,10.3793247804402,1063.1394096536,1980.9682723811,70.6782592191881,4698.3743506126,976.3979097028,438.6500353638,1749.9047326261,2652.4117349634,1652.7839078948,1133.8176688728,686.023942631,1551.9561814562,4525.3856042719,675.1503642895,1.48276068292003,14011.5942000333,7058.9293578212,224.3911166818,105.0288817068,206.8451152673,23.2299173657471,993.2025307759,333.3740268765,5792.6517346075,19.5230156584471,22368.1862821901,1734.5828722359,13086.5986606717,4.94253560973343,1632.7666386754,21.9942834633138,6.67242307314014,360.8050995105,4.69540882924676
"p8646_mo7",231595.200989325,3810.6306273894,596.523953353,1782.6672270321,0,4738.2135642969,0.545102607389302,654.1231288671,0,570.3590281983,44.516712936793,986.0906167672,4952.9839916083,8.9033425873586,7149.2023967798,1847.5344373114,1622.7704621979,718.0818348008,692.2803113844,208.4108968918,131.3697283808,564.7263012553,24.8930190707781,742.6114521333,30.3440451446711,4969.33706983,2492.0274201147,216.9508377409,1506.1185042166,153.7189352837,7911.6192436483,789.853678107,19.8053947351446,12.1739582316944,6741.6473473217,10.175248671267,3674.3549755421,236.0294289995,127.7357109982,2091.3770036836,362.3115330447,92.3040415179218,675.018728817,2229.1062624839,422.6362215958,225.8541803283,1184.689666726,767.322770335,1265.0014508814,0,335.4198044135,3647.2815460418,3428.5136996095,65.4123128867162,80.8568867627465,55.7821668228386,10777.5870524321,442.0782145927,10448.5267784381,305.4391610071,805.4799528522,0.181700869129767,165.347790908,965.1950168173,218.4044446939,21.9858051647018,2037.2301446829,9075.9584130318,775.4993094458,4366.6352869265,87.2164171822883,997.3560706532,178.4302534854,79.5849806788381,31.979352966839,70.31823635322,226.944385543,8681.8492278894,3992.6948982575,5103.795712986,48346.2404545719,654.1231288671,1352.2178680637,6139.4906670257,15.8079756142898,128.6442153438,46464.3645529949,2959.5437563856,381.7535260416,17247.4098995357,1225.3906614111,38496.4180399164,2080.4749515358,494.9531675094,5.63272694302279,5626.0040108649,2791.8338541788,2413.3509437815,8317.1755835459,107.930316263,2957.5450468252,217.6776412174,284793.944854876,810.9309789261,571.6309342822,4898.2920300002,1217.3958231694,5583.4860074886,581.2610803461,4679.524183568,978.6408811329,300.5332375406,6704.5803700192,954.4746655386,327.9700687792,6095.3373558271,311.4352896884,1487.7667164345,4102.9873258192,871.2556674772,78.3130745949297,364.6736443434,1402.0039062052,6704.5803700192,10562.8166251207,15.62627474516,495.1348683786,1169.4267937191,3807.7234134834,170.9805178511,56.3272694302279,58.6893807289148,7445.1931125922,0.181700869129767,1066.0389991843,1971.9995326653,47.9690294502586,5130.5057407481,1243.0156457167,278.1840306376,1448.5193287025,3191.3940653952,841.638425809,1639.3052412887,643.7661793267,1570.6223127577,3784.2840013656,1010.8019349688,0.363401738259535,14827.6994253346,4801.2637658849,115.0166501591,28.890438191633,178.4302534854,60.6880902893423,1057.1356565969,232.0320098787,7151.2011063402,12.9007617082135,15819.604469914,1010.8019349688,11613.9561530364,2.36211129868697,3662.7261199178,23.8028138559995,71.4084415679986,310.3450844736,5.08762433563349
"p8646_mo8",231314.180341603,3059.0520808613,572.429320289,1877.1939225527,0,3650.6190827351,0.85056362598676,532.4528298677,0,461.8560489108,45.9304358032851,888.8389891561,6196.3560153135,9.78148169884774,7605.3146617606,1946.5148580707,1545.0488266049,725.1054911537,681.7267462283,312.5821325501,99.0906624274576,524.7977572338,13.6090180157882,1413.211464577,20.8388088366756,3927.0522611808,2148.0984374295,159.9059616855,1747.0576877768,153.1014526776,7418.6159458565,740.8409182344,18.2871179587153,0,6415.8014308181,7.65507263388084,3929.1786702458,272.6056421287,145.0210982307,1616.0708893748,301.5248054123,90.58502616759,671.5199827165,2023.4908662225,299.3983963473,97.389535175484,1514.8538178824,770.185363331,991.7571879005,0,293.8697327784,5054.8996292393,2722.2288849706,70.5967809569011,51.8843811851924,23.8157815276293,10279.9119836759,475.0397851136,7721.4165967078,342.3518594596,832.701789841,1.27584543898014,200.3077339198,770.610645144,271.3297966897,78.2518535907819,2507.0362875959,9330.2576952617,602.6243290116,4990.2567936643,82.9299535337091,1125.2956771804,247.0887333491,34.0225450394704,53.5855084371659,85.9069262246628,199.4571702938,6659.0626278503,3798.6171536568,3933.0062065627,45671.439179172,511.188739218,1477.8543001519,2849.3881470556,16.5859907067418,53.5855084371659,48492.3334447571,3845.3981530861,475.4650669265,15488.7636292189,864.5979258155,39892.284622405,1053.8483325975,536.2803661846,18.7123997717087,5512.9281418331,3488.1614301717,2940.3984550362,9574.7947377329,130.1362347759,2973.9957182627,181.1700523351,302371.966783789,664.2901918956,609.0035562065,3796.0654627789,1230.7655668028,4778.4664507936,652.3823011318,4093.3374500612,801.6562174925,236.8819698373,6098.541198325,1076.8135504992,338.0990413297,5439.7796699983,326.6164323789,2128.1101922188,3714.4113546841,611.1299652714,181.1700523351,286.2146601445,1599.0596168551,4681.9274792441,10864.2491947288,18.7123997717087,524.7977572338,1198.4441490153,3164.5219704837,345.7541139636,20.8388088366756,51.0338175592056,7113.6888859402,27.2180360315763,1102.3304592788,1717.7132426802,45.0798721772983,4112.9004134589,961.136897365,399.7649042137,1578.6460898314,1378.3383559115,777.8404359648,969.2172518119,657.4856828877,1743.6554332728,4077.6020229805,485.6718304384,4.67809994292718,16188.352211593,4165.2100764571,114.4008076952,16.1607088937484,166.2851888804,76.5507263388084,996.4352878434,255.594369609,7592.5562073708,15.7354270807551,16027.5956862815,1804.8960143439,12680.2025362106,1.70112725197352,2581.8858866828,9.78148169884774,59.9647356320666,341.0760140206,1.27584543898014
"p8646_mo9",200790.413826657,5776.3598569906,526.8976896579,2009.3441907006,0,2593.440224702,1.34584339631656,956.894654781,0,431.3428085194,111.7050018942,1851.2075916334,4814.7547503224,57.8712660416121,8096.5938722404,941.4174557234,2137.8722350488,536.3185934321,222.7370820903,236.1955160535,940.0716123271,408.463470782,237.5413594498,1128.4896878114,137.9489481224,7620.8382316425,2191.0330492033,181.0159368045,2780.51245679,202.5494311456,3598.7852417504,851.9188698683,11.4396688686908,0,8007.7682080835,31.6273198134392,3281.1662002197,1049.7578491269,316.2731981343,538.3373585266,534.2998283376,160.8282858598,784.6267000525,1252.3072802725,214.6620217124,1343.824631222,969.680167046,1521.4759595358,2066.542535044,0.672921698158281,302.141842473,4548.2777578518,4793.2212559814,310.2169028509,626.4901009853,29.6085547189643,10188.0345101163,1026.8785113895,4882.7198418364,242.2518113369,1364.6852038649,10.0938254723742,228.1204556756,736.1763377851,874.7982076057,273.8791311504,421.9219047452,6400.8311928815,606.3024500406,4096.0743766894,235.5225943553,1131.181374604,304.1606075675,470.3722670126,49.1232839655545,208.605726429,142.6594000095,6874.5680683849,6035.4347107816,3909.0021446014,96048.805664924,619.7608840037,3205.1260483278,3528.1284634438,10.7667471705325,41.0482235876551,44713.6280775232,4070.5033521594,926.6131783639,8361.0520996166,1586.076442559,26402.7557489382,1989.1565397558,565.2542264529,12.7855122650073,7916.9237788321,2361.9551605355,2093.4594029704,6447.9357117526,187.7451537861,2339.7487444963,997.2699566705,279300.188350783,1464.9505368905,1631.8351180338,3103.5148719059,561.216696264,5579.8667211284,1610.3016236927,4250.1734455677,2724.6599558428,742.2326330685,2956.1450200093,658.1174207987,311.5627462472,6871.8763815923,1041.0098670508,463.643050031,3213.8740304039,600.2461547571,410.4822358765,325.6941019086,1986.4648529632,3297.9892426737,8256.0763147039,92.8631943458427,497.9620566371,3117.6462275673,2475.0060058261,279.9354264338,558.5250094713,776.5516396746,12469.911988571,14.1313556613239,1026.8785113895,5489.6952135752,45.0857537766048,6101.3810372011,1890.9099718247,423.9406698397,2383.4886548766,2215.9311520352,777.2245613728,1375.4519510355,380.2007594594,1032.2618849748,8048.143509973,445.4741641807,0.672921698158281,14578.1756689009,3161.3861379476,150.0615386892,316.2731981343,422.5948264434,350.5922047404,1486.4840312316,666.1924811766,6860.4367127236,15.4771990576405,16117.1475925889,9268.8234704321,10082.3858035055,69.3109349103029,1909.078857675,20.1876509447484,40.3753018894968,994.5782698779,2.01876509447484
"p8649_mo1",323295.551989929,9580.6899599741,167.9680626306,942.5184643961,0,1874.4342936096,1.30207800488912,1101.7440032797,0.744044574222352,248.1388655031,394.5296354814,1081.2827774886,8847.6200432215,28.8317272511162,7130.1791547728,483.0709398138,2322.3491272915,352.4911170378,546.8727620534,126.3015664742,34.2260504142282,792.4074715468,0,771.388212325,18.97313664267,4329.7813885434,2291.0992551741,236.7921857462,1662.3815899562,118.6751095884,3083.5067267209,706.2843120805,26.2275712413379,0,5517.6485512894,128.905722484,2511.3364491439,353.0491504685,113.2807864253,976.3724925232,374.998465408,395.2736800556,1899.7318091332,1157.9193686335,148.2508814138,3048.3506205889,1448.6547860109,1025.4794344219,1341.88438961,0,589.4693139276,3166.0956744596,3101.5498076458,148.4368925573,107.3284298315,4.83628973244529,9795.7188419243,265.6239129973,8826.2287617126,48.7349196115641,652.527091593,41.4804850128962,53.757220487565,375.5564988387,423.9193961631,565.6598875525,430.0577639005,8029.7290450076,938.798241525,3543.1402624468,68.638111972012,272.878347596,341.8884818551,1.67410029200029,99.7019729457952,50.2230087600088,75.1485019964576,12218.6999978794,2154.3810646608,8280.8440888076,31180.8619830796,169.6421629226,651.5970358752,1613.6466703447,4.46426744533411,227.3056174249,39802.8505091683,6054.1046893037,498.1378424418,16837.3566923647,261.3456566956,27737.4236935786,644.156590133,1312.4946289282,5.58033430666764,2340.5782193599,2547.7946332808,4802.8077266052,5461.1011636485,88.54130433246,3423.7211082841,257.6254338244,246034.52143611,132.9979676422,399.3659252138,4791.4610468483,248.1388655031,5981.3743321734,374.6264431209,2961.669427692,308.034453728,1545.1945695162,2484.3648333284,833.1439119854,289.8053616596,8477.2718564023,564.3578095476,2225.2513103555,1696.793651514,401.4120477929,809.892519041,292.5955288129,918.709038021,2950.3227479351,7595.0210025182,96.5397835053502,833.7019454161,956.6553113063,3377.5903446823,210.0065810742,3.72022287111176,3.90623401466735,8438.0235051121,18.2290920684476,1402.152000122,12139.4592507247,83.3329923129035,6301.8715325197,2069.3739720559,1938.6081381363,3010.0323250165,4368.6577175465,1283.6629016771,2516.9167834506,2122.0151256821,988.8352391415,1371.6461725789,1163.6857140837,4.27825630177853,13423.1221524019,3178.1863987907,100.44601752,13.3928023360023,295.1996848227,82.7749588822367,34.2260504142282,401.9700812236,5474.3079548409,8.92853489066823,11492.5124934384,2276.7763971203,9980.6139186186,580.9128013241,1439.9122622638,0,211.3086590791,342.0744929987,8.74252374711264
"p8649_mo10",220486.226008353,9367.6732326855,441.2054084723,1302.4383658104,7.05928653555807,2276.6199077174,319.432715734,655.6312369899,189.7183256431,579.7439067327,131.4792117247,1410.0924854777,9445.3253845766,18.5306271558399,7618.734993501,1743.6437742828,2105.4322092301,390.0255810895,360.0236133134,184.4238607414,789.7576811655,573.567031014,0,661.8081127085,39.7084867625141,2901.3667661143,2261.6189238294,640.6302531018,2392.2157247372,164.1284119517,2225.4400803346,1720.7010930422,15.0009838880609,3.52964326777903,4646.775362031,113.8309953858,2920.7798040871,1288.3197927393,400.6145108929,1180.665673072,622.099625946,448.2646950079,1617.4590274597,805.6410758705,103.2420655825,617.6875718613,1398.6211448574,1073.0115534048,1410.0924854777,1.76482163388952,697.1045453863,2556.3441366889,2311.9163403952,131.4792117247,247.0750287445,149.1274280636,12413.7553727788,871.8218871414,4644.1281295802,273.5473532528,1049.1864613473,6.17687571861331,272.6649424359,603.5689987902,369.7301322998,1022.7141368389,976.8287743578,4309.6944299582,953.0036823003,4042.3239524239,192.3655580939,1215.0796949329,565.6253336615,243.5453854767,240.0157422089,157.9515362331,246.1926179275,10005.6562533366,5356.2336588546,6547.4882617301,73989.264590001,555.9188146751,2613.7008397903,2498.9874335875,7.94169735250283,382.966294554,47349.2820264387,5805.3807646795,4865.6132446333,14879.2111953225,495.9148791229,37926.8993231026,2652.5269157359,782.69839463,15.8833947050057,5853.0309487945,2616.3480722412,2863.4231009857,6646.3182732279,109.4189413011,2513.9884174756,3331.1008339664,268638.501878211,1342.1468525729,1033.3030666423,3423.7539697456,492.3852358551,4171.1559316978,1229.198268004,3115.7925946319,2179.5547178535,1185.0777271568,1739.2317201981,1705.7001091542,706.8110643727,6917.2183940299,963.5926121036,2829.8914899418,1589.2218813175,660.9257018916,493.2676466721,435.0285327537,2025.1328248882,3546.4090733009,10956.895114003,664.4553451594,525.0344360821,1517.7466051449,3783.7775830591,135.0088549925,4.41205408472379,551.5067605904,5100.3345219407,225.8971691378,2677.2344186103,3985.8496601394,67.9456329047464,4493.2358798827,2781.3588950098,1281.2605062037,1630.6951897139,4059.0897579458,1881.2998617262,4021.1460928172,1088.8949481098,1520.3938375958,6606.6097864654,552.3891714074,46.7677732980722,14938.3327200578,2860.7758685349,345.9050402423,14.1185730711161,315.9030724662,36.1788434947351,82.0642059758625,360.9060241304,6160.9923239083,285.9011046901,8218.7743490234,7317.8329049228,12746.424250767,101.4772439486,1625.4007248122,2.64723245083428,72.3576869894702,408.5562082454,22.9426812405637
"p8649_mo11",59319.2825386154,935.7859838357,76.3906925580187,219.6232411043,0,1126.7627152307,2392.9384443799,49.6539501627122,1841.0156906482,229.172077674,11.4586038837028,2182.8640398453,1988.0677738224,278.8260278367,8385.7882755565,3097.6425832276,2761.5235359723,192.8864987089,515.6371747666,3065.1765388905,6966.8311612913,42.0148809069103,0,1726.4296518112,34.3758116511084,223.4427757322,2719.5086550654,166.1497563136,89.759063755672,0,1676.7757016485,183.3376621392,110.7665042091,19.0976731395047,1718.7905825554,34.3758116511084,2450.2314637984,21.0074404534552,2440.6826272286,95.4883656975234,1040.823186103,3.81953462790094,288.3748644065,1489.6185048813,34.3758116511084,148.9618504881,84.0297618138206,899.5004048706,11.4586038837028,0,1134.4017844865,206.2548699066,315.1116068018,93.578598383573,1178.3264327074,28.646509709257,716.1627427314,3745.0537026568,2528.5319236704,548.1032191037,3321.0853589598,34.3758116511084,1707.3319786717,1888.759873497,1227.9803828701,1487.7087375674,183.3376621392,1033.1841168472,135.5934792904,3128.1988602508,836.4780835103,2392.9384443799,122.2251080928,3290.5290819366,198.6158006508,704.7041388477,6645.9902525476,4428.7504010511,17241.3793103448,1841.0156906482,319251.982338472,210.0744045345,14456.938566605,3554.0769712618,30.5562770232075,527.0957786503,38909.5992544268,521.3664767084,3767.9709104242,5016.9587337478,179.5181275113,9873.4970131239,1317.7394466258,202.4353352787,3.81953462790094,20149.9549294913,1019.8157456495,500.359036255,190.976731395,150.871617802,431.6074129528,4088.8118191679,255714.02380334,5836.2489114326,5507.7689334331,677.9673964524,987.3497013123,410.5999724993,5484.8517256657,1073.2892304401,12377.2019617129,22.9172077674056,498.449268941,1103.8455074633,242.5404488717,718.0725100453,4065.8946114005,160.4204543718,271.1869585809,175.6985928834,70.6613906161673,179.5181275113,6651.7195544894,993.0790032542,2902.8463172047,3834.8127664125,13.3683711976533,7085.2367347562,61.112554046415,341.8483491971,42.0148809069103,5003.5903625502,2064.4584663804,2224.8789207522,2009.0752142758,1168.7775961376,5.72930194185141,807.831573801,2839.8239958443,217.7134737903,114.586038837,43.9246482208608,317.0213741157,603.4864712083,74.4809252440683,143.2325485462,27976.1813820604,126.0446427207,0,13721.6781507341,5121.9959360151,1810.459413625,47.7441828487617,84.0297618138206,72.5711579301178,761.9971582662,51.5637174766626,378.1339281621,2708.0500511817,2950.5905000534,8055.398530243,297.9237009762,0,532.8250805921,0,43.9246482208608,24.8269750813561,0
"p8649_mo12",270853.491364198,7463.7681746155,373.2693782271,1733.5569171026,0.809694963616357,3339.9917249174,80.1598013980193,719.0091276913,54.2495625622959,271.2478128114,191.0880114134,1544.0882956163,9467.763209566,28.3393237265725,7859.7090118239,1414.5371014377,2095.4905658391,445.3322299889,1459.0703244366,148.1741783417,336.8331048644,1181.3449519162,0,711.7218730187,24.2908489084907,3612.0492326925,2557.826390064,977.3018210849,1979.7041860419,151.4129581962,4863.8376464434,1089.8494210276,38.0556632899688,0,6563.3873750741,128.741499215,2530.2967613011,290.6804919382,203.2334358677,2101.968125548,370.8402933362,273.6768977023,2437.1818404852,1092.2785059184,293.9192717927,270.4381178478,1164.3413576803,1360.2875388754,1350.571199312,0,808.0755736891,2692.2357540243,2674.4224648248,187.8492315589,131.1705841058,40.4847481808178,9056.4381680489,592.6967133671,6910.7465144656,350.5979192458,1068.7973519735,363.5530386637,182.9910617772,621.8457320573,426.7092458258,730.3448571819,804.027098871,4178.835707224,697.1473636736,3585.3292988932,139.267533742,387.8438875722,706.863703237,110.9282100154,145.7450934509,89.8761409614156,86.6373611069502,8417.5888417556,3786.9433448337,6942.3246180466,46313.7422238919,429.9480256802,1472.0254438545,1616.1511473782,4.04847481808178,114.1669898699,45878.1263334663,4964.2398219318,2533.5355411555,23056.0640889757,356.2657839911,31984.5704527733,2817.7384733849,442.0934501345,0.809694963616357,5977.1682214159,3253.3543638105,2932.7151582184,7084.8309316431,129.5511941786,2558.6360850276,2082.5354464212,251638.620182619,1193.4903763705,625.0845119118,4787.7263198635,493.9139278059,5421.7174763751,578.122204022,3523.7924816583,1351.3808942756,1008.8799246659,3139.1873739406,1723.0308825756,397.5602271356,6978.7608914093,635.6105464388,1851.7723817906,2701.9520935877,536.8277608776,430.7577206439,459.0970443704,1208.0648857156,5571.5110446441,7760.1165312991,517.3950817508,831.5567276339,1284.9859072591,2868.7492560927,192.7074013406,11.335729490629,190.2783164498,8328.5223957578,187.8492315589,1048.5549778831,3608.8104528381,92.3052258522647,5280.0208577422,2182.127926946,1420.204966183,2518.1513368468,5316.4571311049,2293.0561369615,2982.106550999,1777.2804451379,1657.4455905226,3583.7099089659,1423.4437460375,15.3842043087108,14238.4859351936,2854.1747467476,174.0844171775,28.3393237265725,360.3142588092,130.3608891422,96.3537006703464,400.79900699,7484.8202436696,138.4578387783,11075.8174073081,5287.3081124148,9855.6070971382,204.8528257949,2509.244692247,1.61938992723271,698.7667536009,395.9408372083,15.3842043087108
"p8649_mo2",297549.45636312,9118.3063818711,332.0963306532,1253.3026739433,0,4606.0317164509,4.62047068734892,973.5716777468,0,289.5494964071,322.4703500545,926.9819316493,9117.5363034232,18.6744023613686,7094.9252600362,1144.9141324026,2277.507009639,406.7939400986,723.8737410179,124.3676693344,65.4566680707764,998.2141880793,0,588.1474145771,25.7976280043648,4867.2808298981,2588.6187025872,1094.8590332897,1472.0049531445,111.2763357203,4267.0046797667,1035.562992802,31.9582555874967,0,6549.1321600931,81.4357958645247,2362.600678131,353.2734879702,102.0353943456,1957.7319341521,411.6069303979,366.1723019724,2596.3194870661,847.0862926806,184.8188274939,2184.5200370561,1063.6708561501,1436.5813445415,1511.6639932109,0,1225.7723694312,2287.1329902377,3244.5330205788,82.3983939243891,73.3499721616641,4.04291185143031,11108.7666500586,459.7368333912,6982.3012870321,21.1771573170159,916.3933529908,32.1507751994696,63.9165111749934,221.7825929927,331.7112914292,315.9246832474,569.6655318277,7450.7015029621,788.3678110289,3447.4486915982,78.5480016849316,271.4526528817,1242.9066148968,2.6952745676202,61.4137562193461,56.7932855319971,98.3775217181374,12183.6036437031,1740.3772922347,7862.693472584,32620.3305330714,221.0125145448,592.1903264285,1289.1113217703,2.50275495564733,174.2302488354,41244.0540317842,5652.9533663594,997.4441096314,23807.9378146251,480.1439122603,28784.5697841239,951.2394027579,1470.2722766368,2.50275495564733,3221.623186754,2485.2356709578,4045.7996456098,5903.2288619241,108.9661003766,2833.8886882406,466.4750198102,238503.498851428,377.3384394668,454.9238430918,6213.9555156483,298.5979181699,6050.3138454714,337.1018405644,3349.263689492,524.808462238,1319.529420462,3123.6307042598,1678.7710164034,270.8750940458,9366.6566813161,395.4352829922,2068.4307110365,2598.0521635739,440.0998329699,694.2257207741,497.0856381139,930.6398042768,7867.8915021073,7684.8053511211,445.6829017171,644.9407001091,976.2669523144,3137.6846359338,206.3810240349,14.8240101219111,2.6952745676202,10783.7935450484,31.7657359755238,1147.9944461942,9358.9558968372,87.7889430596295,5744.0151428225,2856.6060024534,2038.3976515687,2776.1328046488,5005.1248720707,2733.2009311788,3074.1531639828,1908.831952711,1237.5160657616,1317.4117047303,1544.5848468583,2.88779417959308,13392.4342872808,2750.9127354803,99.7251590019475,28.492902571985,330.5561737574,98.955080554056,79.7031193567689,292.8223298107,5166.07126768,11.936215942318,10943.3923033739,2361.8305996831,11197.903230402,528.8513740894,4040.7941356986,10.7810982704808,185.0113471059,330.9412129813,3.65787262748456
"p8649_mo3",278254.186662598,8490.8042002814,303.2343294305,1171.8743356118,0,4605.1284020012,1.21488112752631,940.3179927053,1.70083357853684,212.8471735426,293.2723041848,1709.580722655,8985.9897478611,27.9422659331052,7678.0487259663,1221.4414856149,2237.0821082269,419.6199414475,980.1660936882,155.7477605488,49.5671500030736,1167.2577873272,0,677.4177167086,32.8017904432105,5153.2827667411,2455.7607111816,1124.0080191873,2632.404427124,173.2420487852,3601.6365906645,1048.4424130552,28.1852421586105,0,5769.7134508479,170.0833578536,2506.2997660867,211.8752686405,130.7212093218,2125.7989969455,364.2213620323,290.5995657042,1937.9783746299,1096.3087294797,176.4007397168,1241.1225598808,1028.7613387892,1290.2037574329,1451.5399711684,0,793.5603525001,2298.3121170542,3321.4850026569,147.4865688816,92.3309656919999,23.3257176485053,8458.0024098382,445.1324451256,6575.9085670744,36.9323862768,967.5313299619,28.1852421586105,98.1623951041262,472.1028061567,373.697434827,337.2510010013,583.3859174381,5980.1308621355,596.7496098409,3526.3139607578,92.0879894664947,880.545841231,737.1898681829,0.971904902021052,27.9422659331052,64.3886997588947,60.0151276998,10491.9563935427,2863.9607700305,6959.3250509217,36336.8515480865,380.0148166902,774.8511831362,1734.607273882,4.6165482846,270.1895627618,46850.4328256993,5065.0823968827,798.1769007847,25546.0343971723,349.156836051,30919.4536242212,1168.7156446803,1548.2445089195,1.9438098040421,4707.1784167134,2363.6727217151,3207.0432004439,5492.9635299974,107.3954916733,2297.0972359267,406.4992252703,256173.965146032,536.9774583666,504.1756679234,5642.3939086832,458.0101850774,6105.0206420452,320.4856414414,3317.5973830488,762.9453480865,1393.7116294981,2786.9373065453,1791.7066868758,293.2723041848,8732.8085208846,410.6298211038,1813.3315709457,1907.3633702163,396.0512475735,668.9135488159,574.3957970944,1069.5813446741,8557.6226622953,7610.9872877268,382.4445789452,718.480698819,1019.52824222,2659.8607406061,160.3643088334,10.205001471221,10.205001471221,9028.267611099,44.4646492674631,1299.4368540021,6952.278740382,77.0234634851684,4661.7418625439,1788.0620434932,1700.5906023113,2507.5146472143,5041.0277505576,2502.1691702531,2858.6152930694,1698.1608400562,1467.0904496007,2580.1645386403,1530.2642682321,3.88761960808421,14341.6717104481,3029.4275795996,78.9672732892105,29.6430995116421,467.9722103231,147.9725213327,108.1244203498,288.8987321257,5164.4596731143,18.2232169128947,12228.7504534543,2093.9691114043,11222.585903637,364.7073144833,4234.3466818802,0.971904902021052,60.0151276998,284.0392076156,14.0926210793053
"p8649_mo4",244250.545184577,9478.561309662,469.7023155538,694.6567355783,0,3290.429666084,0.942546452616462,663.8668847928,1.57091075436077,755.9222549984,98.3390132229842,1472.8859232886,7526.8617884441,15.7091075436077,7320.758297472,1370.7767242552,2271.2227686548,281.5072071814,574.6391539451,174.9994580357,55.6102407043713,603.2297296745,0,993.4439610577,57.4953336096042,3653.6242324922,2023.3330516166,975.8497606089,1683.0737822221,124.1019495945,2125.4422506501,1382.4014638374,21.6785684101786,0,4275.7048912191,135.098324875,2753.4923702435,1465.9739159694,168.7158150183,1438.6400688435,407.4942496811,242.8628026241,1417.904046886,864.6292792001,139.4968749872,756.2364371492,1032.088365615,1098.380799449,1188.5510767493,0,645.6443200422,1923.7373097901,2442.1378587292,132.584867668,133.2132319697,29.8473043328546,15310.7245763018,435.1422789579,5176.4651177696,29.2189400311103,956.3704672548,29.2189400311103,62.8364301744308,384.5589526675,487.6106981535,235.3224310032,805.877216987,4300.8394632889,1006.0112470926,4171.7105992804,67.8633445883852,1081.7291454528,690.5723676169,3.14182150872154,87.3426379424588,43.3571368203572,658.525788228,8925.600724127,3880.1495632711,6424.0824388829,46968.3464624817,272.710106957,1056.594573383,3303.9394985715,8.48291807354816,181.2831010532,50878.6575122366,6375.6983876486,1404.0800322476,20323.500793467,369.7923915765,38193.2389886225,1109.3771747295,943.8031812199,1.88509290523292,5932.7015549188,2319.9210020399,2460.0462413289,6668.2019701105,118.4466708788,2590.7460160917,1322.7068551717,282060.481949136,706.2814751606,472.2157727608,3769.2432640132,377.9611274992,4279.7892591804,575.5817003977,3063.9043353052,736.7571437952,869.6561936141,1573.1100294168,1129.1706502345,582.1795255661,8441.1318474821,511.4885416198,3171.6688130543,1611.7544339741,384.8731348183,386.4440455727,535.3663850861,1475.3993804956,5954.0659411781,11522.6303832362,345.9145481102,480.0703265326,1071.0469523231,3778.3545463885,215.5289554982,18.2225647505849,0.628364301744308,7781.0351484997,39.9011331607636,3062.9617888526,3151.2469732477,103.6801097878,3674.9886187515,1181.3248872792,1063.5065807022,1799.9495423465,3400.7076010401,2300.127526535,1963.6384429509,843.5790750917,1513.1012386002,3372.1170253108,1012.9232544118,18.8509290523292,15920.5521311446,3086.525450168,90.7986416020525,19.4792933540735,302.8715934407,67.8633445883852,101.1666525808,180.0263724497,7785.7478807628,19.7934755049457,9927.5276032583,3040.6548561407,14751.1661655985,135.098324875,2721.1316087037,0.942546452616462,72.8902590023397,222.1267806666,5.02691441395446
"p8649_mo6",256737.316065693,8025.5391831111,311.4074999952,1373.2074891754,0,3128.3399934704,39.8343215205729,720.5167480444,29.0682886771749,446.2520613588,226.6249913535,2074.3453781017,9821.5826122109,21.5320656867962,8213.6756070494,970.8270116534,2086.4571650505,469.3990319721,662.9184723322,156.3766270503,173.3331287787,803.4152009385,0,611.2415146839,22.8778197922209,4284.3427700302,2534.0549805148,860.7443258296,2383.0613698861,216.3972601523,3856.9312661473,1139.3154256526,25.5693280030705,0,4752.9343495391,154.7617221238,2684.2411386802,395.9208578159,163.6436992196,1634.0146348067,628.1980164122,427.1423530618,1909.0867739555,1183.7253111316,200.5173617082,1248.590659013,652.1524394888,1412.7726598749,1396.6236106098,0,866.6656438935,2569.8520397191,2819.893152507,142.649935175,139.9584269641,16.1490492650971,8812.2670331424,561.7177636042,7636.3470958222,78.0537381146362,973.2493690431,16.956501728352,146.9563483123,620.9309442429,317.059667238,455.4031892757,815.7961387084,5187.6129255913,607.4734031887,3815.4820397002,90.7038267056289,1001.7793560781,632.2352787285,43.6024330157623,158.7989844401,85.5899611050148,146.4180466702,9653.0941982118,3789.374410055,6110.5310910916,47610.6270433593,344.2439001676,1052.3797104421,1433.4972730984,4.57556395844419,148.3021024178,49639.7550835188,5353.1406805586,1635.8986905543,22111.8165554131,405.610287375,31011.8267562292,1872.482262288,873.6635652417,1.07660328433981,5379.2483102038,2501.2185803424,2662.9782238145,5935.0447557442,130.5381482262,2286.7053759377,1436.1887813093,270935.829330388,670.9929969647,581.0966227224,4498.3176727928,637.6182951502,5016.7021542024,433.0636711256,2959.313277829,1091.9448811416,1336.3338266867,2988.3815665062,1572.6482475993,417.1837726816,7453.5936883055,512.1940125246,2358.0303435252,1983.9107022171,501.9662813234,595.3616162399,487.7012878059,1297.3069576294,5630.096875455,8122.4334787016,382.4633167617,585.6721866808,1211.7169965244,2811.5494770534,146.4180466702,15.0724459807573,87.4740168526095,7778.9970309972,78.0537381146362,1852.2959507066,4942.9548292251,70.7866659453425,5502.2502354396,1891.8611214061,1489.211493063,2116.0637553698,4966.1017998384,2084.0348076607,2543.4752592527,1298.1144100927,1238.3629278118,3525.3374545707,1667.3893366212,4.84471477952914,15917.0412573219,3628.9605206884,178.4469943793,34.4513050988739,300.9106179729,86.9357152104396,115.1965514243,332.670414861,5512.4779666409,54.6376166802453,10759.0349220498,4168.0696153215,11268.5374263637,335.900224714,2969.8101598513,2.42235738976457,104.9688202231,378.6952052665,64.0578954182187
"p8649_mo7",219469.506859089,6817.9254114081,362.850234328,1565.0911067716,1.30678355700386,3463.4120205792,106.7206571553,576.7271431577,64.4679888121904,525.7625844345,77.9714189012303,2999.9394523618,7787.5588107049,20.9085369120617,8822.966982371,1867.3937029585,2757.7488997971,365.899395961,583.2610609427,82.3273640912431,373.3045027841,875.5449831925,0,556.6897952836,49.6577751661466,3155.4466956453,3304.4200211437,1947.1074999357,1669.1981968129,179.4649418285,2002.4280038489,1925.3277739856,8.71189038002573,0,5204.0477185083,229.5583115136,2790.4184887222,623.3357566908,213.8769088296,1479.7145810473,759.6768411382,390.2926890251,2049.036617382,903.4230324086,47.4798025711402,561.9169295116,865.9619037745,1390.8532991711,1139.9508562263,0,864.6551202175,2540.3872348155,2473.3056788893,4952.7096810446,251.3380374637,47.9153970901415,10770.9456713448,618.5442169818,4054.0781883449,109.3342242693,1287.6173981678,10.4542684560309,175.1089966385,920.4112186497,384.1943657591,134.5987063713,750.0937617202,3359.7405250569,719.6021453901,3599.7531050266,112.3833859023,946.9824843087,728.3140357701,108.8986297503,135.9054899284,84.0697421672483,132.8563282953,11010.5226567955,5635.2862923196,6243.8118353644,62047.3900701002,433.4165464062,1613.4420983807,1853.8902728694,5.66272874701672,124.1444379153,52665.9909143695,4432.609825357,3555.3224640884,26963.3007261796,785.3769177593,32035.3633054306,2484.1955418643,696.515635883,3.48475615201029,6245.5542134404,2203.2370771085,2333.0442437708,4422.155556901,150.2801090554,1947.1074999357,3541.8190339994,272047.072086101,532.2965022195,829.3719641784,4142.0682811832,196.0175335505,4325.8891682017,821.9668573554,3227.7553857995,1627.3811229888,1280.6478858637,1733.2305911061,2082.5773953451,864.2195256985,7020.9124572627,434.2877354442,2504.2328897383,1278.4699132687,518.7930721305,546.2355268276,623.7713512098,1844.3071934514,6546.1144315513,8333.3587430136,643.3731045648,419.0419272792,1200.4984943675,3057.43792887,150.7157035744,3.92035067101158,244.8041196787,6651.0927106306,104.1070900413,1911.3887493776,4231.8007520974,57.9340710271711,3814.9367974132,2499.0057555103,1482.3281481613,1519.7892767954,4703.5496161758,1751.0899663851,4979.2809467037,1367.766789664,1335.9683897769,4298.8823080236,571.0644144106,8.27629586102444,15602.995670626,2691.9741274279,496.1421571424,24.8288875830733,290.9771386928,103.2359010033,101.0579284082,221.7176101716,4918.7333085625,110.6410078263,8890.9197273352,16023.7799759813,10043.9384191316,51.8357477611531,2912.8205485616,5.22713422801544,41.8170738241235,357.187505581,17.4237807600515
"p8649_mo8",199392.95168204,4208.1129428101,232.6456023954,1610.4379523329,1.80812644348761,3386.6208286522,548.4650211912,581.6140059885,471.3182929357,354.995491738,217.577882033,3305.8578475098,6305.5396172557,39.1760729422316,8747.1130247785,3411.3318900466,1924.4492446853,293.5191926594,687.6907573397,389.9526029788,1902.7517273634,850.4221372536,0,3906.7585355622,84.9819428439177,2232.4334488927,3364.9233113304,460.4695342748,2327.0587327685,254.9458285317,3261.8601040516,480.3589251532,16.2731379913885,1.80812644348761,3279.9413684865,127.7742686731,2677.8352628051,57.2573373771077,576.7923354725,362.227997512,614.7629907857,288.094813329,1712.2957419827,2046.7991340279,200.7020352271,1475.4311778858,427.3205494775,1295.2212423516,526.7675038693,0,1457.349913451,2091.3995863006,1411.5440435493,800.3973056505,975.1828618543,18.683973249372,4625.1874424413,1650.2167340896,6482.7360087175,135.006774447,1324.1512654474,35.5598200552563,455.6478637588,1002.9074673211,1015.5643524255,417.6772084456,439.9774345819,3567.433473001,363.433415141,3338.4041234926,300.1489896189,1328.3702271488,124.1580157861,557.5056534086,294.1219014739,391.1580206078,2879.7427156612,6766.0091515306,7739.3838869414,5708.2551820903,120740.054099143,605.1196497538,4331.6682497818,1526.0587183035,9.64334103193392,133.801356818,43725.9217828608,2777.2822171969,6955.8624280968,25750.1313905215,734.0993360559,18291.0071023206,925.1580302511,634.0496728496,1.80812644348761,9604.7676678061,1939.5169650477,2525.3499327376,2261.3634719885,247.7133227578,1806.3183170441,7002.271006813,260192.40876194,1747.2528532235,1639.9706842432,2762.817205649,603.9142321248,3167.2348201757,2044.9910075844,2578.9910172278,3894.1016504578,1007.729137837,3147.9481381119,824.5056582303,831.1354551898,4505.8510971711,1120.4356861478,1335.0000241083,1032.4401992314,482.7697604111,545.4514771187,219.3860084764,2866.4831217423,4183.4018814158,5363.5057401987,874.5304898335,430.33409355,2967.1354937631,1658.0519486781,1227.1151463135,40.9841993857192,1120.4356861478,10105.6186926522,913.1038539612,1456.144495822,6544.2123077961,30.1354407247935,2544.033905987,1551.3724885123,1011.345390724,1333.7946064793,3262.4628128661,533.3973008288,5450.2958094861,1190.3499086293,826.3137846738,9211.1988119403,415.2663731876,11.4514674754215,15548.0792875499,4718.0045998736,696.1286807427,23.5056437653389,470.1128753067,158.5124182124,207.934541001,319.4356716828,2580.7991436713,653.3363549135,9138.2710453863,17656.957429471,2927.3567120064,277.2460546681,2135.3973297588,34.9571112407605,144.650115479,282.067725184,68.7088048525292
"p8649_mo9",210461.521500462,4956.5213396847,354.8575287216,2147.5196721989,0,4255.993532176,367.4899973816,579.9451521178,195.2290611089,289.398372938,200.971092318,2045.3115166771,6069.326988006,19.5229061108993,8505.0966269011,3457.8511941128,1768.5456123991,241.1653107816,494.9630902233,122.8794678744,1166.7807416866,715.4570886523,0,593.7260270197,37.897405979981,2788.3303551331,3530.2007873473,1149.5546480594,5098.9237136701,395.0517471852,3442.9219129691,1441.249833481,13.7808749018113,0,5004.7544018411,159.6284676126,2358.8264206933,228.5328421217,446.730028067,1620.4012072046,1639.9241133155,126.3246865999,1831.707955699,2191.1591093879,121.7310616326,1565.2777075973,454.7688717597,2734.3552617677,1073.7598360994,3.44521872545282,1216.1622100848,3380.907975911,1990.1880170699,316.9601227416,523.6732462688,48.2330621563394,10695.1073300473,838.3365565268,7112.0798555764,194.0806548671,1543.4579890028,13.7808749018113,367.4899973816,687.8953388487,523.6732462688,985.3325554795,648.8495266269,4405.2863436123,486.9242465306,3422.2506006164,186.0418111744,930.2090558722,618.9909643396,384.7160910088,130.9183115672,233.1264670889,81.53684316905,5278.0750873937,5833.9037084334,6102.6307690187,78138.7090995116,1282.7697721102,2859.5315421258,1324.1123968156,33.3037810127106,1226.4978662612,47684.1239727506,3468.1868502891,11157.9150454998,26723.4132470956,599.4680582287,26620.056685332,1773.1392373663,902.6473060686,0,7696.6186326615,2484.0027010514,2343.8971395497,4590.1797485449,199.8226860762,2003.9688919717,9606.4182128042,250098.762936796,1242.5755536466,1149.5546480594,3989.5632840743,482.3306215633,3711.6489735545,1373.4938652138,2614.9210126186,2452.9957325224,503.0019339161,2637.889137455,2467.925013666,1275.8793346593,5907.4017079097,978.4421180285,1169.0775541703,1043.9012738122,353.7091224798,188.338623658,729.2379635541,1948.8453923644,5907.4017079097,5967.1188324842,829.1493065923,383.567684767,2488.5963260187,2353.0843894842,153.8864364035,11.4840624181761,539.7509336542,9860.2159922459,283.6563417289,1177.116397863,6256.5172054223,67.7559682672387,3707.0553485872,1650.2597694918,935.9510870813,1781.1780810591,3052.4637907511,1660.5954256682,3512.97469372,1297.6990532538,1105.9152108703,5667.3848033698,509.892371367,18.3744998690817,16665.671381257,5133.3759009246,428.3555281979,21.8197185945345,291.6951854216,33.3037810127106,156.1832488871,261.8366231344,3622.0732866927,366.3415911398,11061.4489211871,22650.0163073686,7896.4413187378,212.4551547362,2725.1680118331,27.5617498036225,121.7310616326,269.8754668271,187.1902174162
"p8712_mo1",212593.363536182,5157.0156653331,212.4028257072,2578.1954755699,0,1927.2432861965,13.7437122516449,649.7027609868,0,547.2496332927,50.6018496537834,1681.1058940534,4381.1206373084,11.2448554786185,7590.2774480675,1177.5862542886,1881.6391500888,521.0116371759,456.6660752705,388.5722282055,420.4326520616,717.7966080518,46.2288503009873,1078.8814117541,49.3524212672702,4279.9169380008,2485.7377749679,222.3982527993,1044.522131125,101.2036993075,5673.6543031563,1345.6343722746,24.3638535370068,17.4919974111844,8800.3488404055,6.24714193256585,3472.1614861201,277.3731018059,258.0069618149,2263.9642363618,752.1558886809,200.5332560353,1076.382554981,1342.5108013084,185.5401153972,658.4487596924,1292.5336658478,1382.4925096768,1032.6525614531,0,377.9520869202,4636.6287423503,3300.9897971677,396.0687985246,338.595092745,194.910828296,7076.7623812105,700.3046106406,8138.1517955535,325.4760946866,1118.2384059292,6.24714193256585,350.4646624169,1012.6617072689,182.4165444309,316.1053817878,1295.6572368141,6956.8172561053,686.5608983889,4676.6104507187,145.5584070287,1047.6457020912,426.0550798009,256.1328192351,43.729993527961,91.2082722154614,322.3525237203,10423.9810286793,5218.2376562722,4830.2901422599,67802.7302509102,533.5059210411,2251.4699524967,4096.2509651834,6.24714193256585,154.9291199276,46891.6720600325,3921.9557052648,567.2404874769,15557.2575546687,1298.7808077804,38273.1150498646,3544.0036183446,378.5768011134,8.12128451233561,6706.3068646094,2843.0742935107,2176.5042493059,9734.9212735173,127.4416954243,2320.1885137549,236.1419650509,287214.849206488,752.7806028741,1230.6869607154,4491.0703353215,828.9957344514,5135.7753827623,1192.5793949268,3821.3767201505,1684.2294650197,474.1580726817,2453.2526369186,1124.4855478618,504.144353958,6022.2448229934,723.4190357911,2251.4699524967,3066.0972605033,1223.1903903963,201.7826844218,376.0779443404,2113.408115787,2180.8772486587,9134.5709337977,78.7139883503297,501.645497185,1614.261475375,4587.2763210831,369.8308024078,94.3318431817444,291.7415282508,8281.2113458092,4.3729993527961,831.4945912245,1834.1608714013,59.9725625526322,4248.0565141447,1544.9181999235,589.1054842409,1539.2957721842,4034.404260051,2719.3808832459,2383.9093614671,902.0872950625,1456.2087844811,5991.0091133306,662.1970448519,3.74828515953951,15496.6602779228,3340.3467913429,278.6225301924,16.2425690246712,174.9199741118,131.1899805838,1092.0004098125,359.8353753157,7296.0370630436,210.5286831274,14980.6463542929,6171.5515151818,9279.5046266333,23.1144251504936,1271.2933832771,21.2402825707239,9.99542709210536,356.0870901562,14.3684264449015
"p8712_mo10",211718.758443299,2089.8853332468,136.4437095397,961.8606058641,0,2054.761209999,1.35092781722487,380.9616444574,1.35092781722487,533.6164878038,129.6890704535,1479.2659598612,5571.2263182353,27.0185563444974,9233.5916307319,1672.4486377243,1816.9979141674,378.2597888229,131.0399982708,143.1983486258,93.214019388516,299.9059754239,0,259.3781409071,32.4222676133969,2052.0593543645,2788.3150147521,155.3566989808,3072.0098563693,391.7690669952,6022.4362091884,1672.4486377243,8.10556690334922,1.35092781722487,7180.1813485501,28.3694841617223,3285.4564514908,94.5649472057409,159.4094824325,1094.2515319521,992.9319456602,18.9129894411482,1261.766581288,1033.459780177,94.5649472057409,336.3810264889,707.8861762258,1514.390083109,607.9175177511,0,1960.1962627932,9137.675755709,1295.5397767186,40.5278345167461,322.8717483167,49.9843292373202,6458.7858941521,409.3311286191,5634.7199256449,143.1983486258,996.9847291119,4.05278345167461,166.1641215186,829.469679776,295.8531919722,152.6548433464,2004.7768807617,6411.5034205492,668.7092695263,4425.6395292286,72.950102130143,910.5253488095,1377.9463735693,79.7047412162673,68.8973186784684,75.6519577645927,312.0643257789,5106.50714911,4290.5467475061,6310.1838342573,49323.7255346972,1908.8610057387,1187.4655513406,197.2354613148,8.10556690334922,335.0300986717,56085.1192599077,4197.3327281176,10056.3066714219,10769.5965589166,1954.7925515243,28549.1575614131,2705.9084179014,262.0799965416,24.3167007100477,6062.9640437052,3477.2882015368,1495.4770936679,11162.7165537291,193.1826778631,2150.6770850219,17940.3214127462,296209.836915994,232.3595845626,768.6779280009,3900.1286083282,2322.2449178095,2515.4275956727,959.1587502296,2823.4391379999,1248.2573031157,95.9158750229658,3452.9715008267,2793.718726021,2046.6556430956,4925.4828216018,320.1698926822,1542.7595672708,2466.7941942526,772.7307114526,144.549276443,656.5509191712,1518.4428665607,2073.6741994401,11051.9404727166,198.586389132,326.9245317684,941.5966886057,4463.4655081109,83.7575246679419,8.10556690334922,8.10556690334922,11232.9648002247,105.3723697435,957.8078224124,1657.5884317349,133.7418539052,3280.0527402219,1629.2189475731,467.4210247598,1522.4956500124,549.8276216105,5291.5842600698,470.1228803942,578.1971057722,1063.1801921559,3863.6535572631,302.6078310583,17.5620616239233,18629.2945995309,3647.5051065071,252.623501821,27.0185563444974,201.2882447665,13.5092781722487,955.1059667779,417.4366955224,6293.9727004506,120.232575733,11335.6353143338,24218.0829793902,5159.1933339817,47.2824736028704,763.274216732,0,5.40371126889948,114.8288644641,20.263917258373
"p8712_mo11",228937.562794073,1656.8221534922,118.0999262303,1750.9597758497,0,1377.8324726872,1.71159313377298,236.1998524606,1.71159313377298,515.1895332656,133.5042644342,741.1198269237,6629.0002071027,1.71159313377298,9182.697162692,1042.3602184677,1918.6959029595,462.1301461187,390.2432345002,246.4694112633,56.4825734145085,249.8925975308,0,251.6041906646,1.71159313377298,1350.4469825468,2396.2303872821,131.7926713005,2767.6460973109,255.0273769321,3233.1994296971,1321.3498992727,78.7332841535573,0,8186.5499588361,15.4043382039569,4058.1873201757,94.1376223575142,208.8143623203,1174.1528897682,1398.3715902925,20.5391176052758,789.0444346693,1247.7513945205,44.5014214780976,282.4128670725,1689.3424230339,792.4676209368,350.8765924234,0,809.5835522746,6170.2932472516,677.7908809741,0,58.1941665482815,27.3854901403678,6581.0755993571,284.1244602063,4330.3306284456,150.620195772,655.540170235,0,27.3854901403678,797.6024003382,160.8897545746,73.5985047522383,1612.3207320141,7159.5940785723,936.2414441738,4785.6144020292,42.7898283443246,1410.3527422289,997.8587969896,42.7898283443246,8.55796566886492,27.3854901403678,186.5636515812,2918.2662930829,4006.8395261625,6875.469618366,45011.4762319619,362.8577443598,1341.889016878,87.2912498224222,5.13477940131895,128.3694850329,57660.1494905443,5805.7239097579,573.3836998139,9737.2533380345,2225.0710739048,35265.6649282585,1663.6685260273,479.2460774564,54.7709802807355,4599.050750448,4284.1176138337,2338.0362207338,13656.8016143746,111.2535536952,2312.3623237273,681.2140672416,329779.495456576,468.9765186537,653.8285771012,3957.2033252831,3808.2947226448,2053.9117605275,604.1923762218,2439.0202156265,867.7777188229,66.7521322171464,3185.2748219515,1761.2293346524,1424.0454872991,4172.8640601385,234.4882593268,1726.9974719769,2356.8637452054,431.3214697107,41.0782352105516,540.8634302722,1557.5497517334,696.6184054456,12735.9645084047,92.4260292237412,278.9896808049,1042.3602184677,5877.6108213764,82.1564704211033,5.13477940131895,0,10829.2497573816,58.1941665482815,1309.3687473363,1343.6006100117,80.4448772873303,2860.0721265346,814.7183316759,314.9331366142,1297.3875953999,369.7041168949,4179.7104326736,412.4939452392,318.3563228817,2488.6564165059,3784.332418772,145.4854163707,3.42318626754597,17088.5458475894,4412.4870988667,118.0999262303,5.13477940131895,102.6955880263,0,568.2489204126,409.0707589717,6651.2509178418,92.4260292237412,8937.9393445625,12581.9211263652,6957.6260887871,61.6173528158274,330.3374748181,1.71159313377298,5.13477940131895,92.4260292237412,39.3666420767786
"p8712_mo12",220034.454874662,2573.5681890095,196.8849980663,2423.0917976303,0,1797.2787680624,2.81264282951869,279.8579615371,2.81264282951869,497.8377808248,130.7878915726,1458.3553071054,5583.0960165945,18.2821783918715,8622.1565938895,1386.6329149527,1971.6626234925,403.6142460359,156.1016770382,323.4539253946,71.7223921527265,320.6412825651,0,322.0476039798,45.002285272299,1373.9760222198,3186.7243258446,177.1964982596,4445.3819920542,468.3050311148,4195.0567802271,1500.5449495482,12.6568927328341,0,6606.8980065393,2.81264282951869,3527.0541082164,95.6298562036353,185.6344267482,1334.5990226066,1247.4070948915,82.9729634708012,849.4181345146,1475.2311640825,64.6907850789298,177.1964982596,901.4520268607,1192.5605597159,348.7677108603,0,1153.1835601026,7769.9258165453,758.0072425552,30.9390711247056,234.8556762648,28.1264282951869,6838.9410399746,345.9550680307,4528.354955525,172.9775340153,936.6100622297,5.62528565903737,105.4741061069,1160.2151671764,250.3252118271,108.2867489364,2243.0826565411,6366.4170446155,717.2239215272,4787.1180958408,49.221249516577,1140.5266673698,1188.3415954716,49.221249516577,59.0654994198924,70.3160707379672,365.6435678374,4519.9170270365,4535.3865625988,7187.708750835,51181.6615687515,590.6549941989,1307.8789157261,194.0723552367,9.8442499033154,136.4131772316,57451.0424357486,4826.495095454,1058.9600253137,12562.6691980452,2122.1390148718,30552.3327356467,2070.1051225257,528.7768519495,15.4695355623528,6415.6382941321,3850.508033611,1953.3804451007,11336.356924375,126.5689273283,2389.3400836761,935.2037408149,314866.926836128,272.8263544633,676.4406004992,3591.7448932953,2787.329044053,2032.1344443272,749.5693140667,2401.9969764089,1324.7547727033,189.8533909925,3459.5506803079,2600.28829589,2278.2406919101,5103.5404141616,344.548746616,2018.0712301796,2949.0560067503,593.4676370284,94.223534788876,623.0003867383,1580.7052701895,1274.1272017719,12116.8653095665,220.7924621172,331.8918538832,959.1112048658,4633.829061632,146.2574271349,7.03160707379672,15.4695355623528,11330.731638716,66.0971064936891,1281.1588088457,1317.7231656295,94.223534788876,2753.5773300987,1431.635200225,492.2124951657,1361.319129487,538.6211018528,4528.354955525,568.1538515627,455.648138382,1480.8564497415,4116.3027810005,270.0137116337,19.6884998066308,17164.1528671377,4119.1154238301,219.3861407024,37.9706781985023,118.1309988397,21.0948212213901,606.1245297612,284.0769257813,6715.1847554758,108.2867489364,12137.9601307878,18057.1669655099,5837.640192666,15.4695355623528,608.9371725907,9.8442499033154,11.2505713180747,125.1626059135,56.2528565903737
"p8712_mo2",221228.492018327,3612.5834438796,65.3081281185238,3969.9572899408,0,2253.980154098,0.728343436266065,951.7020900543,0,895.6196454618,47.3423233572942,1095.6713092895,4816.0495817366,1.21390572711011,6393.8842458343,1024.2936525355,1691.4562401552,325.08395372,324.3556102838,185.4847951024,95.4129901508545,642.8844730775,0.485562290844043,284.2967212891,32.2898923411289,6213.7406359312,1902.9186178178,194.9532597738,236.2260544956,20.1508350700278,1779.3430147979,2966.5428159116,5.09840405386245,0,9638.4114732542,0,2695.8418387661,272.8860074543,142.2697512173,2486.5644914123,2535.849063933,126.9745390557,1154.4243464817,1335.7818621119,191.5543237379,641.1850050595,2174.8335006904,1653.0968191785,2358.8616089203,0,632.9304461152,5602.6604929039,4338.0135064006,55.5968823016429,149.7959667253,345.4775699355,8714.1436526326,431.4220954149,8154.047550144,296.4357785602,993.9460093577,1.69946801795415,302.2625260504,407.8723243089,169.2184583591,666.6770253288,867.6998137383,4330.4872908925,975.7374234511,4001.2760577003,80.8461214255332,332.8529503735,605.253395537,240.5961151132,20.1508350700278,50.0129159569365,212.9190645351,11659.5645088925,3216.1218334055,6248.4583397265,47832.4984899012,294.007967106,1408.8589868839,26.4631448510004,1.21390572711011,166.0623034686,45807.946518227,3989.8653438655,1989.348705588,12273.5580256648,1935.6940724497,48039.5908069462,8252.3739140399,521.4939003665,2.42781145422022,5267.6225122216,3856.3357138833,2369.7867604643,8279.3226211817,86.6728689156617,2438.9793869096,473.6660147183,262895.077757945,109.9798588761,530.9623650379,6375.1900976368,381.8947417488,6973.4028399567,782.7264128405,3381.4557934379,785.6397865856,209.2773473537,1767.4467386723,1153.4532219,134.7435357092,8064.9468697741,708.6781634868,1904.6180858357,4960.0188009719,917.7127296952,154.6515896338,394.0337990199,1483.8783608193,3214.6651465329,9071.5174986938,124.303946456,388.4498326752,1159.0371882447,6973.6456211021,89.1006803698819,55.5968823016429,0.971124581688086,13237.8847352811,8.01177779892671,227.9714955512,1389.4364952502,120.9050104201,3789.8136800377,1942.4919445215,285.9961893071,2127.4911773331,9015.4350541013,3960.7316064148,4002.247182282,1381.1819363058,1508.6420376524,4016.3284887165,1162.4361242806,0,14973.5271439031,4105.6719502318,114.1071383483,11.410713834835,231.3704315871,44.1861684668079,683.1861432175,390.1493006931,5551.1908900745,0.971124581688086,21787.1799901722,14270.432946761,12201.2092443291,12.1390572711011,1908.0170218716,0.242781145422022,3.88449832675235,264.3886673645,38.6022021221014
"p8712_mo3",230500.542378472,3370.4381529951,155.4183926566,2318.9851496139,0,3542.5085162935,1.9823774573551,613.7440607971,0.396475491471019,323.5240010403,94.3611669701026,2170.7033158038,8950.0377444667,10.3083627782465,8086.1176485514,1081.9816162244,2061.2760801578,413.9204130957,171.6738878069,267.2244812514,124.4933043219,480.1318201714,0.792950982942038,487.6648545093,53.9206668400586,2676.2095674293,2642.1126751628,295.3742411459,548.7220801958,45.9911570106382,7613.9153382094,1805.1529126675,49.5594364338774,0,10428.8913276536,0,2721.407773457,395.2860649966,134.0087161172,1232.6423029833,995.5499590837,57.4889462632978,1472.1134998318,1662.0252602465,308.0614568729,721.5853944772,1874.1396481835,2102.1130557793,960.6601158342,0,907.9288754686,7246.3825576158,1959.7783543412,201.4095496672,399.6472954027,330.6605598868,6696.4710509455,566.1670018206,5269.5557571413,32.1145148091526,960.6601158342,5.15418138912325,102.6871522909,1017.3561111146,2558.059870971,771.1448309111,2731.7161362353,4853.6529665882,496.3873153217,3969.9090960993,78.8986228027328,951.9376550219,905.5500225198,463.0833740381,51.5418138912325,136.7840445575,436.915991601,5785.7668470365,3988.1469687069,6030.3922252742,52482.6502324932,487.2683790178,1446.7390683777,21.8061520309061,3.17180393176815,75.3303433794936,52340.3155310551,4215.7239008113,790.5721299932,12927.479874904,752.5104828119,33384.4258083342,4394.5343474647,691.0567816339,4.36123040618121,6019.290911513,4130.481670145,2387.178934147,7270.171087104,175.2421672301,1837.6639029681,354.449089375,281628.039381118,229.9557850531,728.3254778322,4013.1249246696,402.8190993345,3381.9359422477,954.3165079707,3374.0064324183,1009.4266012852,265.2421037941,2583.4343024251,770.3518799281,814.7571349729,5496.7362137542,777.8849142661,816.7395124302,3065.1520245624,1517.708181351,152.2465887248,811.9818065326,1394.0078280121,5250.9214090421,7901.3600695259,441.6736974987,397.2684424539,1363.0827396773,5288.1901052404,167.7091328922,58.2818972462398,0.792950982942038,14963.3815236077,96.7400199189287,700.9686689207,1681.84903482,216.0791428517,5280.6570709025,2544.9761797524,583.6119234453,1216.386807833,7771.7125838149,3764.9312670087,3333.5659322883,834.5809095464,1317.4880581581,3848.9840712006,492.0260849155,0.396475491471019,19265.9335570512,5338.1460171658,192.6870888549,6.34360786353631,274.3610400979,77.3127208368488,1256.8273079631,572.1141341926,3876.3408801121,17.0484461332538,12654.3082612805,11337.2166786137,5369.467580992,33.3039412835656,3393.8302069919,0,33.7004167750366,410.3521336725,61.453701178008
"p8712_mo4",243954.302155201,6185.4837550636,83.7232624514399,1447.0208548487,0,2780.4335769976,5.01883317147596,896.3179786695,10.9501814650385,406.5254868895,110.6424585529,2070.7249407948,5946.1766642964,9.12515122086539,8837.7089574081,1900.5408705257,2397.1772257213,544.3152703246,269.1919610155,378.9219044464,95.8140878190866,1016.5418460044,0.912515122086539,287.6703922377,33.078673175637,2938.9830794602,2242.5059125276,280.1421424805,416.3350244519,34.2193170782452,2664.7722852732,1742.2194968437,10.4939239039952,0.228128780521635,7917.2093280033,3.87818926886779,3587.0969449221,434.3571981131,143.7211317286,1690.4342636653,992.8164528301,330.1023454148,1601.2359104813,1081.102290892,317.5552624861,2276.0408432643,1297.8246323875,1353.9443123959,951.7532723362,0,461.9607805563,6998.5347288427,2203.4958910584,203.4908722252,370.9373971281,983.4631728287,5319.735032984,494.1269386098,5319.5069042034,25.5504234184231,1029.7733152746,4.10631804938942,128.8927609947,871.4519415926,246.6072117438,667.7329405868,1104.5995552857,4335.8156025941,586.7472235016,4558.6974211638,137.333525874,996.0102557574,1006.9604372224,206.6846751526,37.6412487860697,85.7764214761346,380.062548349,6614.1377336637,3879.1017839898,4983.7013392756,50681.5461382474,427.9695922585,1686.5560743964,40.1506653718077,4.10631804938942,204.8596449084,48509.3038901204,4061.3766796266,482.2642420227,11246.7488797165,619.5977678967,30006.2347595716,4162.6658581782,1239.6517933545,16.4252721975577,6849.7947639426,3542.8399615009,2824.2343028578,7583.9131796612,90.567125867089,1854.0025992993,161.2870478287,302769.779962947,135.7366244103,695.3365230299,4751.0099831435,490.4768781215,3866.3265722806,718.8337874236,4359.5409957684,1168.2474850512,171.0965853912,3509.0769019837,877.3832898862,238.3945756451,7502.927462576,868.2581386653,1112.584062604,3375.1653078175,1836.8929407602,197.3313951512,574.6563981339,2011.4114578592,4347.4501704007,8985.7645359666,74.3699824500529,595.8723747225,1235.3173465246,3551.5088551608,97.1828605022164,15.9690146365144,10.2657951234736,6282.4384867852,8.44076487930048,547.7372020324,1972.40143639,100.1485346489,5679.9503774276,2865.7537409127,732.7496430354,1524.8127690066,5241.9431188261,3300.3390678064,2651.0845584419,2008.4457837124,1488.5402929036,4167.4565625692,388.7314420088,0.912515122086539,16692.639128329,2837.6939009086,97.6391180632596,17.5659161001659,326.6804137069,69.5792780590986,666.3641679036,519.4492332477,4064.3423537734,0,8691.9346666548,14223.8294655239,5145.6727734459,46.3101424458918,2528.3512745212,0.228128780521635,10.2657951234736,369.7967532255,69.5792780590986
"p8712_mo5",196907.091340704,3448.9163996121,181.3679531602,1810.7542420355,0,8429.2218876015,4.38793435065154,617.2360986583,0,396.3767363421,122.8621618182,2809.7406292005,7599.9022953284,2.92528956710102,9336.0616534029,1439.2424670137,3388.9479634865,361.2732615369,181.3679531602,574.8193999353,76.0575287446266,422.704342446,2.92528956710102,2391.424221105,111.1610035498,1360.2596487019,2805.3526948498,614.3108090912,754.724708312,30.7155404545607,8126.4544174066,1731.7714237238,24.8649613203587,0,14407.0511179725,2.92528956710102,2499.6599350878,138.9512544372,140.4138992208,489.9860024894,993.1358080307,61.4310809091215,1154.0267342213,2391.424221105,773.7390904982,292.5289567101,377.362354156,2919.4389879668,339.3335897837,0,532.4027012123,3700.4913023827,1048.7163098057,147.7271231386,626.0119673596,598.2217164721,3424.0514382917,668.4286660825,5876.9067403059,2.92528956710102,984.3599393294,46.8046330736164,152.1150574892,953.6443988749,836.6328161908,365.6611958876,2545.0019233778,6480.9790359123,353.9600376192,4295.7877292878,150.6524127057,269.1266401732,356.8853271863,133.100675303,386.1382228573,81.9081078788287,626.0119673596,3568.8532718632,4578.0781725131,4257.7589649155,68540.9972019605,699.1442065371,1935.0790486373,5.85057913420205,8.77586870130307,62.893725692672,51830.2805498959,2793.6515365814,520.7015429439,23450.5838146653,492.9112920565,26819.0547511821,5917.8607942453,536.790635563,39.4914091558638,6908.071312709,3501.5716118199,1241.7854212343,12382.7507375386,567.5061760175,1611.8345514726,188.681177078,286087.469083346,1268.1130273382,1083.8197846109,1938.0043382044,699.1442065371,1623.535709741,1102.834166797,4175.8508570367,1439.2424670137,81.9081078788287,6492.6801941807,450.4945933335,735.7103261259,4284.0865710194,876.1242253467,741.5609052601,2310.9787580098,1152.5640894378,74.5948839610761,759.1126426627,1755.1737402606,12533.4031502443,6947.5627218649,620.1613882254,302.7674701949,2599.1197803692,1556.2540496977,788.3655383337,159.428281407,0,20624.7540928457,13.1638030519546,599.6843612557,2417.7518272089,204.770269697,4197.7905287899,3108.1201650448,576.2820447189,662.5780869483,2055.0159208884,1635.2368680094,1541.6276018622,979.9720049788,968.2708467104,4202.1784631406,1080.8944950438,0,19516.0693469144,6722.3154251981,574.8193999353,5.85057913420205,232.5605205845,272.0519297403,1037.0151515373,491.4486472729,2471.8696842003,97.9972004978843,16039.3626964149,11579.7587513694,2490.8840663865,130.1753857359,7474.1148439431,1.46264478355051,5.85057913420205,182.8305979438,13.1638030519546
"p8712_mo6",214518.425231342,2188.9762211724,93.3332669630102,1767.1098544996,0,2556.0870712269,2.4888871190136,420.6219231132,0,449.2441249819,205.3331873186,2162.8429064228,7196.6171046278,37.3333067852041,9027.1935806623,1767.1098544996,2796.2646782117,332.2664303883,129.4221301887,296.1775671626,70.9332828918877,405.6886003992,4.97777423802721,1154.8436232223,170.4887676524,1744.7098704285,3138.4866570761,421.8663666728,1088.8881145684,148.0887835813,4302.041385215,2208.8873181245,1.2444435595068,0,15076.4337234249,1.2444435595068,3072.5311484222,396.9774954826,134.3999044267,1382.576794612,669.5106350146,22.3999840711224,1269.3324306969,2263.6428347428,215.2887357946,338.4886481858,1240.7102288282,2155.3762450657,440.5330200654,0,1392.5323430881,6965.1506025595,1322.8435037557,85.8666056059694,922.1326775945,150.5776707003,3058.8422692677,542.5773919449,7400.7058483869,49.7777423802721,1172.2658330554,1.2444435595068,167.9998805334,852.4438382621,410.6663746372,238.9331634253,3805.5084049718,4559.6412020329,302.3997849601,4706.4855420547,89.5999362844898,1316.6212859581,786.4883296082,47.2888552612585,205.3331873186,307.3775591981,1180.9769379719,4587.018960342,4465.0634915104,4956.6186975155,62383.9556380759,1035.3770415096,1887.8208797718,43.5555245827381,6.22221779753401,113.2443639151,50772.052784318,1819.3764839989,719.2883773949,16852.2546828411,1121.2436471156,29834.289895616,1399.9990044451,459.199673458,28.6222018686565,6222.217797534,3839.1083810784,1635.1988371919,8884.082571319,359.6441886974,1653.8654905845,225.2442842707,301898.274205672,338.4886481858,938.3104438681,4146.4859402766,678.2217399312,2278.5761574569,775.2883375727,3905.0638897323,1386.3101252905,28.6222018686565,3163.3755282662,839.999402667,1284.265753411,3861.5083651496,746.666135704,390.7552776851,5578.8404772689,1662.576595501,153.0665578193,913.4215726779,1478.398948694,3210.6643835275,9440.3488424186,1294.221301887,313.5997769957,2547.3759663104,3089.9533582553,375.821954971,26.1333147496428,38.5777503447109,15971.1886427103,121.9554688316,2551.1092969889,2641.9536768329,196.622082402,3315.1976425261,4217.4192231685,555.02182754,1004.2659525219,573.6884809326,4957.863141075,632.1773282294,340.9775353048,1238.2213417092,4015.8193665284,624.7106668724,4.97777423802721,19394.6528749135,4587.018960342,420.6219231132,31.1110889876701,233.9553891872,597.3329085632,674.4884092526,416.8885924347,3769.4195417461,27.3777583091496,9950.5707018163,16089.4107808634,4896.8854066592,65.9555086538605,2101.8651720069,1.2444435595068,8.71110491654761,140.6221222242,11.1999920355612
"p8712_mo7",229305.756774052,1935.2366538648,103.2769685603,1224.8455430196,0,1964.1928132742,1.93041062729659,375.4648670091,0,255.7794081167,183.3890095931,2239.276327664,8146.3328471915,39.57341785958,9582.5583539002,1531.7808327598,2324.214395265,321.4133694448,136.0939492244,293.422415349,47.2950603687663,322.3785747585,0,582.9840094435,51.1558816233595,1435.260301395,2240.2415329776,264.4662559396,703.6346736496,84.9380676010498,4606.9249620433,1832.9248906181,41.5038284868766,0,11458.9174836325,1.93041062729659,3892.6730299435,411.1774636141,176.6325723976,785.6771253097,1909.1761103963,15.4432850183727,1308.818405307,1196.8545889238,205.588731807,227.7884540209,2219.0070160774,1395.6868835354,412.1426689278,0,594.5664732073,5426.3842733307,927.562306416,64.6687560144356,654.4092026535,170.8413405157,3248.8810857401,617.7314007349,4163.8957230787,93.6249154238844,983.5442146076,7.72164250918634,89.7640941692912,1210.3674633149,246.1273549803,126.4418960879,3537.4774745209,6010.3334880879,332.030627895,4933.1643580564,101.346557933,1436.2255067086,708.4607002178,26.0605434685039,87.8336835419946,137.059154538,950.7272339435,2594.4718830866,3799.0481145196,5072.1539232217,57095.7551235511,807.8768475236,1834.8553012454,8.68684782283463,6.75643719553805,43.4342391141732,56624.7349304907,2805.8518467755,718.1127533543,12068.9272418582,963.2749030209,31305.4691428687,1662.0835501023,1050.1433812493,100.3813526194,6661.8470748005,4937.9903846246,2655.2798178464,10966.6627736719,243.2317390393,1318.4704584435,532.7933331338,329751.778149489,533.7585384475,712.3215214724,3550.990348912,737.4168596272,2071.3306030892,685.2957726902,2937.1197694317,1082.9603619133,23.164927527559,1897.5936466325,499.0111471561,732.590833059,3338.6451799094,534.7237437611,342.6478863451,5781.5798287532,1106.1252894409,108.1029951286,711.3563161587,1305.9227893661,2151.442644122,8539.1714098464,214.2755796299,228.7536593346,1141.8378860459,2434.2478010209,166.9805192611,15.4432850183727,0,9166.5548637178,80.1120410328083,1769.2213399173,2141.7905909855,113.8942270104,2952.5630544501,2950.6326438228,552.0974394068,925.6318957887,971.9617508438,3340.5755905367,1012.500374017,243.2317390393,2746.0091173293,4516.1956625603,463.2985505511,8.68684782283463,20351.3540382742,4288.4072085393,277.9791303307,15.4432850183727,166.9805192611,74.3208091509185,159.2588767519,258.6750240577,3177.4558925301,17.3736956456693,6058.5937537703,9340.2918201745,6300.860287496,42.4690338005249,1459.3904342362,1.93041062729659,12.5476690774278,98.4509419921259,45.3646497414698
"p8712_mo8",219557.331753963,3131.1721931277,93.3749162960572,1513.5629289132,0,2336.1514772356,3.55713966842123,500.6674083302,1.77856983421061,429.5246149618,174.2998437526,1845.2662029935,8455.3209918372,70.2535084513192,8971.9955286754,2150.2909295606,2167.1873429856,405.5139222,129.8355978973,301.4675868986,136.0605923171,570.9209167816,1.77856983421061,546.0209391026,81.8142123736882,2323.7014883961,3237.8863831804,308.5818662355,955.9812858882,136.0605923171,5671.8592012976,2123.6123820474,10.6714190052637,0,10815.4831618347,39.1285363526335,3565.1432326751,356.6032517592,122.7213185605,1615.8306943803,1108.9382916303,37.3499665184229,1447.7558450474,1301.9131186421,180.5248381723,343.2639780026,1187.1953643355,1819.4769403974,655.4029839066,0,1328.5916661553,7461.1004545135,1582.0378675303,104.9356202184,911.5170400329,233.8819331986,3331.2612994764,650.0672744039,6158.2980509542,84.4820671250041,1094.7097329566,11.560703922369,182.3034080065,792.3528611408,692.752950425,177.856983421,3443.3111990317,5069.8133124173,346.821117671,4616.2780046936,119.1641788921,1170.2989509105,843.9313863329,35.5713966842123,76.4785028710563,129.8355978973,863.4956545092,4113.8320265291,4316.5889876291,5172.9703628015,58689.2473892818,1231.6596101908,1869.2768957553,55.135664860529,10.6714190052637,110.271329721,53009.3846237302,2160.0730636487,1419.2987277,15645.1895466336,1092.0418782053,30944.4472605133,1722.5448844329,513.1173971697,32.9035419328963,6502.451313874,3596.2682047738,1666.5199346553,8145.8498406846,415.2960562881,1547.3557557632,1620.2771189658,310344.428941244,347.7104025881,677.6351068342,4355.7175239817,510.4495424184,2991.5544611422,964.8741350592,3132.0614780448,952.4241462197,86.2606369592147,1935.0839796211,1048.4669172671,1228.9917554395,4400.181769837,547.7995089368,518.4531066723,4301.4711440383,1595.3771412869,118.274893975,819.0314086539,1346.3773644974,2624.2797903777,8767.4599977412,514.0066820868,301.4675868986,1164.0739564908,3493.1111543896,150.2891509907,32.014257015791,28.4571173473698,14306.8157463901,135.1713074,1971.5446612224,2395.7335666816,152.9570057421,4469.5459933712,3835.4858474751,664.2958330776,1253.8917331184,1011.1169507487,4810.1421166226,1144.5096883145,373.4996651842,1291.2416996369,4531.7959375686,650.0672744039,4.44642458552653,20393.9710039759,3469.1004616278,343.2639780026,31.1249720986857,317.4747154065,48.9106704407919,481.1031401539,505.1138329158,4084.4856242646,18.6749832592114,9534.912881203,11245.0077767966,5124.9489772778,72.9213632026351,1763.4519906198,7.11427933684245,25.7892625960539,154.7355755763,22.2321229276327
"p8712_mo9",223231.11937481,3228.6812943603,44.9742995548728,2770.6535594199,0,2301.9740166901,2.36706839762488,542.058663056,7.10120519287465,214.219689985,211.8526215874,1370.5326022248,7722.5606472511,21.303615578624,7943.8815424291,2110.2414764825,2472.4029413191,254.4598527446,201.2008137981,413.0534353855,108.8851462907,842.6763495544,0,311.2694942876,54.4425731453723,2022.6599457704,3370.7053982178,243.8080449553,547.9763340501,65.0943809346843,3225.1306917639,1603.6888393908,226.0550319731,0,11229.3724783324,31.9554233679359,3522.1977756658,349.1425886496,139.6570354598,1272.2992637233,765.7466266316,22.4871497774364,1185.90126721,2099.5896686932,215.4032241838,200.0172795993,1448.6458593464,1789.5037086044,610.7036465872,0,891.2012517057,8306.0430072657,1439.1775857559,31.9554233679359,455.6606665427,78.1132571216212,3208.5612129805,603.6024413943,7133.1606162425,195.283142804,970.4980430262,0,100.600406899,876.99884132,72.1955861275589,127.8216934717,2875.9881031142,5705.8183724747,501.8185002964,4877.344433306,80.480325519246,1021.3900135751,1039.1430265573,56.8096415429972,110.0686804895,85.2144623144958,465.1289401332,4916.4010618668,4541.2207208433,5357.8593180239,55697.1193961135,934.9920170618,1674.7008913196,84.0309281156834,13.0188761869369,73.3791203263714,55357.4450810543,3154.1186398351,1052.1619027442,14538.534098212,872.2647045247,31393.2446235,2422.694504969,611.887180786,17.7530129821866,5622.9709785579,4260.7231157247,1758.7318194352,8040.9313467317,282.8646735161,1751.6306142424,417.7875721807,314889.925401839,796.5185158007,494.7172951036,3626.3487851613,642.6590699551,2692.5403022983,742.0759426554,2968.3037706216,1072.281984124,61.543778338247,1886.553512907,699.4687114981,329.0225072698,5259.6259795224,517.204444881,595.3177020026,3247.6178415413,836.7586785603,99.4168727002451,534.9574578632,1337.393644658,2632.1800581588,9736.9358536299,402.4016275962,327.838973071,1146.8446386492,3047.600561942,131.3722960681,13.0188761869369,0,9211.4466693572,56.8096415429972,1152.7623096433,1621.441852373,112.4357488871,4818.1677233654,1802.5225847913,364.5285332342,1010.7382057858,503.0020344952,5505.8010928754,863.979965133,590.5835652074,1705.4727804887,4197.9958031877,228.4221003708,1.18353419881244,22862.3301184599,5316.4356210654,220.1373609791,16.5694787833742,326.6554388722,55.6261073441848,673.4309591242,329.0225072698,3876.0745011107,36.6895601631857,9374.7743887933,18289.1539742486,3196.7258709924,56.8096415429972,1854.598089539,3.55060259643733,29.588354970311,156.2265142432,81.6638597180585
"p8748_mo10",270686.020165789,5596.759509614,326.855546961,3082.88098351,0,1572.6714537028,1.71128558618376,535.6323884755,0,208.7768415144,226.7453401693,770.9341565757,8102.081607787,1.71128558618376,7769.2365612742,939.4957868148,1459.7266050147,441.5116812354,410.7085406841,223.3227689969,28.2362121720321,758.0995146794,1.71128558618376,1069.5534913648,98.3989212055665,2278.5767580036,2401.7893202089,281.5064789272,1379.2961824641,62.4619238957074,8244.1183114402,976.2884269178,0.855642793091882,0,7482.5962255885,0,3271.9780407833,110.3779203088,121.501276619,1743.8000123212,804.3042255063,5.13385675855129,863.3435782297,2021.028277283,269.5274798239,100.9658495848,1030.1939228826,806.0155110925,772.6454421619,0,361.0812586847,3172.7234767847,1576.9496676683,81.2860653437288,40.2152112753185,22.2467126203889,11160.1489502974,318.2991190301,8109.7823929248,50.4829247924211,707.6165898869,19.6797842411133,195.942199618,537.3436740617,325.999904168,30.8031405513078,1528.1780284621,5450.4445919952,893.2910759879,4002.6969860838,65.8844950680749,1067.8422057786,791.4695836099,0,10.2677135171026,57.3280671371561,391.0287564429,3437.9727426431,2978.4925627528,7065.8981853527,36520.5456947477,266.1049086515,834.2517232645,1116.6138449849,4.27821396545941,107.8109919295,46380.1175995454,6288.9745292253,815.4275818165,16419.7851994332,729.8633025073,39918.3032261155,3170.1565484054,1605.1858798403,0.855642793091882,3934.2455626364,3456.7968840912,2865.5477140647,10583.4457077534,123.2125622052,2417.1908904845,634.8869524741,275953.357200063,477.4486785452,432.9552533044,4632.4500817994,1019.9262093655,3559.4740192622,359.3699730985,4935.3476305539,533.0654600962,217.3332694453,5479.5364469604,1088.3776328128,248.9920527897,4670.0983646954,372.2046149949,1369.028468947,3133.3639083024,1350.2043274989,52.1942103786048,373.060257788,885.59029085,2499.3325986213,10089.7398161394,124.0682049983,1077.2542765026,802.5929399201,4404.849098837,307.1757627199,1.71128558618376,0,13018.6050968929,15.4015702756539,1196.1886247424,5786.7122096804,23.1023554134808,5004.6546967944,1708.7186578044,811.1493678511,1612.0310221851,5133.0011157582,2960.5240640979,2410.3457481398,1530.7449568413,1100.3566319161,2682.440156343,577.558885337,5.98949955164318,14564.75162401,4254.2559672528,99.2545639986584,12.8346418963782,593.8160984057,1.71128558618376,296.0524064097,509.1074618896,9951.9813264516,0,13684.2951899184,1653.9575190466,4095.1064077377,290.9185496512,1541.8683131515,2.56692837927565,96.6876356193827,336.2676176851,0.855642793091882
"p8748_mo11",256068.711732327,4495.4851877048,204.8673387346,4561.1973529593,0,1441.8022141134,0,336.2916692436,0,324.6954047869,177.8093883357,815.6039334529,7591.6877976374,0,8318.3870369225,1333.5704125177,1457.2639000556,340.1570907291,336.2916692436,201.001917249,50.2504793122642,591.4094872904,0,958.6245284185,69.5775867400581,2052.5388088317,2002.2883295194,328.5608262724,2006.153751005,61.8467437689406,7065.9904756014,1310.3778836044,0,0,7997.5570536211,0,3324.2624775805,77.3084297111757,146.8860164512,1120.972230812,660.9870740305,0,958.6245284185,2941.5857505102,378.8113055847,135.2897519945,641.6599666027,1221.4731894365,386.5421485558,0,815.6039334529,4050.9617168656,1329.7049910322,123.6934875378,46.3850578267054,11.5962644566764,12910.5077617663,154.6168594223,9794.9780444059,30.9233718844703,757.6226111695,3.86542148555879,131.4243305089,610.7365947182,367.215041128,30.9233718844703,1638.9387098769,4568.9281959304,699.6412888861,4340.8683282825,42.5196363411466,1012.7404292164,761.488032655,0,0,54.115900797823,367.215041128,3393.8400643206,3219.8960974704,6370.2146082008,37409.5491372379,270.5795039891,842.6618838518,916.1048920774,3.86542148555879,131.4243305089,49945.111014905,5709.2275341703,1410.8788422289,19083.5858742037,537.2935864926,39825.4375657121,3003.4324942791,1136.4339167542,0,4043.2308738944,3022.7596017069,2454.5426433298,12357.7524893314,150.7514379367,1940.4415857505,1580.9573875935,282801.966726452,347.8879337002,556.6206939204,5075.2984105386,610.7365947182,2837.2193704001,324.6954047869,3668.2849897952,761.488032655,193.2710742779,5303.3582781866,2056.4042303172,247.3869750757,3447.9559651184,537.2935864926,1206.0115034943,2632.3520316655,908.3740491063,204.8673387346,425.1963634114,1020.4712721875,2226.4827756818,8643.0824417094,224.1944461624,1178.9535530954,1074.5871729853,3830.6326921887,228.0598676479,7.73084297111757,0,16230.9048178613,15.4616859422351,796.2768260251,4700.3525264394,42.5196363411466,5419.3209227534,1376.0900488589,950.8936854474,1445.6676355989,4460.6963943348,2694.1987754344,1550.034015709,1132.5684952687,1209.8769249798,2671.0062465211,746.0263467128,3.86542148555879,14000.5566206939,5415.4555012678,112.0972230812,3.86542148555879,374.9458840992,7.73084297111757,309.2337188447,475.4468427237,9702.2079287525,3.86542148555879,16768.198404354,2187.8285608262,3231.4923619271,189.4056527923,966.3553713896,0,27.0579503989115,286.0411899313,0
"p8748_mo12",245258.043045478,4912.0853865646,399.9510507669,3927.8774836512,0,1181.9448962962,1.49235466704075,299.2171107416,0,398.4586960998,146.2507573699,689.4678561728,6734.9966123549,4.47706400112225,7633.3941219134,1224.4770043069,1270.7399989851,379.8042627618,173.8593187102,157.4434173727,44.7706400112225,600.6727534839,6.71559600168338,2341.5044725869,52.9785906799466,1428.9295936915,1961.700209825,192.5137520482,1724.4158177655,53.724768013467,6017.1740175083,1167.0213496258,0.746177333520375,0,8315.400204751,0,3042.1649887625,73.8715560185171,141.0275160353,996.1467402497,1907.229264478,3.73088666760188,1140.9051429526,2324.3423939159,285.7859187383,159.6819493733,1196.1222656331,1100.6115669425,223.8532000561,0,529.7859067994,2907.8530687289,902.1283962261,129.8348560325,105.2110040263,24.6238520061724,11398.6049468572,361.1498294238,8917.565312902,35.0703346754576,831.9877268752,13.4311920033668,164.905190708,317.1253667461,209.6758307192,25.3700293396928,1877.3821711372,4664.3545118358,796.9173921997,4183.8163090487,57.4556546810689,1027.4861882575,861.834820216,0,3.73088666760188,38.0550440095391,417.8593067714,3788.3423222829,3505.5411128787,7285.6754844929,40864.4016702433,226.8379093901,985.7002575804,852.8806922137,2.23853200056113,83.571861354282,49866.2850218331,5914.2015454824,763.3394121913,18048.5373431908,598.4342214833,47083.7897451356,2430.2995752758,759.6085255237,5.969418668163,4662.1159798353,3631.6450822436,2457.1619592825,15048.9044624389,115.6574866956,2544.4647073044,479.7920254536,281512.561149232,276.831790736,577.5412561447,3406.2995275205,952.8684549055,2418.3607379395,517.1008921296,5363.5226733444,614.1039454872,132.0733880331,4122.6297677,1369.2354070098,325.3333174148,3630.8989049101,505.1620547932,1016.2935282547,2051.2414898475,2222.1160992236,39.5473986765799,656.6360534979,1272.2323536522,1360.2812790076,9933.1126638232,176.8440280443,1240.8929056443,980.4770162457,4773.2964025298,754.385284189,2.9847093340815,0,15016.8188370975,11.1926600028056,1589.3577203983,3834.6053169612,40.2935760101003,4741.9569545219,922.2751842311,741.7002695192,1255.0702749812,8392.2564701036,2948.8928220725,3480.171083539,1101.357744276,1193.8837336326,3153.3454114571,528.2935521324,5.969418668163,14592.2439343244,5035.950823929,146.2507573699,8.9541280022445,251.4617613963,5.969418668163,173.1131413767,385.77368143,9915.2044078187,0,13781.8953501213,1829.6268217919,6621.5776576598,148.4892893705,1108.0733402777,2.23853200056113,18.6544333380094,705.1375801767,0.746177333520375
"p8748_mo4",247487.098351919,6867.3288587832,404.5678093072,2304.1653062778,0,1023.3565319957,1.93573114501078,294.2311340416,0,465.2207185175,198.0898205061,1012.3873888406,6802.8044872828,1.93573114501078,7391.2667553661,1055.6187177458,1641.5000109691,366.498430122,361.336480402,77.4292458004313,38.069379185212,716.2205236539,0,2426.7616121285,91.6246075305104,1268.549143697,2200.9263118772,214.8661570961,1043.3590871608,17.421580305097,5447.7926857753,695.5727247738,3.22621857501797,0,8664.9778487832,0,3134.5939674874,125.1772807106,150.3417855958,1209.1867219167,2573.8771791493,5.16194972002875,855.5931660947,2172.5355884171,369.079404982,170.3443407609,835.5906109296,1072.3950543359,328.4290509368,0,422.6346333273,3002.9642496267,759.4518525592,91.6246075305104,72.9125397954061,7.74292458004313,9163.105996766,309.7169832017,7729.374462028,28.3907234601581,698.7989433488,16.7763365900934,71.6220523653989,889.1458392749,234.2234685463,1066.5878609009,2277.0650702476,5194.2119057789,1000.7730019705,4248.9298632986,42.5860851902372,1029.8089691457,445.2181633524,1.29048743000719,12.9048743000719,61.943396640345,85.817414095478,4572.1969645154,3351.3958557286,8367.5204961666,39186.9412995982,211.6399385211,933.0224118951,682.6678504738,1.93573114501078,120.6605747056,51471.7363895517,6541.4807827064,618.1434789734,15159.3558402944,703.3156493539,48054.5256748926,818.8142743395,1029.1637254307,0,3637.8840651902,4052.1305302225,2484.1883027638,14228.2691595442,87.1079015254852,2999.7380310517,523.2926528679,279072.423445059,598.1409238083,667.1820013137,3366.8817048887,516.1949720028,2266.7411708076,427.7965830473,6147.2368728392,773.6472142893,1315.0066911773,3508.1900784745,2283.5175073977,544.585695463,3897.2720386217,680.0868756137,1985.414911066,2118.9803600718,2755.1906630653,468.4469370926,631.6935969885,1173.6983175915,1557.6183280186,10390.3595427028,32.9074294651833,903.341201005,832.3643923546,5372.2991711199,680.0868756137,4.51670600502516,0,13070.7019348278,15.4858491600863,2041.5511142713,5071.6155999282,103.2389944005,4019.8683444723,1180.1507547415,381.3390355671,1244.0298825269,8828.8697523941,2233.1884976274,3652.7246706353,1009.8064139806,1254.3537819669,3443.6657069741,426.5060956173,17.421580305097,14898.0321357179,4987.7339169777,145.8250795908,14.8406054450827,254.2260237114,3.22621857501797,168.4086096159,406.5035404522,8312.0295366762,0,12804.2162805313,2204.1525304522,8362.3585464465,198.0898205061,1197.5723350466,1.93573114501078,49.6837660552767,633.6293281335,0
"p8748_mo5",257532.088450421,6075.9223956359,362.0380479361,2211.3547954013,0.471403708250131,1090.8281808908,2.35701854125065,381.8370036826,0,482.2459935398,173.0051609277,447.8335228376,7152.1370615709,8.48526674850235,7134.2237206574,1130.4260923838,1597.5871672596,349.3101478133,244.1871208735,84.8526674850235,47.1403708250131,788.6584039024,2.82842224950078,2250.4813031861,124.450578978,1696.5819459922,2149.6009096205,209.7746501713,759.4313739909,10.3708815815029,7628.2548069036,607.1679762261,5.18544079075144,0,7924.2963356846,0,3222.9871533061,101.3517972737,123.0363678532,1269.0187826093,1933.698011242,9.89947787325274,881.0535307194,1842.2456918415,302.1697769883,1269.4901863176,785.8299816529,725.9617107052,531.7433829061,0,419.0778966343,2936.37369869,1175.6808483758,41.4835263260115,28.755626203258,18.3847446217551,10313.8417328046,316.783291944,6924.4490704861,29.2270299115081,669.3932657151,12.7279001227535,140.0069013502,368.6376998516,256.9150209963,459.1472118356,1933.698011242,5181.1981573771,1035.6739470255,4426.4808204687,57.9826561147661,1023.8888543192,731.1471514959,0,7.07105562375196,41.4835263260115,160.7486645132,4275.1602301204,3111.2644744508,8219.3950570492,37013.6763643837,232.4020281673,866.4400157637,706.1627549586,0.942807416500261,139.535497642,46420.5373625151,6568.5392707573,444.0622931716,14383.9413498362,840.5128118099,46611.9272680646,1601.3583969256,1016.8177986955,5.18544079075144,4518.8759472857,4093.6698024441,2529.5522984702,12239.9972847146,86.2668786097739,2778.4534564262,383.2512148073,277581.359566007,420.0207040508,629.7953542221,3944.2348269288,703.3343327091,2713.871148396,337.9964588153,6290.4110828897,604.8109576849,902.2666975907,5067.5898636889,1528.7622258551,305.469602946,4675.853382133,482.2459935398,1627.7570045877,3065.0669110423,2381.5315340796,357.7954145618,276.7139767428,929.136708961,1615.0291044649,11488.1083700556,134.8214605595,1092.2423920155,847.5838674337,5692.1997771203,701.4487178761,0.942807416500261,0,12931.5465247175,5.65684449900157,1865.3444735457,4340.2139418589,47.6117745332632,4842.7302948535,1531.5906481046,545.4140904454,1571.6599633059,8724.7398322934,2734.1415078507,3578.4255493267,1190.2943633315,1517.9199405654,2824.1796161265,468.1038822923,4.71403708250131,13515.1443155312,4111.1117396493,118.3223307707,14.613514955754,347.4245329803,1.41421112475039,202.7035945475,653.3655396346,9659.5333857534,0,12941.917406299,1557.0464483501,8401.3568884338,180.0762165515,1031.4313136512,0,43.369141159012,634.5093913046,1.88561483300052
"p8748_mo6",252793.964387484,6495.6110818727,241.3950920824,2622.2614063776,0,1389.5534742206,1.22535579737271,422.1350721949,0,390.2758214632,230.366889906,435.0013080673,8220.9120445735,1.22535579737271,7659.0864114781,1137.1301799618,1546.3990162843,333.909454784,251.1979384614,378.6349413881,36.1479960224951,711.3190403748,0,1616.8569746332,215.0499424389,2619.1980168841,2355.1338425503,250.5852605627,714.9951077669,8.577490581609,7226.5358150055,1056.2566973352,4.2887452908045,0,6713.7244138051,0,3353.1861395104,136.0144935083,132.9511040149,1706.3079478415,1350.3420887047,3.67606739211814,710.7063624761,2298.7674758712,311.8530504313,199.7329949717,1018.2706676167,811.7982157594,776.8755755343,0,370.6701287052,2428.042512494,1670.7726297176,89.4509732082082,25.732471744827,26.3451496435134,9738.5151996196,99.8664974858762,7776.7205680259,28.7958612382588,712.5443961722,5.51410108817722,113.3454112569,627.3821682548,291.022001876,85.1622279174037,2191.5488436011,5093.8040496783,854.0729907687,4323.0552531309,49.0142318949086,1083.2145248774,450.9309334331,0,14.7042695684726,48.4015539962222,257.9373953469,4136.8011719302,3023.5654300171,6784.7950500527,37164.4286564157,228.52885621,982.1226715942,774.4248639395,2.45071159474543,194.8315717822,50347.4190024501,6628.5621858876,1210.0388499055,16202.8797086594,1104.6582513315,41457.462692511,1757.7728913311,768.9107628513,4.2887452908045,5106.6702855507,3472.0456518555,2572.0218186853,11423.3794210071,95.5777521950717,2413.9509208242,1263.3418270912,289579.145424613,268.3529196246,606.5511196994,4311.4143730558,836.9180096055,3377.6932554578,358.4165707315,5289.860977258,573.4665131704,669.0442653655,4479.2881172959,1211.8768836016,271.416309118,4501.9571995473,410.4941921198,1093.6300491551,3002.7343814618,1608.2794840516,376.1842297934,406.205446829,1094.8554049525,2026.7384888544,10455.9610189813,115.183444953,820.375706341,936.1718291927,4942.4726087028,536.0931613505,10.4155242776681,0,13186.0537355277,4.90142318949086,1350.9547666034,4022.8430827746,25.1197938461406,5213.8889178209,1474.1030242393,527.5156707689,1669.5472739203,6025.6871335803,2478.2821001863,2041.4427584229,990.0874842771,1573.9695217252,2988.642789792,542.2199403374,9.19016848029536,14409.5714992044,5155.071839547,109.6693438648,12.2535579737271,345.5503348591,0,302.662881951,615.1286102811,9090.3019828094,0,12940.9825760532,1753.4841460403,6708.2103127169,151.9441188742,1267.630572382,1.83803369605907,56.9790445778312,315.5291178234,0.612677898686357
"p8748_mo7",257784.963001776,5624.4967858192,346.3391567727,2991.8079926386,0,1174.4859227829,1.27800426853426,347.6171610413,0,544.4298183955,208.314695771,1465.8708960087,6430.9174792643,2.55600853706851,8022.0327935895,1574.5012588342,1678.0196045854,351.4511738469,168.6965634465,67.7342262323156,34.5061152504249,716.9603946477,5.11201707413703,2113.8190601556,38.3401280560277,1651.1815149462,2253.1215254258,255.6008537068,1253.7221874321,31.9501067133564,6439.8635091441,1155.3158587549,0,0,6545.9378634324,1.27800426853426,2814.1653993124,108.6303628254,136.7464567331,1313.7883880532,1707.4137027617,0,756.5785269722,2558.5645456055,405.1273531253,168.6965634465,708.0143647679,1405.8046953876,310.5550372538,0,584.0479507201,2935.5758048231,1010.9013764105,132.9124439275,99.684332945672,6.39002134267128,9729.4464963512,364.2312165322,9004.8180760923,7.66802561120554,883.1009495571,11.5020384168083,109.9083670939,642.8361470727,314.3890500594,16.6140554909453,2490.8303193732,3821.2327629174,963.6152184748,3943.9211726967,79.2362646491239,907.3830306593,327.1690927447,0,21.7260725650824,62.6222091581786,152.0825079555,3917.0830830574,3646.1461781282,8145.9992076373,41797.1296024128,337.393126893,837.0927958899,302.8870116426,3.83401280560277,352.7291781154,51184.0709547969,6188.0966682428,1970.6825820798,19227.5742200978,852.4288471123,37864.7104681329,718.2383989162,1003.2333507993,1.27800426853426,4116.4517489488,3517.0677470062,2478.0502766879,10937.1605301161,126.5224225848,2890.8456554244,1607.729369816,278723.784937442,163.5845463723,677.3422623231,4404.002709369,549.5418354697,2484.4402980305,479.2516007003,4723.5037765026,877.988932483,152.0825079555,4051.2735312535,1299.7303410993,458.8035324037,4166.2939154216,484.3636177744,686.2882922028,1955.3465308574,2153.4371924802,235.1527854103,494.5876519227,1128.4777691157,1826.2680997354,9406.1114164121,65.1782176952471,1041.5734788554,1017.2913977532,4830.8561350594,664.5622196378,0,0,15453.6276151162,7.66802561120554,1347.0164990351,4809.1300624944,60.0662006211101,4938.2084936163,1239.6641404782,535.4837885158,1410.9167124618,7345.9685355349,2409.038046187,2774.5472669878,1214.1040551075,1166.8178971717,2870.3975871279,581.491942183,12.7800426853426,16350.7866116272,5430.240137002,163.5845463723,20.4480682965481,365.5092208007,8.9460298797398,168.6965634465,557.2098610809,7642.4655258348,0,15263.2049791046,2458.8802126599,5593.8246833744,155.9165207611,1513.1570539445,1.27800426853426,67.7342262323156,534.2057842473,1.27800426853426
"p8748_mo8",272461.230966546,5920.3227905278,272.424720437,3018.2037755632,0,1966.8877582066,2.80850227254642,586.040807538,0,480.2538886054,201.2759961991,883.7420484279,7816.9979919208,2.80850227254642,7617.59433057,984.8481302396,1547.484752173,309.8714174042,363.2329605826,143.2336158998,37.4466969672856,619.7428348085,0,2005.2706225981,63.6593848443856,2093.2703604712,2082.036351381,362.2967931584,1282.5493711295,42.1275340881963,7934.0189199436,886.5505507004,1.87233484836428,0,7308.6590805899,0,3256.9264687296,102.97841666,164.765466656,1434.208493847,1469.7828559659,2.80850227254642,741.4445999522,1932.2495635119,249.9567022566,70.2125568136606,1192.677298408,711.4872423784,548.5941105707,0,329.5309333121,2620.3326202858,1373.3576112752,62.7232174202034,44.9360363607428,26.2126878770999,10215.4589326755,105.7869189325,7373.2546328585,32.7658598463749,617.8704999602,3.74466969672856,152.5952901416,431.5731825479,131.9996068096,35.5743621189213,1529.6975711136,4903.644967866,1010.1246506925,4167.8173724588,56.1700454509284,1000.7629764507,699.317065864,0,0,54.2977106025642,301.4459105866,3937.52018611,3305.6071747871,7840.4021775254,35676.4043681572,219.9993446828,905.2738991841,1027.9118317519,1.87233484836428,105.7869189325,46383.3511985283,6398.7043442849,525.1899249661,13452.7258854973,625.3598393536,40928.303617819,3714.7123391547,1514.7188923267,0.936167424182141,4009.6050777721,3270.9689800923,2900.2466801162,9707.1200213446,109.5315886293,2796.332096032,287.4033992239,278493.893847976,316.4245893735,671.2320431385,3578.0318952241,653.4448620791,3068.756816469,335.1479378572,5441.9412367707,557.0196173883,157.2761272625,4657.4329353061,1499.7402135397,300.5097431624,4560.0715231912,369.7861325519,1290.9748779471,2849.6936392104,2027.7386407785,32.7658598463749,278.041724982,1014.8054878134,3212.9265997931,10517.8410106863,125.4464348404,758.2956135875,830.3805052495,4961.6873481653,659.9980340484,0,0,13455.5343877699,14.0425113627321,1779.6542733702,5881.0037587122,32.7658598463749,3903.8181588395,1297.5280499164,613.1896628393,1635.4844900461,6958.5324639458,2482.716008931,2977.9485763233,1422.9744847568,1091.5712165963,2840.3319649686,444.6795264865,6.55317196927499,12779.6215075104,4015.2220823172,107.6592537809,7.48933939345712,517.7005855727,1.87233484836428,241.5311954389,341.7011098264,9674.3541614982,0,13536.9809536737,1681.3566938311,6373.427823832,267.743883316,1801.1861241264,2.80850227254642,87.0635704489391,396.9349878532,1.87233484836428
"p8748_mo9",274263.625884896,5554.9454102417,225.8107890342,3043.3135885747,1.02641267742826,1377.4458131087,2.05282535485652,431.0933245198,0,259.6824073893,248.3918679376,623.0324951989,8066.5772319087,0,8188.7203405226,1074.6540732673,1603.2566021429,420.8291977455,449.5687527135,276.1050102282,39.0036817422739,667.1682403283,4.10565070971305,1218.3518481073,70.82247474255,2293.0059213747,2420.2810933758,293.5540257444,1599.1509514332,54.3998719036979,6784.5877978008,811.8924278457,4.10565070971305,0,7206.4434082238,0,3250.6489494153,83.1394268716892,133.4336480656,1464.6908906901,823.1829672974,5.13206338714131,727.7265882966,1815.7240263705,348.9803103256,90.324315613687,1060.2842957833,706.1719220706,617.9004318118,0,402.3537695518,3222.9358071247,1499.5889217226,103.6676804202,52.3470465488413,23.60749158085,10877.9215553847,296.6332637767,7491.7861325488,58.5055226134109,727.7265882966,22.5810789034218,132.4072353882,533.7345922626,499.8629739075,126.2487593236,1831.120216532,4672.2305076534,889.8997913303,4145.6808041327,48.2413958391283,1023.3334393959,920.6921716531,2.05282535485652,7.18488874199783,26.6867296131348,318.1879300027,3828.5192868074,2853.4272432505,7388.1184521286,35127.9474723048,256.603169357,822.15655462,1485.2191442386,0,220.678725647,45912.4654740435,6114.3403194401,1129.053945171,14645.8824942238,717.4624615223,39541.5219852463,3353.2902171581,1369.2345116893,1.02641267742826,4742.0265697185,3414.8749778038,3157.2453957693,11375.7317039374,108.7997438073,2346.379380601,659.9833515863,280632.516548338,381.8255160033,518.3384021012,5066.3729757858,546.0515443918,3804.9117952265,303.8181525187,4845.6942501388,675.3795417477,145.7506001948,4626.0419371691,1309.7025763984,330.5048821319,4652.7286667823,412.6178963261,1742.8487262731,2789.78965725,1288.1479101724,154.9883142916,290.4747877121,767.7566827163,2056.9310055662,10400.6396603805,176.5429805176,861.1602363623,864.2394743945,5127.9577364315,354.1123737127,5.13206338714131,3.07923803228478,11694.9460466176,20.5282535485652,1090.0502634288,6234.4306026992,37.9772690648457,5848.4994359862,1423.6343835929,725.6737629417,1930.6822462425,4601.4080329108,2764.1293403143,1960.4482138879,1579.649110562,1265.566831269,2481.8658540215,980.2241069439,2.05282535485652,12404.1972067205,3978.3755377119,96.4827916782566,14.3697774839957,542.9723063595,3.07923803228478,260.7088200667,555.2892584886,9800.188244085,0,12997.463734274,1449.2947005287,5072.5314518504,286.3691370024,1184.4802297522,2.05282535485652,91.3507282911153,249.418280615,0
"p8775_mo1",208077.409636596,7098.1209388505,131.9706093896,1269.799764913,0,4754.2807417275,3.16307718909983,498.3603837937,62.0314582084577,558.9860299181,222.4697623,1196.3460835217,4332.8885695352,20.0328221976322,7219.0207780783,3126.5260749146,1962.8651223469,367.444133467,605.5535552021,295.7477171808,1326.7351543168,650.715268402,45.6888927314419,2702.1465520437,93.4865035889504,1803.3054508079,2465.6186689033,1661.1427038089,1913.6616994053,140.4054818939,10391.7629252559,1235.5330953644,46.3917987734641,11.597949693366,4978.5077691326,123.0085573538,2913.0183646504,88.214708273784,371.8372962297,1598.5840660689,365.8625948725,238.9880542875,1203.9023234734,3250.2375383105,373.9460143558,2535.382093574,1037.4893180247,1288.6025015371,366.2140478935,1.932991615561,2062.5020538035,9810.8110815246,1145.9125750066,2314.8453228895,264.4683983108,39.0112853322312,10743.0402197565,979.8510225789,7957.5993017331,878.8082790382,1265.2308756399,13.1794882879159,395.2089221269,856.491012204,1357.6630201658,1532.8623511398,3473.5859331631,3069.4149590003,660.2044999693,3556.5288461217,183.2827504572,1023.4311971842,1152.0630028743,608.0137263491,1025.3641887998,163.0742017491,243.3812170501,4051.5504262158,5282.1631792862,5223.6462512878,80607.8590870199,314.5504538049,3261.4840349829,1166.8240297568,10.5435906303327,118.2639415702,41356.7070679486,3673.9141551394,304.3583161956,26785.4648168288,830.1320356281,28457.3268377785,2114.6928274237,911.6691365027,6.85333390971629,7133.7934204831,2725.6939044515,2543.2897865467,8380.7487390304,98.2311193726001,1876.7591321992,453.9015766358,254751.249459421,901.4769988934,1602.4500493,4829.6674147344,575.3285953951,2517.8094425234,1222.880786608,2775.4245069245,2751.7014280063,134.4307805367,9020.0417842496,1474.169696631,279.7566047248,4399.6646435273,1535.8497018184,1155.2260800634,1743.558437236,877.9296464857,119.4940271437,338.2735327231,2232.6053159729,7436.2187450631,8600.5826036729,574.9771423741,538.77748121,2693.0087734974,3239.5182211697,638.7658656876,3227.0416389238,698.5128792595,10121.4955520984,2.63589765758319,1117.2691537942,3951.9134947592,89.2690673368173,6506.4497779783,3033.3910243467,776.1839969029,1154.5231740214,3632.2669721496,2705.6610822538,1643.7457792688,1342.3748137518,1252.9300199045,6918.0012655823,1650.9505661996,5.27179531516637,13363.4739444152,6321.409762416,380.975074776,25.1288910022931,571.6383386745,20.91145475016,2150.8924885878,577.2615870107,5251.7624929687,2.81162416808873,18524.0343784316,4772.0291192886,2217.1413830484,258.1422439326,4352.7456652223,9.13777854628838,66.6003474816019,819.2369919768,30.7521393384705
"p8775_mo10",216356.87522995,4094.0524549297,117.3215398592,1412.5513399058,0.938572318874314,7196.0339688093,1.87714463774863,373.5517829119,0,351.0260472589,542.4948003093,951.7123313385,4386.8870184185,15.9557294208633,6793.3864440122,611.0105795871,1610.5900991883,320.991733055,504.0133352355,127.6458353669,167.0658727596,535.9247940772,0.938572318874314,12240.8601827588,27.2185972473551,739.5949872729,1733.5430729608,1698.8158971625,10777.6259376337,761.182150607,8478.1237563916,616.6420135004,4.69286159437157,0,5101.1405530818,61.9457730457047,3334.7474489604,128.5844076857,178.3287405861,956.4051929329,198.9773316013,160.4958665275,928.2480233666,1628.4229732469,649.492044661,13373.71697164,1330.8955481637,729.2706917653,128.5844076857,0,524.6619262507,10070.8809815213,431.7432666821,545.3105172659,56.3143391324588,10.3242955076175,15075.3485857592,319.1145884172,7000.8109264835,650.4306169798,694.5435159669,44.1128989870928,66.6386346400763,614.7648688626,213.0559163844,507.767624511,5373.3265255554,3291.5731222922,659.8163401686,4306.1697989953,75.0857855099451,1086.8667452564,712.3763900256,159.5572942086,25.3414526096065,58.1914837702075,20.6485910152349,3741.149263033,2731.2454479242,6893.8136821318,45259.8343607571,1357.1755730922,1038.9995569938,999.5795196011,5.63143391324588,173.6358789917,47244.9148151763,4545.5057403083,424.2346881311,20365.1421749348,1350.6055668601,41396.6706962704,1933.458976881,434.5589836388,14.0785847831147,3470.8404351972,3724.2549612932,2725.614014011,8617.032459585,67.5772069589506,1888.4075055751,1764.5159594837,281340.806871851,327.5617392871,833.4522191603,3615.3805723038,584.7305546586,1835.8474557181,578.1605484265,2267.5907224003,836.267936117,108.8743889894,13793.2587981769,2473.1380602338,525.6004985696,2662.7296686464,681.4035035027,2551.9781350192,958.2823375706,3284.0645437412,112.6286782649,168.0044450785,1204.1882851157,10771.9945037205,9078.8100404712,106.9972443516,328.500311606,855.0393824945,4547.382884946,3698.9135086836,282.5102679811,60.0686284079561,4365.2998550844,20.6485910152349,1620.9143946959,3593.7934089697,31.9114588417267,5960.8727971707,728.3321194464,424.2346881311,943.2651804686,1543.9514645482,2660.8525240086,732.0864087219,838.1450807547,1578.6786403465,2977.1513954693,425.17326045,4.69286159437157,14421.1636795038,4462.9113762473,156.741577252,15.017157101989,251.5373814583,20.6485910152349,869.1179672776,210.2401994278,7603.3743552008,0,10981.2961308294,2908.6356161914,4976.3104346716,730.2092640842,5834.1655341227,3.75428927549726,62.884345364579,353.8417642156,10.3242955076175
"p8775_mo11",215072.289032824,4721.0795344912,59.3702867699025,1516.2257852005,0,4732.4968973316,0,243.1898284997,0,316.2609506781,316.2609506781,580.0020322905,4131.9436119284,11.4173628403659,8084.634627263,610.8289119595,1551.6196100057,309.4105329739,606.2619668234,383.6233914362,282.008862157,537.7577897812,15.9843079765122,1996.8967607799,108.4649469834,1282.169846973,2511.8198248804,1144.0197566046,4835.2531628949,251.181982488,5101.2777170754,802.6406076777,3.42520885210976,0,5104.7029259275,45.6694513614634,3764.3045284686,147.2839806407,213.5046851148,1186.263999114,317.4026869621,207.7960036946,807.2075528138,2178.4328299418,339.0956763588,6646.0469093769,1141.7362840365,575.4350871544,214.6464213988,0,430.4345790817,7216.9150513952,477.2457667272,548.0334163375,147.2839806407,28.5434071009146,10879.6050505846,355.0799843353,7440.6953630664,697.6008695463,822.0501245063,38.8190336572439,198.6621134223,1581.3047533906,159.8430797651,162.1265523331,3724.3437585273,3118.0817917039,463.5449313188,4735.9221061837,54.8033416337561,1245.6342858839,936.22375291,203.2290585585,44.5277150774268,60.512023053939,20.5512531126585,4343.1648244751,3514.2642822646,6150.533362105,49027.297772815,941.9324343301,1368.9418045598,1050.3973813136,6.85041770421951,213.5046851148,52847.5473792014,3316.7439051262,490.9466021357,18697.0733873831,1202.2483070905,38207.0630090003,4640.0162583246,425.8676339456,27.4016708168781,4651.433621165,3912.7302453933,3090.680120887,8806.2119587741,63.9372319060488,1818.7859004702,1172.5631637055,319065.054991728,175.8273877416,997.8775122479,3990.3683127078,688.466979274,1877.0144509561,512.6395915324,2332.5672282867,1115.4763495037,802.6406076777,7013.6859928367,1808.5102739139,316.2609506781,2679.6550586338,550.3168889056,3996.076994128,1801.6598562097,2071.1096192423,44.5277150774268,232.9142019434,1768.5495039726,6770.4961643369,9143.0241625649,124.4492549599,343.662621495,1074.3738432784,3531.3903265251,629.0966925041,38.8190336572439,167.8352337533,6263.5652542247,17.1260442605488,1215.9491424989,2937.6874588261,34.2520885210976,5230.2939171715,839.1761687668,395.0407542766,1310.713254074,1728.5887340313,2480.9929452115,1344.965342595,751.262474896,1709.1792172027,3832.8087055108,570.8681420182,2.28347256807317,15348.3608663038,5267.9712145448,198.6621134223,28.5434071009146,292.2844887133,9.13389027229269,1505.9501586442,266.0245541805,7554.86899147,15.9843079765122,12145.7905895812,2724.1827737112,3250.5232006521,292.2844887133,3420.6419069736,2.28347256807317,50.2363964976098,493.2300747038,14.8425716924756
"p8775_mo12",201475.291953748,7630.3789797568,78.9496706518469,1293.7788370784,0,10105.5578434364,1.42251658832157,259.6092773686,0,344.2490143738,374.1218627285,958.7761805287,4841.5352083524,9.95761611825096,7283.9961905005,704.1457112191,1524.2265243865,258.1867607803,282.3695427818,201.2860972475,198.4410640708,416.7973603782,4.97880805912548,914.6781662907,103.8437109474,1174.2874436594,2012.1497141808,2180.0066716027,8871.5247030674,716.2371022199,9605.5432626413,1007.8530028258,6.40132464744705,0,5462.4636991548,100.2874194766,3326.5550417899,76.8158957693645,201.9973555416,1138.0132706572,560.4715357986,109.5337773007,1042.7046592397,1707.0199059858,628.0410737439,12012.4413300814,1559.0781808004,954.5086307637,257.4755024862,0,596.0344505067,12298.367164334,517.796038149,775.9827989294,226.1801375431,21.3377488248235,13993.2956793192,374.1218627285,6811.0094248836,673.5616045702,876.270218406,43.3867559438077,64.0132464744705,646.5337893921,490.0569646767,308.6860996657,5280.3815758496,3441.778885444,387.6357703176,4184.3325445478,48.3655640029332,1083.957640301,1226.2092991331,182.0821233051,35.5629147080391,59.7456967095058,95.3086114175449,2685.0000604569,3391.9908048527,6188.6584174929,48560.4487755332,1547.6980480938,1392.6437399668,1302.3139366083,9.24635782409018,270.278151781,50086.8090748023,3631.6848499849,551.2251779746,26869.2045785118,993.6278369426,33806.8179797561,3574.0729281579,361.3192134336,11.3801327065725,4061.9961179522,4231.2755919624,2455.9748897371,8929.1366248944,84.6397370051332,2110.303358775,748.9549837513,288125.04489818,217.6450380131,770.2927325761,3878.4914780587,667.1602799228,1715.5550055158,464.4516660869,2081.8530270086,777.4053155177,179.9483484226,14663.3009924186,2096.0781928918,594.6119339184,2436.7709157948,443.1139172621,1775.3007022253,1209.1391000733,3309.4848427301,51.2105971795764,294.4609337825,1335.0318181397,16080.8387726811,6889.9590955355,88.1960284759371,305.8410664891,902.58677529,3568.3828618046,298.0172252533,58.3231801211842,66.1470213569528,6712.1445219953,34.1403981197176,905.4318084666,2249.7099844305,36.2741730021999,5642.4120475774,798.7430643425,274.545701546,881.9602847593,1054.0847919462,3485.1656413878,812.9682302257,706.9907443958,886.2278345243,3477.341800152,430.3112679672,2.84503317664313,14804.1301346625,5384.9365450912,131.5827844197,31.2953649430744,885.5165762301,14.2251658832157,1562.6344722712,219.7788128956,7346.5869203867,2.84503317664313,13392.2824207533,4057.0173098931,5249.7974692007,530.5986874439,5775.4173485855,0,51.9218554737371,221.201329484,25.6052985897882
"p8775_mo2",202031.223374429,6642.4996152651,110.2611892995,3602.946509172,0,8382.7985469108,4.42224021255055,262.3862526113,2.94816014170037,378.8385782084,234.3787312651,1531.8640096275,4763.0475249311,9.43411245344118,7891.6350673035,1187.2240890627,1228.2035150323,378.5437621943,489.099767508,168.0451280769,433.3795408299,658.0293436275,12.6770886093116,1959.347230174,59.8476508765175,1365.2929616214,2700.8095058117,1714.6499384129,5702.3313460768,441.6343892267,8503.9679287347,1496.4860879271,8.84448042510111,0.884448042510111,3963.2116784878,175.7103444453,2964.3750224797,99.0581807611324,237.9165234352,1331.683936006,295.9952782267,214.6260583157,1945.1960614939,3814.0347753177,586.9786842125,6605.0579814655,651.5433913157,1407.1568356335,285.6767177307,0.884448042510111,805.1425346983,11899.363963931,804.2580866558,1374.1374420465,232.3150191659,28.3023373603235,8454.1440223399,717.876994504,10821.8114321395,675.4234884635,1169.8299442267,7.37040035425092,183.0807447995,836.9826642287,646.826335089,348.4725287489,2144.1968710586,3342.3291526457,366.4563056133,3948.4708777793,88.149988236841,1133.8623904979,813.3973830951,286.8559817874,121.7590138522,102.8907889453,276.2426052773,3722.9366269392,5001.2588643805,5026.0234095707,60969.7206264486,759.1512364878,1820.1940714858,913.6348279129,12.9719046234816,581.6719959574,49707.7488851532,3074.0465797509,1266.2347808603,24773.3896707082,822.8314955485,26181.7257703984,2752.1074922772,697.2398735121,14.1511686801618,6832.9507604189,3301.349726676,2055.4572507934,8129.2567747245,99.9426288036425,1953.1560938764,899.4836592327,273883.487531936,391.5156668178,846.121960668,4007.4340806133,616.4602856295,1782.457621672,843.4686165404,2572.5645396477,1516.2387608764,498.8286959757,11368.4003224107,2541.6088581598,560.150426923,2711.4228823218,760.3305005445,1900.38402734,1974.6776629109,1046.8916663178,223.4705387408,295.1108301842,2168.3717842206,13262.2983974391,7103.8866774412,202.2437857206,402.7186753562,1312.8157110991,2752.6971243056,461.9766942044,163.3280718502,237.9165234352,10886.3761392427,5.30668825506066,982.0321432003,1909.2285077651,109.6715572712,4043.6964503562,1325.7876157226,388.8623226902,850.5442008805,2038.0631059574,2189.3037212266,924.5430204372,704.020641838,1207.8612100546,4605.0261413359,602.6039329635,7.66521636842096,17068.9627724026,7498.0556883865,244.4024757469,19.7526729493925,417.1646600506,24.7645451902831,1365.8825936497,150.0613512125,6250.9839484472,4.12742419838052,19160.682392939,13644.9695838318,3215.8530825667,313.0946070485,6971.5142870788,3.83260818421048,28.5971533744936,473.7693347712,17.9837768643722
"p8775_mo3",210659.580581704,7100.0017191287,154.7215870996,1439.1563498476,0,5751.0996284226,6.13974551982769,286.1121412239,1.22794910396554,492.4075906901,344.4397236623,851.5827036001,4063.8975595739,5.52577096784492,6791.7864940333,1407.2296731445,1557.0394638283,476.4442523386,586.9596716955,174.982747315,289.1820139838,656.9527706215,10.4375673837071,1748.5995240469,60.7834806462942,1810.6109537971,2502.5602738817,1262.9456534285,5854.8613277076,410.1350007244,8259.1856732722,1267.8574498444,5.52577096784492,0,5019.2419624591,75.5188698938806,3007.2473556116,101.3058010771,220.4168641618,1561.3372856921,306.3733014394,186.6482638027,1657.7312903534,3759.3661817904,414.4328225883,4548.9374556403,1283.2068136439,1130.9411247522,251.7295663129,2.45589820793108,792.6411466097,11236.9622503886,1043.1427638187,1366.7073527136,216.1190422979,46.0480913987077,17370.5680246965,479.5141250985,12335.3627238858,902.5425914146,995.252748764,15.3493637995692,192.1740347706,692.5632946365,456.7970666751,314.9689451671,2125.5798989643,3990.220613336,671.0741853171,4003.7280534796,65.0813025101736,1048.6685347865,937.5391408776,235.7662279613,48.5039896066388,76.1328444458634,345.0536982143,4843.03126604,4162.1334878911,5994.2335510077,50001.4735389247,668.0043125572,1337.2365742184,677.8279053889,4.91179641586216,1867.7105871315,46160.4487417205,4006.7979262395,746.593055211,29386.6639815512,1731.4082365914,39497.5969036035,2509.3139939535,695.0191928444,7.981669175776,5568.1352119317,3313.006682499,2334.3312466384,10349.7690227735,108.6734957009,2631.4949297981,547.0513258166,263636.374799537,218.5749405058,759.4865208026,4602.3532416628,626.8680175744,2906.5555290864,586.3456971435,2376.0815161733,1452.6637899912,101.3058010771,11373.2646009288,2322.0517555988,388.0319168531,3400.8050434325,602.309035495,2988.8281190521,1724.6545165195,891.4910494789,63.2393788542253,326.6344616548,1561.3372856921,8061.4858675337,9723.5149797511,221.0308387137,490.5656670342,1101.470346257,3884.6169903949,407.0651279645,130.1626050203,186.6482638027,10537.6452356802,1.84192365594831,1769.4746588143,3106.7112330328,103.1477247331,6452.8725413389,1620.8928172345,447.5874483954,939.9950390856,1751.6693968068,3157.0571462954,946.1347846054,1055.4222548583,1838.2398086364,3646.3948642256,879.8255329913,10.4375673837071,13813.1994705083,7077.8986352573,236.3802025133,17.1912874555175,474.6023286826,15.963338351552,1351.971963466,211.821220434,7857.0323417235,1.22794910396554,15863.2604995788,6894.9342187665,3888.9148122588,301.4615050235,5107.6542979446,1.22794910396554,63.853353406208,443.9036010835,24.5589820793108
"p8775_mo4",220450.304423852,7904.9287644194,141.3936050181,1084.9678643123,0,7054.8567277984,1.14027100821052,332.9591343974,1.71040651231578,385.9817362792,287.348294069,883.139895859,4435.6542219389,6.27149054515787,6702.5129862614,1294.2075943189,1640.2798453108,438.4342026569,530.7961543219,212.0904075271,318.7057467948,968.6602214748,5.13121953694735,2355.7999029629,59.8642279310524,1230.3524178591,2542.2342128053,1598.089818007,6536.0334190627,580.3979431791,8789.7790667908,1250.8772960069,8.55203256157891,0,5264.6312449079,103.7646617471,3119.2113429598,121.4388623744,180.7329548013,1489.1939367229,209.8098655107,331.2487278851,1482.3523106736,3486.9487431077,592.3707887653,6098.1693519098,1097.5108454026,1206.9768621908,256.5609768473,3.99094852873682,811.3028223417,11332.5834151002,723.5019547095,1486.3432592024,190.9953938752,17.6742006272631,12911.2886259677,458.3889453006,11324.6015180427,872.307321281,1063.3027151563,8.55203256157891,175.6017352644,687.5834179509,339.2306249426,370.5880776684,2632.3156224539,3795.3920508287,664.2078622826,4043.9711306186,90.6515451527364,1128.2981626243,1319.8636920036,208.6695945025,56.4434149064208,86.0904611198944,21.0950136518946,4917.9888584119,3278.2791486052,6476.7393266357,47497.4187115051,1001.1579452088,1244.0356699576,1179.0402224896,14.8235231067368,2355.7999029629,45457.4738778165,4192.77649719,1931.0489524045,27071.74414143,1392.270901025,34598.1029311236,1421.9179472385,997.1669966801,5.13121953694735,5285.1561230557,3368.3605582538,2400.2704722831,10253.316905829,98.0633067061048,2563.3292264572,1059.3117666275,264692.249406916,271.9546354582,961.8185954255,5260.0701608751,476.0631459278,2296.5058105359,590.660382253,2648.2794165689,1155.6646668213,213.8008140394,10959.1446599113,2562.188955449,533.6468318425,3104.3878198531,548.4703549492,2478.9491718496,1940.7412559743,921.9091101382,58.7239569228419,527.3753412973,1397.972256066,10186.0409163445,9218.5209658779,175.6017352644,417.339189005,1115.1850460298,3699.0391506349,592.9409242694,118.0180493497,181.8732258095,10556.628994013,10.2624390738947,1322.7143695242,3079.3018576725,101.4841197307,5978.4408960477,1492.6147497475,543.9092709164,966.3796794584,1738.3431520169,3676.2337304707,897.3932834616,1055.8909536029,2122.6144817838,3281.6999616298,699.5562635371,10.832574578,13853.7226142537,6992.1418223469,258.2713833596,15.9637941149473,556.4522520067,23.9456911724209,1623.1757801876,197.2668844204,7136.9562403896,0,13459.1888454128,6703.0831217655,3337.003105528,423.6106795502,5993.2644191545,5.13121953694735,71.2669380131576,522.2441217604,27.9366397011578
"p8775_mo5",217484.411459781,7564.2140298355,103.0770747622,1335.520359963,0,8242.4313043582,2.2408059730924,320.4352541522,0,318.9413835034,315.953642206,1038.9870361905,4427.0856675062,6.72241791927721,7276.6439299553,1207.7944194968,1827.750738719,286.0762292314,546.7566574345,239.0193037965,398.8634632104,727.5150059306,13.4448358385544,2266.9487094451,70.9588558145927,1158.4966880887,2891.3866406135,1821.0283207997,5478.0236688865,478.7855429174,8894.5058425281,1189.1210363877,11.9509651898261,0,4935.7486233981,175.5298012255,3101.2754667598,193.4562490103,244.9947863914,1551.3846687043,314.4597715573,383.9247567231,1940.537972698,3423.2045915608,589.3319709233,6462.4844263984,953.0894738886,1322.8224594488,293.5455824751,2.2408059730924,982.2199515388,11775.4353886005,786.5228965554,1348.2182604772,187.4807664153,26.8896716771088,10044.0393067245,590.0789062476,10684.1628797045,944.1262499962,1126.3784691411,22.408059730924,187.4807664153,726.0211352819,374.9615328307,355.5412143973,2492.5231774031,4042.4139754586,482.5202195392,4043.9078461074,100.8362687891,1071.1052551381,1644.7515842498,206.1541495245,77.6812737338699,107.5586867084,28.3835423258371,4627.2643344358,3745.8806516861,6136.8206249757,50274.7228123011,1356.4345490452,1506.5685492424,1074.0929964356,11.204029865462,2429.7806101565,46749.9350166267,3733.9296864963,1153.2681408182,27466.3057475179,920.9712549409,28597.9127639295,1962.9460324289,1029.2768769737,5.22854727054894,5563.9212311884,3662.2238953573,2529.8699436213,9004.3053352096,152.3748061702,2334.1728886379,1137.5824990065,268445.567835172,310.7250949354,779.8004786361,4633.986752355,502.687473297,1906.9258831016,609.4992246811,2435.7560927514,1298.1735937448,365.9983089384,11304.8661342511,2956.3700138332,450.4020005915,2954.1292078601,596.8013241669,1880.7831467488,1708.9880221451,1624.5843304919,73.1996617876851,514.6384384868,1516.2787084591,12348.3347823878,7474.5817909118,209.8888261463,502.687473297,1174.9292652247,2988.4882327809,489.2426374585,162.084965387,229.3091445797,12886.12821593,22.408059730924,926.9467375358,2628.4654064373,80.6690150313265,5182.2372804383,1363.1569669645,479.5324782417,1106.9581507076,2189.2674357112,4418.1224436138,986.701563485,929.1875435089,1555.1193453261,3766.0479054439,649.0867968724,1.49387064872827,14536.1083474504,7095.8855814592,225.5744679579,29.1304776502012,622.1971251953,8.21628856800547,1444.5729173202,345.8310551805,6592.4511728378,0,13718.2141672716,7344.6150444725,3356.7273476924,448.9081299428,6435.5947547213,0.746935324364134,103.0770747622,575.8871350847,35.1059602451143
"p8775_mo6",213295.500218062,6443.5303876379,183.8565405895,1711.3623342084,0,7272.4882203542,1.60340006328086,250.1304098718,2.67233343880143,546.7594215787,455.3656179717,846.5952334122,4224.4247000572,5.34466687760285,6225.4679790318,836.4403663448,1539.2640607496,393.3674821915,432.9180170858,342.0586801665,180.1152737752,523.777354005,6.41360025312342,4397.5919068916,171.0293400832,1227.6699817853,2141.0735511677,1819.324605136,8131.3761875849,725.8057619784,8598.5000726874,1039.5377076937,8.01700031640428,0,4441.4181752879,99.4108039234131,3158.1636579755,143.7715390075,194.5458743447,1104.7426436005,233.0274758634,235.1653426145,1189.7228469543,2364.4806266515,603.9473571691,9821.8943209707,1307.8399849494,843.3884332857,283.8018112007,5.87913356536314,588.447823224,13205.0684544933,691.5998939618,991.970172483,102.0831373622,28.3267344512951,13264.3942568347,408.8670161366,7602.78863339,985.5565722299,919.8171696354,32.0680012656171,108.4967376153,412.0738162631,293.9566782681,293.9566782681,2549.9405673043,4162.9610309648,773.3732971891,4047.5162264086,53.9811354637888,1010.1420398669,1311.0467850759,222.3381421082,32.6024679533774,89.2559368559676,18.1718673838497,4706.513652417,3184.3525256757,6757.2623333532,45198.7788505118,1308.3744516371,1196.1364472075,712.9785614722,9.62040037968514,2873.2929133992,44808.083701759,4886.0944595045,968.9881049093,24014.1227477573,1478.8693250327,40636.0367371022,2097.2472827713,496.5195529293,12.8272005062468,4833.716724104,3668.5793447865,2296.0688906181,11121.7173056037,94.6006037335705,2444.6506298155,591.1201566628,264450.910303663,125.0652049359,707.6338945946,3667.510411411,1542.4708608761,2076.4030819487,561.1900221482,2498.6317652793,791.0106978852,111.1690710541,13548.7305347232,2935.2910491794,428.6422835837,4018.1205585818,499.1918863681,2918.1881151711,1247.9797159202,1786.1876704948,47.0330685229051,514.1569536253,1404.578455434,11615.0300584065,9875.3409897467,111.7035377418,524.8462873806,957.2298377786,4915.4901273313,1216.9806480301,76.9632030374811,80.7044698518031,8374.0240638281,11.223800442966,2293.3965571793,2671.7989721136,56.6534689025902,5898.3743661225,1135.7417114906,499.7263530558,988.2289056687,1475.1280582183,4071.03276067,859.9569006062,879.7321680534,1500.2479925431,3206.8001265617,761.6150300584,5.34466687760285,14756.6252490614,5674.4328239509,137.3579387543,13.8961338817674,342.5931468543,11.7582671307263,1698.5351337021,314.8008790908,8087.0154525008,3.20680012656171,14240.330428685,5102.0190013596,7522.0841635382,555.3108885829,6486.2877226588,6.41360025312342,64.1360025312342,413.6772163264,18.1718673838497
"p8775_mo7",206068.505261957,6093.0325414254,191.6550209622,1550.3522231412,0,8888.0015971251,1.71120554430596,236.1463651142,0,439.7798248866,543.5929612411,926.3326013176,4595.1572883096,6.84482217722385,6406.1831560334,716.9951230641,1340.4443430396,400.4220973675,355.9307532156,287.4825314434,196.218235747,517.3544762285,3.99281293671391,1518.4097196474,83.2786698228902,1003.9072526594,2243.3904685851,1974.731198129,9427.0313435815,800.273792887,9051.7069275304,803.1258021275,7.98562587342783,0,4938.539200867,154.0084989875,3235.8896842825,132.9036306077,165.4165359495,1164.1901719761,274.363288937,189.9438154179,1353.563585546,1975.8720018252,588.0843053931,10934.033026267,1394.0621167612,758.6344579756,172.2613581268,1.71120554430596,578.9578758235,12646.3793742691,481.9895616461,960.5567122037,143.1708638735,9.12642956963181,14878.3618058922,407.2669195448,7791.118843225,929.1846105581,851.6099592162,18.2528591392636,121.4955936457,792.2881670136,412.9709380258,302.8833813421,2249.0944870661,3508.5417676753,623.4492199754,4392.0942303853,47.913755240567,1086.0451187861,1589.7099506602,208.1966745572,43.3505404557511,73.5818384051564,26.8088868607934,4490.2033482588,3145.1957904343,6572.1700938311,48410.0048484157,1237.7720103813,1228.0751789635,864.7292017226,12.5488406582437,306.8761942788,46750.1354704389,3743.5473290933,706.1574879502,22142.9997433191,1596.5547728374,37555.2576790348,1668.4254056983,677.066993697,2.28160739240795,4112.0269229672,3856.4868950175,2624.9893049653,11096.597552976,78.7154550380743,2534.2954111171,742.6632062287,276851.952200325,303.4537831902,610.9003793172,3742.9769272452,459.7438895702,1878.9036876479,540.1705501525,2473.2624133702,867.010809115,1010.1816729886,14298.8335282206,1918.2614151669,485.9823745828,3067.0507372443,478.5671505575,4193.0239853977,1929.669452129,1870.3476599264,341.1003051649,260.1032427345,1521.8321307361,13902.9746456378,8846.3622622137,154.5789008356,430.653395317,1025.0121210392,4016.199412486,394.7180788865,78.7154550380743,110.0875566836,7238.3994524142,13.1192425063457,1700.9383110401,2952.3999657758,46.772951544363,6472.3497704132,983.3727861278,402.1333029119,999.3440378746,1153.9229387103,4463.9648632461,852.7507629124,932.6070216467,1191.569460685,3168.0118643584,730.1143655705,7.98562587342783,14314.8047799674,4899.1814733479,162.564526709,8.55602772152982,440.9206285828,2.28160739240795,1325.0434931409,239.5687762028,8176.1400906938,7.41522402532584,13234.4636796623,5308.7300002852,6441.5480706157,671.362975216,7496.2210877563,1.71120554430596,55.3289792658928,382.1692382283,15.9712517468557
"p8775_mo8",219588.680292933,6536.464813997,138.5738212474,1273.05707755,0,5658.9904441602,1.43848257350286,350.9897479346,0.479494191167621,312.1507184501,309.2737533031,684.7177049873,5033.2505246865,13.4258373526934,7035.6182670025,917.2723877036,1438.0030793116,435.8602197713,351.4692421258,517.3742322698,229.1982233781,1004.5403304961,0.958988382335242,1781.3209201877,118.9145594095,978.6476441731,2471.792555469,1489.7884519577,4294.8294702883,362.4976085227,6605.0324833339,1155.5810007139,3.83595352934097,0,6199.8598917973,105.4887220568,3330.5666518502,94.4603556600214,185.5642519818,1453.346893429,671.2918676346,198.5105951433,1395.3280962977,3202.0622086173,359.1411491845,5083.5974147591,1113.3855118912,846.3072474108,256.5293922746,0.479494191167621,842.4712938815,10282.2734353984,689.512646899,1607.744022985,203.7850312462,26.8516747053868,12493.2211508723,491.9610401379,9016.8882649071,902.8875619686,956.5909113794,11.9873547791905,126.106972277,542.3079302105,266.119276098,308.3147649207,4171.5994631583,4733.0871610155,643.4812045469,4403.1951574922,73.8421054398137,1131.1267969644,1698.3684251157,202.3465486727,36.4415585287392,72.8831170574784,33.0850991905659,4067.5492236749,3245.2166858224,5984.566999963,47331.8305985382,1376.148328651,1298.949763873,721.6387577072,5.75393029401145,396.5416960956,46263.5175406167,4150.0222245557,994.4709524816,23512.9566522866,1081.2594010829,40475.5431590324,2826.6182569331,687.5946701343,11.0283663968553,5235.5970733592,3931.8523675744,2367.2628217945,11963.8595638233,82.9524950719985,2262.2535939288,829.5249507199,274724.278852724,536.0745057254,665.5379373406,4421.8954309478,629.575873003,2013.875602904,548.5413546957,2971.4255026657,960.4268649087,78.6370473514899,9533.3035087946,2593.1045858344,380.2388935959,3470.5789556712,467.5068363884,2061.8250220207,2540.8397189972,2152.4494241514,52.7443610284383,280.0246076418,1508.0092312221,8398.3407583008,8882.6298913801,121.3120303654,541.3489418282,975.7706790261,3683.9538707408,446.8885861682,80.0755299249927,143.3687631591,10631.8247007596,17.2617908820344,1023.2406039517,2516.8650094388,61.3752564694555,5301.2877775492,1217.9152455657,482.8506505057,1035.707452922,1665.2833259251,4534.097071681,1011.2532491725,1079.8209185094,2077.6483303293,3619.2221549332,771.9856477798,5.75393029401145,15885.1630591921,6552.2881223055,138.5738212474,11.5078605880229,506.345865873,9.1103896321848,1671.0372562191,352.4282305082,7090.7600989867,8.15140124984956,13711.6158906292,5612.9590018081,6950.7477951658,372.087492346,4998.7269429224,1.43848257350286,62.3342448517907,445.9295977858,37.8800411022421
"p8775_mo9",198875.113130674,4213.6282925332,75.1594790195446,1130.5238302523,0,7508.1187895565,0,242.7024843339,0.782911239786923,388.3239749343,349.9613241847,862.7681862451,3743.881548661,7.82911239786923,7266.1992164624,650.5992402629,1471.0902195596,318.6448745932,375.7973950977,308.467028476,489.3195248668,439.2132055204,16.4411360355254,11691.2135437381,157.3651591971,1275.3624096128,2369.0894115952,1654.2914496697,6845.7758806968,560.5644476874,7967.6876873115,718.7125181243,7.04620115808231,0,5339.4546553468,46.9746743872154,3313.2803667782,119.0025084476,244.2683068135,912.8745055915,299.0720935986,129.9632658046,1176.7155933997,1896.9939340037,499.497370984,9571.0899063951,999.7776532079,696.7910034103,309.2499397158,0,537.0771104938,9083.3362040078,555.0840690089,822.0568017762,298.2891823588,3.91455619893461,12057.6160039584,287.3284250018,6607.7708638016,560.5644476874,958.2833574991,29.7506271119031,175.3721177122,1387.3187169024,277.1505788845,216.8664134209,3988.1498554745,2723.7482032187,347.6125904653,4854.0496866789,85.3373251367746,1273.7965871333,955.9346237798,275.5847564049,61.8499879431669,130.7461770444,21.9215147140338,3242.0354439576,3742.3157261814,6657.0942719082,59163.0365682181,1182.978883318,1750.5895321635,1190.8079957159,3.91455619893461,188.6816087886,51358.9773300221,2832.572865549,932.4472865862,17303.9042217705,1087.463712064,34138.8446109087,2259.481838025,461.1347202344,7.04620115808231,4688.8554150838,3635.8397975704,3068.2291487249,7695.2345758656,79.0740352184792,1531.3743850232,1157.9257236448,303945.716066278,425.1208032042,1002.1263869272,3135.5595153466,407.8967559289,2036.3521346857,691.3106247318,1758.4186445614,1341.1269537549,1034.2257477585,11477.4787752762,2197.6318500818,468.1809213925,2954.7070189558,567.6106488455,4224.5890498902,1712.226881414,2631.3646769238,54.0208755452977,130.7461770444,1698.1344790978,11270.7902079725,8170.4616984163,192.5961649875,336.6518331083,1176.7155933997,2807.5197058759,3144.954450224,169.1088277939,216.8664134209,6003.3633866861,8.61202363765615,963.7637361777,2604.745694771,58.7183429840192,4386.6516765261,620.0657019112,214.5176797016,1089.8124457833,1255.7896286182,2815.3488182737,914.4403280711,778.2137723482,1015.4358780036,4168.2194406255,548.0378678508,1.56582247957385,15177.5172945092,5058.3895202633,268.5385552469,16.4411360355254,357.0075253428,2.34873371936077,1287.8889894494,223.1297033392,7495.59220972,0.782911239786923,9897.5638933862,4753.8370479861,4633.268717059,558.9986252078,5640.0925714249,0,72.0278340603969,237.2221056554,18.7898697548862
"p8808_mo10",178400.509507779,3784.9149303975,100.0818851787,1910.6541715949,0,2256.3915931216,0,1146.3925029569,400.3275407151,791.5567282321,109.1802383768,727.8682558456,3957.7836411609,0,7442.4529160222,673.2781366572,3047.9483213538,227.4588299517,191.0654171594,1191.8842689473,1865.1624056045,327.5407151305,0,11209.1711400236,127.3769447729,9444.0906195978,2784.0960786097,272.9505959421,918.9336730051,227.4588299517,2502.0471294695,746.0649622418,90.9835319807115,81.8851787826403,6760.0764261668,0,3448.2758620689,327.5407151305,627.7863706669,1492.1299244836,218.3604767537,0,473.1143662996,2938.7680829769,272.9505959421,100.0818851787,818.8517878264,1592.2118096624,3957.7836411609,0,327.5407151305,5595.4872168137,5258.8481484851,145.5736511691,218.3604767537,0,7069.4204349012,682.3764898553,5495.4053316349,109.1802383768,1264.6710945318,0,564.0978982804,1073.6056773723,27.2950595942134,172.8687107633,1301.0645073241,4767.5370757892,300.2456555363,4631.0617778182,236.5571831498,1310.1628605222,172.8687107633,982.6221453916,163.7703575652,163.7703575652,318.4423619324,6050.4048767173,6723.6830133745,4412.7013010645,105950.322991539,218.3604767537,4931.3074333545,609.5896642707,0,309.3440087344,45209.7170412155,3666.6363388226,973.5237921936,12664.907651715,536.8028386861,35292.5120553179,5522.7003912291,327.5407151305,3047.9483213538,7360.5677372395,2956.9647893731,1901.5558183968,6769.1747793649,27.2950595942134,1892.4574651987,291.1473023382,282931.489400419,1073.6056773723,2320.0800655081,3521.0626876535,1446.6381584933,5995.8147575288,1719.5887544354,4276.2260030934,3320.8989172959,54.5901191884269,1519.4249840778,1264.6710945318,991.7204985897,7997.4524611045,2038.0311163679,791.5567282321,5140.5695569102,345.7374215267,9.09835319807115,282.0489491402,2183.604767537,3248.1120917114,10008.1885178782,36.3934127922846,309.3440087344,3912.2918751705,3730.3248112091,2565.735601856,0,1146.3925029569,10881.630424893,245.6555363479,2492.9487762714,1528.5233372759,54.5901191884269,3657.5379856246,1774.1788736238,655.0814302611,2138.1130015467,1492.1299244836,3066.1450277499,1246.4743881357,309.3440087344,1046.3106177781,10153.7621690474,1546.720043672,0,12082.6130470384,6841.9616049495,418.5242471112,18.1967063961423,118.2785915749,136.475297971,491.3110726958,909.8353198071,5540.8970976253,0,9216.631789646,1965.2442907833,3602.9478664361,63.688472386498,2065.3261759621,0,0,0,72.7868255845692
"p8808_mo11",179273.916072673,662.6292941743,10.7186880325848,4485.556567876,0,1134.89468889,0.428747521303392,1203.4942922986,58.9527841792165,1265.2339353663,565.5179805991,2918.6987512728,5976.7404469692,5.14497025564071,10344.8201940082,898.8691784125,5732.1399860657,135.2698429712,148.3466423709,158.6365828822,961.6806902835,149.8472586955,1.50061632456187,6006.5383996998,10.5043142719331,1605.2307197599,1176.4831984565,12.6480518784501,136.1273380138,11.3618093145399,263.8940993622,39.4447719599121,0,116.6193257945,5983.3860335494,0,4557.3717776944,49.7347124711935,259.8209979098,59.8102792218233,17.5786483734391,14.148668203012,360.7910391768,211.8012755238,19.5080122193044,77.1745538346106,1012.0585240366,1986.8160137199,375.5828286617,24.00986119299,180.93145399,2032.90637226,1167.6938742697,99.469424942387,249.1023098772,0.643121281955089,8476.1241224074,1269.5214105793,2548.9040141486,694.1422369901,2002.0365507261,77.603301355914,297.5507797845,745.1631920252,151.990996302,118.5486896403,167.2115333083,5479.607696018,1191.7037354627,5424.7280132911,111.4743555388,474.6235060828,121.5499222895,417.6000857495,273.7552923522,43.9466209335977,85.9638780213302,13212.4979902459,7207.8889543919,2119.084624042,105323.329224503,475.4810011254,4879.5755399539,151.7766225414,0.857495042606785,105.9006377619,49862.4792325419,1417.439305429,213.9450131303,6133.0189184843,915.804705504,50383.8362184468,5155.9033174339,7.07433410150598,645.0506458009,6867.6777962377,2350.1795380245,2497.4543115922,44.8041159762045,145.1310359611,1104.4536148775,195.080122193,353297.389999464,482.1265877056,2470.4432177501,647.8375046894,1244.439680583,2042.124443968,1655.8229272737,5926.1482394554,1617.0212765957,84.0345141754649,116.4049520338,381.1565464387,311.2707004662,5508.1194061846,1327.4023259553,63.6690069135538,1121.8178894903,255.9622702181,43.9466209335977,63.8833806742055,3337.7994533469,366.150383193,7876.7350876252,22.2948711077764,352.8592100326,2764.5640173642,11569.751862372,1985.9585186773,1.71499008521357,461.3323329224,598.3171659788,329.9212176429,1639.1017739428,1846.401200493,4.28747521303392,389.9458706254,4689.6403880165,158.2078353609,604.3196312771,22.0804973471247,2950.6404416099,287.4752130339,687.7110241706,864.3550029476,9625.8106007824,260.6784929524,0.857495042606785,14960.7160083605,1116.8872929953,274.1840398735,50.3778337531486,100.5412937456,3.21560640977544,109.3306179323,7.07433410150598,11093.8421137252,0.857495042606785,207.0850527895,1168.765743073,1558.4972399378,171.070261,291.9770620076,11.3618093145399,2.14373760651696,669.2748807545,41.1597620451257
"p8808_mo12",169631.405887359,1175.8597882029,175.4306942077,1712.8199535819,61.6378114783829,1376.7753467719,1.18534252843044,782.326068764,172.4673378866,722.4662710783,496.0658481481,1414.7063076817,7122.1305820743,49.1917149298633,11520.9367050796,2240.8900499977,4860.497037829,123.8682942209,490.7318067702,1229.7928732465,1451.451926063,301.6696734855,3.55602758529132,2541.967052219,114.9782252577,3027.3648176113,1971.2246247798,18.9654804548871,209.2129562679,74.0839080269025,1994.3388040842,193.8035033983,21.9288367759632,258.4046711978,5062.5979389264,0,4602.6850378954,181.3574068498,429.0939952918,56.3037701004459,614.0074297269,2.9633563210761,737.8757239479,339.0079631311,215.7323401743,142.8337746758,1092.8858112128,1133.1874571795,1019.3945744501,0,240.0318620071,1678.4450202575,1729.41474898,136.3143907695,497.2511906765,1.77801379264566,7551.2245773661,1046.657452604,4102.4704908977,91.8640459533592,1859.8024271073,93.6420597460048,311.1524137129,675.6452412053,378.7169378335,231.7344643081,91.2713746891439,4003.4943897738,656.0870894862,5160.3886975219,183.7280919067,1221.4954755475,136.9070620337,480.6563952785,289.8162482012,138.0924045621,66.3791815921047,8311.6218093542,7491.9574509446,3134.6383164343,110568.751051991,1490.5682295012,4230.4874839682,869.4487446037,55.1184275720155,137.4997332979,49962.187573343,2170.3621695561,626.4535262754,10057.6313537322,484.805094128,42709.6693131414,5305.0004859904,185.5061056993,1615.0291949864,7817.9266462629,4175.3690563962,1955.222500646,149.3531585822,197.3595309836,981.4636135404,146.9824735253,353015.748460833,843.3712089782,2151.9893603654,922.1964871188,1183.5645146377,4755.0015527987,1779.7918064383,3369.3361370635,3008.9920084206,116.1635677861,2164.4354569139,1702.7445420903,829.7397699013,5253.4380860037,1420.6330203238,366.8635125492,1438.4131582503,689.8693515465,147.5751447895,123.8682942209,3091.3733141465,2034.0477787866,7816.7413037345,91.8640459533592,362.7148136997,2481.5145832691,4482.9654425239,663.791815921,51.5623999867242,682.1646251117,1261.2044502499,477.6930389574,1711.6346110535,1606.1391260232,7.11205517058264,834.481140015,1319.286234143,887.2288825301,905.0090204566,18.3728091906718,3598.1072450506,756.8412044028,670.9038710916,1193.0472548652,9108.7646597237,519.1800274525,3.55602758529132,17193.3933748835,1370.2559628655,740.2464090048,30.8189057391915,104.902813766,24.299521832824,646.6043492588,10.0754114916587,6734.5235752775,5.33404137793698,3302.9569554714,1823.6494799902,3357.4827117792,4.74137011372176,1489.975558237,0,16.0021241338109,122.6829516925,42.0796597592806
"p8808_mo4",204583.94824477,3823.3161819495,209.7469997675,5208.4022254597,0,1427.9172626819,0.629870870172906,973.1504944171,285.3315041883,825.7607107966,25.1948348069162,1009.0531340169,3471.848236393,27.7143182876079,7424.287946728,588.9292636116,2802.2955013992,348.3185912056,144.8703001397,1106.0532480236,1067.0012540729,408.156323872,0.629870870172906,2001.0997545393,90.0715344347255,8672.6920114107,2049.5998115426,98.8897266171462,1060.072674501,138.571591438,3408.8611493757,616.0137110291,20.155867845533,28.9740600279537,6909.0535749266,0,2875.9903932094,246.9093811077,419.4939995351,1252.8131607739,28.3441891577808,0,554.9162366223,1501.6121544922,412.5654199632,250.0587354586,752.6956898566,1124.9493741288,2739.9382852521,1.25974174034581,541.6889483486,4910.4733038679,4471.4533073574,18.8961261051872,354.6172999073,133.5326244766,8051.00946255,997.7154583538,1835.4437156838,61.7273452769448,1267.930061658,7.55845044207487,379.8121347142,1096.605184971,156.2079758028,204.078161936,2117.6258655213,5746.3119485874,636.7994497448,4046.2904699907,198.4093241044,1114.871440206,309.2665972548,422.643353886,123.4546905538,185.811906701,190.8508736623,15636.5443520423,5616.5585493318,5273.2789250875,91015.7108691147,104.5585644487,2986.2177954897,299.8185342023,11.3376756631123,442.1693508613,42303.3873825527,4865.7524720856,522.1629513733,10972.350558412,1665.3785807371,33540.6238367072,2870.9514262481,284.7016333181,937.8777256874,6630.6506503101,3371.0688971653,2523.8925767828,10500.5772766525,76.2143752909216,1466.3393857625,316.1951768267,270617.090790217,1124.3195032586,1663.4889681266,4113.056782229,617.9033236396,8157.4576396093,1540.0342775727,5008.7331596149,2517.5938680811,35.9026395998556,3176.4387982819,973.7803652873,894.4166356455,9584.7450314211,1207.4624581214,139.2014623082,8339.4903210892,557.435720103,29.6039308981266,270.8444741743,2130.2232829247,352.0978164266,13539.0743543666,94.4806305259359,747.026852025,1898.4308027011,6760.4040495657,513.3447591909,10.0779339227665,664.5137680324,6687.3390286257,279.6626663567,4409.7259620805,2407.3664658008,28.9740600279537,5355.7920090802,4385.7908690139,411.935549093,2954.0943811109,5536.5649488198,6255.2476116871,1952.599697536,723.0917589584,765.9229781302,8032.1133364448,777.8905246635,1.25974174034581,12688.118808763,3549.3223534243,336.3510446723,6.92857957190196,451.6174139139,228.0132550025,575.701975338,1070.1506084237,7991.1717298836,11.9675465332852,6275.4034795326,3956.218935556,7016.7614937261,44.7208317822763,190.8508736623,212.8963541184,6.92857957190196,289.7406002795,19.5259969753601
"p8808_mo5",182046.371865346,3117.6068141011,250.2200696783,3605.6486617171,0,3047.7255333801,0,787.8550842576,282.9064751769,805.8889631534,43.9575798083675,1091.0496731923,3414.0386984498,22.5423486196756,7092.9499931809,693.177220055,2778.344467375,211.8980770249,80.0253375998485,1288.2952236144,1195.8715942737,344.897933881,2.25423486196756,54554.737894477,160.0506751996,7162.8312739019,2112.2180656636,103.6948036505,658.2365796945,50.7202843942702,3214.5389131657,1026.8039796262,18.0338788957405,34.9406403604972,5010.0369807229,0,2811.0308728735,192.7370806982,462.1181467033,1618.5406308927,30.4321706365621,4.50846972393513,703.3212769338,3346.4116525908,286.2878274698,341.516581588,817.1601374632,1603.8881042899,2102.0740087847,0,687.5416329001,5703.2142007779,4203.0209001385,22.5423486196756,284.0335926079,42.8304623773837,9218.6934680163,1093.3039080542,5001.020041275,54.1016366872215,1430.3120199184,3.38135229295135,439.5757980836,698.8128072099,180.3387889574,271.635300867,1420.1679630395,4857.8761275401,396.7453357062,3872.7754928602,218.6607816108,1003.1345135755,441.8300329456,561.3044806299,66.4999284280431,232.1861907826,289.6691797628,8607.7958204231,5925.2563346817,3543.657203013,95355.2617786589,57.4829889801729,3584.2334305284,486.9147301849,11.2711743098378,537.6350145792,43025.4536929439,3606.7757791481,1063.9988548486,13554.7142250109,663.8721668494,27429.5298004213,2508.9634013698,356.1691081908,889.2956530462,7614.8053637264,2657.7429022597,1876.6505225879,5833.959822772,147.6523834588,1201.5071814287,688.668750331,255869.18224249,1245.464761237,1741.3964308699,4047.4786946627,924.2362934067,6550.8065088777,1583.5999905322,3191.996564546,2808.7766380115,46.2118146703351,2471.7685261474,1014.4056878854,369.6945173626,6882.1790335869,1308.5833373721,80.0253375998485,5982.7393236619,527.4909577004,51.847401825254,218.6607816108,2211.4043995901,1331.1256859918,9042.8631487828,80.0253375998485,456.4825595484,1890.1759317598,4602.0204707067,16524.6686556532,16.9067614647567,900.566827356,14046.1374249198,297.5590017797,2231.6925133478,2184.3535812465,18.0338788957405,2950.7934343155,2220.421339038,655.9823448325,2134.7604142832,1949.9131556019,4398.0122156987,945.6515245953,387.7283962584,794.6177888435,8531.1518351162,954.6684640432,0,12862.6641223869,7317.2463619467,347.152168743,13.5254091718054,219.7878990418,213.0251944559,1023.4226273332,557.9231283369,6769.4672904885,6.76270458590269,8719.3804460905,3428.6912250526,4319.1139955298,36.067757791481,655.9823448325,122.8557999772,48.4660495323026,74.3897504449296,34.9406403604972
"p8808_mo6",166044.940116471,3115.0423030436,170.3109548401,3018.8990220854,0,2711.2405230194,0,964.1797604658,499.9450609823,1156.4663223821,87.9024283045819,1961.3229315459,4090.2098670475,65.9268212284364,7900.2307438743,678.4968684759,2889.7923305131,241.7316778376,263.7072849137,1667.3991869025,2898.0331831666,406.5487309086,0,3035.3807273925,145.5883968794,5925.1730579057,2304.6917921107,178.5518074936,552.1371277881,93.3963300736183,3579.2770025271,700.4724755521,8.24085265355455,104.3841336116,5609.2737061861,0,3450.1703109548,370.8383694099,741.6767388199,1052.0821887704,645.5334578617,0,711.4602790902,2763.4325898252,450.4999450609,203.2743654543,618.0639490165,1755.3016152071,2285.4631359191,0,461.487748599,4013.295242281,3274.3654543456,38.4573123832546,524.6676189429,96.1432809581365,9059.4440171409,1535.5455444456,3994.0665860894,145.5883968794,1796.5058784748,10.9878035380727,582.3535875178,445.0060432919,54.9390176903637,483.4633556752,1280.0791121854,4441.8195802659,519.1737171739,3972.0909790132,390.0670256015,1200.4175365344,280.1889902208,1288.319964839,57.6859685748819,291.1767937589,249.9725304911,8490.8251840457,8515.5477420063,3109.5484012745,144041.86353148,38.4573123832546,5851.0053840237,425.7773871003,21.9756070761455,274.6950884518,42429.4033622678,3527.0849357213,623.5578507856,11902.5381826172,733.4358861663,27277.2222832655,2648.0606526755,173.0579057246,1810.2406328974,9905.5048895725,2469.5088451818,1950.3351280079,5043.4018239753,85.1554774200637,1329.5242281068,291.1767937589,283435.886166355,1848.6979452807,1966.816833315,3332.0514229205,763.652345896,6095.4840127458,2389.8472695308,3304.5819140753,5051.6426766289,46.6981650368091,2008.0210965827,714.2072299747,590.5944401714,6977.2552466761,2126.139984617,189.5396110317,4331.9415448851,593.3413910559,60.4329194594001,252.7194813756,3233.1611910779,3288.1002087682,9158.3342489836,57.6859685748819,420.2834853312,3763.3227117899,2774.4203933633,799.3627073947,13.7347544225909,1653.6644324799,8512.8007911218,700.4724755521,1477.8595758707,2255.2466761894,351.6097132183,3903.4172069003,2255.2466761894,722.4480826282,1653.6644324799,1999.7802439292,1939.3473244698,1310.2955719151,890.0120865838,865.2895286232,11916.2729370398,873.5303812767,0,13182.6172948027,5650.4779694539,483.4633556752,2.74695088451818,395.5609273706,277.4420393363,1447.643116141,758.158444127,6309.7461817382,30.2164597297,9314.9104494011,1769.0363696297,3972.0909790132,206.0213163388,1637.1827271728,16.4817053071091,8.24085265355455,68.6737721129546,27.4695088451818
"p8808_mo7",217677.464702995,3988.8658923075,187.8512104275,3751.3173363364,0,2330.781727356,1.42671805388048,1340.1638252784,160.0302083769,519.3253716124,62.5378080284278,679.1177936471,3996.4750552615,14.2671805388048,7518.5663576078,456.3119908994,2506.9814070103,330.047443131,150.280968342,958.5167458653,710.0300181478,473.9081802306,2.61564976544755,11535.7288246506,104.1504179332,10780.5194014632,2088.715230881,176.1996796542,1252.8962376493,182.857697239,2913.5960523662,769.0010310415,11.6515307733573,92.2611008176046,7440.8102236713,0,3165.6495752184,160.7435674038,301.5130820534,1321.8542769202,132.2092063262,0,712.4078815709,1964.5907601934,413.0348765983,225.6592388554,779.7014164456,813.2292907118,3965.0872580761,1.90229073850731,430.6310659295,5471.7015229739,6188.6273450489,129.3557702184,177.3886113658,102.485913537,10340.3768818411,707.17658204,3137.5907868254,51.5996362820108,1109.7488595767,5.2312995308951,339.7966831658,1030.328221244,86.5542286020826,155.7500542152,2043.7736121837,5860.957765341,541.9150741322,4073.7556165134,171.4439528079,1034.8461617479,392.1096784748,364.0508900818,66.3423895054425,126.9779067953,152.8966181075,9872.4133601683,4556.6996777519,4657.7588732351,69538.0001597924,60.6355172899205,2346.2378396064,312.2134674575,12.3648898002975,255.6203179869,42008.7619511415,4451.5981144494,874.3403806864,10621.4403384555,1010.8297411743,34131.1382166404,3136.4018551139,223.5191617746,2062.7965195688,5877.1272366183,3441.0061596174,2605.9005254127,9274.8562819347,90.8343827637241,1550.842524568,451.3184777108,270936.611868011,723.3460533174,1424.5779767996,4075.4201209095,788.9750837959,10640.9388185252,1109.5110732343,5339.016743963,1957.457169924,102.0103408524,2138.6503627668,905.9659642141,1005.5984416434,11631.0811479183,755.9227822143,387.5917379708,8110.8921363105,417.7906034446,64.4400987669351,220.6657256668,1764.6124463078,985.3866025467,12880.1728040906,42.3259689317877,703.1342142207,1421.0111816649,5978.6620047861,2921.4430016626,12.6026761426109,466.0612309342,9944.9381945739,204.2584680472,4226.1766619363,2361.6939518568,8.32252198096948,4384.542365917,3827.8845385613,423.4974756601,3784.1318515756,3315.2171845336,5910.6551108845,1425.0535494842,817.0338721888,1056.7225052408,6232.3800320345,1011.3053138589,1.6645043961939,12673.5364726203,4517.2271449279,231.8416837555,7.84694929634266,419.6928941831,167.1637986463,436.8135108297,1045.546547152,8585.2758892258,17.833975673506,7356.6338584923,2390.2283129344,5538.0439124794,77.7561339364863,505.7715501006,142.4340190457,9.74924003484997,160.0302083769,28.2965747352962
"p8808_mo8",195896.209054104,5782.3374797482,257.6962722503,2887.6183893953,0,1459.1940467723,0.88758761969119,1251.7944063044,272.785261785,767.171565953,56.2138825804421,822.7937234537,3966.33320986,23.373140651868,8057.5204115566,684.9217798617,2366.0127315568,313.022567211,127.2208921557,782.8522805676,1515.4079293527,464.8000501782,1.47931269948532,2450.9252805072,125.7415794562,9172.9221869685,1985.829367789,123.0788165971,683.1466046223,49.7049067027067,3701.2403741122,734.9225491043,24.2607282715592,41.1248930456918,6618.1491549574,0,3226.6768601173,223.6720801621,497.3449295669,977.23396928,344.0881339002,0.591725079794127,800.6040329614,2118.3757856629,348.2302094588,167.7540601216,899.1262587471,1277.8303098154,3596.2091724488,0,400.3020164807,4156.5728230138,5846.8355134457,75.4449476737512,336.9874329427,89.9422121287073,11412.3057514494,895.8717708083,2612.1703647511,109.173277222,1303.2744882465,4.14207555855889,484.0311152715,656.8148385714,163.611984563,306.8094538732,1787.3056035181,5679.0814533241,389.3551025045,4192.9639154211,262.4300728886,1252.977856464,267.4597360669,752.3784389582,108.2856896023,197.3403141113,164.2037096428,9384.7597655348,5700.9752812765,3838.8164551643,99545.614311226,99.1139508655163,3541.1787400279,285.5073510006,6.5089758777354,313.6142922908,43290.6068377383,4478.4712664218,763.0294903945,12335.6927384681,982.5594949981,32957.6076318333,2109.7957720059,359.7688485148,973.9794813411,7310.1716357766,3934.0841930112,2625.4841790465,9435.943984937,149.410582648,1900.6209562987,280.7735503623,277166.394275888,1204.160537381,1799.7318301938,3466.029654894,776.6391672297,9698.3740578257,1851.8036372157,4973.4492956696,3012.7682437717,116.8657032593,2215.1228362093,690.5431681197,284.9156259208,10541.2864339924,1287.8896361719,604.4471690097,6726.7307070996,378.7040510682,57.3973327400303,248.2286709736,2429.6231776346,689.9514430399,10752.5322874789,51.7759444819861,536.3987848333,2173.9979431636,4617.2307976335,554.1505372271,23.6690031917651,908.2979974839,10397.4972396025,327.8156942059,3187.9188673908,2415.1259131797,9.7634638166031,4568.1176160106,2717.2015664146,568.6478016821,3216.9133963007,2886.4349392357,3679.0506836199,1452.0933458147,681.075566843,899.422121287,8789.7801978018,1043.5071782169,2.07103777927944,13332.4536353813,5812.5154588177,397.3433910817,20.1186527130003,344.3839964401,147.6354074086,478.7055895534,758.8874148359,7079.6947171968,13.0179517554708,8458.4141531171,2680.5146114673,4577.2893547474,57.1014702001333,401.1896041004,100.2974010251,12.4262266756767,130.4753800946,57.3973327400303
"p8808_mo9",213900.340502156,3765.4935250434,201.3904402158,4713.2132437061,0,1575.5840322766,1.69235664046899,1025.5681241242,238.6222863061,624.479600333,33.8471328093797,800.4846909418,4374.7419156123,6.76942656187594,7752.6857699884,443.3974398028,3122.3980016652,330.0095448914,98.1566851472012,719.2515721993,973.1050682696,553.4006214333,0,3553.9489449848,116.7726081923,8642.8653628751,2162.8317865193,143.8503144398,1396.1942283869,35.5394894498487,3993.9616715068,995.1057045957,6.76942656187594,27.0777062475038,6063.7138428003,0,3105.4744352605,108.31082499,387.5496706673,1470.6579205675,287.7006288797,0,704.020362435,2411.6082126683,269.0847058345,216.62164998,744.6369218063,1191.4190748901,2995.4712536301,0,341.8560413747,6535.8813454912,5446.0036690291,94.7719718662632,159.081524204,115.0802515518,7993.000412935,819.1006139869,3819.6489375385,74.4636921806354,1232.0356342614,3.38471328093797,289.3929855201,768.3299147729,106.6184683495,150.6197410017,2064.6751013721,5031.3762921142,563.5547612761,3801.0330144933,172.6203773278,1238.8050608232,128.6191046756,470.4751460503,30.4624195284417,140.4656011589,341.8560413747,11394.6372602776,5007.6832991477,4716.597956987,81514.0499448291,25.3853496070348,2711.1553380313,477.2445726122,10.1541398428139,208.1598667776,43938.6554564962,4643.8266214468,345.2407546556,13154.6881663654,986.6439213934,30120.563487067,4406.8966917812,214.9292933395,587.2477542427,6222.7953670044,3559.0260149062,2442.0706321967,6491.880072839,101.5413984281,1543.4292561077,240.3146429465,275965.827934716,1079.7235366192,1379.2706619822,4965.374383136,566.9394745571,8735.9449781009,1441.8878576795,4466.1291741976,2247.4496185428,116.7726081923,3621.6432106036,983.2592081124,142.1579577993,9712.4347596515,907.1031592913,387.5496706673,6656.0386669645,440.0127265219,27.0777062475038,140.4656011589,1905.593577168,1826.052815066,11641.7213297861,47.3859859331316,421.3968034767,1670.3560041428,6033.2514232719,1154.1872287998,18.6159230451588,600.7866073664,12266.2009301192,238.6222863061,3785.8018047291,2103.5993041029,25.3853496070348,5019.529795631,3694.4145461437,614.3254604902,2785.6190302119,4745.368019875,5623.7011162784,1841.2840248302,670.1732296257,692.1738659518,6603.5756111099,737.8674952444,0,12740.0607894505,5356.3087670843,269.0847058345,5.07706992140696,450.1668663647,143.8503144398,605.8636772878,856.3324600773,7048.6654075533,0,9895.2092768221,2469.1483384442,4723.3673835489,10.1541398428139,1032.337550686,93.0796152257942,25.3853496070348,223.3910765419,18.6159230451588
"p8816_mo1",287432.1741658,6253.7718313092,572.4456772379,2407.7625714843,0.167823417542649,4919.5756618452,1.51041075788384,713.0817011387,1.51041075788384,256.9376522577,376.2601021306,737.919566935,5136.5713407278,7.8877006245045,6581.8666126051,1532.0599787468,1825.5831360289,578.4873202695,590.9062531676,504.1415462981,62.4303113258654,1270.4232707978,3.85993860348093,552.978160803,20.1388101051179,3560.2059797497,2694.4049686472,1001.9058027296,1742.5105443453,105.3931062167,4168.9015151769,1280.8283226854,56.3886682943301,1.84605759296914,5765.5735096777,107.2391638097,2907.3728855088,206.92627383,118.9868030377,1432.540692144,852.8786079517,916.6515066179,1100.4181488271,1206.8181955491,553.1459842205,429.6279489091,1297.7784878573,1000.2275685541,967.1663552982,0,758.2262004576,10308.3855991396,2318.6483367692,2599.081267483,85.9255897818363,13.5936968209546,11113.6023565093,146.1741966796,5549.9204181354,220.0165003984,903.393456632,93.6454669887981,131.0700891008,510.8544829998,186.4518168898,53.3678467785624,1674.0385899879,7335.7294042067,673.4753745986,3577.8274385917,96.8341119221084,395.7276185655,676.6640195319,16.7823417542649,27.1873936419091,75.8561847292773,410.1604324742,5507.4610934971,2423.2023258983,7647.2096671658,30942.2747860083,599.9687177149,959.2786546737,1391.5917782636,18.2927525121487,439.0260602915,41734.8309447585,4902.4576732558,632.6942841357,16295.8216668087,1017.1777337259,28546.2598537519,819.1461010256,2405.7486904738,15.2719309963811,3647.4741568719,3207.9446263277,3787.60671052,6765.4654313968,82.5691214309833,3729.2041612152,560.8658614275,252988.935066434,64.6120157539198,560.8658614275,4895.0734428839,488.3661450491,5204.372001415,343.0310654571,2837.5583438111,625.8135240165,133.5874403639,1678.401998844,1580.2252995815,412.1743134847,7927.6425978796,253.7490073244,568.4179152169,3685.0666024014,1379.5084922005,54.8782575364462,331.2834262291,1051.2458874871,7413.2638231114,7376.6783180871,22.488337950715,1009.1222096839,952.7335413896,4356.0246257369,203.5698054792,78.0378891573318,9.23028796484569,13168.0966340664,9.73375821747364,911.6168040916,8839.0915785537,64.6120157539198,5857.2050956559,1799.2348594747,704.1870600089,2362.1146019127,3872.8610066317,2507.7853283398,1963.1983384139,1801.0809170677,1935.3396511018,2167.7750843983,398.4127932462,3.85993860348093,13398.3503629349,3685.7378960716,80.5552404204715,2.51735126313973,418.2159565162,24.5022189612267,215.3174447072,970.6906470666,5506.1185061567,25.6769828840253,19306.0703072712,11911.7705303421,7694.5358709129,524.6160032383,4397.47700987,13.9293436560399,815.1183390046,302.2499749943,6.71293670170596
"p8816_mo10",246818.257576105,5467.9149904357,518.6568134104,3291.1465954736,0,4032.1285877458,1.5290590017997,615.9049659249,0,219.267060858,121.1014729425,981.0442555546,5572.8084379591,18.0428962212365,7777.7115185543,1491.138338555,1906.4307634438,781.3491499196,466.0571837485,137.3094983616,49.2356998579504,801.5327287434,7.64529500899851,812.236141756,41.8962166493118,4789.0127936366,2598.7886794587,642.5105925562,1404.5935990532,86.2389277015032,2456.8920040917,873.0926900276,5.50461240647893,0,4166.3799681038,175.8417852069,3640.3836714847,216.2089428544,144.0373579695,1201.5345636142,1099.0876104936,752.9086524861,950.1572637183,641.2873453547,344.955710806,384.4054330524,1674.9312305713,548.3205580453,725.9972140544,0,573.3971256748,7932.1464777361,2555.3634038076,23.2416968273555,134.5571921583,0.30581180035994,11615.6496130716,424.4667788995,3824.7881871017,73.0890202860258,924.4690724881,93.2725991097818,72.4773966853059,794.8048691354,170.0313610001,352.2951940146,2002.1498569565,5056.2923071512,514.6812600057,4083.5049702062,125.6886499479,1119.8828129181,890.5239626481,5.19880060611899,18.9603316223163,71.2541494838661,422.9377198977,10569.7732558406,3227.2319291984,6437.0325857763,42099.8873083515,838.5359565869,1510.0986701773,714.0705538404,3.66974160431929,759.3307002937,47500.5237027081,4228.4597635768,731.1960146606,12356.3257935433,613.1526597216,38731.0645155864,1203.6752462167,2398.1761384226,36.085792442473,4134.5755408663,3740.6899420027,3747.1119898103,8667.6238576017,110.0922481295,3521.1170693443,551.0728642486,295280.865202746,95.1074699119415,589.2993392936,4050.7831075677,467.5862427503,5242.8375053708,469.7269253528,3675.8578403264,688.6881744105,137.9211219623,2013.1590817694,1729.9773546361,504.5894705939,7023.2738070663,458.4118887395,462.9990657449,3113.4699394645,484.4058917701,85.3214923004234,440.980616119,1447.7130629039,5132.1336336405,8857.5329856253,14.9847782176371,583.1831032864,1049.5460988353,3789.9256418607,365.4451014301,133.6397567572,7.03367140827863,6547.1248339059,4.58717700539911,1686.552078985,3790.8430772618,96.6365289137412,6050.7922819217,1368.5078066107,1447.4072511035,2413.4667284406,3187.4763951516,2822.0312937215,2225.0866594189,1087.4667620799,1522.0253303914,3613.1664212526,452.2956527323,4.28136520503917,15378.0521928999,2449.2467090827,104.2818239227,1.22324720143976,395.7204696657,35.1683570413932,147.4012877734,890.2181508477,5733.6654449485,0,12982.0167370798,3763.3200152294,13663.9770518825,120.1840375414,3003.9893149356,15.596401818357,257.1877241027,556.577476655,26.6056266313148
"p8816_mo11",249576.944136805,4022.0245070955,403.8542061539,3144.1164884009,0,5680.3869732655,4.95526633317724,464.1432798742,0,234.5492731037,187.4742429385,919.2019048043,4995.7343415648,10.7364103885507,7157.8822182745,2584.9972704741,1769.0300809442,678.8714876452,517.825331817,128.0110469404,42.9456415542028,717.6877405885,1.65175544439241,877.0821409723,9.91053266635448,4792.5684219045,2676.6696976379,925.8089265819,1298.2797792924,64.4184623313041,2311.6317444271,1108.3279031873,0.825877722196207,0,4599.3130349106,230.4198844927,3502.5474198341,163.5237889948,150.3097454397,1019.9589869123,803.5790236969,773.8474256978,1038.1282968006,525.2582313167,522.7805981501,457.5362580966,1396.5592282337,737.5088059212,834.9623771403,0,655.7469114237,9784.9992525806,2432.2098918678,23.95045394369,36.3386197766331,0.825877722196207,11744.8070873522,130.488680107,6225.466269915,47.90090788738,905.9878612492,102.4088375523,67.721973220089,770.543914809,360.9085645997,203.1659196602,1922.6433372727,6170.95834025,481.4867120403,4477.9090097478,61.9408291647155,1079.4221829104,661.5280554791,12.3881658329431,34.6868643322407,82.5877722196207,260.1514824918,6811.0135749521,2301.7212117608,7144.6681747193,37242.9558824379,883.6891627499,1306.5385565143,545.0792966494,6.60702177756966,583.0696718705,49225.6157537827,3858.5007181006,708.6030856443,15745.3587736706,561.5968510934,32196.0171220969,1171.9204877964,1617.8944577823,23.1245762214938,3902.272237377,3875.8441502667,3424.9149139476,8200.1399036861,71.85136183107,3358.8446961719,456.7103803745,295342.132234586,75.1548727198549,478.1832011516,3690.8475404948,603.7166149254,4442.3962676933,297.3159799906,2843.4969975215,782.1062029198,154.4391340506,2352.0997528147,2475.155533422,250.2409498254,6914.2482902266,345.216887878,916.7242716377,2988.851476628,607.8460035364,71.85136183107,301.4453686016,1150.4476670193,7818.5843960314,8249.6925670179,8.25877722196207,681.3491208118,1025.7401309676,3784.9976008252,477.3573234294,86.7171608306017,0,8957.46977494,0,1076.1186720216,4248.3150029772,121.4040251628,5900.0704473697,1156.2288110746,988.5756334688,2280.2483909837,3036.7523845154,2371.9208181475,2158.8443658208,826.7035999184,1638.5414008372,2558.5691833638,381.5555076546,16.5175544439241,14627.9462155392,2703.9236624703,161.8720335504,8.25877722196207,293.1865913796,16.5175544439241,150.3097454397,1038.9541745228,5899.2445696475,0,13572.4744865724,7493.1885734861,13214.0435551393,199.0365310492,4711.6324051293,9.91053266635448,343.5651324336,542.6016634829,50.3785410539686
"p8816_mo12",229282.469490483,3937.826346525,241.8335712272,3351.7284433251,0,5252.4554592868,1.81829752802451,465.4841671742,0,313.9593731722,215.1652074829,1105.5248970389,5869.4644204631,4.84879340806536,8008.9945117719,2470.4602414093,2034.0688346834,715.8031268656,156.9796865861,141.2211080099,52.1245291367026,1028.5503016858,4.24269423205719,570.9454237996,32.123256328433,4002.6789583579,2462.5809521211,784.8984329305,1561.917576573,98.1880665133236,5496.107328042,1790.4169659281,9.09148764012255,0,4749.999242376,246.6823646353,3148.0791201864,428.5121174377,153.949190706,1131.5871616072,880.0560035638,1210.3800544883,824.9009785471,1474.6392952278,574.5820188557,275.1690259077,1053.4003679022,1155.2250294715,937.0293261086,0,872.1767142757,8949.6604329366,2383.1819600641,36.9720497364984,226.681091827,1.81829752802451,11478.9122944187,391.5400677012,4919.1009124823,287.2910094278,943.6964170447,83.0355871131193,88.4904796971929,757.0178708342,274.5629267317,527.9123823031,2942.6114995196,5762.1848663096,740.0470939059,4036.0144130384,64.8526118328742,1038.2478885019,553.9746468714,3.03049588004085,41.2147439685556,80.0050912330785,345.4765303246,11085.5539291894,3195.960955091,6940.4416644695,42190.5636419287,1108.5553929189,930.9683343485,1070.9772440064,6.66709093608987,498.8196218547,50255.9253770694,4674.842944551,854.5998381715,19086.6691516732,1370.9963361304,34822.2159591974,3031.7080783928,763.0788625942,7.27319011209804,5643.389427812,3957.2215201573,2036.4932313874,8946.6299370566,124.8564302576,3462.0384933586,630.9492422245,275741.183529861,121.8259343776,501.2440185587,4092.9877355831,438.8158034299,4758.4846308401,470.9390597583,2965.6432682079,910.9670615402,199.4066289066,3605.0778988965,2761.3878458932,439.4219026059,6641.6347706975,667.921291961,1050.3698720221,2781.3891187014,764.8971601223,106.6734549774,667.3151927849,1287.3546498413,7475.0211377087,9206.6464835641,10.9097851681471,661.2542010249,988.5477560693,4223.2990584249,140.0089096578,6.0609917600817,1.21219835201634,14530.6216456198,0,871.5706150997,2905.0333506071,166.6772734022,6842.2535979562,2028.6139420993,878.8438052118,1684.9557093027,2336.5123235114,1986.7930989547,1760.1120071277,1186.7421866239,2112.2556283884,2698.9596307643,564.8844320396,1.81829752802451,16463.4719179099,4465.1326296521,112.1283475615,9.09148764012255,356.3863154928,11.5158843441552,275.1690259077,852.7815406434,6225.2446367799,20.0012728082696,17331.4059379536,9487.8765012318,8707.2207625333,83.0355871131193,4523.3181505489,13.9402810481879,115.1588434415,398.2071586373,69.0953060649314
"p8816_mo2",236761.440702253,3419.1151330035,409.1873062086,1408.3656120669,0,3792.8941271552,1.54911365249353,468.0536250034,0,682.4952148985,90.5124976956934,486.6429888333,4827.7020470209,17.0402501774288,6333.6618191949,1279.3465750093,1512.5988306847,596.40875621,440.1695792585,103.5693127667,56.2106953904795,528.690359401,3.98343510641194,916.8539803258,23.0154028370467,4196.3275826546,1986.185004447,477.790910819,1528.9751750111,100.028481561,3402.7387886772,1320.7300397259,9.95858776602984,0,4069.3002631501,95.3811406035303,2912.9975725389,159.7800081571,151.1492320932,734.943777133,2709.6210801615,3290.5386998466,1214.7264055052,1006.7025721704,291.6759705694,1210.3003664981,1238.8483180941,1008.2516858229,814.1698753605,0,514.3057326278,14074.3614387547,2365.2752454072,62.6284519508099,61.5219421990288,0.885207801424875,11000.4773483069,371.3446726977,8478.299020097,109.987069327,794.4740017788,16.8189482270726,154.4687613486,345.2310425557,332.6168313853,141.8545501783,1052.2907739438,5120.0419234414,903.1332594037,4022.3842496746,84.7586469864318,389.0488287262,351.648799116,59.9728285465353,38.506539361982,48.9077310287243,335.0511528393,5352.8515752162,3407.3861296346,7420.0330934936,43078.6376563415,587.3353762454,1121.3369824549,954.0327079856,1.32781170213731,145.6166833343,45357.8264430602,6184.5043046548,467.6110211026,20590.818668944,465.8406054998,39298.5790423069,597.072662061,1182.1950188029,17.2615521277851,4671.4628700694,5002.3092858519,2954.3810372555,8397.9664121177,97.8154620574487,3827.6385333611,411.6216276625,271456.939177151,131.0107546108,467.1684172019,2870.2862961201,288.7990452148,3543.7081310541,607.0312498271,2321.678761187,551.9270641884,104.0119166674,2306.8515305132,2072.9353689867,424.2358388328,7795.5825032481,450.3494689749,364.2630102863,1617.4959551536,638.0135228769,63.5136597522348,191.2048851077,1353.2614264282,4786.5398842546,9530.3684920905,19.4745716313472,327.0842826264,1083.2730469936,5551.1381227353,626.9484253591,101.3562932631,0,12679.2739437091,32.7526886527204,2518.8587989544,5054.9791500367,99.8071796106546,8710.00216212,1378.7111507192,847.3651679139,1347.9501796197,8902.7561608803,2349.7841088823,4154.5015140372,735.3863810337,1799.8487622471,2895.9573223614,340.8050035485,16.8189482270726,14495.720352233,4332.2069801733,51.3420524826427,1.54911365249353,145.8379852847,37.1787276598447,305.1753895412,1701.5906962889,5889.7301067804,0,27429.4915388518,5653.3796237999,9798.8077578726,84.0947411353631,2753.438866332,28.326649645596,186.7788461006,670.7662115296,8.18817216318009
"p8816_mo3",247125.144126183,5034.0506983375,573.6648093558,2951.2498509039,0,4565.4631065369,1.13596991951653,583.8885386314,0,324.8873969817,155.059894014,805.4026729372,4974.4122775628,19.8794735915393,7346.8854544731,1807.3281419508,1730.0821874236,732.1326131284,505.5066141848,193.1148863178,67.5902102112336,955.9186872731,5.67984959758266,1026.9168072429,49.9826764587274,4740.4024741424,2607.0509652904,758.2599212772,1780.0648638824,77.8139394868824,3551.0419684086,1314.3171968806,10.791714235407,0,4198.544822533,173.803397686,3140.9568274632,257.2971867704,156.1958639335,1313.1812269611,1694.8671199186,1039.4124763576,1723.8343528663,1080.3073934602,367.4862689635,610.0158467803,1080.8753784199,1121.7702955225,753.7160415992,0.567984959758266,748.6041769613,10548.6166726305,2772.33458858,144.8361647383,126.0926610663,3.97589471830786,11300.0607743906,479.9472909957,5677.0096727838,70.4301350100249,917.8636949693,23.8553683098472,152.7879541749,387.9337275148,755.9879814382,241.3936078972,1765.2972549286,5513.4300043734,473.1314714786,4152.5380407926,132.3404956236,991.7017397379,624.2154707743,36.351037424529,32.9431276659794,97.1254281186634,480.5152759554,7559.8798143825,3272.7293381271,6342.6880456205,39950.3581145171,1121.7702955225,1064.4038145869,1202.4241598082,0.567984959758266,632.1672602109,45831.2743878542,4360.4205360642,1131.9940247982,17363.8682047699,509.4825089031,35571.1940747809,2120.8558397373,2572.4038827451,33.5111126257377,4862.5192404905,3982.1425528652,3679.9745542738,8573.1649825912,141.9962399395,3731.093200652,732.1326131284,276965.369957004,85.1977439637398,551.5133959252,4541.607738227,336.2470961768,4768.8017221303,439.6203588528,2664.9854311857,628.7593504524,149.9480293761,2570.1319429061,1865.8305928059,318.6395624243,8045.5069549758,449.2761031687,240.2576379777,2779.7183930569,1199.5842350094,84.6297590039816,411.7890958247,1346.6923395868,6006.4409494436,8960.5307251463,15.3355939134732,637.2791248487,1138.2418593555,3497.6513821913,515.7303434605,127.2286309858,0,10642.3341909906,7.38380447685745,1825.503660663,4426.8747763559,112.4610220321,6934.5283736886,2270.8038691135,1359.7559936612,1862.4226830473,3954.8792747968,2604.2110404916,2944.4340313868,1105.8667166493,1616.485195472,3135.8449628253,312.391727867,12.4956691146818,16002.4082562293,3551.6099533684,122.116766348,0.567984959758266,326.591351861,30.1032028671881,184.5951119214,812.786477414,5134.0160512549,0,15718.98376131,6427.3178046245,10713.9002959201,186.8670517604,3489.6995927547,76.1099846076076,212.4263749495,447.0041633297,7.38380447685745
"p8816_mo4",247782.791768429,5679.5275227351,584.6660544446,4151.9676468808,0.599043088570318,3895.5772049727,1.19808617714064,594.2507438617,0,300.1205873737,206.0708224681,1217.8545990634,5102.6490284419,14.3770341256876,6998.0213606784,1712.6641902225,1756.3943356881,748.8038607128,333.6670003336,216.2545549738,64.6966535655943,1199.8833064063,4.79234470856254,947.6861661182,41.9330161999222,3646.3752801275,2486.0288175668,733.22874041,1687.5043805025,85.0641185769851,3140.1838702856,1054.3158358837,5.99043088570318,0,4745.619347654,140.1760827254,3295.9350733138,373.2038441793,131.1904363968,956.6718124467,1160.3464625607,942.8938214096,1272.3675201233,830.872763847,340.2564743079,600.840217836,1491.61729054,708.6679737786,775.1617566099,0,570.2890203189,9070.7104471317,2362.0268982327,168.9301509768,107.228712854,0.599043088570318,11699.9105628668,478.0363846791,4689.908340417,74.8803860712897,872.8057800469,32.9473698713675,88.658377108407,530.1531333847,316.2947507651,277.356950008,1974.4460199277,5664.5514455209,539.7378228018,4376.0097620061,118.6105315369,1015.3780351266,1006.3923887981,19.7684219228205,19.7684219228205,100.6392388798,464.2583936419,8849.6635474493,3005.9982184458,7198.1017522609,41168.6372189065,1103.4373691465,1350.842164726,1192.0957462549,8.98564632855477,940.4976490553,45055.8278206393,4075.8891746324,832.6698931127,14705.9087813127,494.2105480705,36423.616914341,2597.4508320408,2884.9915145546,30.5511975170862,3978.2451511954,3864.4269643671,4129.8030526037,10219.076047921,109.6248852083,3689.5063825045,702.6775428929,282369.742573214,100.6392388798,539.7378228018,4084.2757778724,332.4689141565,4380.8021067147,354.034465345,3739.8260019444,602.6373471017,121.0067038912,2055.9158799733,1564.101504257,569.0909341418,8077.4970062821,380.9914043307,291.1349410451,2744.8154318291,653.5560096302,65.2956966541646,370.2086287364,1319.6919241204,5073.295917102,9545.1525732794,16.7732064799689,732.6296973214,1104.6354553236,3599.649919219,520.5684439676,94.0497649055399,0,7742.0328766827,5.99043088570318,2220.6527293301,4427.5274676232,77.8756015141413,7023.7802134869,1638.3828472398,1440.6986280116,2461.4680509354,4043.5408478496,3272.5723928596,2293.1369430471,1246.0096242262,1895.971375325,3209.0738254711,554.7139000161,8.98564632855477,15602.6762849024,2808.3139992176,104.8325404998,2.99521544285159,292.9320703108,25.1598097199533,187.5004867225,1056.1129651494,5320.1016695929,0,14662.178635847,4783.9581053225,12636.2149103022,187.5004867225,3100.6470264399,23.9617235428127,310.9033629679,503.7952374876,9.58468941712508
"p8816_mo5",275630.140419055,5731.5697487764,673.7136392785,3703.6236426651,0,3302.1175344082,0.400305192678898,578.0406982283,0,328.2502579966,266.2029531314,1059.607845021,4639.5371831484,18.8143440559082,6355.6455441628,1260.9613569385,1727.3169064094,735.7609441438,252.5925765803,144.510174557,55.6424217823669,1175.6963508979,3.60274673411009,673.7136392785,27.621058294844,3708.0269997846,2030.3479372673,542.8138412725,1093.6337863987,71.2543242968439,2740.089043887,891.4796640959,12.009155780367,0,4916.9486816749,113.2863695281,3245.6745022405,251.791966195,131.3001031986,932.3107937491,1699.6958481146,1739.3260621898,1298.1897398576,787.0000088067,261.3992908193,479.5656208293,1462.7151740486,532.4059062629,671.3118081225,0,540.8123153091,8528.1018248312,2065.1744890304,82.0625644991742,52.0396750482568,0.800610385357797,12789.7509060908,174.5330640079,5030.235051203,64.4491360213026,811.4186255601,68.0518827554127,101.6775189404,438.734491176,582.8443605404,81.2619541138164,1401.4684795688,5212.7742190646,745.7685739607,4129.5483676755,97.6744670136512,934.7126249052,1032.7873971115,10.4079350096514,11.2085453950092,80.8616489211375,337.8575826209,6857.2279505895,1848.2090745984,8300.7284753896,35538.2943956472,682.9206587102,1252.1546426995,706.5386650782,9.60732462429356,833.8357163501,42120.1123736736,4886.1251818386,656.5005159933,14229.6486841568,282.6154660313,36009.0533022376,1466.7182259754,3189.2314700727,18.8143440559082,3220.054969909,3682.0071622605,4639.5371831484,9570.4965465671,74.0564606455962,4223.2197827623,454.3463936905,270929.356541427,90.468973545431,477.5640948659,4002.6516215963,286.618517958,4431.3784829554,273.4084465996,3446.2274037726,473.1607377464,85.2650060406054,1951.4878143096,1655.6622769199,490.3738610316,8590.9497400818,315.8407970236,217.7660248173,2770.9125437233,782.1963464945,70.4537139114861,419.9201471201,1156.0813964566,3966.2238490625,9556.886170016,42.8326556166421,878.6698979301,991.9562674583,4615.118566395,389.4969524765,122.093083767,0,8126.9960217669,2.80213634875229,2236.1048063043,7255.1313121123,56.4430321677247,7518.9324340877,1557.1871995209,1063.6108969478,2772.1134593013,5420.5326140649,3583.9323900541,2633.6078626344,1422.6846547808,1869.4252498104,2455.872357085,382.691764201,8.80671423893576,13738.8745179324,2525.1251554184,65.2497464066604,1.60122077071559,426.7253353957,34.8265517630642,120.892168189,1429.0895378636,5454.5585554426,0,16547.4157497676,3794.4929214032,11964.3215987869,370.2823032279,2381.015286054,20.8158700193027,618.0712174962,537.209568575,4.80366231214678
"p8816_mo6",270162.771649939,6104.5014770047,631.9803909169,2967.1836936261,0,2691.6568049119,1.12920856030425,639.5084479856,0,304.8863112821,232.9933662761,758.0753468175,4630.1315001008,11.2920856030425,6787.2962531354,1875.6154186653,1767.2113968761,703.1205302161,210.40919507,190.4598438379,64.7412907907772,1225.1912879301,6.02244565495602,502.8742121888,31.2414368350844,4899.2595403067,2012.2496544621,377.532061995,1389.3029320276,82.0558220487758,3519.7430824683,934.231882225,9.41007133586878,0,4957.6019825891,72.2693478594722,3055.2619613298,350.0546536943,142.2802785983,963.5913047929,1237.6125820934,1173.6240970095,1746.5092399372,776.1426837824,221.3248778196,1238.7417906537,1321.9268212628,679.4071504497,877.3950513564,1.12920856030425,462.9755097247,9369.0434248443,2801.9428409682,70.0109307388637,106.522007522,0.752805706869503,10204.6577594695,147.1735156929,6089.0689600139,133.2466101159,829.2154861167,88.0782677037318,167.122866925,312.4143683508,220.9484749661,243.9090490257,1796.9472222975,5089.7193841447,631.6039880635,4191.6221758493,115.9320788579,937.9959107594,834.1087232114,56.8368308686474,5.26963994808652,81.679419195341,530.3516204895,8254.8909786775,2510.2306295563,7496.062826153,36502.0431146884,988.4338931196,1129.5849631576,1829.3178676928,5.64604280152127,724.1990900084,40976.3438334673,4995.9950736394,814.5357748328,15805.1558157252,366.6163792454,33983.155219503,1365.2131494078,2550.5057348738,19.1965455251723,3471.9399200821,3262.6599335724,4016.5948490022,9739.0474297707,112.9208560304,3893.511115929,579.283991436,267131.975874083,86.1962534365581,548.4189574544,3909.3200357733,226.2181149142,5017.0736334318,345.5378194531,3508.0745940118,514.1662977918,107.6512160823,2089.4122394163,1426.1904116642,308.6503398164,9104.4322188797,448.6722012942,415.9251530454,3305.1934560105,1228.578913611,75.656973540385,334.6221367034,1127.7029488905,3128.2841148962,8999.4158227714,15.8089198442596,756.1933325504,1129.2085603042,3773.0622028299,218.3136549921,105.3927989617,16.5617255511291,9932.5184964362,0.752805706869503,1898.1995898714,6567.8533895829,119.6961073922,7818.6400715466,1901.9636184057,1460.8194741802,2532.0619950555,4823.9789696197,2891.5267200857,2388.2761050434,1492.0609110153,1813.5089478486,2461.2982586098,607.8906082971,11.2920856030425,13645.73264557,2780.4878783225,109.5332303495,1.88201426717376,347.0434308668,41.4043138778226,243.1562433188,1306.494304272,5441.6560521062,0,19525.5216190742,6347.2813174702,13274.9758349368,318.4368140057,1962.9408806622,22.2077683526503,498.733780801,552.5593888422,4.51683424121702
"p8816_mo7",280779.917063869,5960.8382566106,634.8662633592,1857.0734907018,0.448351880903393,1312.3259554042,0.448351880903393,560.4398511292,0,476.1496975194,241.213311926,530.4002751087,4782.5695135964,27.349464735107,6529.3484415961,987.7191936301,1641.4162359873,758.1630306076,309.8111497042,164.5451402915,44.8351880903393,1120.4313503775,4.48351880903393,674.7695807596,15.2439639507154,3877.3470660525,2159.2626584307,122.8484153675,830.7960353139,37.661557995885,2869.0036859008,922.2598190182,7.62198197535768,0,4541.3562016704,17.9340752361357,3224.0983755763,234.9363855933,114.7780815112,1470.1458174822,1763.8162994739,2126.9813230056,1337.8820126157,656.8355055234,78.0132272771904,1042.4181231003,1455.7985572933,642.0398934536,551.0244616302,0,372.5804130307,9428.3917035174,2171.3681592151,55.1472813511174,67.252782135509,2.24175940451697,11472.8762804369,377.9606356015,5271.721415662,78.4615791580938,738.8838997287,269.4594804229,111.191266464,416.0705454783,156.9231583161,120.1583040821,1133.4335549237,5054.2707534239,740.6773072524,3951.7734782825,120.1583040821,372.1320611498,576.1321669608,48.4220031375665,9.41538949897126,73.5297084681565,368.5452461025,7738.5534643925,2668.142043256,8585.0418155381,35311.7457880703,584.2025008171,1075.1478104063,1372.4051074452,8.07033385626108,481.5299200902,41242.0961167795,6064.8558929801,507.5343291826,12656.9735979027,396.7914145995,36379.2716165013,517.8464224434,3489.971040952,21.5208902833629,2400.9243222376,3488.1776334283,4407.2989892803,8642.4308562938,80.2549866817074,4304.1780566725,365.8551348171,266733.500987047,102.6725807268,526.3651081805,4310.0066311243,399.033174004,4562.8770919538,356.8880971991,2806.6827744552,451.0419921888,56.4923369938275,2613.8914656667,1694.3217579339,179.7891042422,8124.5844338503,343.8858926529,276.1847586364,2487.0078833711,898.9455212113,47.5252993757597,457.3189185214,1293.4951764062,927.1916897082,8697.129785764,26.0044090923968,946.9191724679,1028.0708629114,4106.903229075,400.3782296467,199.516587002,5.82857445174411,8936.1013382855,0.448351880903393,2417.513341831,7782.0435968401,69.0461896591225,8207.9778836984,1728.3965008825,1180.5105024186,1932.3966066936,6592.5660568034,2773.9530871492,3676.9337752887,1461.1787798641,2091.5615244143,2517.9441631534,319.6748910841,17.4857233552323,13303.9453620463,2727.7728434162,77.1165235153836,2.24175940451697,287.393555659,33.6263910677545,193.2396606693,1523.0513394288,5907.0360309022,0.896703761806786,19203.8077628541,5741.1458349679,16541.4942940497,356.4397453181,318.3298354414,18.3824271170391,612.0003174331,531.7453307514,4.48351880903393
"p8816_mo8",253138.442726507,5397.6714549619,596.0214743354,2774.2988515335,0,2820.948782766,2.74411360191254,527.9674570079,0,390.7617769123,150.9262481051,1001.601464698,5015.1420188553,17.0135043318577,6791.1323420131,1162.9553444905,1580.0606119812,759.5706450093,271.6672465893,142.6939072994,55.9799174790158,932.4498019298,4.39058176306006,765.6076949335,32.9293632229504,3818.1596657011,2019.1187882872,446.7416943913,1089.9619226796,72.444599090491,2730.3930339029,999.4061738165,6.03704992420758,0,4302.2213050784,111.4110122376,3337.390962646,242.579642409,129.5221620102,1187.6523669077,1970.8223888935,2070.7081240032,1218.9352619695,621.8161421933,194.8320657357,601.5097015392,1488.4072176773,614.132624108,641.0249374067,0,397.8964722773,9813.4990631596,2079.4892875293,88.3604579815837,75.737535412786,1.64646816114752,12176.7296971266,362.7718181728,5473.4089903747,82.8722307777586,839.6987621852,74.0910672516385,119.094530323,506.563370913,122.9362893656,251.9096286555,1366.5685737524,4606.2690921703,701.3954366488,4191.3591155612,111.959834958,1065.8137229828,766.7053403743,20.8552633745353,12.6229225687977,93.2998624650263,363.3206408932,7998.5423268546,3310.4986493472,7914.5724506361,39818.734831912,655.2943281367,1367.6662191932,955.5003561859,6.03704992420758,627.8531921175,44133.0302368389,5175.9470759274,783.1700219858,13583.362329467,405.0311676422,39469.6835817487,782.072376545,3034.9896437152,21.9529088153003,4381.8005995339,3785.2303024781,3993.2341135031,9603.2999612531,87.2628125408187,3993.2341135031,560.3479975105,277371.161122277,114.7039485599,507.6610163538,3527.8324466187,398.4452949977,4303.8677732396,360.0277045709,3200.7341052707,565.2874019939,110.3133667968,1734.8286191291,1521.8854036206,487.90339842,8081.4145576324,409.9705721257,326.5495186275,2382.9882519008,764.5100494928,49.3940448344257,587.2403108092,1378.6426736008,3192.501764465,9864.5395761551,6.03704992420758,678.3448823927,1070.7531274662,3949.8771185929,445.0952262302,152.0238935459,0,9860.6978171125,0.548822720382507,2686.4872162723,5175.398253207,94.9463306261738,7758.7067980475,1921.4283440591,1300.1610245861,2064.6710740789,6187.9761723127,3214.4546732803,3324.2192173568,1160.2112308886,1912.647180533,3255.616377309,417.654090211,9.87880896688514,14199.6902444566,2676.6084073054,108.6668986357,2.74411360191254,223.3708471956,38.4175904267755,147.6333117828,1408.8279232218,5877.8913352966,1.64646816114752,16520.1127062338,5458.5907769244,15916.4077138131,169.0373978778,1878.0713491489,18.1111497726227,329.2936322295,662.977846222,8.23234080573761
"p8816_mo9",283045.125616641,5903.3821188732,339.5421483436,2202.8378281581,0,2327.491657961,0.930252461215449,807.459136335,1.8605049224309,198.1437742388,207.446298851,782.3423198821,4777.7766408025,26.977321375248,8048.544294436,1551.6611053073,2296.7933267409,631.6414211652,399.0783058614,144.1891314883,40.9311082934798,1066.9995730141,4.65126230607725,462.335473224,26.977321375248,5730.3551610871,2507.9606354368,317.2160892744,1700.5014991018,143.2588790271,3786.1275171468,1206.5374421964,0,0,4053.1099735157,78.1412067420977,3074.484384317,274.4244760585,127.4445871865,1233.5147635716,767.4582805027,727.4574246704,1304.213950624,868.8557987752,206.5160463898,252.0984169893,1135.838255144,866.9952938527,974.9045793537,0,509.778348746,8021.5669730608,3113.5549876881,81.8622165869595,116.2815576519,1.8605049224309,7334.1104042226,420.4741124693,4215.9041542284,161.8639282514,989.7886187332,261.4009416015,145.1193839496,521.8716307418,228.842105459,613.9666244021,1880.9704765776,5068.9456611629,564.6632439577,4046.5982062872,149.7706462556,406.5203255511,557.221224268,16.7445443018781,18.605049224309,78.1412067420977,319.0765941968,12342.5896554065,3041.9255481745,7434.5776700338,39932.0171501343,515.3598635133,963.7415498192,655.8279851568,5.5815147672927,420.4741124693,43750.7035034238,4553.5857976496,636.2926834713,11068.1437835414,962.8112973579,32988.6127796222,1433.519042733,3156.346600904,21.3958066079553,3817.7561008282,2834.4792493234,3515.4240509331,7143.4086496734,101.3975182724,3355.4206276041,563.7329914965,274299.822228755,102.3277707336,616.7573817858,4549.8647878047,225.1210956141,6075.478824198,465.1262306077,2823.3162197888,625.1296539367,127.4445871865,2768.4313245771,1720.9670532485,427.9161321591,8037.3812649014,585.1287981045,677.2237917648,2904.2481839146,833.506205249,68.8386821299433,490.2430470605,1209.32819958,2674.4758259944,8381.5746755511,10.2327770733699,774.9003001924,1078.1626025487,3560.0761690715,273.4942235973,146.979888872,20.4655541467399,10330.4535817975,0,1655.8493809634,5507.0945703954,151.6311511781,6778.7496848769,1991.6705194622,1402.8207115128,2303.3050939694,3566.5879363,2387.95806794,1828.8763387495,1249.3290554123,1417.7047508923,2993.5524201913,727.4574246704,0.930252461215449,13493.31194993,3240.9995748746,101.3975182724,3.7210098448618,419.5438600081,54.8848952117115,297.6807875889,575.8262734923,5211.2742877289,0.930252461215449,13990.0667642191,6767.5866553423,10293.2434833489,298.6110400501,1600.9644857517,27.9075738364635,454.8934535343,582.3380407208,43.7218656771261
"p8855_mo10",197953.275553942,2224.7004848454,193.3809629552,890.6996047981,0,921.0178066173,2.45823257993967,550.6440979064,2.45823257993967,763.6909215012,10.6523411797386,2536.0766116377,3879.9104220047,15.5688063396179,9563.3441468253,653.8898662639,3339.918665278,220.4215213345,827.6049685796,6870.7600609313,127.8280941568,617.8357884248,0,1896.1167299934,78.6634425580696,5278.6447599904,2540.1736659376,45.067597298894,1980.5160485713,206.4915367149,1162.7440103114,464.6059576085,1.63882171995978,0,5009.058587057,8.19410859979892,4684.571886505,408.8860191299,95.8710706176473,2170.6193680867,373.6513521508,6.55528687983913,778.4403169808,264.6697077735,74.5663882581701,49.1646515987935,2390.2214785613,707.9709830226,1551.9641688019,0,224.5185756344,3358.7651150575,2872.0350642295,413.8024842898,1236.4909877096,6.55528687983913,10162.3334854706,390.8589802104,4776.3459028227,58.9975819185522,938.2254346769,9.01351945977881,104.0651792174,1503.6189280631,176.1733348956,18.8464497795375,397.4142670902,4507.5791407493,1294.6691587682,5195.8842631324,35.2346669791353,1856.7850087144,1038.1935595945,14.749395479638,68.8305122383109,312.1955376523,0,10528.6101398816,4700.9601037046,4048.7090591606,59932.5297097892,921.0178066173,1733.0539688574,2223.8810739854,10.6523411797386,51.6228841787332,50548.6365412995,3235.0340752006,276.9608706732,10584.3300783602,939.8642563969,44551.3684571067,3856.9669179253,193.3809629552,6.55528687983913,6343.8788779643,2894.1591574489,1905.9496603132,3959.3932754228,121.272807277,1778.1215661563,123.7310398569,316113.140973903,2279.601012464,821.0496816998,3966.7679731626,1194.7010338506,5381.8905283479,835.7990771794,6919.1053016702,966.0854039162,14250.3742659102,946.4195432767,2572.9501003368,1362.6802601465,9233.9409811133,518.6870743672,15062.4104281503,5535.1203591641,1619.9752701802,6050.5297900915,168.7986371558,1996.9042657709,408.0666082699,12904.9016338233,41.7899538589745,129.4669158768,892.3384265181,9578.0935423049,558.0187956463,128.6475050168,71.2887448182506,3402.1938906365,628.4881296045,549.0052761865,1187.3263361108,10.6523411797386,3880.7298328647,1848.5909001146,377.7484064507,1118.4958238725,24.5823257993968,2820.4121800507,44.2481864389142,742.3862391417,2795.0104433914,5037.7379671563,52.4422950387131,33.5958452591756,14507.6692759439,2615.5594650558,82.7604968579691,23.7629149394169,108.1622335173,0,558.0187956463,60.636403638512,2749.1234352325,20.4852714994973,5456.456916606,972.6406907961,4374.0151705726,198.2974281151,158.1462959761,26.2211475193565,31.1376126792359,76.2052099781299,79.4828534180495
"p8855_mo11",199201.460218819,3080.7575742824,323.1434205078,1162.7599693454,0.927240804900653,607.8063476123,3.70896321960261,470.1110880846,0,1143.2879124425,76.4973664043039,3957.0001349135,3767.3793903113,10.6632692563575,10306.7451668732,1220.7125196517,4463.2736143892,292.0808535437,687.5490568338,4493.4089405485,277.2450006652,369.9690811553,0,933.2678701325,89.9423580753633,3165.1364875283,2669.5262773089,43.5803178303307,1514.1842344027,160.4126592478,1351.9170935451,381.5595912166,5.09982442695359,1.85448160980131,3895.3386213876,94.1149416974163,4601.8961147219,867.4337729845,139.5497411375,1249.920605006,241.0826092741,6.9543060367549,1284.6921351898,372.75080357,97.8239049170189,103.3873497464,1136.3336064057,1117.3251699052,1047.3184891352,5.09982442695359,316.6527348735,3405.7554764,1834.5459324959,639.332534979,1988.4679061094,13.4449916710595,8474.053715987,540.581389257,3012.1417547197,82.0608112337078,1264.292837482,37.0896321960261,180.3483365531,1721.8861747005,147.8949083816,19.935677305364,439.9757619253,3408.5371988148,1310.1912573246,5524.500715598,86.6970152582111,1986.6134244996,753.3831539817,12.9813712686091,63.9796155381451,460.8386800356,45.434799440132,14725.5112226272,4798.0075449584,3413.1734028393,69622.3394563679,2021.8485750858,2049.6657992328,392.2228604729,24.108260927417,103.3873497464,51683.011603955,2707.5431503099,481.2379777434,7569.9939312089,776.1005537018,35200.8426764434,5418.7952638394,267.0453518113,6.9543060367549,7596.883914551,2597.6651149291,2361.6823300819,2390.8904154363,93.1877008925156,1528.0928464762,486.3378021703,341930.710076372,1305.0914328976,1415.4330886808,3050.1586277206,1191.9680546997,3491.5252508534,1129.8429207714,6345.5724483376,1154.4148021013,8248.2705799937,1155.8056633086,2588.3927068801,911.0140908148,6888.0083192045,695.4306036754,9397.5855576681,3506.8247241342,2428.4436680348,3873.08484207,305.9894656172,2053.3747624524,332.4158285568,10186.6674826385,51.9254850744366,122.3957862468,2193.3881239924,10356.3525499353,238.7645072619,28.2808445494699,117.7595822223,2111.7909331612,44.9711790376817,341.2246162034,1694.9961913583,9.27240804900653,2383.0088685946,2224.9143113591,529.9181200007,853.525160911,80.6699500263568,2689.4619546143,60.7342727209928,564.6896501844,1363.0439832039,6473.9952998163,25.9627425372183,28.2808445494699,16720.469814371,2006.549101805,199.820393456,38.4804934033771,100.6056273317,43.5803178303307,1325.9543510079,59.3434115136418,2653.2995632232,13.4449916710595,4804.0346101902,1845.2092017522,2639.8545715521,314.7982532637,133.5226759056,24.5718813298673,12.5177508661588,179.4210957482,127.0319902713
"p8855_mo12",202803.711773561,1900.1132034131,187.8608612385,870.7330631058,0,598.0710787595,0.405747000515299,563.5825837157,1.62298800206119,548.9756916971,71.0057250901773,2363.070531001,3824.9769738577,1.2172410015459,9612.9579362084,1264.3076536056,4285.4998194425,274.2849723483,858.1549060898,5615.9442341322,275.5022133498,514.8929436539,0,2503.4589931793,65.3252670829631,4098.450452205,2568.7842602623,48.2838930613206,690.581394877,62.8907850798713,714.5204679074,1058.1881773438,2.84022900360709,0.405747000515299,4032.7194381215,24.7505670314332,4683.537626948,953.0997042104,134.3022571705,2578.9279352752,537.6147756827,3.65172300463769,736.8365529357,137.9539801752,76.6861830973914,137.5482331746,1756.4787652307,1149.0755054593,1340.5880897025,0,514.0814496528,4561.0020327924,2424.3383280789,664.613586844,654.8756588316,14.2011450180355,11105.2954041037,548.5699446966,4621.8640828697,90.0758341143963,1142.1778064505,19.8816030252496,117.6666301494,1052.5077193366,75.4689420958455,54.7758450695653,439.8297485585,5113.2237004937,1183.1582535026,5430.5178548967,60.4563030767795,1292.7099436417,901.1640881444,19.070109024219,48.2838930613206,111.1746781411,4.05747000515299,7028.7552899265,4999.2087933489,4001.8826660823,61701.1348743604,619.1699227863,2029.952243578,483.2446776137,21.0988440267955,97.3792801236717,51660.5195996088,3066.6358298946,802.1618200187,12596.8213779979,835.8388210615,39151.3395737222,4536.251465761,316.0769134014,2.84022900360709,5229.6730896416,2833.7370515988,1638.8121350812,4079.7860901813,133.4907631695,1276.4800636211,373.287240474,332133.133705809,1662.3454611111,947.8249932037,4736.6904840155,1288.6524736365,4893.714573215,973.7928012367,5010.1639623629,1421.7374898056,10968.9644119305,678.003237861,2239.3176958439,451.190664573,8094.2469132796,1110.9352874108,11062.2862220491,4771.5847260599,1044.7985263268,4907.5099712325,212.2056812695,1957.3235304858,212.2056812695,12207.7100045037,46.6609050592594,124.1585821576,984.3422232501,4823.9260891263,738.4595409378,14.6068920185508,107.117208136,3902.4746509561,170.0079932159,747.7917219496,1556.4454939766,9.33218101185187,4227.0722513683,1309.3455706628,531.9343176755,1095.9226483918,97.3792801236717,2305.4544569279,134.708004171,918.6112091666,1935.0074454574,5505.581049992,66.1367610839937,24.3448200309179,16927.3591144977,2014.5338575584,140.7942091788,13.3896510170049,100.2195091272,6.89769900876008,1147.4525174572,235.3332602988,5071.0260124402,1.62298800206119,5945.0050515501,996.5146332655,4100.073440207,133.89651017,50.7183750644123,13.7953980175202,12.172410015459,232.8987782957,178.1229332262
"p8855_mo3",198268.924591113,1827.5679065952,171.7566459207,4744.5361123172,0,2532.9280648429,6.75447483958122,115.7909972499,0.964924977083032,259.5648188353,34.7372991749891,2558.9810392242,4909.5382833984,0,12123.3174120712,1951.0783036618,6645.4383171708,333.8640420707,698.6056834081,642.6400347372,105.176822502,410.0931152602,0,2554.1564143387,3.85969990833213,531.6736623727,4008.2983548029,294.3021180103,192.9849954166,1.92984995416606,6044.2900564481,1630.7232112703,47.2813238770686,0,2302.3109953201,0,4532.252617359,882.9063540309,199.7394702561,2701.7899358324,158.2476962416,12.5440247020794,1232.209195735,133.1596468374,52.1059487624837,531.6736623727,803.7825059101,1314.227818787,20.2634245187437,0,10.6141747479133,3767.0671105321,136.0544217687,0,537.4632122352,0,1524.5814637911,533.6035123269,5284.8940994837,594.3937858831,767.115356781,53.0708737395667,55.9656486708158,1591.1612872099,1177.2084720412,319.3901674144,1698.2679596661,7291.9380518164,199.7394702561,5923.6744343127,62.7201235103971,1075.8913494475,50.1760988083177,467.9886138852,115.7909972499,180.4409707145,375.3558160852,4278.4773483861,6175.5198533314,3163.9889998552,70400.926327978,796.0631060935,1756.1634582911,23.1581994499928,2.8947749312491,189.1252955082,58677.0878564191,3827.8573840883,2371.78559367,20040.5268490374,400.4438654894,27920.1042118975,7456.9402228976,161.1424711728,13.5089496791624,8705.5531432431,2332.2236696096,1237.0338206204,3951.367781155,159.2126212187,1443.5277657162,428.4266898248,363939.78868143,489.216963381,1018.9607757996,4755.1502870651,1669.3202103536,1272.7360447725,844.3093549476,3375.3075698364,1080.7159743329,667.7280841414,2007.0439523327,1124.1375983017,1341.2457181454,1415.5449413808,1307.4733439475,605.9728856081,886.7660539393,1155.9801225454,273.0737685144,182.3708206686,2200.0289477493,462.1990640227,8445.0233994306,34.7372991749891,13.5089496791624,1135.7166980267,5737.4439137357,584.7445361123,376.3207410623,13.5089496791624,826.9407053601,195.8797703478,564.4811115935,2241.5207217638,8.68432479374729,4125.0542770299,1979.0611279972,75.2641482124765,201.6693202103,209.388720027,890.6257538476,1228.3494958266,214.2133449124,1048.8734500892,4948.1352824817,58.8604236020649,0,21840.1119312973,1470.5456650745,550.0072369373,1.92984995416606,62.7201235103971,0,1845.9014811598,1349.9300429391,1653.8814107203,65.6148984416462,10766.6328942924,3772.8566603946,165.0021710811,113.8611472957,358.9520914748,85.8783229603898,399.4789405123,27.0178993583249,0
"p8855_mo4",172911.265183773,1253.13589199,661.7299819355,1253.6242536003,0,1393.2956741416,0.488361610284505,495.1986728284,6.34870093369856,525.9654542764,82.0447505277968,2420.8085021802,3907.8696054966,0,11542.9150206845,4373.2782200977,7563.2562584761,490.3150567256,1163.2773556976,5677.2037195573,484.9430790125,276.9010330313,0,47675.3254808042,75.6960495940983,1075.3722658464,1901.6801104478,461.0133601085,412.6655606904,30.7667814479238,1889.959431801,75.2076879838137,17.5810179702422,0,2567.3169852656,0,4486.0897520734,298.8773054941,177.2752645332,226.1114255617,247.1109748039,2.44180805142252,424.8746009475,444.8974269691,267.1338008256,353.5738058459,636.3351782007,675.8924686337,329.1557253317,1.95344644113802,106.462831042,2789.521517945,689.0782321114,2154.6514245752,9.7672322056901,0,5717.7377332109,686.1480624497,1300.5069681876,792.1225318814,897.6086397029,55.184861962149,187.0424967389,1172.556226293,1028.4895512591,166.531309107,116.2300632477,2655.2220751168,558.1973205551,5182.0050467288,120.6253177402,206.5769611503,336.481149486,674.9157454131,391.1776498378,35.6503975507689,24.4180805142252,8777.3232216434,7032.4071880968,2823.2184690547,85177.5902577719,1137.3941903526,3541.1100361729,1352.2732988777,51.7663306901575,486.8965254536,46618.9993177588,1111.5110250075,1177.4398423959,13875.8184330136,563.5692982683,26642.0792874608,10055.8539173682,539.6395793643,4.88361610284505,6435.6293003292,1756.6367121933,2355.3680464021,1750.2880112596,154.3222688499,547.4533651289,1268.7634635191,346648.349850537,1710.2423592163,2109.722156429,1526.6183937493,1967.1205662259,1840.146547552,1129.580404588,3867.8239534532,1713.6608904883,3170.443573967,1034.8382521928,1027.5128280385,611.4287360762,2766.5685222617,1523.6882240876,2537.038565428,862.4466037624,174.3450948715,1606.2213362257,548.9184499597,2549.7359672953,1369.3659552377,11930.1857776401,207.5536843709,43.4641833153209,1381.5749954948,1428.9460716924,13248.273763798,432.2000251017,6.83706254398307,1141.7894448451,104.0210229905,254.4363989582,1153.9984851022,12.6974018673971,733.5191386473,1887.5176237496,1033.8615289722,311.0863457512,1571.0593002852,1502.2003132351,204.1351530989,1187.2070746016,509.3611595267,6423.9086216823,87.9050898512109,0,15575.8051984139,899.562086144,416.0840919623,0,58.1150316238561,1.95344644113802,4693.6434364443,143.0899518133,2755.3362052251,161.6476930041,5911.1289308836,2574.1540478096,482.0129093508,103.5326613803,860.004795711,5.37197771312955,10.7439554262591,1191.6023290941,531.3374319895
"p8855_mo8",224266.04807891,2314.0439734389,134.8994244605,1073.5352799729,0,726.3815163261,0.943352618605366,748.078626554,0,402.8115681444,265.0820858281,1415.9722805266,5141.2717713992,10.376878804659,10541.9655129149,606.5757337632,3916.8000724494,230.1780389397,385.8312210095,976.3699602565,160.3699451629,364.1341107816,0,1866.89483222,53.7710992605059,3752.6567168121,2865.9052553231,46.2242783116629,2861.18849223,496.2034773864,2140.4670916155,1185.7942415869,109.4289037582,1.88670523721073,5995.9492438557,8.4901735674483,4743.1769663477,147.1630085024,143.389598028,1814.0670855781,418.8485626607,913.1653348099,657.5167751679,1348.050891987,30.1872837953717,303.7595431909,957.5029078844,601.8589706702,1598.0393359174,0,252.8185017862,2661.1977370857,2372.5318357924,174.5202344419,496.2034773864,0,10035.3851567238,203.7641656187,5095.9908457061,110.3722563768,851.8474146006,180.1803501536,61.3179202093488,1389.5584072057,150.9364189768,28.300578558161,237.7248598885,2861.18849223,1118.8162056659,5316.7353584598,49.0543361674791,1024.4809438054,53.7710992605059,48.1109835488737,301.8728379537,95.278614479142,32.0739890325825,7809.0729768152,4676.1989304268,4659.2185832919,55866.2854264284,5152.5920028225,1431.0659224243,8210.9411923411,3.77341047442147,228.2913337024,51308.9489259458,4339.4220455846,467.9028988282,9984.4441153191,416.0185048049,39164.2273140203,5048.8232147759,272.6289067769,0,6003.4960648045,3101.7434099744,1594.265925443,5328.9989425017,127.3526035117,1244.2821039404,1526.3445369034,336027.862862943,108.4855511396,805.6231362889,3364.9387905653,1295.2231453451,5009.2024047944,741.4751582238,4030.0023866821,1000.8971283402,187.7271711024,1588.6058097314,2913.0728862533,2781.0035196486,8411.875300104,453.7526095491,3570.5896614213,2004.6243145364,2364.041662225,568.841629019,84.901735674483,1550.8717049872,266.9687910653,11420.2268008365,35.8473995070039,349.9838215025,699.9676430051,5864.8232298695,593.3687971027,29.2439311767664,63.2046254465595,1043.3479961775,106.5988459024,632.9896070842,1367.8612969777,8.4901735674483,1850.8578377037,1924.4393419549,166.9734134931,1650.8670825593,264.1387332095,2704.5919575415,239.6115651257,653.7433646935,1004.6705388147,4486.5850540871,632.0462544655,25.4705207023449,17195.4315319386,2842.3214398579,385.8312210095,135.8427770791,44.3375730744522,13.2069366604751,549.0312240283,947.1260290797,4709.2162720779,0,6192.1665885256,1606.5295094849,6132.7353735534,103.7687880465,90.5618513861152,0,13.2069366604751,64.1479780651649,110.3722563768
"p8855_mo9",189393.901713164,1712.6666036644,567.0203082799,2706.6100972721,0,1915.7659830921,2.48693117666662,602.6663218122,0.828977058888872,1048.6559794944,164.9664347188,3843.1376450088,3778.4774344154,21.5534035311107,11668.6810809197,4747.5516162565,7271.7867605731,318.3271906133,1321.3894318688,5559.1201569087,124.3465588333,87.0425911833316,0,3841.479690891,133.4653064811,1794.7353324944,1956.3858589777,143.4130311877,1009.6940577266,102.7931553022,1202.8457124477,252.8380029611,4.97386235333323,1.65795411777774,2278.0289578266,33.9880594144438,4331.4051326943,388.7902406188,157.5056411888,123.5175817744,60.5153252988877,29.0141970611105,727.0128806455,747.7373071177,309.2084429655,239.5743700188,386.3033094422,987.3116771366,191.4937006033,0,58.8573711811099,2675.1089690343,941.7179388977,2496.8789013732,752.711169471,9.1187476477776,5768.8513528076,843.0696688899,94.5033847133314,198.9544941333,1116.6320983233,3.31590823555549,242.0613011955,1491.329728941,619.2458629899,63.8312335344432,124.3465588333,2269.7391872377,779.2384353555,5384.2059974832,61.3443023577766,508.1629370988,122.6886047155,3.31590823555549,135.9522376577,159.9925723655,0,11766.5003738686,6912.8396940743,3366.4758361477,91712.2189560526,10692.1461055486,4007.2751026688,1247.6104736277,44.7647611799991,516.4527076877,49896.1291745212,1216.1093453899,1539.4103983566,11673.6549432731,315.8402594366,28518.4687798949,4134.1085926788,657.3788076988,5.80283941222211,8002.9445265131,1904.9892813266,2554.0783184366,417.8044376799,150.0448476588,630.0225647555,3172.4952043677,367737.539231339,488.2674876855,2325.2806501832,952.4946406633,1800.5381719066,1846.1319101455,1182.1212859755,4734.2879833143,1783.1296536699,581.9418953399,1046.1690483177,2574.8027449088,843.0696688899,3341.606524381,1358.6933995188,270.2465211977,546.2958818077,728.6708347633,585.2578035755,489.9254418033,2660.1873819743,1968.820514861,10214.6553196286,180.7169988377,45.593738238888,1869.3432677944,4506.3192921199,869.5969347744,80.4107747122206,65.4891876522209,1792.2484013177,0.828977058888872,136.7812147166,1292.3752348077,17.4085182366663,805.7657012399,1463.9734859977,966.5872506644,382.1584241477,92.8454305955537,529.7163406299,265.2726588444,502.3600976866,69.6340729466653,6976.6709276087,28.1852200022217,35.6460135322215,16044.8509747941,1041.1951859644,274.3914064922,143.4130311877,460.9112447422,0,1367.8121471666,18.2374952955552,2321.9647419477,33.9880594144438,6607.7761364032,5847.6041734021,43.9357841211102,164.9664347188,1234.3468406855,3.31590823555549,0,580.2839412222,501.5311206277
"p8883_mo10",236945.976432027,4355.1348608059,601.929208404,4491.7070341413,64.070896132647,7944.7911204482,50.5822864205108,520.9975501312,0,396.227910294,578.3241414078,1215.6609503062,5793.3578713625,8.43038107008513,9133.4748513302,1815.9040824963,2785.3979055561,841.3520307944,153.4329354755,116.3392587671,141.6304019774,748.6178390235,1.68607621401703,1429.7926294864,85.9898869148683,2551.0333118077,2780.339676914,1554.5622693236,3013.0181944484,69.1291247746981,2475.1598821769,844.7241832225,16.8607621401703,13.4886097121362,6543.6617866,0,3456.4562387349,1153.2761303876,268.0861180287,453.5545015705,354.0760049435,1.68607621401703,886.8760885729,529.4279312013,440.0658918584,207.387374324,1379.2103430659,1143.1596731035,994.78496627,5.05822864205108,323.7266330912,3695.8790611253,1793.9850917141,33.7215242803405,207.387374324,1.68607621401703,7784.6138801166,411.4025962201,5159.3932148921,1569.7369552498,1294.906532365,1.68607621401703,133.2000209073,671.0583331787,92.7341917709364,617.1038943302,2372.3092331219,6176.0971719443,1030.1925667644,4488.3348817133,72.5012772027321,918.9115366392,440.0658918584,165.2354689736,16.8607621401703,70.8152009887151,87.6759631288854,4071.8740568511,3557.6208115759,5633.1806310308,50364.7825889025,440.0658918584,1224.0913313763,849.7824118645,1.68607621401703,173.6658500437,47333.2175560999,4215.1905350425,440.0658918584,17174.3723159774,751.9899914515,37400.5425793256,3955.5347980839,239.4228223904,62.38481991863,3392.3853426022,3908.3246640914,2328.4712515575,10782.4573886388,150.0607830475,2262.7142792108,316.9823282352,297100.117519512,504.136787991,681.1747904628,2212.1319927903,883.5039361449,3422.7347144545,844.7241832225,4887.9349444353,940.8305274215,153.4329354755,3552.5625829338,1561.3065741797,323.7266330912,9920.8724432761,768.8507535917,520.9975501312,3518.8410586535,1094.263462897,114.6531825531,345.6456238734,1229.1495600184,3078.775166795,11537.8195325185,60.6987437046129,891.934317215,1063.9140910447,4997.5298983464,588.4405986919,64.070896132647,82.6177344868343,9116.61408919,11.8025334981192,864.9570977907,1846.2534543486,30.3493718523065,6046.269303465,4869.3881060811,345.6456238734,1942.3597985476,2579.696607446,1170.1368925278,1303.3369134351,1465.2002299807,1584.911641176,3717.7980519075,934.0862225654,146.6886306194,15001.0200761094,2095.7927340231,99.4784966270045,3.37215242803405,805.9444303001,30.3493718523065,593.4988273339,1257.8128556567,8062.8164554294,6.7443048560681,11782.3005835509,2552.7193880217,5134.1020716818,725.0127720273,4635.0235123328,6.7443048560681,0,261.3418131726,5.05822864205108
"p8883_mo11",207928.299411299,2690.759972851,352.1416745472,6933.4991807026,25.558669926817,6114.2018169374,265.5261820174,386.2199011163,8.51955664227234,360.6612311895,407.518792722,1847.323865266,6469.1833436987,19.8789654986354,9719.3942027256,881.7741124751,2371.2765987658,646.0663787056,161.8715762031,285.4051475161,555.1911078547,908.752708509,1.41992610704539,3629.331129608,38.3380048902255,1055.0050975347,3085.4994306096,1364.5489888706,1914.0603922971,62.4767487099971,2531.7282488619,1029.4464276079,41.1778571043163,69.5763792452241,6322.9309546731,66.7365270311333,4163.223345857,323.7431524063,259.8464775893,1221.136452059,1171.4390383124,15.6191871774993,775.2796544467,719.902536272,316.6435218711,228.6081032343,901.6530779738,1259.4744569492,631.8671176351,2.83985221409078,434.4973887558,3917.5761293382,978.3290877542,1986.4766237564,573.6501472463,31.2383743549986,7615.0637120844,542.4117728913,2185.2662787428,922.9519695795,1280.7733485549,34.0782265690893,261.2664036963,1046.4855408924,264.1062559104,347.8818962261,343.6221179049,5762.0601423901,1194.1578560251,4809.2897245627,116.4339407777,1196.9977082392,619.0877826717,258.4265514822,231.4479554483,116.4339407777,0,3291.3887161312,5499.3738125867,4611.9199956834,74184.0394625863,1385.8478804763,2415.2943080842,440.177093184,2.83985221409078,401.8390882938,53641.9684719607,4441.5288628379,917.2722651513,14409.4101342966,448.6966498263,32637.0015704382,5392.8793545583,790.8988416242,329.4228568345,7086.8512002635,4344.9738875588,1458.2641119356,6862.5028753503,105.0745319213,2154.0279043878,552.3512556406,318273.59704201,1786.267042663,945.6707872922,2131.3090866751,1194.1578560251,1672.6729540994,900.2331518667,5252.3066699608,1708.1711067756,110.7542363495,2761.7562782032,1040.8058364642,860.4752208695,5273.6055615665,738.3615756636,1483.8227818624,3583.8934941825,386.2199011163,174.6509111665,462.8959108967,1892.7615006915,2626.8632980339,10707.6627732292,222.9283988061,783.799211089,1135.9408856363,3602.3525335741,920.1121173654,170.3911328454,370.6007139388,6170.9988612192,29.8184482479532,401.8390882938,1432.7054420087,52.5372659606794,4198.7214985332,3230.3318935282,210.1490638427,1015.2471665374,778.1195066608,2152.6079782808,807.9379549088,843.4361075849,1574.6980527133,5257.986374389,528.2125118208,19.8789654986354,18987.2519034109,2075.9319685003,292.5047780513,1.41992610704539,708.5431274156,207.3092116286,244.2272904118,832.0766987285,5489.4343298374,39.7579309972709,9061.9684151636,5283.5450443158,3149.3961054266,457.2162064686,3724.46617878,15.6191871774993,28.3985221409078,78.0959358874964,24.1387438197716
"p8883_mo2",218997.028114465,3085.224089831,342.8026766478,3020.1937717677,69.6753407820918,10680.7652396227,11.1480545251347,654.0191988079,0,468.2182900556,266.6243040594,2682.0361178386,6355.3200838705,33.444163575404,9242.6662058804,2374.5356138536,2477.6551182111,469.1472945994,223.8900950464,133.7766543016,124.486608864,455.2122264429,0,1490.123288193,41.8052044692551,2214.7468323267,2572.4135816748,1183.5517887517,1243.0080795525,42.7342090130163,4498.2400008918,683.7473442082,37.1601817504489,0,6221.5434295689,2.78701363128367,3355.5644120655,1468.7561836864,145.8537133705,366.9567947856,670.7412805956,10.2190499813735,549.9706899066,758.9967122529,420.8390583238,6982.3981509093,864.9032302416,1554.2246017125,866.7612393292,6.50303180632856,358.5957538918,5078.8678407426,1717.7294014145,69.6753407820918,447.7801900929,7.43203635008979,7037.2094189912,486.7983809308,6258.7036113193,471.0053036869,1015.401966331,13.9350681564184,65.9593226070469,942.0106073738,227.6061132214,685.6053532957,2266.7710867773,5600.0393897926,1097.154366182,4406.2685510594,83.6104089385101,1029.3370344874,138.4216770204,148.6407270017,117.0545725139,96.6164725511672,12.0770590688959,3279.3860394771,4719.343082307,4945.0911864409,55361.2387718188,810.0919621597,1426.9509792172,994.9638663682,1.85800908752245,349.3057084542,51659.1556649303,3539.5073117302,237.8251632028,23095.052957904,914.140471061,33306.6709029273,7963.4269491212,196.9489632773,17.6510863314632,6365.5391338519,3871.161933853,1812.4878648781,7148.6899642426,85.4684180260326,2180.3736642075,329.7966130352,302152.224826532,796.1568940033,851.897166629,2144.1424870009,1431.596001936,3300.7531439836,769.2157622342,3716.0181750448,1092.5093434631,1418.5899383233,3839.5757793651,1547.7215699061,892.7733665545,6724.1348877437,890.915357467,2365.245568416,2656.952995157,1267.1621976903,667.9542669643,391.1109129234,1403.7258656232,4187.0234787318,10800.6068257679,14.8640727001796,482.153358212,1217.9249568709,4449.9317646162,338.157653929,33.444163575404,26.9411317690755,7441.3263955274,34.3731681191653,299.1394630911,2028.0169190307,21.3671045065081,3727.16622957,2781.4396040211,252.689235903,1773.4696740401,2492.5191909113,1232.7890295711,1562.5856426063,1013.5439572434,1179.8357705767,3315.6172166838,464.5022718806,157.9307724394,17328.7217547781,2983.0335900172,195.0909541898,13.0060636126571,454.2832218992,197.8779678211,946.6556300926,665.167253333,6830.9704102762,12.0770590688959,10052.7581680402,4604.1465188806,5320.4090221205,444.0641719178,3114.9522352313,19.5090954189857,0,236.8961586591,15.7930772439408
"p8883_mo3",198854.376062894,2785.1489746139,331.8303173532,4229.8248684565,117.3546244297,8987.7455468472,0,398.6010519425,0,560.4694994319,242.802671234,2593.9418710171,5110.9962294768,14.1634891553199,9308.4474084355,2775.0321966458,2224.679475182,622.1818450372,514.9439985755,220.5457597042,266.0712605606,302.4916612457,1.01167779680856,6950.2264640748,41.478789669151,1632.847964049,2917.6787659958,686.929224033,1860.4754683309,37.4320784819168,5192.9421310183,723.3496247181,20.2335559361712,2.02335559361712,6792.4047277726,0,3322.3498847193,1012.6894746053,197.2771703776,923.6618284862,830.5874711798,8.09342237446849,1260.5505348234,709.1861355628,203.3472371585,934.7902842511,534.1658767149,1689.5019206702,629.2635896149,4.04671118723425,195.253814784,4030.5243424853,1266.6206016043,116.3429466329,563.5045328223,3.03503339042568,8602.2963062631,408.7178299106,7870.8532591706,421.8696412691,1073.3901424138,23.2685893265969,257.9778381861,1348.5665031458,197.2771703776,225.6041486883,1700.6303764351,5127.1830742257,611.0533892723,4475.662573081,62.7240234021308,1114.868932083,113.3079132425,92.0626795095791,109.2612020553,103.1911352744,132.5297913819,3269.7426392852,5449.9082914077,5014.88683878,59532.1799531997,667.7073458936,1503.3532060575,878.1363276298,18.2102003425541,255.9544825925,55761.6568044942,3677.4487913991,573.6213107904,19154.0957269764,1178.6046332819,31489.4831034632,19350.3612195573,189.1837480032,30.3503339042568,6353.3365639577,3810.9902605778,1279.7724129628,7147.5036344524,160.8567696925,1841.2535901915,699.0693575947,309586.557634778,252.9194492021,942.8837066255,3456.9030316948,2116.4299509235,2401.7230896235,760.7817032,2981.4144671948,1568.1005850532,127.4714023978,3426.5526977905,2448.2602682767,1010.6661190117,4341.1094261055,594.8665445234,1987.9468707288,2033.4723715852,581.7147331649,154.7867029117,448.1732639861,1399.1503929862,2044.6008273501,10277.6347377781,26.3036227170226,397.5893741457,1026.8529637606,4067.9564209672,1961.6432480118,51.5955676372366,55.6422788244709,7392.3296612801,23.2685893265969,435.0214526276,1989.9702263224,16.186844748937,3185.7733821501,2260.0881980703,357.1222622734,1371.8350924724,1022.8062525734,935.8019620479,655.5672123319,609.0300336787,2018.297204633,3639.0050351203,477.5119200936,307.5500502298,16243.4987055582,3121.0260031544,429.9630636436,36.4204006851082,528.095809934,161.8684474893,633.3103008021,689.9642574234,6194.5031498588,19.2218781393627,14911.1190471613,11098.1054309899,5331.5419891811,397.5893741457,1627.7895750649,50.5838898404281,0,127.4714023978,53.6189232308538
"p8883_mo4",203166.392023529,2085.8972487015,224.2339542354,3024.5510106172,41.7179449740306,6382.8455810266,0,484.9711103231,0,349.3877891575,250.3076698441,1413.1953859952,5459.8360484762,5.21474312175382,8896.351765712,2007.6761018752,1997.2466156317,542.3332846623,1037.733881229,151.2275505308,67.7916605827997,438.0384222273,0,1710.4357439352,130.3685780438,996.0159362549,2706.4516801902,547.5480277841,2044.1793037274,31.2884587305229,4390.8137085167,646.6281470974,41.7179449740306,0,7368.4320310381,0,4479.4643415865,740.493523289,114.7243486785,359.817275401,370.2467616445,5.21474312175382,850.0031288458,1079.451826203,432.8236791055,6680.0859389666,1397.55115663,985.5864500114,474.5416240795,0,307.6698441834,6351.5571222961,787.4262113848,1037.733881229,156.4422936526,0,10638.0759683777,83.4358899480612,6377.6308379049,531.9037984188,855.2178719676,20.8589724870153,93.8653761915688,1496.6312759433,359.817275401,286.8108716964,1355.8332116559,5965.6661312863,928.2242756721,4693.2688095784,52.1474312175382,1407.9806428735,161.6570367743,151.2275505308,46.9326880957844,88.650633069815,20.8589724870153,3170.5638180263,3733.7560751757,4682.8393233349,55636.0943659915,302.4551010617,1486.2017896998,636.1986608539,0,328.5288166704,56439.1648067416,3389.5830291399,198.1602386266,22543.3345153417,1188.9614317598,40894.0155607934,8161.0729855447,109.5096055568,0,5381.6149016499,3457.3746897227,2012.8908449969,9313.5312154523,109.5096055568,2284.0574873281,109.5096055568,320247.804593146,1934.6696981706,563.1922571494,2059.8235330927,1783.4421476398,2184.9773680148,636.1986608539,2685.5927077032,787.4262113848,125.153834922,2716.8811664337,1600.9261383784,855.2178719676,5611.0635990071,537.1185415406,1241.1088629774,1580.0671658914,954.2979912809,78.2211468263073,354.6025322792,1616.5703677436,4818.4226445005,10137.4606286894,5.21474312175382,641.4134039757,1053.3781105942,4515.9675434388,500.6153396883,52.1474312175382,0,5590.20462652,26.0737156087691,484.9711103231,1569.6376796479,20.8589724870153,2623.0157902421,1741.7242026657,203.3749817483,1345.4037254124,1016.8749087419,1142.028743664,2737.7401389207,896.9358169416,2049.3940468492,3368.7240566529,438.0384222273,57.3621743392921,16629.8158152729,3603.3874971318,156.4422936526,0,307.6698441834,31.2884587305229,505.8300828101,380.676247888,7441.4384347427,0,12755.2616758098,4312.5925616904,7102.4801318287,208.5897248701,2477.002982833,0,0,411.9647066185,46.9326880957844
"p8883_mo6",209622.038177454,2196.95703425,301.5217013689,2324.776016352,30.5891581098959,11499.3385094558,5.46234966248141,313.5388706264,29.4966881773996,633.6325608478,234.8810354867,2108.4669697178,4905.1899969083,16.3870489874442,7965.1982778303,2048.3811234305,2337.885655542,493.7964094883,215.2165767017,121.264162507,92.859944262184,270.932543259,0,7367.6172247549,281.857242584,1339.3681372404,2615.3730183961,987.5928189766,1566.6018831996,77.5653652072361,8052.5958724301,728.677444975,1.09246993249628,14.2021091224517,5876.3957668975,0,3377.9170312785,532.0328571256,172.6102493344,745.0644939624,476.3168905683,0,692.6259372026,693.7184071351,245.8057348116,231.6036256892,599.7659929404,1356.8476561603,644.5572601728,4.36987972998513,287.3195922465,4295.5917745753,926.4145027568,1028.014206479,352.8677881962,3.27740979748885,11366.0571776913,93.9524141946803,7822.0847166733,423.8783338085,939.5241419468,6.5548195949777,77.5653652072361,1280.3747608856,264.3777236641,299.3367615039,1297.8542798055,5061.4131972552,853.2190172795,4468.2020239097,48.0686770298365,1149.278368986,124.5415723045,71.0105456122584,78.6578351397324,88.4900645321989,53.5310266923179,2812.0176062454,4693.250830004,5237.3008563871,53721.1164605722,569.1768348305,1235.5834936532,10671.2463006236,3.27740979748885,109.2469932496,52617.7218287509,4598.2059458768,216.3090466342,20913.1519177763,1794.9280990913,34790.7974702766,13116.1940095503,69.9180756797621,28.4042182449034,6326.4933790859,3297.0742562737,1551.3073041447,11657.7466496678,110.3394631821,2152.1657670176,628.1702111853,300853.109770286,182.4424787268,763.6364828149,3102.6146082894,3584.3938485203,2118.2991991102,722.12262538,3096.0597886944,1605.9308007695,62.2707861522881,3723.1375299473,1678.0338163142,719.937685515,4281.3896654529,776.7461220048,1684.5886359092,1734.842252804,759.2666030849,123.449102372,288.412062179,1312.056388928,2065.8606423504,12477.09909904,7.64728952747398,420.600924011,1035.6614960064,5656.8093104657,2093.1723906628,43.6987972998513,19.6644587849331,5791.1831121627,24.0343385149182,1528.3654355622,1754.506711589,27.3117483124071,3040.3438221371,2183.84739506,217.4015165667,1484.6666382624,925.3220328243,1331.7208477129,786.5783513973,616.1530419279,2123.7615487727,3758.0965677872,452.2825520534,81.9352449372212,14994.1498235114,4203.8243002456,298.2442915714,18.5719888524368,457.7449017159,139.8361513595,359.4226077912,582.2864740205,8677.4886738179,18.5719888524368,12091.4572128688,4379.7119593775,6288.2569314486,398.7515253611,1685.6811058417,9.83222939246655,0,135.4662716295,7.64728952747398
"p8883_mo7",202506.321977034,2930.0200405276,387.9712175597,4337.4623891211,39.7740276994702,7690.3431451905,131.8823023719,320.2855914746,14.6535891524364,398.4380669543,415.8828159453,2004.0527640855,4421.1971842779,6.97789959639829,8858.4435376276,2207.8074323004,2715.1007329585,628.7087536354,694.9987998012,129.0911425333,378.8999480844,543.5783785594,1.39557991927966,2223.8566013721,184.2165493449,1439.5406867369,3484.7630584413,1168.7981823967,3151.9172476931,87.2237449549786,4514.00324891,850.6059608009,34.1917080223516,19.5381188699152,6122.4091058798,0,3937.6287422475,668.4827813349,214.2215176094,368.4330986898,555.4408078733,2.09336987891949,632.1977034336,902.2424178142,362.152989053,512.8756203352,514.2712002545,1278.3512060601,701.9766993976,5.58231967711863,294.467362968,7074.8924007882,1182.7539815895,1208.5722100961,441.701044452,0.697789959639829,12205.7419740198,483.5684420304,4791.025862887,838.0457415274,1170.1937623159,25.8182285066737,150.7226312822,1540.7202308847,168.8651702328,327.9612810307,985.977212971,6469.2107158208,642.6645528282,4624.2540625331,69.081206004343,1193.9186209437,222.5949971251,221.1994172058,163.2828505557,93.503854591737,64.1966762868642,3583.8492327101,4837.7777901829,4859.4092789317,63923.840412645,621.0330640794,1743.7771091399,575.6767167028,0.697789959639829,131.8823023719,53664.9324260203,3219.6028737781,392.1579573175,21709.6412243143,1246.2528679167,35079.2968510134,8197.6364458487,122.8110328966,184.9143393045,6302.4389154669,3247.5144721637,1619.570496324,10170.2886617505,144.4425216454,1810.0671553057,397.042487035,308305.933447585,1217.6434795715,782.9203347158,2111.5124178701,1412.326878311,2011.7284536416,941.3186555541,3088.4183613658,1833.0942239738,111.6463935423,3361.254235585,1371.1572706922,809.4363531822,5194.3484595588,904.3357876932,624.5220138776,1844.9566532877,605.6816849673,171.6563300713,330.0546509096,1754.2439585345,2073.1339700899,8616.3104216326,189.798869022,674.065101012,1293.7025851722,3924.3707330143,703.3722793169,149.3270513629,191.8922389009,8574.4430240542,17.4447489909957,1222.5280092889,2041.7334219061,23.7248586277542,3994.847518938,3011.6614658055,267.253554542,1415.1180381495,967.1368840608,1392.0909694814,2480.6433065195,773.1512752809,2141.5173861346,4767.3010042593,603.5883150884,90.7126947531777,15318.5829839731,3537.0973054142,267.9513445016,11.1646393542373,632.1977034336,68.3834160447032,401.9270167525,757.7998961688,7597.5370805584,6.97789959639829,16279.4397583972,5732.3445184411,5956.3350954855,489.8485516671,2024.9864628747,10.4668493945974,0,369.1308886494,6.28010963675846
"p8883_mo8",175353.73571745,2617.7052805293,317.0512606852,1784.4295312925,121.9427925712,9166.0332416052,207.3027473711,430.8645337517,0,1142.1974904173,170.7199095997,2918.4975022051,4369.6167338029,36.5828377713735,9926.1433152993,2654.2881183007,2325.0425783584,410.5407349898,93.4894743046212,191.0437083616,711.3329566655,361.7636179613,8.12951950474967,4515.9480848884,109.7485133141,1674.6810179784,2300.6540198441,788.5633919607,1463.3135108549,162.5903900949,5507.7494644679,585.3254043419,60.9713962856225,44.7123572761232,6349.1547332094,0,3097.3469313096,930.8299832938,365.8283777137,280.4684229138,772.3043529512,0,951.1537820557,642.2320408752,150.3961108378,361.7636179613,361.7636179613,2377.8844551392,662.555839637,0,650.3615603799,4999.654495421,1178.7803281887,495.9006897897,764.1748334464,8.12951950474967,9166.0332416052,910.5061845319,4568.7899616693,247.9503448948,1447.0544718454,16.2590390094993,243.8855851424,1182.845087941,166.6551498473,321.1160204376,1064.9670551222,3572.9238223374,658.4910798847,4231.4149022222,170.7199095997,1231.6222049695,109.7485133141,487.7711702849,186.9789486092,227.6265461329,207.3027473711,4544.401403155,6129.6577065812,3097.3469313096,86164.7772308417,1069.0318148745,2605.5110012722,1902.3075641114,0,77.2304352951219,54890.5156960697,3861.521764756,865.7938272558,22128.5520919286,1764.1057325306,31355.5567298194,12060.1421852961,227.6265461329,312.9865009328,7572.6474186743,3194.9011653666,1654.3572192165,6438.5794477617,195.1084681139,1577.1267839214,1142.1974904173,306348.748257234,317.0512606852,1121.8736916554,1991.7322786636,2589.2519622627,2056.7684347016,1109.6794123983,3324.9734774426,2776.230910872,390.2169362279,3085.1526520525,4076.9540316319,1256.0107634838,3768.0322904514,1150.327009922,2235.6178638061,1784.4295312925,877.9881065129,256.0798643996,788.5633919607,2186.8407467776,2203.0997857871,9015.6371307673,280.4684229138,227.6265461329,1402.3421145693,3678.6075758992,1081.2260941317,345.5045789518,487.7711702849,10836.6494998313,56.9066365332477,601.5844433514,2243.7473833109,8.12951950474967,2715.2595145863,1816.9476093115,333.3102996947,1321.0469195218,772.3043529512,1203.1688867029,1491.7668291215,516.2244885516,934.8947430462,5963.0025567338,483.7064105326,337.3750594471,18108.5046968298,2877.8499046813,386.1521764756,32.5180780189987,288.5979424186,89.4247145522464,1365.7592767979,455.2530922659,7885.6339196071,24.388558514249,15421.6985005101,9613.1568143664,5003.7192551734,312.9865009328,983.6718600747,8.12951950474967,16.2590390094993,89.4247145522464,0
"p8883_mo9",219911.553063934,2830.9784125212,301.023988906,2707.5247541496,15.2203140458131,10603.4854519164,59.1901101781622,270.5833608144,20.2937520610842,869.2490466164,241.8338787279,1166.8907435123,5511.4448305894,11.8380220356324,7833.3882955785,2127.4616744036,2254.2976247854,580.0630797459,131.909388397,96.3953222901499,204.6286666159,459.9917133845,3.3822920101807,1423.944936286,202.9375206108,1297.1089859042,2514.7341095693,965.6443689065,1829.8199775077,76.1015702290657,6247.0933428037,757.6334102804,13.5291680407228,15.2203140458131,5557.1057727268,0,3221.6331396971,815.1323744535,273.9656528246,527.6375535881,434.6245233082,1.69114600509035,803.2943524179,859.1021705858,265.5099227991,417.7130632573,1204.0959556243,1077.2600052425,493.8146334863,13.5291680407228,251.9807547584,4489.9926435148,923.3657187793,1456.0767103827,180.9526225446,1.69114600509035,11986.8428840803,285.8036748602,5513.1359765945,728.8839281939,967.3355149116,5.07343801527105,74.4104242239754,930.1303027996,180.9526225446,294.2594048857,1467.9147324184,5271.3020978666,1067.113129212,4555.9473377134,57.4989641730719,1177.0376195428,218.1578346566,148.8208484479,130.2182423919,74.4104242239754,15.2203140458131,3455.0112883995,4941.528626874,5891.9526817347,55471.2801129685,414.3307712471,1364.7548261079,874.3224846317,8.45573002545175,284.1125288551,51798.1109899123,6154.0803125237,585.1365177612,15795.3036875438,2514.7341095693,34886.6509390088,12590.5820078976,126.8359503817,145.4385564377,5893.6438277398,3962.3550899266,1680.9991290598,12556.7590877958,81.1750082443368,2299.9585669228,432.9333773031,304245.622045779,233.3781487024,632.4886059037,2888.4773766943,4281.9816848887,2367.6044071264,969.0266609167,3098.1794813255,1594.7506828001,449.844837354,2945.9763408673,1750.3361152685,466.7562974049,5239.1703237699,789.7651843771,2418.3387872791,1858.5694595942,757.6334102804,321.3177409671,358.5229530791,1596.4418288052,2313.4877349635,14072.0259083567,108.2333443257,563.151619695,1067.113129212,6852.523612626,375.43441313,77.7927162341561,89.6307382697885,5350.7859601058,27.0583360814456,1199.022517609,1500.0465065151,23.6760440712649,2744.7299662616,2577.3065117576,240.1427327228,1762.1741373041,1266.6683578126,1330.9319060061,860.7933165909,659.5469419852,2230.6215807141,4290.4374149142,383.8901431555,54.1166721628912,14080.4816383822,3520.9659825981,218.1578346566,11.8380220356324,505.652655522,1.69114600509035,414.3307712471,752.5599722652,10924.8031928836,3.3822920101807,9051.0134192435,4369.9212771534,6307.974598987,446.4625453438,1787.5413273804,3.3822920101807,0,114.9979283461,11.8380220356324
"p9061_mo1",213789.11981833,3404.3295224526,20.806437709984,597.4419971009,143.6634984736,1781.4273810738,0,409.193274963,138.7095847332,323.9859586268,139.7003674813,2729.6064710002,4853.8446829148,0.990782748094477,8195.7548922375,812.4418534374,1254.3309590876,345.7831790849,510.2531152686,425.0457989325,1742.7868538981,744.0778438189,0,606.3590418338,410.1840577111,935.2989142011,2150.9893461131,136.728019237,2870.2976212297,78.2718370994637,5224.3974307021,1338.5474926756,222.9261183212,0,7625.064029335,0,3129.8827012304,491.4282430548,519.1701600015,1445.5520294698,654.9073964904,25.7603514504564,529.0779874824,1158.2250325224,202.1196806112,6886.9308820047,1178.0406874843,1415.828547027,307.1426519092,0,780.7368054984,1926.0816622956,652.9258309942,29.7234824428343,320.0228276345,62.4193131299521,10263.5184875106,1195.87477695,7534.9027992584,90.1612300765974,1895.3673971047,51.5207029009128,454.7692813753,1294.9530517594,325.967524123,880.8058630559,752.9948885518,4411.9555772647,841.1745531322,3731.2878293238,259.5850800007,1269.192700309,248.6864697717,641.0364380171,90.1612300765974,178.340894657,85.207316336125,4418.8910565013,5522.6230378786,4254.4211203176,94153.09376867,414.1471887034,3627.2556407738,3435.0437876435,9.90782748094477,595.4604316047,52503.5593870225,4569.4900342117,1184.9761667209,12496.7428017156,704.4465338951,38971.4486135481,2740.5050812293,890.7136905369,13.8709584733227,8145.2249720846,2847.5096180235,2196.5653525254,12309.4848623257,699.4926201547,2533.4314868775,341.8200480925,277528.155568744,1784.3997293181,1634.7915343558,3383.5230847426,818.386549926,2457.1412152743,1670.4597132872,4618.0383888683,3234.9056725284,112.9492332827,3000.09016123,3119.9748737495,182.3040256493,3483.5921423001,1895.3673971047,912.510910995,2699.8829885574,792.6261984755,43.594440916157,319.0320448864,2640.4360236717,2367.9707679458,8470.2017134596,72.3271406108968,426.0365816806,2430.3900810757,3227.9701932918,108.9861022903,761.9119332846,984.8380516059,4446.632973448,397.3038819858,1458.432205195,3247.7858482536,46.5667891604404,4181.1031969586,1821.0586909976,616.2668693147,1057.1651922168,1753.6854641272,1526.7962148135,2158.9156080978,1108.6858951177,1720.9896334401,8816.9756752927,884.7689940483,322.0043931307,13192.2722908779,4022.5779572635,523.1332909938,11.8893929771337,450.8061503829,3.96313099237791,1103.7319813772,341.8200480925,6428.1984696369,611.3129555742,9227.1597330038,1941.9341862651,6995.9169842951,167.4422844279,1628.8468378673,455.7600641234,249.6772525198,139.7003674813,0
"p9061_mo2",241015.09821858,5419.3897213918,40.8654677367132,823.5963497706,62.8699503641742,3218.9414586457,3.14349751820871,424.3721649581,110.0224131373,499.8161053951,172.8923635014,1999.2644215807,5409.9592288371,0,8496.8737917181,873.892310062,1163.0940817372,292.3452691934,512.390095468,267.1972890477,1348.5604353115,855.0313249527,0,367.7892096304,342.6412294847,1540.3137839222,2184.730775155,198.0403436471,1911.2464910708,100.5919205826,4837.8426805232,1835.8025506338,286.0582741569,0,9766.8467890744,0,2345.0491485836,345.7847270029,364.6457121122,1276.2599923927,606.6950210142,3.14349751820871,1244.8250172106,1505.7353112219,216.9013287564,2005.5514166171,974.4842306446,2631.1074227406,559.5425582411,0,1367.4214204207,3080.6275678445,1043.6411760452,6.28699503641742,254.6232989749,185.4663535743,8591.1787172644,691.5694540059,11885.5641163471,144.6008858376,2345.0491485836,81.7309354734264,405.5111798489,1159.950584219,282.9147766387,622.4125086053,2345.0491485836,3699.8965789316,543.8250706501,4058.2552960074,207.4708362017,814.165857216,223.1883237928,333.2107369301,141.4573883193,194.8968461289,47.1524627731306,3435.8427874021,4828.4121879685,5821.7574037225,72199.8509982176,198.0403436471,2612.2464376314,5252.7843529267,3.14349751820871,138.3138908011,50729.7629488521,4099.1207637441,760.7263994065,19590.2765334766,820.4528522524,32598.0692638243,3627.5961360128,581.5470408686,3.14349751820871,6997.4254755325,3715.6140665226,2335.618656029,13997.9944485833,169.7488659832,2244.457228001,251.4798014566,265811.00664221,1122.2286140005,1087.6501413002,3765.910026814,449.5201451038,2719.1253532505,1219.6770370649,3910.5109126516,2301.0401833287,37.7219702185045,1977.2599389532,2385.9146163204,119.4529056919,3212.6544636093,1801.2240779335,286.0582741569,2058.9908744267,641.2734937145,31.4349751820871,528.107583059,1917.5334861073,4724.6767698676,7252.0487745074,81.7309354734264,716.7174341515,1681.7711722416,2341.9056510654,157.1748759104,336.3542344483,848.7443299163,7604.1204965468,238.9058113838,961.9102405718,4205.9996793632,135.1703932829,4913.2866209602,1904.9594960344,798.448369625,1141.0895991097,3451.5602749931,1310.838465093,1779.2195953061,1361.1344253843,1618.9012218774,6566.7663155379,826.7398472888,103.7354181008,15003.9136544101,4925.860611033,314.3497518208,6.28699503641742,820.4528522524,0,2014.9819091717,345.7847270029,6796.2416343672,455.8071401402,10716.1830395734,3533.2912104665,5211.91888519,132.0268957647,2156.4392974911,220.0448262746,477.8116227677,188.6098510925,0
"p9061_mo3",276061.722431869,5084.6895641989,13.4420767470891,642.5312685108,21.5073227953426,1042.2090171243,5.37683069883565,448.0692249029,75.2756297836991,357.5592414725,175.6431361619,1621.1144556989,4488.7574950779,0,8227.4471076683,489.291593594,1538.6697183168,465.991993899,500.0452549917,249.126489046,388.9240872157,1011.7403098309,0,206.1118434553,96.7829525790417,1153.3301849002,2001.9732968664,103.0559217276,3192.0451582087,89.6138449805941,3018.1942989464,811.0052970743,335.1557802274,0,6775.7028189827,0,3517.3434154883,626.4007764143,235.6844122989,1334.350151761,1517.1623955214,13.4420767470891,827.1357891708,1039.5206017748,146.0705673183,6030.1156287441,1103.1464317111,624.6084995147,433.731009706,0,463.3035785496,2845.2395781338,828.0319276206,9.85752294786535,38.5339533416555,66.3142452856396,11432.9343426241,464.1997169994,5591.903926789,47.4953378397149,953.4913105935,98.5752294786535,121.8748291736,1864.8641140461,224.9307509012,943.6337876456,503.6298087909,4063.9878698699,880.0079577094,4025.4539165282,118.2902753743,981.2716025375,248.2303505962,193.565905158,67.2103837354456,74.3794913338931,51.0798916389386,4237.8387291322,3120.3540822242,6876.0703253609,44853.5216896869,500.0452549917,1472.3554730311,3237.7482191488,11.6497998474772,325.2982572795,55878.7130376494,5169.8227169304,1314.6351058653,10169.3791283978,666.7270066556,35765.7816702049,4141.951915003,928.3994339989,11.6497998474772,4910.8387049365,3882.0717645593,3097.0544825293,11786.0128918477,249.126489046,2539.65636675,293.0372730865,294410.157191645,412.2236869107,679.2729449529,4096.2488540629,661.3501759567,3274.4898955909,533.2023776345,3961.828086592,981.2716025375,182.8122437604,2178.5125714782,1209.786907238,241.9573814476,3314.8161258321,695.4034370494,1300.2968906684,3135.5884358709,679.2729449529,60.937414586804,245.5419352468,1328.0771826124,1661.4406859402,8655.8012866755,42.1185071408792,505.4220856905,1013.5325867305,4554.1756019137,57.3528607875802,206.1118434553,204.3195665557,4171.5244838466,134.4207674708,778.7443128813,5978.1395986554,28.6764303937901,4361.5058352055,1327.1810441625,529.6178238353,1708.0398853301,2743.0797948559,1691.0132547838,1540.4619952164,1352.2729207571,2085.3141726984,3590.8267683724,426.5619021076,62.7296914864159,13572.9129607607,3184.8760506103,111.1211677759,6.27296914864159,765.3022361342,8.06524604825347,1423.0678582918,431.0425943566,8133.3525704387,103.9520601774,7340.2700423604,1548.5272412646,7484.5483327792,303.7909344842,998.2982330838,88.7177065307882,549.332869731,170.2663054631,0
"p9061_mo4",266204.339407696,5035.0643893944,32.0539198911899,699.9883046508,38.9844971649607,1215.4499893875,2.59896647766405,478.2098318901,71.0384170561507,460.8833887057,146.4084449084,1759.5003053785,4336.808729062,4.33161079610675,7527.4732414743,382.9143943758,1536.8555104586,327.4697761856,262.495614244,290.2179233391,520.659617692,997.1368052637,0,302.3464335682,148.1410892268,1022.2601478811,1616.557149107,58.9099068270518,5353.0046218287,88.3648602405777,4233.7163921147,907.0393007047,292.8168898168,0,6303.3600304945,0,2762.7013657568,1014.4632484482,267.6935471993,861.124226266,497.268919393,6.9305772737708,952.0880529842,1023.1264700404,165.4675324112,11567.9997920826,1337.6014138377,1075.9721217529,441.8243012028,0,574.3715915637,2423.9694015013,709.5178484022,4.33161079610675,93.5627931959058,32.0539198911899,11700.5470824435,505.065818826,6443.7042202883,49.3803630756169,1900.7108173316,71.904739215372,183.6602977549,872.3864143358,233.0406608305,608.1581557733,879.3169916096,4151.4157869887,1046.5171683393,3896.7170721776,163.7348880928,435.7600460883,158.5369551375,239.9712381043,64.9741619416012,109.1565920618,19.0590875028697,6001.8799190855,3740.7790835177,6523.4058589367,51050.6321985956,275.4904466323,1641.6804917244,2762.7013657568,10.3958659106562,179.3286869588,53055.3016750338,6174.2780287705,2035.8570741701,11548.9407045798,449.6212006358,39016.5510848519,1899.8444951724,469.5466102979,2.59896647766405,5322.6833462559,3529.3964766677,2757.5034328015,13092.7267923122,168.0664988889,2834.6061049722,369.9195619875,282012.986169167,581.3021688375,787.4868427322,3007.8705368165,127.3493574055,2414.4398577499,855.0599711514,4187.801317676,1456.287549651,58.0435846678304,1756.9013389008,1317.6760041756,144.6758005899,3862.0641858087,987.6072615123,351.7267966438,4456.3611870346,623.7519546393,37.251852846518,239.104915945,1779.4257150406,1641.6804917244,8917.9203070245,14.7274767067629,479.0761540494,1234.5090768904,4912.9129649442,77.9689943299215,293.683211976,296.2821784537,4633.0909075157,155.9379886598,698.2556603324,4947.5658513131,62.3751954639372,4091.6395580024,1556.7809201207,653.2069080528,1331.5371587232,2469.0181537808,1940.5616366558,1636.4825587691,1282.1567956475,1516.9301007965,4619.2297529682,778.8236211399,70.1720948969293,14861.7566414422,3776.2982920458,178.4623647995,7.79689943299215,499.8678858707,4.33161079610675,1785.4899701552,356.9247295991,8707.4040223337,168.9328210481,7596.779014212,1562.8451752353,10200.0771026721,214.8478954868,955.5533416211,115.2208471764,391.577615968,141.210511953,0
"p9061_mo5",294886.647018817,6039.4468374518,31.7388347313534,465.8807526637,11.3352981183405,1059.8503740648,1.13352981183405,386.5336658354,10.2017683065065,431.8748583087,216.5041940603,1577.8734980729,4228.066198141,0,8086.6016776241,320.788936749,1537.0664248469,371.7977782815,508.9548855134,196.1006574472,166.6288823396,1165.2686465654,0,224.4389027431,39.6735434141918,870.5508954885,1722.9653139877,86.1482656993879,4899.1158467467,100.8841532532,4341.4191793244,914.75855815,353.6613012922,0,6462.2534572659,0,3054.8628428927,883.0197234187,150.7594649739,1024.7109498979,257.3112672863,5.66764905917026,991.8385853547,1024.7109498979,125.8218091135,8452.7318068465,1212.8768986624,825.2097030151,463.6136930401,0,599.6372704602,2200.1813647698,681.2514169122,7.93470868283836,41.9406030378599,29.4717751076853,11734.300612106,485.1507594649,6299.0251643618,34.0058943550215,1685.5588301972,105.4182725005,137.1571072319,884.1532532305,281.1153933348,896.6220811607,771.9338018589,4064.8379052369,961.2332804352,3850.6007708002,102.017683065,330.9907050555,310.5871684425,151.8929947857,51.0088415325323,79.3470868283836,21.537066424847,5460.2131036046,2686.4656540467,7850.8274767626,35343.4595329857,206.3024257537,939.6962140104,3229.4264339152,18.1364769893448,159.8277034686,52052.8224892314,6351.1675357061,1692.3600090682,10769.6667422353,433.0083881206,38167.0822942643,2493.7655860349,428.4742688732,1.13352981183405,4721.1516662888,3670.3695307186,2904.1033779188,12556.1097256857,256.1777374744,2856.4951258218,325.3230559963,278699.841305826,337.7918839265,589.4355021537,3697.5742462026,540.6937202448,2355.4749489911,437.5425073679,4121.5143958286,528.2248923146,90.6823849467241,1999.5465880752,788.9367490364,185.8988891407,3312.174110179,863.7497166175,536.1596009975,4814.1011108592,669.9161187939,34.0058943550215,120.1541600544,1151.6662888233,1463.3869870777,8957.1525731126,27.2047154840172,578.1002040353,966.9009294944,4469.5080480616,70.2788483337112,88.415325323056,71.4123781455452,4034.2326003173,104.2847426887,515.7560643844,7692.1333031058,49.8753117206983,4776.6946270686,1257.0845613239,646.1119927454,1330.7639990931,3345.0464747222,2199.047834958,1770.5735660847,1620.9476309226,1588.0752663795,2759.011562004,605.3049195193,29.4717751076853,14599.8639764225,3284.969394695,75.9464973928814,5.66764905917026,734.5273180684,6.80117887100431,1585.8082067558,362.7295397868,9112.4461573339,48.7417819088642,7032.4189526184,1707.095896622,9669.0092949444,350.2607118567,944.2303332577,10.2017683065065,805.939696214,209.7030151892,0
"p9061_mo6",271126.028929913,4456.1655877886,19.1800527451451,553.0248541516,6.39335091504835,1317.0302884999,0,383.6010549029,19.1800527451451,562.6148805242,207.783904739,1393.7504994805,5296.8912331175,0,9356.6690641732,517.8614241189,1809.3183089586,562.6148805242,485.8946695436,409.174458563,233.3573083992,869.4957244465,0,505.0747222888,102.2936146407,1278.6701830096,1985.1354591225,79.9168864381044,2509.3902341564,44.7534564053384,3842.403899944,1122.0330855909,553.0248541516,0,8109.9656357388,0,3308.5590985375,492.2880204587,134.260369216,1221.1300247742,1112.4430592184,3.19667545752417,1080.4763046431,1029.3294973227,105.4902900982,4139.6947174938,971.7893390873,1019.7394709502,505.0747222888,0,792.7755134659,2704.3874370654,738.432030688,15.9833772876209,86.3102373531527,38.3601054902901,10366.8185087508,358.0276512427,7969.3119156077,108.6869655558,1051.7062255254,102.2936146407,147.0470710461,2045.8722928154,405.9777831055,636.1384160473,933.429233597,3938.3041636697,693.6785742827,3931.9108127547,102.2936146407,457.1245904259,396.3877567329,95.9002637257252,105.4902900982,54.343482777911,95.9002637257252,3653.8000479501,3295.7723967074,6297.4506513226,42272.8362502996,457.1245904259,1000.559418205,3142.3319747462,9.59002637257252,89.5069128106769,59976.0249340685,5012.3871173979,1090.0663310157,11274.6743386877,757.6120834332,36247.1030128666,3107.1685447134,847.1189962439,0,3976.66426916,4826.9799408615,2880.2045872292,11936.3861583952,367.6176776152,2052.2656437305,252.5373611444,298428.834012627,409.174458563,639.3350915048,3650.6033724926,645.7284424198,2790.6976744186,437.9445376808,4117.3179892911,684.0885479101,143.8503955885,2084.2323983057,990.9693918324,191.8005274514,3027.2516582753,824.7422680412,866.299048989,2534.9636378166,943.0192599696,19.1800527451451,386.7977303604,1406.5372013106,1857.2684408215,8474.3866378965,67.1301846080077,629.7450651322,1323.423639415,3656.9967234076,230.1606329417,194.9972029089,223.7672820266,4858.9466954367,137.4570446735,674.4985215376,4417.8054822984,41.5567809478143,6255.8938703748,1106.0497083033,492.2880204587,1543.9942459841,2848.237832654,1985.1354591225,1687.8446415727,1563.1742987293,1761.3681770958,3688.9634779828,466.7146167985,44.7534564053384,14103.7321185966,3148.7253256613,134.260369216,12.7867018300967,457.1245904259,3.19667545752417,2100.2157755933,332.4542475825,7975.7052665228,79.9168864381044,8125.9490130264,1333.0136657875,6351.7941341005,274.914089347,1054.9029009829,67.1301846080077,575.4015823543,374.0110285303,0
"p9061_mo7",308062.004051669,5914.0536964014,55.0071430704359,683.6602067325,37.7191838197274,1273.0224539158,0,474.6330630649,56.5787757295912,198.0257150535,205.8838783493,1306.026739758,4608.0269566433,0,8582.6859516471,245.1746948282,1692.6483739102,471.4897977465,553.2146960226,234.1732662141,402.3379607437,1304.4551070989,0,204.3122456901,152.448367938,964.9824527213,2149.9934777244,154.0200005972,2574.3342956963,40.8624491380381,3066.255318012,1076.5683715213,515.4955122029,0,6786.3098222326,0,2945.239603257,517.067144862,188.5959190986,1612.4951082933,198.0257150535,23.5744898873297,1150.4351065016,832.9653093523,150.8767352789,3322.4314414543,1717.7944964567,784.2446969184,432.1989812677,0,746.5255130987,1694.2200065694,785.8163295776,3.14326531831062,37.7191838197274,22.0028572281743,10718.5347354392,403.9095934029,5783.6081856915,92.7263268901633,997.9867385636,135.1604086873,157.1632659155,1065.5669429073,447.9153078592,2080.8416407216,639.6544922762,3944.7979744798,905.2604116734,3566.0345036233,119.4440820958,366.1904095831,447.9153078592,218.4569396225,144.5902046422,51.8638777521252,51.8638777521252,4337.7061392686,2762.930214795,7795.2979894103,40368.9564830633,210.5987763268,1166.1514330932,4468.1516499785,18.8595919098637,33.0042858422615,49603.8699882599,6141.9404319789,1001.1300038819,10110.3128963461,421.1975526536,38250.3956585219,3654.045932536,839.2518399889,14.1446939323978,3311.4300128402,3960.5143010713,3317.7165434768,12577.7761712199,513.9238795437,2712.637969702,235.7448988732,276322.882500028,518.6387775212,837.6802073297,4053.2406279615,658.514084186,2656.0591939724,501.3508182705,4318.8465473587,898.9738810368,209.0271436676,1205.4422495721,1180.2961270256,174.4512251662,3122.8340937416,1265.16429062,1145.7202085242,2481.6079688062,810.9624521241,23.5744898873297,157.1632659155,1271.4508212566,1766.5151088905,8309.2218689541,80.1532656169208,737.0957171438,1269.8791885974,3533.0302177811,99.0128575267846,314.326531831,232.6016335549,3746.7722594262,139.8753066648,583.0757165466,8500.961053371,47.1489797746593,5371.8404289928,1397.181433989,584.6473492057,1856.0981704624,3011.2481749415,2094.986334654,1557.4879652229,1752.3704149581,1661.2157207271,3127.548991719,471.4897977465,50.2922450929699,13019.4049484425,2748.7855208626,136.7320413465,18.8595919098637,902.1171463551,1.57163265915531,1940.9663340568,495.0642876339,6456.26696381,141.4469393239,7091.2065581087,1164.579800434,5813.4692062154,403.9095934029,1089.1414327946,99.0128575267846,759.098574372,229.4583682366,0
"p9061_mo8",325935.093745732,4836.0249479296,19.0996245968785,813.644007827,0,1149.797400732,3.81992491937571,756.3451340363,3.81992491937571,209.1408893358,159.4818653839,1781.0399936589,4391.0036948223,0,8574.7764627686,287.449350183,1880.3580415626,458.390990325,656.0721049027,219.6456828641,126.0575223393,1133.5627198247,0,144.2021657064,68.7586485487628,854.7082007103,2121.9682927132,98.3630666739245,2881.1783704391,201.501039497,3934.5226669569,1091.5435457116,338.0633553647,0,5600.9649130346,0,2777.0854163861,296.9991624814,134.6523534079,1561.3943107948,303.6840310903,15.2796996775028,1455.3913942821,1094.4084894011,122.23759742,1084.8586771027,1104.9132829294,772.5798149437,395.3622291553,0,445.0212531072,2283.3601205568,610.2330058702,0,32.4693618146935,29.6044181251618,8497.4229831512,467.9408026235,6285.6864548327,28.6494368953178,1010.3701411748,232.060438852,98.3630666739245,1072.4439211147,407.7769851433,631.2425929268,951.1613049245,4009.0112028848,964.5310421423,3474.2217141722,118.4176725006,271.2146692756,556.754056999,51.5689864115721,106.9578977425,22.9195495162543,53.4789488712599,3388.2734034862,2312.0095574521,7604.5155332471,30328.2938973834,128.9224660289,837.5185385731,2889.7732015077,3.81992491937571,35.3343055042253,54210.4644933203,6321.0207603369,721.0108285321,11832.2174377662,443.1112906475,40183.7001893727,2955.6669063669,748.7052841976,8.59483106859535,3256.4859937677,3422.6527277606,3524.8357193539,9193.6042997074,493.7252958293,2508.7356907999,148.0220906258,279715.912183746,308.4589372395,428.7865721999,3894.4134553035,806.9591392181,2411.3276053559,334.2434304453,3837.1145815129,527.1496388738,107.9128789723,1585.2688415409,765.8949463348,143.2471844765,2773.2654914667,831.788651194,683.7665605682,2665.3526124944,803.1392142987,26.73947443563,80.2184233068899,958.8011547633,1732.3359509368,9594.6964162419,51.5689864115721,588.2684375838,937.7915677067,3842.8444688919,60.1638174801674,112.6877851215,46.7940802623524,4283.09081585,62.0737799398553,572.9887379063,6059.3559033597,41.0641928832889,6203.5580690661,1290.1796415191,525.2396764141,1743.795725695,2869.718595681,2716.9215989059,1583.3588790812,1805.8695056348,1611.0533347467,1526.0600052905,419.2367599014,22.9195495162543,13987.610073524,3024.4255549157,83.0833669964217,13.369737217815,875.7177877668,0,1585.2688415409,448.8411780266,7381.0499254637,10.5047935282832,6600.8302606812,1303.5493787369,5885.5493195281,332.3334679856,1010.3701411748,37.2442679639132,954.9812298439,408.7319663732,0
"p9193_mo1",193543.203932114,4627.52940811,51.4169934234452,1734.7879343597,0,1998.8356193364,1.07118736298844,140.3255445514,228.698501998,851.5939535758,134.434014055,967.81778246,3876.0914729736,16.6034041263208,7286.2164430473,806.0684906488,1607.8522318456,266.1900597026,388.3054190833,320.820615215,1486.8080598279,611.1123905849,11.2474673113786,1259.1807451929,69.6271785942487,1514.1233375841,2410.7071604054,423.6546020619,7572.7590626467,617.5395147628,3780.7557976677,1362.0147320398,25.7084967117226,0,7594.718403588,21.9593409412631,3101.0874158515,112.4746731137,592.3666117326,784.644743389,341.7087687933,89.4441448095348,1174.5569435168,2854.1787286827,241.0171566723,4436.3224638166,1117.2484195969,1506.6250260432,318.1426468075,0,974.2449066379,6021.144167358,909.4380711771,844.0956420348,68.5559912312603,10.7118736298844,11949.095034136,1075.4721124403,7842.1626844383,428.4749451953,1474.4894051535,4.28474945195377,63.7356480978123,633.6073252076,50.881399741951,357.2409855566,1941.5270954165,3973.0339293241,676.9904134086,3984.816990317,225.484939909,814.1023958712,691.451442809,758.9362466773,13.3898420373555,57.3085239198816,60.5220860088469,10293.5749646374,6461.4021735462,5801.5507579453,100320.445699638,2042.2187075374,3652.213314109,4430.4309333201,1.07118736298844,751.9735288178,44594.6011085718,3402.0910648512,1078.6856745293,17376.8014023984,1169.2010067018,34365.2973857136,3012.7144584049,853.7363283017,6.96271785942487,7427.6131749618,3136.9721925116,2038.469551767,12701.0685629539,97.4780500319482,2087.2085767829,953.8923467412,265537.171004886,1575.1810172745,1659.8048189505,2928.0906567289,362.06132869,1638.9166653723,1585.8928909043,2490.5106189481,3358.1723829687,1434.3198790415,2672.6124706561,2829.0058256524,1482.523310376,2643.1548181739,1698.3675640181,2626.0158203661,1490.5572155984,493.2817806561,643.783605156,363.132516053,2499.080117852,2704.7480915458,9220.245226923,840.3464862644,527.0241825903,2131.1272586655,4175.4883409289,340.1019877488,9.10509258540175,1170.2721940648,7479.0301683852,275.8307459695,2161.1205048291,2653.8666918038,29.9932461636764,4376.8715651707,1878.8626346817,740.7260615065,922.292319533,4065.1560425411,3027.7110814868,2027.7576781371,1100.1094217891,1048.6924283656,8860.8618666403,1704.7946881961,5.35593681494221,14151.9918461217,5402.5334652322,482.5699070262,0.535593681494221,179.4238833005,5.35593681494221,239.4103756279,355.0986108306,7226.22995072,676.9904134086,10718.3007540623,7348.3453101007,7015.7416338927,58.9153049643643,1594.4623898082,6.96271785942487,23.5661219857457,416.156290521,365.8104844605
"p9193_mo2",185364.241886386,6193.1617569875,42.9417995476797,1767.7707480461,0,2623.0282557041,0,194.4309257297,168.188714895,832.5937801189,203.9735478514,2880.6790529901,4714.055328123,26.2422108346932,9462.7026614373,716.8894868932,2597.9788726346,285.0858358859,312.5208744858,450.8888952506,1390.8371742387,298.2069413033,2.38565553042665,799.1946026929,45.3274550781064,676.3333428759,2780.4815207122,459.2386896071,4502.9248136803,304.1710801293,4463.5614974282,1257.2404645348,29.8206941303331,0,7196.3299075319,2.38565553042665,3145.4868168675,233.7942419818,526.037044459,759.8312864408,1073.5449886919,59.6413882606663,731.2034200757,2547.8801064956,329.2204631988,683.4903094672,728.8177645453,1712.9006708463,342.3415686162,1.19282776521333,627.4274045022,4989.5985418873,607.1493324935,580.9071216588,357.8483295639,14.3139331825599,6753.7908066378,1168.971209909,7054.3834034716,706.1540370062,1464.7924956819,2.38565553042665,77.5338047388661,1826.2193085416,10.7354498869199,486.673728207,2077.9059670016,3430.5726527535,687.0687927628,4060.3857127861,219.4803087992,916.0917236838,472.3597950244,509.337455746,45.3274550781064,107.3544988691,35.7848329563998,4241.6955330985,6890.9659996373,6024.9730420925,106884.524729705,2466.7678184611,3197.9712385369,1061.6167110398,5.96413882606663,461.6243451375,52929.3464258108,2590.8219060433,1281.0970198391,13264.2447491721,461.6243451375,32325.6324372811,7847.6138673384,363.81246839,8.34979435649328,8757.7414521962,3512.8777685532,1210.7201816915,8677.8219919269,90.6549101562127,1698.5867376637,1004.3609783096,290321.156947506,1382.4873798822,1507.7342952296,3100.1593617894,421.0682011203,1221.4556315784,1524.4338839426,2687.4409550256,3746.672010535,1100.9800272918,3292.2046319887,2457.2251963394,1692.6225988377,2871.1364308684,1434.9718015516,2676.7055051387,1355.0523412823,781.3021862147,795.6161193972,737.1675589018,2175.7178437491,3974.5021136908,9300.4780853682,701.3827259454,518.8800778677,1878.7037302109,3763.371599248,139.5608485299,67.9911826171596,881.4997184926,6616.6156136383,264.8077638773,1433.7789737864,2717.2616491559,46.5202828433197,4041.3004685427,2173.3321882186,508.1446279808,679.9118261715,3528.384529501,1541.1334726556,1579.3039611424,876.7284074317,889.8495128491,8084.9865926159,955.4550399358,9.5426221217066,17244.711001689,4758.1899554359,511.7231112765,0,375.7407460421,53.6772494345996,242.1440363383,718.0823146584,6580.8307806819,640.5485099195,11263.8725869094,4207.1035279073,3608.3039897703,52.4844216693863,2249.6731651923,15.5067609477732,29.8206941303331,186.0811313732,331.6061187293
"p9193_mo4",198855.523743998,3389.5337510757,85.0774204526119,3992.4737308051,0,2051.7221396108,1.23300609351611,83.8444143590958,124.5336154451,811.3180095336,104.8055179488,1602.9079215709,4444.9869671255,11.097054841645,7267.3379151839,855.7062289001,1771.8297563826,225.6401151134,422.921090076,270.02833448,483.3383886583,525.2605958378,3.69901828054834,1144.2296547829,69.0483412369024,723.7745768939,2287.2263034723,543.7556872406,6303.1271500543,517.8625592767,6235.3118149109,1715.1114760809,18.4950914027417,0,7384.473494068,13.5630670286773,2842.0790455546,114.6695666969,325.5136086882,848.308192339,420.4550778889,17.2620853092256,855.7062289001,5440.022884593,210.8440419912,351.406736652,1321.7825322492,1834.7130671519,119.601591071,0,1220.6760325809,6734.679282785,274.960358854,252.7662491708,78.9123899850313,8.6310426546128,12130.3139480115,505.5324983416,10829.492519352,182.4849018403,1177.5208193078,8.6310426546128,77.6793838915152,1009.8319905896,175.0868652792,182.4849018403,891.4634056121,3922.1923834747,922.28855795,3939.4544687839,83.8444143590958,854.4732228066,515.3965470897,221.9410968329,34.5241706184512,72.7473595174507,66.5823290498702,21043.7149980395,4896.2671973524,7121.843196149,61852.5176751423,2023.3629994599,1868.0042316769,844.6091740585,3.69901828054834,1646.063134844,52418.7880536505,4918.4613070357,1445.0831416008,28229.6745110514,2118.3044686606,39216.9918103735,2326.6824984649,769.395802354,7.39803656109668,6206.9526747601,3643.5330063401,1951.848646036,14024.2113076522,172.6208530922,2740.9725458863,1520.2965133053,270052.994601899,397.0279621121,708.9785037717,2581.9147598227,432.7851388241,1768.1307381021,1052.9872038627,2020.8969872729,2006.1009141507,627.6001015997,3828.4839203675,2351.3426203352,1036.958124647,1639.8981043764,702.8134733041,2364.9056873639,979.0068382517,324.2806025947,260.1642857319,832.2791131233,1612.771970319,2537.5265404561,11682.7327360651,268.7953283865,574.5808395785,1219.4430264874,5338.9163849247,292.2224441633,14.7960731221934,319.3485782206,10055.1646926239,136.8636763802,2197.2168586457,2255.1681450409,49.3202437406446,8015.7726139482,1196.0159107106,620.2020650386,859.4052471807,2298.323358314,2491.905314996,1911.1594449499,863.1042654612,1369.8697698964,4812.4227829933,601.7069736358,4.93202437406446,15026.6452616808,8986.1484095454,308.251523379,1.23300609351611,55.4852742082251,0,344.0087000909,245.3682126097,7908.5010838123,149.1937373154,12642.0114768207,7922.064150841,6279.7000342775,44.3882193665801,1676.8882871819,12.3300609351611,23.4271157768062,263.8633040124,112.2035545099
"p9193_mo5",202567.029764931,4673.3826807994,116.7276176321,3003.1388117495,0,2281.3832283803,1.22227871866077,132.6172409746,64.780772089021,669.8087378261,100.8379942895,1220.4453005827,5051.0668048656,11.6116478272774,7819.5281026323,906.3196698869,2184.2120702468,222.4547267962,334.2932295537,155.2293972699,440.6314780772,616.028474205,3.05569679665193,2225.7695466812,122.8390112254,818.3156021433,2395.0551492157,495.6340204169,9443.9365197324,543.914029804,5739.8208628309,1925.70012125,40.9463370751359,0,9184.8134313763,18.945320139242,2709.1807799116,116.7276176321,328.7929753197,982.1009504439,452.2431259044,62.9473540110298,1027.9364023937,4271.8641217194,231.6218171862,387.4623538154,1375.0635584933,2008.2039347596,300.0694254312,6.72253295263426,1605.4630969609,5832.1029060898,431.4643876872,188.842062033,177.8415535651,4.88911487464309,10965.0623851058,581.1935307231,12787.479954629,322.0704423671,1177.0544060703,12.8339265459381,75.1701411976376,542.6917510853,170.5078812531,140.5620526459,1351.8402628388,4201.5830953964,804.8705362381,3724.8943951187,111.2273633981,842.7611765166,649.6411389682,124.061289944,61.1139359330387,51.9468455430829,62.9473540110298,15038.3062150428,4508.9861931395,6376.6280752532,57142.7523761098,2533.1726444244,1776.5821175734,1197.8331442875,9.77822974928619,2036.9274846481,51143.1972855634,4148.4139711346,1604.2408182422,29040.7312160206,1379.3415340086,39871.9540814331,2531.9503657057,1265.6696131732,4.27797551531271,5863.2710134157,3570.2761372081,1765.5816091054,13711.5226659365,202.2871279383,2488.5594711933,1968.4798764031,266498.929283842,336.737786991,738.8674854304,3193.2031525012,208.3985215316,1704.4676731724,1061.5490671568,2387.1103375444,1822.4175695232,469.3550279657,4031.6863535025,3121.0887081002,999.2128525051,2091.3188876285,641.0851879375,1975.2024093558,939.9323346501,421.6861579379,237.1220714201,727.2558376031,1694.6894434231,2842.4091602456,9815.5092502053,254.2339734814,517.6350373528,1264.4473344545,5024.7878124144,575.6932764892,22.6121562952243,300.6805647905,11593.3136464974,102.6714123675,2072.9847068486,2142.6545938123,49.5022881057613,6640.0291391246,1394.0088786326,811.5930691907,863.5399147338,4572.5446865099,2885.1889153987,2847.2982751202,969.2670238979,1238.7794813626,4787.0546016349,667.9753197481,6.72253295263426,14671.0114600852,8034.6491571165,213.8987757656,2.44455743732155,174.7858567684,0.611139359330387,221.8435874369,276.2349904173,7722.968083858,161.9519302225,12181.2297101732,9850.9553330465,6375.4057965345,34.2238041225017,1849.3077013337,10.3893691086166,65.3919114483514,520.0795947901,92.8931826182188
"p9193_mo6",196916.456130583,5096.6365000411,89.2918108904495,2950.1313990275,0,2361.8559390434,0,145.3180451746,105.0491892828,705.5803880166,105.0491892828,1075.0033703281,4522.367598628,15.7573783924323,7115.3317540938,840.393514263,1861.1214701283,276.6295317782,427.200036417,505.9869283792,565.5148023061,772.1115412291,3.50163964276272,838.6426944416,73.5344324980172,1017.2263162225,2150.0067406563,512.9902076647,8934.433548509,654.8066131966,5795.2136087723,1689.541127633,24.5114774993391,0,9072.7483143982,42.0196757131527,2944.8789395634,80.5377117835426,325.6524867769,1360.3870012133,465.7180724874,101.5475496401,936.688604439,4609.9085896971,227.6065767795,1517.9607851376,1805.0952358441,1549.4755419225,126.0590271394,0,1120.524685684,6397.4956273274,449.960694095,229.3573966009,126.0590271394,0,12070.1518486031,709.0820276594,10392.8664597197,255.6196939216,1250.0853524662,15.7573783924323,63.029513569729,628.5443158759,210.0983785657,204.8459191016,1008.4722171156,3583.9281743676,861.4033521196,3993.6200125708,168.0787028526,884.1640097975,735.3443249801,329.1541264196,52.5245946414408,70.0327928552545,54.2754144628222,17194.8014657863,5210.4397884309,6432.5120237551,67798.7467631718,2223.5411731543,2192.0264163694,2258.5575695819,10.5049189282882,1393.6525778195,48916.1549895738,4849.7709052263,1363.888640856,25196.0480494991,1696.5444069185,39213.1115394783,2873.0953268868,516.4918473075,1.75081982138136,6542.8136725021,3408.8461922295,1757.8231006668,13378.0142551749,173.3311623167,2388.1182363641,1528.4657040659,267675.839211711,639.0492348041,905.1738476541,3436.8593093716,463.967252666,1994.1837765533,1216.81977586,1735.0624429889,1918.8985242339,726.5902258732,3382.5838949087,3046.4264892035,1145.0361631834,2458.1510292194,688.0721898028,2102.734605479,1602.0001365639,402.6885589177,420.1967571315,446.4590544522,1978.4263981609,2934.3740206351,10286.0664506155,325.6524867769,448.2098742736,1481.1935688886,4914.5512386174,451.7115139163,19.259018035195,444.7082346308,8853.8958367255,180.3344416022,2311.0821642233,2722.524822248,26.2622973207204,6919.2399340991,1337.6263435353,618.0393969476,1043.4886135432,3330.0593002673,2708.5182636769,2470.4067679691,1073.2525505067,1425.1673346044,5888.0070593055,1071.5017306853,3.50163964276272,14393.4897515761,7423.4760426569,423.6983967742,0,108.5508289256,0,395.6852796321,183.836081245,7526.7744121184,332.6557660624,14109.8569405123,8726.0859897647,4790.2430312994,45.5213153559154,1616.0066951349,7.00327928552545,59.5278739269663,332.6557660624,154.0721442815
"p9193_mo7",233346.072394263,5499.8261549203,74.710282146254,1830.4019125832,0,2134.9899859487,0,192.5226501461,34.4816686828865,612.0496191212,77.5837545364945,1094.7929806816,4744.1029162871,0,8034.2288031125,393.6657174629,2051.6592866317,293.0941838045,1040.197005267,304.5880733654,241.3716807802,882.1560238038,0,824.686575999,37.355141073127,341.9432144386,2258.549298729,413.7800241946,5583.1568542373,344.8166868288,2807.382525265,1327.5442442911,48.8490306340892,0,7812.971429064,2.87347239024054,3065.9950403866,126.4327851705,272.9798770728,1428.1157779495,445.3882204872,143.673619512,1008.5888089744,3264.2646353132,270.1064046826,198.2695949265,1887.871360388,1066.0582567792,267.2329322923,0,712.6211527796,5086.0461307257,396.5391898531,97.6980612681783,60.3429201950513,43.1020858536081,10292.7781018416,428.1473861458,9100.2870598917,304.5880733654,893.6499133648,5.74694478048108,45.9755582438486,876.4090790233,114.9388956096,198.2695949265,1522.9403668274,3864.8203648735,749.9762938527,4178.0288554097,149.4205642925,356.3105763898,551.7066989261,158.0409814632,34.4816686828865,80.4572269267351,77.5837545364945,13580.0305162767,3982.6327328733,6157.8513322854,48642.1406219918,1031.5765880963,1132.1481217547,2879.219335021,2.87347239024054,948.2458887793,51254.1270247204,4910.764314921,686.7599012674,18393.0967699296,1008.5888089744,40754.4589107815,3586.0935430201,1520.0668944372,14.3673619512027,4451.0087324825,3574.5996534592,2249.9288815583,12516.8457318877,149.4205642925,2597.6190407774,626.4169810724,287453.557502493,186.7757053656,772.9640729747,3620.575211703,640.7843430236,1505.699532486,652.2782325846,2971.1704515087,1327.5442442911,393.6657174629,2841.8641939478,2879.219335021,827.5600483892,2224.0676300461,557.4536437066,1678.1078759004,1614.8914833151,476.9964167799,321.8289077069,468.3759996092,1462.5974466324,2951.056144777,11531.2447020352,175.2818158046,522.9719750237,1117.7807598035,5180.8707196036,281.6002942435,0,163.7879262437,9585.9038938424,37.355141073127,2183.8390165828,2841.8641939478,57.4694478048108,5511.3200444813,1744.197740876,959.7397783403,928.1315820476,5769.932559603,2364.8677771679,2991.2847582404,1014.3357537549,1988.4428940464,4272.8534442876,451.1351652677,5.74694478048108,14082.8881845688,5976.8225717003,169.5348710241,0,206.8900120973,5.74694478048108,333.3227972679,252.8655703411,7789.9836499421,114.9388956096,10097.3819793052,7327.3545951133,6792.8887305286,14.3673619512027,1525.8138392177,8.62041717072161,37.355141073127,531.5923921944,57.4694478048108
"p9216_mo1",218079.340992846,5796.4731053073,274.507771044,2822.835276487,0,959.0099812439,1.17814494010311,898.9245892986,24.7410437421653,338.1275978095,432.3791930178,1112.1688234573,5470.1269568987,3.53443482030933,9229.5874607677,990.8198946267,2377.496489128,486.5738602625,517.2056287052,182.6124657159,58.9072470051556,1295.9594341134,0,4090.519232038,136.6648130519,6731.9201877491,2828.7260011875,500.7115995438,4148.248334103,183.790610656,5055.4199379824,1445.5838415065,53.01652230464,0,7885.3240841101,47.1257976041245,4017.4742457516,425.3103233772,109.5674794295,1869.7160199436,263.904466583,0,1550.4387411756,1146.3350267203,195.5720600571,186.1469005362,1691.816133988,821.1670232518,2019.3404273367,3.53443482030933,660.9393113978,4614.7937303838,3897.303461861,693.9273697207,173.1873061951,302.7832496064,6251.2370521871,307.4958293669,3337.6846153121,29.4536235025778,928.3782128012,30.6317684426809,413.5288739761,1455.0090010273,1714.20088785,28.2754785624747,8262.3304649431,6059.1994269503,514.849338825,4713.7579053525,90.7171603879396,1167.5416356421,804.6729940904,2.35628988020622,22.3847538619591,51.8383773645369,313.3865540674,3833.6836350955,4267.2409730534,5404.1508402529,49537.4602965155,240.341567781,1347.7978114779,453.5858019396,4.71257976041244,130.7740883514,53183.8188861346,2750.9684351407,894.2120095382,13031.4611824805,903.637169059,36349.3058370012,1539.8354367147,865.9365309757,4.71257976041244,5000.0471257976,2834.616725888,3257.5707593851,11795.5871403123,84.826435687424,2194.884023412,671.5426158587,301754.72907379,1326.5912025561,665.6518911582,5163.8092724719,946.0503869027,7167.8338155873,689.2147899603,3821.9021856944,1184.0356648036,558.4407016088,4630.1096146052,1264.1495207306,666.8300360983,8622.8428166146,386.4315403538,2425.8004316723,1592.8519590194,531.3433679865,298.070669846,550.1936870281,1475.037465009,1257.08065109,8952.7233998435,64.7979717056711,726.9154280436,1057.9741562125,2716.8022318777,1120.415838038,0,3.53443482030933,10731.7222593992,14.1377392812373,1274.7528251915,2773.3531890027,91.8953053280427,3489.6653125854,2067.6443698809,616.1698036739,2382.2090688884,1370.1825653399,3076.1364386092,884.7868500174,1548.0824512954,2514.16130218,3686.4155175826,537.234092687,8.24701458072178,16893.4202961385,4044.5715793739,182.6124657159,14.1377392812373,647.9797170567,9.42515952082489,222.6693936794,821.1670232518,7161.9430908868,21.206608921856,16682.53235186,2065.2880800007,5328.7495640863,34.1662032629902,487.7520052026,0,34.1662032629902,464.1891064006,10.603304460928
"p9216_mo3",219818.816240328,4753.7176742365,178.2115534248,2162.7029195281,0,827.0224292832,1.20821392152409,862.6647399681,25.3724923520059,279.7015228328,347.3615024381,987.7148808459,6451.2582339778,1.81232088228613,8940.1789123175,1030.0023680992,1757.9512558175,308.0945499886,424.0830864549,161.9006654842,306.2822291063,851.1867077137,3.02053480381022,1786.9483899341,99.0735415649753,5598.2592053818,2685.2554405872,189.6895856792,2669.5486596074,137.1322800929,8893.058569378,1746.473223563,110.5515738194,0,7520.5275545266,0,3726.1317339802,259.7659931276,113.5721086232,1698.1446667021,141.3610288183,0,1360.4488756361,2472.609790399,161.2965585234,645.7903410546,1305.4751422067,881.3920557518,1767.6169671897,9.66571137219271,662.7053359559,6491.7334003489,3485.0930566362,165.5253072488,124.4460339169,243.4551051871,6145.5801118322,183.0444091108,4930.7210137398,37.4546315672468,737.0104921296,7.85339048990658,306.2822291063,1401.5281489679,1139.9498349579,30.2053480381022,7704.7801775591,5427.9010424469,342.528646752,4585.1718321839,83.3667605851622,1139.9498349579,999.7970200611,30.8094549988643,19.3314227443854,61.0148030369665,135.3199592106,3100.8810295915,4168.9421362188,5573.4908199906,46313.8601468221,177.0033395032,1303.0587143637,677.2039030142,7.24928352914454,299.6370525379,52979.5763518705,2996.9746323405,787.7554768337,15323.1730597292,747.8844174234,46942.7354929754,2930.5228666566,1078.3309249602,1.81232088228613,5954.0782052707,3088.1947834155,2652.6336647061,9034.4195981963,129.8829965638,1376.7597635766,292.9918759695,304587.709081419,799.2335090881,774.4651236969,5612.1536654793,562.4235804694,6435.551452998,419.8543377296,3040.4703335153,969.591672023,445.8309370423,8170.5466443066,1406.9651116148,453.0802205715,7512.6741640367,254.3290304808,1922.8724561055,1588.8013068041,523.7607349806,434.3529047879,473.6198572374,1295.8094308345,996.7764852573,8563.2161688019,56.7860543116322,497.7841356679,1022.1489776093,2465.9646138306,526.7812697845,3.02053480381022,0,7296.4038720839,2.41642784304818,897.7029436923,1987.5119009071,42.2874872533431,4301.2415606257,1670.9598534678,560.6112595871,2372.9321418733,1754.3266140529,2754.1236341141,1576.1150606281,1321.7860301473,1643.1709332727,3240.4297375276,688.0778283079,6.64517656838249,15188.4572074793,5218.8800340233,181.8361951893,9.06160441143067,401.7311289067,9.66571137219271,204.1881527375,570.8810779201,5833.2568131183,10.8739252937168,19415.3936119313,2578.3285085324,4667.3303788475,33.8299898026745,291.783662048,3.02053480381022,19.9355297051475,401.1270219459,5.4369626468584
"p9216_mo4",223989.276267472,5721.6128589255,545.5907904871,4683.4229963159,0,1627.0696624651,2.98544892195439,1747.2339815738,118.6715946476,130.6133903355,303.0230655783,1991.2944309435,4489.3688163889,33.5863003719869,9211.6026486902,1550.1943527248,3281.7547274583,550.8153261005,192.561455466,238.8359137563,63.4407895915309,1924.86819243,1.4927244609772,3557.9087527391,26.1226780671009,12650.0934445512,2165.9431928779,515.7363012676,1812.1674956263,61.2017029000651,3981.0961374261,1268.0694296001,376.9129263967,0,8911.5650320338,46.2744582902931,2911.559061136,1854.7101427641,107.4761611903,872.4974474411,201.5178022319,11.9417956878176,2286.1075119865,2142.0596015022,311.9794123442,81.3534831232572,1309.8657145074,831.4475247642,4309.4955188411,0,653.0669516775,7400.9278775249,8254.7662692039,607.5388556177,332.8775547979,435.8755426053,8967.5421993205,369.4493040918,5753.7064348366,8.95634676586318,1077.7470608255,20.1517802231922,459.0127717504,1500.188083282,4037.8196669433,44.0353715988273,15802.727506135,2528.6752368953,203.7568889233,3638.5158736319,177.6342108562,811.2957445411,610.5243045396,0,166.4387773989,95.5343655025406,603.8070444652,3027.2452068617,3367.5863839645,6472.4532627971,50947.4322153822,247.0458982917,1248.6640116074,746.3622304885,3.73181115244299,58.9626162085993,44355.5609957069,2504.0452832892,420.201935765,18619.498563999,628.4369980714,19430.7943085401,1591.9906376321,1218.0631601573,0.746362230488599,6141.0684324601,2278.6438896816,2838.4155625481,9251.1598469061,128.374303644,1797.986613247,323.921208032,265493.733542713,208.9814245368,1036.6971381486,3545.9669570513,654.5596761385,13588.2707682754,814.281193463,4965.5479194406,1338.9738414965,20.8981424536808,6406.7733865141,1599.454259937,685.906889819,12353.7876390472,254.5095205966,2083.8433475241,1257.6203583732,1861.4274028385,97.7734521940064,675.4578185921,1641.9969070749,1566.6143217955,7548.7075991616,120.1643191086,379.1520130882,2083.8433475241,3607.9150221818,1036.6971381486,18.659055762215,0,14642.8805999558,7.46362230488599,3892.279031998,2611.5214444796,26.1226780671009,3292.9501609156,5192.4420375091,513.4972145761,3694.4930409185,462.7445829029,2149.5232238071,470.2082052078,1848.7392449202,2329.3965213549,3466.106198389,334.3702792588,16.4199690707492,14242.0840821834,4422.9425778754,196.2932666185,1.4927244609772,426.9191958394,19.4054179927036,395.5719821589,1100.1379277401,6024.6359245039,142.5551860233,25977.8837943861,3168.3076684241,3928.8507812919,74.6362230488598,628.4369980714,0.746362230488599,35.0790248329641,98.519814424495,0.746362230488599
"p9216_mo5",214217.839945883,4626.3035834368,328.7373388662,4610.3163572305,1.99840327578265,1879.4982808735,0,1671.6643401921,1001.2000411671,400.6798567944,206.8347390435,2297.1645655121,4860.1167667034,5.99520982734795,10107.9237689086,1663.670727089,3002.6009218634,448.6415354132,611.5114023894,957.2351690998,52.9576868082402,1566.7481682135,1.99840327578265,5165.8724678981,50.9592835324576,12243.2176690824,2005.3976872478,553.5577073917,1046.1641148722,45.9632753430009,4124.7043612153,1100.1210033183,385.691832226,0,7201.2462042827,2.99760491367397,2898.6839515227,1022.1832755628,92.9257523238932,785.3724873825,170.8634800794,10.9912180168046,2269.1869196511,1799.5621498422,569.544933598,121.9025998227,952.2391609104,955.2367658241,4021.7865925125,0,421.6630911901,4984.0177698019,7400.0873302231,620.5042171305,240.8075947318,244.8044012833,8555.1644236255,444.6447288616,5547.5674935726,53.9568884461315,966.2279838409,22.9816376715005,344.7245650725,1316.9477587407,3159.4755790123,23.9808393093918,13214.4416611127,3185.4548215975,276.7788536958,4090.731505527,191.8467144751,816.3477381572,289.7684749884,1.99840327578265,153.8770522352,96.9225588754585,475.6199796362,4280.5798167264,4463.4337164605,5041.9714647996,56447.8981293946,122.9018014606,1640.6890894175,1266.9876768462,5.99520982734795,61.9505015492621,47404.1241048402,2283.1757425816,1133.0946573687,17674.8777726596,475.6199796362,27213.2566079702,5903.2832766619,845.324585656,0.999201637891325,5972.2281896764,2923.66399247,2954.6392432446,8433.2618238027,137.889826029,1711.6324057078,619.5050154926,279928.33725853,386.6910338639,1195.045158918,3344.3278820222,759.3932447974,12248.2136772718,755.3964382458,4146.6867972489,1527.7793043358,21.9824360336091,4869.1095814444,1575.7409829546,832.3349643634,12163.281538051,576.5393450632,2006.3968888857,2450.0424161095,1160.0731015918,57.9536949976968,500.6000205835,1693.6467762257,2206.237216464,5963.2353749354,95.9233572375672,516.5872467898,2076.3410035381,3995.8073499274,1343.9262029638,24.9800409472831,0.999201637891325,9707.2439121142,17.9856294820438,2140.2899083632,1753.5988744992,49.9600818945662,4094.7283120786,2879.6991204027,833.3341660013,3437.2536343461,717.4267760059,2341.1294375793,1178.0587310738,1922.4639513029,1984.4144528521,4477.422539391,450.6399386889,5.99520982734795,15541.5822757616,3926.8624369129,202.8379324919,12.9896212925872,268.7852405927,22.9816376715005,666.4674924735,657.4746777324,5813.3551292517,72.9417195660667,17667.8833611944,2866.7094991102,3712.0340847662,72.9417195660667,1452.8391814939,6.99441146523927,12.9896212925872,270.7836438685,56.9544933598055
"p9216_mo6",202784.37713844,4571.2717498634,259.1911979027,3495.0453225854,0,1919.2704619791,2.69056606819509,1173.086805733,132.7345926976,323.7647835394,222.4201283041,2584.7371361794,4319.2553948091,3.58742142426012,9696.800109775,3168.5899729777,2810.7446859078,422.4188727066,547.9786225557,671.7446616927,66.3672963488122,1411.6503304463,0,2809.8478305517,17.9371071213006,10699.4843978557,2165.905684897,616.1396296166,1792.8138567739,69.9547177730723,10225.9447698534,2043.9333564722,635.8704474501,2.69056606819509,6574.8466153127,2.69056606819509,2742.5836788468,1701.3346104553,100.4477998792,950.6666774289,199.1018890464,8.07169820458526,1811.6478192513,2271.7346169127,332.7333371001,162.3308194477,743.4930901779,1731.8276925615,3336.3019245619,0,1445.7308339768,6029.5585588251,5912.0705071806,677.125793829,461.8805083734,439.4591244718,11415.1749719956,434.9748476915,7795.4667549172,9.86540891671532,1173.086805733,27.8025160380159,305.8276764181,1241.247812794,3027.7836820755,2315.6805293599,11377.5070470409,2898.6365108021,367.7106959866,3900.4239435268,137.2188694779,891.4742239286,446.6339673203,3.58742142426012,130.9408819854,107.6226427278,388.3383691761,5159.6088634421,3724.640293738,5073.5107492598,57594.257255784,248.42893363,1469.0490732345,563.2251636088,6.27798749245521,152.465410531,48464.269731042,2052.9019100328,804.4792543903,20573.8618681317,689.681768814,24773.8355005843,3851.0968989432,773.9861722841,0,6419.6906387134,2278.9094597612,2841.237768014,9820.566148912,173.9899390766,1934.5170030322,412.5534637899,269693.374122315,269.9534621755,1188.3333467861,4168.5836949902,711.2062973595,10155.0931967243,1032.2805148308,3704.0126205485,1271.7408949002,27.8025160380159,6319.2428388341,1904.9207762821,722.8654169884,9674.3787258734,1208.9610199756,1340.7987573172,1385.6415251204,1060.9798862249,57.3987427881619,882.5056703679,1473.5333500148,2421.5094613755,6564.0843510399,76.2327052655275,301.3433996378,2434.0654363604,3637.6453241997,791.9232794054,26.9056606819509,0,16513.7976712253,5.38113213639018,1973.9786386991,2296.8465668825,165.918240872,2440.3434238529,2743.4805342029,940.8012685122,2776.6641823773,457.3962315931,1944.3824119489,619.7270510409,1141.6968682707,1339.9019019611,4863.6465959406,1158.737120036,15.2465410531055,15467.1674706974,5963.1912624763,210.7610086752,0,294.1685567893,18.8339624773656,525.5572386541,874.4339721634,6289.646612084,67.2641517048772,23024.9675562574,9190.0768335983,3207.1547532885,162.3308194477,990.1283130957,3.58742142426012,14.3496856970405,217.0389961677,16.1433964091705
"p9216_mo7",217158.400710454,4390.2589668535,301.3086477251,4239.1873179941,1.66929998739679,1137.6279414109,2.50394998109518,1389.6922395078,25.0394998109518,174.4418486829,190.3001985632,1897.1594356764,5079.6798616484,10.0157999243807,9441.5607287162,2311.1458325508,2460.5481814228,495.7820962568,128.5360990295,295.4660977692,334.694647473,1701.851337151,0.834649993698393,4474.558616217,35.8899497290309,13017.2013017201,2291.9488826957,511.6404461371,1695.1741372014,55.9215495777923,7541.0626930649,1646.7644375669,177.7804486577,0,7127.9109461842,1.66929998739679,2716.7857294882,1058.3361920095,97.6540492627119,1246.9670905853,361.4034472714,10.8504499180791,1944.7344853172,1553.2836382727,397.2933970004,138.5518989539,863.0280934841,1259.4868404908,4083.1077691725,0,872.2092434148,6183.9218033113,7821.5050909476,631.8300452296,271.2612479519,748.6810443474,11115.0339660814,326.348147536,7181.3285457809,10.8504499180791,956.5088927783,28.3780997857453,238.7098981977,1211.0771408563,3647.4204724619,1200.2266909382,12870.3029028292,3245.953825493,363.9073972524,3646.5858224682,146.0637488972,930.6347429737,594.2707955132,0,84.2996493635376,62.5987495273794,406.4745469311,2848.6604284926,3991.2962698657,5891.7943055169,51084.7528643101,176.1111486703,1181.8643910769,1317.9123400497,0,111.0084491618,47808.7516390439,3218.410375701,897.2487432257,19041.7049562351,339.7025474352,26883.2416470315,5045.4592119067,1082.5410418268,5.00789996219036,6125.4963037525,2747.6677792551,3138.2839763059,11549.0519628046,210.3317984119,2176.7671835654,342.2064974163,260673.712781913,267.0879979834,943.1544928791,4894.3875630473,495.7820962568,12307.7488070764,938.1465929169,4028.0208695884,1215.2503908248,53.4175995966971,6076.2519541242,2043.2231845736,662.7120949965,11462.24836346,625.9874952737,1761.1114867036,3412.8838242327,1130.1160914676,49.2443496282052,388.9468970634,1463.9760889469,1237.7859406547,6853.3110982575,148.5676988783,349.7183473596,2041.5538845862,3904.492670521,1325.424189993,19.196949855063,0,13098.9970011025,9.18114993068232,2222.6729332188,2144.2158338111,156.0795488215,2628.3128301562,3206.7252757892,484.9316463387,3393.6868743776,488.2702463135,2487.2569812212,1117.5963415621,1766.9540366594,1872.9545858591,3437.9233240436,894.7447932446,20.0315998487614,15380.9300838739,4635.6460650008,171.9378987018,3.33859997479357,344.7104473974,19.196949855063,514.1443961182,786.2402940638,6037.8580544141,70.110599470665,21879.5149348096,6717.2631492846,2980.5351274969,41.7324996849196,434.0179967231,10.8504499180791,19.196949855063,248.7256981221,11.6850999117775
"p9216_mo8",197523.712513235,4612.260396377,190.5035904095,4372.5109798753,2.59188558380279,1118.3986294109,0,1365.923702664,92.011938224999,276.0358146749,94.6038238088018,2484.3223320749,5352.2437305527,5.18377116760558,9233.5923922974,2654.090837814,2520.6087302482,320.0978695996,263.0763867559,510.6014600091,292.8830709697,1179.3079406302,0,5769.537309545,42.766112132746,13736.9935941547,2074.8044098341,565.031057269,877.3532701172,68.6849679707739,7476.2939664791,1698.9810001827,152.9212494443,0,6208.8619159995,20.7350846704223,2510.241187913,396.5584943218,125.7064508144,1279.0955356066,333.0572975186,11.6634851271125,1629.00008942,2573.7423847161,559.8472861014,138.6658787334,375.8234096514,1656.2148880499,4040.7496251485,0,1017.3150916425,6224.4132295023,8397.709291521,520.9690023443,200.8711327447,831.9952724006,7687.532641559,425.0692357436,10484.1771864822,2.59188558380279,1010.835377683,59.6133684274641,161.9928489876,1006.9475493073,2927.5347669052,409.5179222408,9300.9814174763,3991.5037990562,199.5751899528,4001.8713413915,93.3078810169004,958.997666007,335.6491831024,0,129.5942791901,86.8281670573934,368.0477528999,3014.3629339626,4124.9859066221,4115.9143070788,56267.2441387747,159.4009634038,1387.9547301263,777.5656751408,1.29594279190139,165.8806773633,48670.4274926487,2462.2913046126,1575.866434952,24796.5693802412,323.9856979753,29827.4192984024,10670.792948516,995.2840641802,2.59188558380279,6812.7712570256,2739.6230620795,2138.3056066373,9010.6902320903,182.727933658,1648.4392312985,676.4821373725,266300.692422234,312.3222128482,987.5084074288,4285.6828128179,877.3532701172,11734.7619806671,833.2912151925,3477.0145106714,1168.940398295,40.1742265489432,10643.5781498861,2556.8951284214,821.6277300654,11182.6903513171,501.5298604658,1831.1671649566,4740.5587327753,644.0835675749,58.3174256355627,288.995242594,1670.4702587608,1075.6325172781,5703.444227158,121.8186224387,274.739871883,2433.7805631908,2524.4965586239,1536.988151195,25.9188558380279,0,13705.8909671491,5.18377116760558,918.823439458,1985.3843571929,119.2267368549,4022.6064260619,1848.0144212513,559.8472861014,3010.4751055869,545.5919153904,3282.6230918862,1711.9404281017,991.3962358045,1194.859254133,4100.362993576,1082.1122312376,9.07159954330976,15658.8767545445,6836.0982272798,307.1384416806,1.29594279190139,204.7589611204,5.18377116760558,653.1551671183,335.6491831024,4893.4799822196,34.9904553813376,20027.4999060441,7079.7354721573,3255.4082932563,47.9498833003516,423.7732929517,0,32.3985697975349,246.2291304612,36.286398173239
"p9220_mo1",200123.643619941,3444.3579840838,54.8996768079896,2040.8358117752,4.77388493982518,17193.1466107803,0,859.2992891685,11.934712349563,200.5031674726,140.8296057248,861.6862316384,13152.0530092183,2.38694246991259,8378.1680693931,1105.1543635695,1358.1702653802,186.1815126531,169.4729153637,241.0811894611,138.4426632549,451.1321268134,0,482.1623789223,33.4171945787763,4513.7082106047,2090.9616036434,3310.6892057687,3136.4424054651,257.7897867505,6217.9851341222,833.0429219994,9.54776987965036,0,5988.8386570106,9.54776987965036,3272.4981262501,164.6990304239,155.1512605443,852.1384617587,336.5588882576,126.5079509053,1043.0938593518,1487.0651587555,183.7945701832,422.4888171745,1539.5778930936,792.4649000109,1169.6018102571,4.77388493982518,1830.7848744229,7817.2365889637,2398.8771822621,393.8455075355,69.2213316274651,661.1830641657,7361.3305772104,453.5190692833,11576.670979076,69.2213316274651,594.3486750082,0,50.1257918681644,358.0413704868,436.810471994,940.4553331455,3854.9120889088,3542.2226253502,1081.2849388704,4045.8674865018,35.8041370486889,918.9728509163,661.1830641657,38.1910795186014,11.934712349563,62.0605042177273,241.0811894611,4079.2846810806,2983.6780873907,4730.9199753667,43241.8497849364,432.0365870541,1112.3151909792,1744.8549455061,4.77388493982518,1744.8549455061,47006.0580599886,2850.0093090756,704.1480286242,23406.3578599628,718.4696834436,43263.3322671656,2406.0380096718,472.6146090426,9.54776987965036,4542.3515202436,3745.1127352928,1143.3454430881,13860.9749227824,147.9904331345,2642.3453141932,591.9617325383,252505.096122173,1976.3883650876,358.0413704868,4134.1843578886,482.1623789223,5704.792503091,637.3136394666,2432.2943768409,532.2881707905,12233.080158302,3399.0060771555,1871.3628964114,582.4139626586,4673.6333560888,947.6161605552,12908.5848772872,3124.5076931155,739.9521656729,5759.692179899,625.378927117,1439.3263093572,28356.8765425615,12512.3524272817,35.8041370486889,737.5652232029,725.6305108534,3086.3166135969,193.3423400629,0,14.3216548194755,5189.2129295899,31.0302521088637,761.4346479021,1303.2705885722,9.54776987965036,4038.7066590921,1086.0588238102,728.0174533233,1694.7291536379,2172.1176476204,1692.342211168,2997.9997422102,1245.9839692943,1670.8597289388,2983.6780873907,952.3900454951,0,13569.767941453,3702.1477708344,88.3168713867658,0,1183.9234650766,7.16082740973777,64.4474466876399,532.2881707905,5602.1539768848,45.3519069283392,7707.4372353477,4931.4231428394,9392.618619106,88.3168713867658,16011.6100881736,0,23.8694246991259,114.5732385558,4.77388493982518
"p9220_mo2",195226.455644556,3534.3971248609,78.1287785495578,2683.6615362102,3.72041802616942,14617.5224248196,0,858.176424703,49.6055736822589,204.6229914393,141.3758849944,1003.2727277236,12438.5976008264,11.1612540785083,7971.615690739,1150.8493094284,1552.6544562547,238.1067536748,169.8990898617,574.1845153721,287.7123273571,518.3782449796,0,607.6682776076,23.562647499073,4741.0527046818,2160.3227338623,2784.1128229167,3296.2903711861,306.3144174879,5583.1073179382,973.5093835143,6.20069671028237,0,7030.3499301181,3.72041802616942,3334.7346907898,83.0893359177837,202.1427127552,1271.1428256078,365.8411059066,150.0568603888,1253.780874819,1202.9351617947,177.339925914,540.7007531366,1757.277447694,878.0186541759,1335.6300713948,0,1057.8388587741,7511.523994836,3122.6708632982,462.571974587,204.6229914393,700.6787282619,8184.9196575727,473.7332286655,9678.0474254087,104.1717047327,714.3202610245,4.96055736822589,75.6484998654449,626.2703677385,425.3677943253,668.4351053684,3390.5409611823,3716.6976081432,906.5418590432,4158.1872139153,69.4478031551625,1107.4444324564,787.4884822058,101.6914260486,23.562647499073,90.5301719701226,158.7378357832,4091.2196894443,3787.3855506404,4724.9308932351,49730.8277558066,478.6937860337,1237.6590633723,1718.8331280902,7.44083605233884,613.8689743179,48902.4146753129,2797.7543556794,1128.5268012713,20392.8513407766,634.9513431329,39932.4868142184,4819.1814832314,493.5754581384,1.24013934205647,4325.6060250929,3574.0815838067,1524.1312513874,13532.4005005202,386.9234747216,2378.5872580643,683.3167774731,262908.30037663,1608.4607266472,570.4640973459,4460.7812133771,515.8979662954,6182.0946201515,618.8295316861,2140.4805043894,1147.1288914022,8999.6912053038,3944.8832470816,1624.5825380939,714.3202610245,5957.6293992392,755.2448593123,9575.115860018,3468.6697397319,843.2947525984,4308.2440743041,417.926958273,1441.0419154696,24587.0025956116,11169.9350539026,37.2041802616942,636.1914824749,917.7031131217,3030.900551986,183.5406226243,6.20069671028237,182.3004832823,4403.7348036425,80.6090572336708,818.4919657572,1408.7982925761,32.2436228934683,4294.6025415415,1066.5198341685,654.7935726058,2007.7855947894,2808.9156097579,1917.2554228193,2586.9306675298,1147.1288914022,1509.2495792827,3715.4574688011,1129.7669406134,18.6020901308471,15612.1141771489,2967.6534455411,166.1786718355,3.72041802616942,1246.3400387667,1.24013934205647,121.5336555215,724.2413757609,5707.1212521438,83.0893359177837,8816.1505826794,5038.6861467754,8822.3512793897,52.0858523663719,14079.3019503671,2.48027868411295,55.8062703925413,132.6949096,3.72041802616942
"p9220_mo3",198121.424571343,4920.6687241755,128.4534542147,1805.1090671236,0,19372.8091080259,0,908.1884569923,12.3946315470416,144.2284398201,120.5659614121,880.0188398399,14790.1757896788,21.4089090357991,7102.1238764548,1762.291249052,1370.1701782911,256.9069084295,90.1427748875751,179.158765089,141.9748704479,502.5459699982,0,949.8794903778,15.7749856053256,5951.6767119521,2601.7458401926,3831.0679327219,4260.372898124,392.1210707609,5729.7001287914,1808.4894211819,2.25356937218938,0,8083.5533380432,2.25356937218938,2766.2564043624,99.1570523763326,128.4534542147,1579.7521299047,430.4317500881,152.1159326227,1557.2164361828,1843.4197464509,362.8246689224,349.3032526893,1265.3792024843,1437.7772594568,1967.3660619213,0,2012.4374493651,7983.2695009808,3817.5465164888,1735.2484165858,76.6213586544388,788.7492802662,10885.8668523607,445.0799510074,11126.998775185,57.4660189908291,943.1187822612,3.38035405828406,67.6070811656813,318.8800661647,473.2495681597,819.1724667908,5308.282656192,4026.0016834163,738.043969392,3574.1610242923,65.3535117934919,760.5796631139,772.9742946609,52.9588802464503,12.3946315470416,80.0017127127229,440.572812263,3121.1935804822,3380.354058284,4734.7492509698,42406.5416611735,543.1102186976,960.0205525526,1703.6984453751,3.38035405828406,692.9725819482,44284.8917328934,3043.4454371417,1770.1787418547,27553.2659290734,526.2084484062,37315.7284493977,2046.2409899479,401.1353482497,1.12678468609469,4441.7852325852,3023.163312792,1237.2095853319,15463.9930319635,158.8766407393,2072.1570377281,1366.7898242328,238989.905135997,671.5636729124,487.897769079,5489.6949906533,339.1621905145,6517.3226243716,439.4460275769,2659.2118591834,916.0759497949,4045.1570230799,3124.5739345405,2238.9211712701,600.5762376884,6911.6972645048,1284.5345421479,4407.9816920024,4081.2141330349,590.4351755136,2123.9891332884,510.4334628008,1257.4917096816,32435.6239739217,10205.2889019595,38.3106793272194,575.7869745943,846.2152992571,2806.8206530618,379.7264392139,2.25356937218938,61.9731577352079,5233.9148669098,22.5356937218938,700.8600747508,1844.546531137,76.6213586544388,6988.3186231592,1552.7092974384,912.6955957366,2120.6087792302,3330.7755320958,2216.3854775482,3378.1004889118,1238.336370018,1149.3203798165,2966.8240784873,1074.9525905343,1.12678468609469,14342.8422692992,4748.270667203,82.2552820849122,2.25356937218938,1206.7863988074,9.0142774887575,185.9194732056,1248.4774321929,5971.9588363018,51.8320955603557,10388.954805793,6822.6812743033,6222.1050366148,47.3249568159769,18820.6846118395,2.25356937218938,22.5356937218938,132.9605929591,5.63392343047344
"p9220_mo4",192770.29144894,3714.5187137113,71.9157961010783,2493.3070818062,0,20326.3891621538,2.03535271984184,709.6596483181,23.0673308248742,254.4190899802,90.2339705796549,1019.0332617341,11454.2866563632,1.35690181322789,7378.8320603332,1487.8428382043,1451.8849401538,226.602602809,99.0538323656362,533.2624125985,139.7608867624,588.8953869409,1.35690181322789,566.5065070226,25.102683544716,3630.3908012912,2493.9855327128,4025.9276798471,4247.1026754033,288.3416353109,6807.5763969643,1276.1661553408,10.8552145058231,0,6730.2329936103,4.07070543968368,3011.6435744593,131.6194758831,118.0504577508,1401.0011221577,632.9946958708,52.2407198092739,1690.6996592819,2004.1439781375,395.5368785559,538.6900198514,1554.3310270525,1259.883333582,1280.2368607805,0,2011.6069381103,6964.2985563921,2401.0377585067,377.8971549839,131.6194758831,590.9307396607,8281.1717661298,554.9728416102,10191.011068248,107.8736941516,766.6495244737,10.8552145058231,97.0184796457944,429.4594238866,375.8618022641,579.3970742483,4406.5386384575,3825.784662396,739.5114882092,3716.5540664311,40.0286034902228,945.0821129132,848.742084174,63.095934315097,27.1380362645579,67.8450906613947,293.0907916572,4180.6144865551,3468.9194855171,4636.5334957997,44095.2382244668,523.0856489993,1164.9002066561,2929.551014759,8.8198617859813,1541.4404598268,46709.9880185569,3161.5812248209,1138.4406212982,22888.2197855281,480.3432418826,41183.3269332797,3099.1637414125,531.2270598787,12.212116319051,4859.065393169,3359.0104386456,1477.6660746051,16191.2308863418,249.6699336339,2477.7027109541,1090.2706069286,248722.137717393,1125.5500540725,510.1950817736,4584.2927759904,580.7539760615,4694.8802737685,547.5098816374,2540.7986452692,970.1847964579,6492.7751762954,2312.8391406469,1506.1610126829,551.5805870771,4668.4206884105,890.8060403841,7452.7832091542,3577.4716305753,794.4660116449,3154.7967157548,394.1799767427,1453.9202928736,32995.102941356,10367.4083039677,61.7390325018691,607.2135614194,908.445763956,2887.4870585489,194.0369592915,3.39225453306973,53.5976216225018,3857.6718550069,101.767635992,1143.1897776444,1276.8446062474,64.4528361283249,5481.204874534,1046.8497489053,811.4272843102,1850.1356223362,3054.3859815759,2466.8474964483,3201.6098283112,1099.7689196212,1361.6509695741,3572.0440233224,1137.7621703915,4.74915634629763,13792.2284805549,4980.5081054529,151.2945521749,2.71380362645579,677.7724557073,6.78450906613947,184.5386465989,854.1696914269,5636.5701321486,63.774385221711,11503.1351216394,7513.8437907494,7797.436269714,10.1767635992092,20156.0979845937,0.678450906613946,27.1380362645579,181.8248429725,3.39225453306973
"p9220_mo5",206524.513919141,4107.3499210662,123.1950965811,1707.585642818,0,14072.1821661762,1.27005254207367,859.1905447128,80.0133101506409,452.1387049782,169.5520143668,1050.3334522949,11948.654315829,6.35026271036833,7751.7656905466,1214.1702302224,1864.4371317641,211.4637482552,180.9824872454,291.4770584059,406.4168134635,643.2816125603,1.27005254207367,1320.8546437566,82.5534152347883,5842.2416935388,1844.7513173619,3095.1180450335,2164.8045579645,288.3019270507,4759.521901421,864.2707548811,4.44518389725783,0,6420.7506264534,0,2997.3239992938,103.509282179,236.8647990967,1201.4697048016,890.3068319936,144.1509635253,1660.5936987613,1478.9761852447,292.1120846769,429.2777592208,1249.7317014004,954.4444853683,1787.5989529686,0.635026271036833,1076.3695294074,6920.5163017594,3489.4693593473,1315.1394073172,147.3260948805,435.6280219312,12939.9303249175,499.7656753059,6347.7226052841,70.4879160850884,842.0448353948,3.17513135518416,191.7779338531,443.2483371837,460.3940465017,1306.8840657938,4776.667610739,3886.3607787454,1025.5674277244,3730.7793423413,92.7138355713776,984.9257463781,960.7947480787,85.0935203189356,5.7152364393315,109.2245186183,359.4248694068,5634.5881029098,3944.7831956808,5698.7257562845,52549.6939808399,530.2469363157,1456.1152394874,4186.7282049458,0.635026271036833,1194.4844158202,43887.3006176265,4488.3656836883,938.5688285924,20350.6869079173,570.253591391,41606.2862520622,2439.7709333235,676.3029786542,2.54010508414733,4088.2991329351,3913.6669084,1746.9572716223,14129.3345305695,474.3646244645,2712.8322298693,662.9674269624,250644.869178238,1280.2129624102,604.545010027,3851.4343338383,938.5688285924,5963.5317113068,689.638530346,3017.0098136959,1247.1915963163,5825.7310104919,2924.2959781246,1398.9628750941,689.638530346,5594.5814478344,1085.2598972019,6585.8574569229,4141.0063134311,585.4942218959,2877.3040340678,264.8059550223,1573.5950996292,23710.6109079732,11335.8539642785,53.9772330381308,608.9901939243,1054.1436099211,4105.4448422531,368.3152372013,4.44518389725783,254.6455346857,3355.4788161586,140.3408058991,1089.0700548281,1749.4973767064,5.08021016829466,4589.9698870542,1182.4189166705,662.3324006914,1885.3929987083,3429.7768898699,2399.7642782481,2602.3376587089,1398.3278488231,1322.1246962986,4339.7695362657,1081.4497395757,5.08021016829466,12805.9397817287,2953.5071865923,179.0774084323,1.9050788131105,2553.4406358391,3.17513135518416,88.9036779451566,1106.8507904171,6606.1782975961,0,9291.0693715399,3688.8676084529,7643.1761981993,31.7513135518416,14088.0578229521,1.9050788131105,40.6416813463573,218.4490372366,5.08021016829466
"p9220_mo6",248376.066301829,6183.1551613255,132.0212107606,1499.7997840094,2.42686049192462,12534.7344407906,0.970744196769849,1198.3837109123,0,162.1142808605,163.5703971557,570.3122156022,12342.0417177318,13.105046656393,7329.6040577107,1229.447525209,2469.0878644841,228.6102583392,88.3377219060562,111.6355826285,34.4614189853296,884.3479632573,14.5611629515477,476.6354006139,46.5957214449527,6118.1153001419,2297.7515137542,2689.4467971508,1439.1282717113,153.3775830896,5100.2900098287,1008.6032204438,3.8829767870794,0,7131.0868694713,0.970744196769849,3087.9372899248,106.2964895462,130.5650944655,1118.7826867772,785.8174272851,135.4188154493,1746.3688099889,1319.2413634102,275.2059797842,364.9998179854,2047.7848830859,464.9864702527,2552.0864933079,0.970744196769849,810.5714043028,7983.8856463336,4295.0576986081,1132.8584776304,69.4082100690442,941.6218708667,10890.2937714625,308.2112824744,4888.1824028345,100.4720243656,772.2270085304,12.619674558008,161.6289087621,282.48656126,232.9786072247,130.0797223671,4936.719612673,3736.8797854655,1165.8637803205,3848.0299959956,101.4427685624,809.1152880076,931.4290568006,21.8417444273216,12.1343024596231,52.4201866255718,352.3801434274,5098.3485214352,2219.6066059142,7533.9457111307,34012.9351664219,277.6328402761,858.6232420429,4170.3170693232,2.42686049192462,348.4971666403,39838.3710912378,4556.6732596376,757.6658455788,18343.6677142614,483.4306099913,38522.5273325162,1870.1386950771,991.129824902,2.91223259030955,3450.5102474184,3599.5194816225,3040.3708242831,11070.3668199633,86.3962335125165,2600.138331048,679.0355656405,249765.686619505,731.9411243644,436.349516448,4563.9538411134,281.0304449648,6830.1561684726,251.9081190617,3372.8507116768,557.2071689458,5884.6513208188,3307.8108504932,1516.7878074528,314.035747655,7233.5003822305,716.4092172161,6849.571052408,4594.0469112133,480.0330053026,3000.5703122156,298.5038405067,935.7974056861,21938.3334749001,11700.3798036669,30.0930700998653,555.2656805523,651.3693560325,4535.3168873087,240.2591887005,0.970744196769849,13.5904187547779,3980.0512067563,7.28058147577387,1508.5364817803,2482.6782832388,5.33909308223417,4184.3928601764,1938.5761609493,540.7045176008,2274.4536530317,3564.0873184404,2455.4974457293,2748.6621931538,2288.0440717865,1547.8516217495,2385.6038635619,1716.275739889,12.619674558008,12719.1758381769,2292.8977927703,56.3031634126512,2.91223259030955,850.8572884687,5.33909308223417,47.0810935433377,1848.2969506497,6864.1322153596,0,8366.8442319593,1596.388831588,7213.1147540983,43.6834888546432,13014.7674460933,0.485372098384924,45.6249772481829,233.9493514215,1.9414883935397
"p9220_mo7",213061.472576522,5505.1107285862,81.1963234304751,1234.1841161432,0,13975.0472098623,0,879.2401880042,16.239264686095,447.7397263451,162.3926468609,1032.3532550446,13260.5195636741,11.5994747757822,8119.6323430475,805.0035494392,2141.2630436093,229.6696005604,141.5135922645,111.3549578475,85.8361133407879,849.0815535872,0,733.0868058294,113.6748528026,5080.5699517925,1610.0070988785,2783.8739461877,668.129747085,30.1586344170336,5024.8924728688,684.3690117711,13.9193697309386,0,6138.4420513439,0,3391.6864244387,160.0727519057,169.3523317264,610.1323732061,1201.705586771,37.1183192825029,1491.6924561655,1343.2191790355,320.1455038115,243.5889702914,1598.4076241027,531.2559447308,1598.4076241027,0,457.0193061658,6767.1335841913,2707.3174126675,341.0245584079,53.3575839685979,672.7695369953,9755.1582864327,380.4627726456,5813.656757622,76.5565335201622,691.3286966366,0,74.2366385650058,424.5407767936,417.5810919281,111.3549578475,4788.2631874428,3243.2131473086,1141.3883179369,3795.3481466359,109.0350628923,410.6214070626,858.3611334078,20.8790545964079,2.31989495515643,57.9973738789108,169.3523317264,5999.2483540345,3410.2455840799,6446.9880803797,44929.4055965145,229.6696005604,1248.1034858741,7087.2790880028,4.63978991031286,257.5083400223,45258.8306801468,4739.5453933845,561.4145791478,19688.9484844126,508.0569951792,44446.867445842,2396.4514886765,452.3795162555,6.95968486546929,4885.6987755594,3830.1465709632,1730.6416365466,13311.5572526875,206.4706510089,2925.3875384522,334.0648735425,261087.93793817,1449.9343469727,431.500461659,3187.5356683849,345.6643483183,5523.6698882274,510.3768901344,3663.114134192,844.4417636769,7952.5999062762,2930.0273283625,795.7239696186,452.3795162555,5178.0055399091,568.3742640133,9161.2651779127,3779.1088819498,477.8983607622,3853.3455205148,255.1884450672,1111.2296835199,22969.2799510038,12993.7316438311,109.0350628923,635.6512177128,707.5679613227,4236.1281881156,215.7502308295,4.63978991031286,76.5565335201622,3113.2990298199,71.9167436098493,1473.1332965243,1419.7757125557,4.63978991031286,4579.4726414787,1027.7134651342,661.1700622195,1760.8002709637,5113.0484811647,1679.6039475332,3535.5199116584,1853.5960691699,1913.913338004,2976.4252274657,1408.1762377799,4.63978991031286,12044.8946071721,2475.3279171519,57.9973738789108,2.31989495515643,904.759032511,2.31989495515643,30.1586344170336,990.5951458517,6275.3158536981,0,10460.4063528003,1412.8160276902,8040.7559145721,18.5591596412514,12754.78246345,0,83.5162183856315,375.8229827353,0
"p9223_mo1",256892.536663487,4315.9520017506,39.7885459828489,1322.9691539297,0,2086.6881893227,0,475.2520770173,4.42094955364988,341.5183530194,254.2045993348,1540.7009194469,6982.8898199899,15.4733234377746,7924.5520749174,605.67008885,1723.065088535,375.7807120602,593.5124775774,111.6289762296,44.2094955364988,1089.7640649746,2.21047477682494,1885.5349846316,41.9990207596739,1791.5898066166,2119.8453109751,752.6666615088,1166.0254447751,59.6828189742734,2460.2584266061,725.0357267985,86.2085162961727,0,4585.6299245233,0,3483.7082482761,266.3622106074,132.6284866094,1210.2349403116,1804.8526552775,35.367596429199,1410.2829076143,1613.6465870822,305.0455192018,6586.1095975499,1275.4439462279,698.5100294766,431.0425814808,0,369.1492877297,4811.0983517594,937.2413053737,1565.016141992,60.7880563626859,72.945667635223,9201.1012585338,380.2016616138,7508.9828168743,885.2951481183,1996.0587234729,194.5217803605,142.5756231052,2586.2554888851,1174.8673438824,47.5252077017362,1328.4953408717,5239.9304584635,875.3480116226,4449.6857257486,49.7356824785612,417.7797328199,288.4669583756,40.8937833712614,58.5775815858609,34.2623590407866,46.4199703133238,6759.6318675306,2805.0924917908,6550.7420011207,38657.8881345029,1003.5555486785,911.8208454402,5612.3954583585,6.63142433047482,332.6764539121,58632.8434552815,4928.2535149312,389.0435607211,14694.1310789437,1348.3896138632,34646.9816519541,1180.3935308245,258.6255488885,14.3680860493621,5463.1884109228,4419.8443162614,2518.836008192,12489.1824890609,164.6803708734,2486.784123928,373.5702372834,302801.887303364,319.4136052512,438.7792431997,4563.525176755,633.3010235603,2479.0474622091,503.988249116,4349.109123403,981.4508009102,339.3078782426,1502.0176108525,2790.7244057414,121.5761127253,5005.62013212,428.832106704,820.086142202,1319.6534417644,495.1463500087,122.6813501137,176.8379821459,1416.9143319447,2977.5095243831,10223.4458428153,141.4703857167,626.6695992298,759.2980858393,3829.6475508492,507.3039612813,26.5256973218993,0,5519.5555177318,19.8942729914245,736.0881006827,3631.8100583233,29.8414094871367,4419.8443162614,1536.2799698933,689.6681303693,1337.337239979,1830.273115211,1649.0141835114,800.1918692106,1271.0229966743,2216.000963767,2748.7253849818,155.8384717661,11.0523738841247,16792.976879539,3824.1213639071,117.1551631717,25.4204599334868,557.0396437598,7.73666171888729,516.1458603886,417.7797328199,7949.9725348508,25.4204599334868,10324.0224451608,2193.8962159987,2634.8859339753,166.8908456502,1768.3798214599,9.94713649571223,116.0499257833,139.2599109399,25.4204599334868
"p9223_mo2",257056.575208832,4906.951826047,59.5266652806727,1556.577874205,0,2225.5865153445,3.55383076302523,549.0668528873,3.55383076302523,321.6216840537,286.0833764235,1143.4450480033,6533.7178578218,14.2153230521009,8003.2268783328,1067.926144289,1768.030804605,429.1250646352,651.2394873243,151.9262651193,55.9728345176474,1186.9794748504,0,1868.4265236605,104.8380075092,1522.8164819563,2264.6786537378,760.5197832874,2062.1103002453,150.1493497378,3407.2352440504,1189.6448479226,46.1997999193281,0,5154.8315217681,13.3268653613446,3225.9898751361,414.9097415831,162.5877574084,1268.7175824,1580.5662318554,32.8729345579834,1821.3382660504,1840.884335247,302.0756148571,7888.6158362252,1254.5022593479,1040.3839558756,531.2976990722,0,530.4092413815,5385.8305213647,1049.2685327832,2416.6049188571,93.2880575294124,56.8612922084037,8341.7292585109,241.6604918857,8882.7999921815,656.5702334689,1063.4838558353,227.4451688336,170.5838766252,1573.4585703294,1200.3063402117,46.1997999193281,1640.0928971361,5338.7422637546,860.9155023428,3988.286573805,76.4073614050425,870.6885369411,351.8292455394,57.7497498991601,48.865172991597,48.865172991597,94.1765152201687,7230.2686873748,3024.3099793344,6093.0428432067,36629.333674501,1483.724343563,863.5808754151,8984.9726266185,8.88457690756309,226.5567111428,52791.267527049,4756.8024763092,545.5130221243,17676.7542152875,1026.1686328235,34672.9498394556,1739.6001585008,249.6566111025,7.99611921680678,5528.8722095765,3923.4291623798,2552.5389455428,12786.6830853647,100.3957190554,2549.8735724706,818.2695331865,285782.189266365,275.4218841344,455.7787953579,5172.6006755832,468.2172030285,2823.5185412235,424.6827761815,4350.7773116336,834.2617716201,393.586757005,2085.210200205,2573.861930121,270.0911379899,4757.690934,419.3520300369,872.4654523226,1412.6477283025,657.4586911596,217.6721342352,211.4529304,1142.5565903126,3447.2158401344,9768.5923098656,110.1687536537,822.7118216403,843.1463485277,3681.7686704941,425.5712338722,3.55383076302523,0,7775.7817094992,20.4345268873951,822.7118216403,4813.6637685176,25.7652730319329,4220.1740310924,1893.3033390016,948.8728137277,1473.9513089647,2516.1121802218,2032.7911964504,1141.6681326218,1632.0967779193,2166.0598500638,2604.0694916067,227.4451688336,6.21920383529416,16188.5875832706,4513.365069042,124.3840767058,45.3113422285717,612.147348931,21.3229845781514,415.7981992739,490.4286452974,7287.1299795832,36.4267653210086,12501.488166632,3854.1294625008,2907.0335641546,265.6488495361,1829.3343852672,16.8806961243699,148.3724343563,227.4451688336,20.4345268873951
"p9223_mo3",253703.313031993,4110.3335045494,42.4218520692691,1373.5507778103,0,1757.6405195186,5.7326827120634,378.3570589961,2.29307308482536,405.873936014,271.7291605518,1333.4219988259,6043.3941150572,5.7326827120634,7932.8863369533,681.0427061931,1558.1431611388,474.6661285588,632.8881714117,126.1190196653,22.9307308482536,1186.6653213971,0,1407.9468740827,57.326827120634,1138.5107866157,2017.9043146463,810.6013354857,857.6093337246,51.5941444085706,2913.3493542706,910.3500146756,36.6891693572057,0,4043.8343850895,2.29307308482536,3639.1069856178,198.3508218373,144.4636043439,1230.2337100088,2158.928309363,18.3445846786029,1626.9353536835,1726.6840328734,270.5826240093,14064.5637657763,994.0471822717,741.809142941,419.632374523,0,415.0462283533,4590.7323158203,803.7221162312,1746.1751540945,152.4893601408,47.0079982389199,9320.1955532726,401.2877898444,7665.7433225711,722.3180217199,957.3580129145,247.6518931611,228.1607719401,2118.7995303786,1169.4672732609,56.1802905782213,1172.9068828881,4782.2039184032,804.8686527737,4489.837100088,66.4991194599354,382.9432051658,282.0479894335,32.103023187555,45.8614616965072,57.326827120634,41.2753155268565,5872.5601702377,2994.7534487819,6590.292045788,40877.4673466392,1229.0871734663,911.496551218,6649.9119459935,5.7326827120634,362.3055474024,55155.2869093043,4771.8850895215,457.4680804226,16573.1857205752,1066.2789844437,34407.5616378045,1311.6378045201,307.2717933665,2.29307308482536,4692.774068095,4390.0884208981,2465.0535661872,13360.5903287349,81.4040945113003,2525.8200029351,497.5968594071,303878.045201057,358.8659377751,465.4938362195,4354.5457880833,467.7869093043,2671.4301438215,515.9414440857,4214.668329909,1021.5640592896,321.0302318755,1765.6662753155,2130.2648958027,199.4973583798,4375.1834458467,253.3845758732,762.4468007044,1324.2497064866,506.7691517464,121.5328734957,175.4200909891,1451.5152626944,2686.3351188729,9721.4833431171,119.2398004109,671.8704138538,689.06846199,4298.3654975051,385.2362782506,4.58614616965072,0,6526.0859994129,11.4653654241268,661.5515849721,3025.709935427,17.1980481361902,3832.8716612855,1610.8838420898,728.050704432,1370.1111681831,2580.8537569709,1456.1014088641,1053.6670824772,1579.9273554446,2371.0375697094,3016.5376430877,121.5328734957,9.17229233930144,14968.0345611975,4158.4880393307,129.5586292926,33.2495597299677,416.1927648958,12.6119019665395,223.5746257704,360.0124743175,8134.6767684179,0,10611.1957000293,2072.9380686821,2839.9710155562,182.2993102436,1699.1671558555,12.6119019665395,214.4023334311,146.7566774288,9.17229233930144
"p9223_mo4",241631.640326049,3047.5953303611,18.2217956972266,1290.7105285535,0,2141.0609944241,0,432.7676478091,10.6293808233822,273.3269354583,138.1819507039,1709.8118295897,6239.4465433253,10.6293808233822,8817.8306344829,470.7297221783,1198.0830670926,347.732601222,327.99232255,132.1080188048,25.8142105710711,915.6452337856,0,1951.250622578,47.0729722178355,1494.1872471725,2306.5756386739,536.0244900934,760.7599703592,18.2217956972266,2531.3111189397,924.7561316342,21.2587616467644,0,3894.9088302821,3.03696594953777,3568.4349907068,274.8454184331,147.2928485525,1257.3039031086,1296.7844604526,22.7772446215333,1249.7114882347,1832.808950546,239.9203100134,11538.9521252687,832.1286701733,886.794057265,376.5837777426,0,434.2861307839,4880.4042809072,816.9438404256,829.0917042238,244.4757589377,48.5914551926044,7442.0850593423,429.7306818595,8382.0260207242,179.1809910227,1123.6774013289,95.6644274104399,141.2189166535,2397.68461716,1245.1560393104,44.0360062682977,1457.7436557781,4098.3855489012,639.2813323777,4376.2679332839,72.8871827889066,1140.3807140514,167.0331272245,40.9990403187599,39.4805573439911,48.5914551926044,66.813250889831,7155.0917771109,2815.2674352215,5244.8401948517,44982.0211615787,1870.7710249152,1035.6053887923,6687.3990208821,9.11089784861332,775.9448001069,61199.4193321104,3992.0917406674,425.1752329352,18112.4649230432,778.9817660564,31690.7396834266,1438.0033771061,405.4349542632,10.6293808233822,6597.8085253708,4113.5703786489,2242.7993537336,9162.5262697554,68.3317338645999,2046.9150499884,475.2851711026,318696.169778544,256.6236227359,458.5818583802,4397.5266949306,728.871827889,2118.2837498025,359.8804650202,3940.4633195252,1005.235729297,341.6586693229,1589.851674583,2759.083565155,154.8852634264,3267.7753617026,358.3619820454,666.6140259235,1330.1910858975,648.3922302263,75.9241487384443,121.4786379815,1202.6385160169,3108.3346493519,8799.6088387857,65.2947679150621,511.7287624971,897.4234380884,3820.5031645185,496.5439327494,13.66634677292,0,7557.4897654247,15.1848297476889,543.6169049672,2420.4618617816,16.7033127224578,3333.0701296177,1421.3000643836,731.9087938386,1211.7494138655,2045.3965670136,1179.8612713954,935.3855124576,1058.3826334139,1936.0657928303,2921.5612434553,208.0321675433,6.07393189907555,15733.0021015804,4528.1162307608,92.6274614609021,25.8142105710711,332.5477714743,9.11089784861332,460.1003413549,326.4738395753,7264.4225512943,6.07393189907555,11778.8724352822,2361.2410257656,3695.9875605874,92.6274614609021,1876.8449568143,10.6293808233822,86.5535295618266,145.7743655778,27.33269354584
"p9223_mo5",253668.342128988,3612.3887992938,16.7337060766362,1244.5693894498,0,1786.3231236809,0,380.6918132434,6.27513977873857,403.7006590988,232.1801718133,916.1704076958,6743.6835488843,4.18342651915905,8379.4033178755,543.8454474906,1872.0833673236,416.2509386563,420.4343651754,98.3105232002376,60.6596845278062,1123.2500203942,2.09171325957952,1809.3319695362,94.1270966810786,1004.0223645981,2614.6415744744,608.6885585376,1001.9306513385,35.5591254128519,2880.289158441,1106.5163143175,66.9348243065448,0,4225.2607843506,12.5502795574771,3516.1699893531,223.813318775,112.9525160172,1263.394808786,2541.4316103891,16.7337060766362,1244.5693894498,1721.4800126339,240.5470248516,9299.7571520905,1679.6457474423,859.6941496871,305.3901358986,0,527.111741414,4668.7039953814,679.8068093633,1047.9483430493,89.9436701619195,43.92597845117,8270.6342283774,294.9315696007,8036.3623433045,432.9846447329,830.410164053,204.9878994387,175.7039138046,1167.1759988453,1430.7318695523,144.3282149109,1654.5451883274,4808.8487837733,805.3096049381,4423.9735440106,100.4022364598,1029.1229237131,393.2420928009,54.3845447490676,64.8431110469652,69.0265375661243,125.5027955747,9667.8986857765,3168.9455882629,6990.5057135147,39426.7032298144,1165.0842855857,880.6112822829,9073.8521200559,4.18342651915905,303.298422639,53867.8915739514,5064.037801442,409.9757988775,16332.0971307969,1487.208127561,35755.7464592523,886.8864220617,370.2332469455,0,4321.4795942912,4028.6397379501,2175.3817899627,12253.2562746168,71.1182508257038,2512.147624755,608.6885585376,302321.592546807,309.5735624177,466.4520568862,4112.3082683333,502.011182299,2062.4292739454,600.3217054993,4691.7128412368,997.7472248194,382.783526503,1769.5894176042,2093.8049728391,146.4199281705,3926.1457882307,445.5349242904,790.667612121,1102.3328877984,437.1680712521,85.7602436427605,177.7956270642,1347.0633391692,2830.088040211,11171.8405194142,71.1182508257038,577.3128596439,911.9869811766,4748.1890992455,485.2774762224,0,8.3668530383181,7574.0937129374,23.0088458553748,508.2863220778,2794.5289147982,23.0088458553748,3792.2761396176,1395.1727441395,891.0698485808,1257.1196690072,2141.9143778094,1232.0191098923,1137.8920132112,1330.3296330925,2340.6271374694,3440.8683120083,209.1713259579,10.4585662978976,14740.3033402569,4449.0741031256,133.869648613,25.1005591149543,359.7746806476,39.742551932011,560.5791535673,675.6233828441,7854.3832897211,8.3668530383181,11634.1091497813,2612.5498612148,2359.4525568057,194.5293331408,1499.7584071185,23.0088458553748,133.869648613,184.0707668429,18.8254193362157
"p9223_mo6",249611.565223265,3910.4976541372,47.9414591200999,1241.0300440407,0,2053.8556918497,4.35831446546363,363.9192578662,5.44789308182953,433.6522893136,188.4971006313,1318.3901258027,6509.1426541699,7.62705031456135,8202.3478240025,760.5258742234,1741.1466289527,421.6669245336,545.8788867993,127.4806981148,58.837245283759,1057.9808364912,0,1893.6876352439,92.6141823911021,1418.6313585084,2477.701773616,323.6048490606,1066.6974654222,66.4642955983203,3197.9132390339,1067.7870440385,94.7933396238339,0,4569.6927170386,1.08957861636591,3338.4688805451,193.9449937131,131.8390125802,1372.869056621,1971.0477170059,16.3436792454886,1452.4082956157,2036.4224339878,235.348981135,11873.1381825392,1068.8766226549,1036.1892641639,387.8899874262,0,447.8168113263,6476.4552956789,634.1347547249,597.0890817685,106.7787044038,26.1498867927818,7775.2330063871,341.0381069225,8389.7553460174,185.2283647822,918.5147735964,148.1826918257,166.7055283039,1776.0131446764,2210.7550126064,75.1809245292476,1718.265478009,3871.272823948,906.5294088164,4326.716685589,95.8829182401998,400.9649308226,203.7512012604,70.8226100637839,67.5538742146862,46.851880503734,81.718396227443,7956.1030567038,3548.7575535037,5915.3223082505,39115.872327536,1078.6828302022,1069.9662012713,6348.9745975641,16.3436792454886,235.348981135,55993.4450950439,4732.0399308771,381.352515728,18628.5256040079,1303.1360251736,33840.1326670923,1011.1289559875,400.9649308226,10.8957861636591,6029.7280629689,3476.8453648236,2304.4587736138,11027.6251762393,82.8079748438089,2435.2082075778,438.010603779,304253.932834016,299.6341195006,448.9063899427,4189.4297799269,592.730767303,1912.2104717221,406.4128239044,4815.9374843373,1098.2952452968,405.3232452881,1908.941735873,1787.9985094564,198.3033081785,3425.6351698544,561.1329874284,903.2606729673,928.3209811437,440.1897610118,122.0328050329,181.9596289331,1148.4158616496,2534.359861667,9894.4634152187,84.9871320765407,517.5498427738,928.3209811437,3653.3571006748,542.6101509502,2.17915723273181,0,8772.1974403619,19.6124150945863,446.72723271,2841.6210314822,33.7769371073431,3348.2750880924,1466.5728176285,885.8274151054,1153.8637547314,1962.3310880749,1391.3918930992,1028.5622138494,1196.3573207697,2301.1900377647,2997.4307736226,201.5720440276,10.8957861636591,16731.5692329148,5086.152981196,132.9285911966,39.2248301891726,367.1879937153,34.866515723709,517.5498427738,298.5445408842,7677.1709309141,0,13544.5517800445,3236.0484906067,2456.9997799051,153.6305849075,1724.8029497072,10.8957861636591,118.7640691838,162.3472138385,17.4332578618545
"p9223_mo7",242110.27732958,3594.7088917556,61.912385130414,1602.1409050074,0,3477.2017118142,0,387.900045613,7.581108383316,241.3319502022,231.2238056911,1520.0122308548,5617.6013120371,15.162216766632,8857.2616278408,1205.3962329472,1459.3633637883,428.3326236573,600.1710803458,154.149203794,45.486650299896,917.3141143812,1.263518063886,2058.2709260702,58.121830938756,1397.4509786579,2947.787643046,960.2737285533,1904.1217222762,131.4058786441,3507.5261453475,1353.2278464219,128.8788425163,0,4188.562381782,36.642023852694,3366.0121221923,265.338793416,131.4058786441,1447.9917012133,986.8076078949,16.425734830518,1789.1415784625,2431.0087549166,348.7309856325,5558.2159630345,811.1785970148,1228.1395580971,323.4606243548,0,625.4414416235,4992.1598704135,945.1115117867,2026.6829744731,146.5680954107,40.432578044352,9662.1226345362,453.602984935,10120.7796917268,213.5345527967,1109.3688600919,189.5277095829,144.041059283,1953.3989267677,1624.8842301573,18.95277095829,1393.6604244662,4044.521322499,506.6707436182,3942.1763593243,72.020529641502,409.379852699,228.6967695633,35.378505788808,82.12867415259,49.277204491554,140.2505050913,5669.4055526564,3887.8450825772,5375.005843771,41991.7593351873,1814.4119397402,820.023223462,5078.0790987578,12.63518063886,382.8459733574,58087.715951031,3758.9662400608,753.056766076,22179.7960934548,734.1039951177,29681.302838746,1268.5721361415,298.190263077,7.581108383316,6917.7613997758,3598.4994459473,2298.3393582086,9010.147313571,113.7166257497,1801.7767591014,748.0026938205,303123.037598507,120.0342160691,545.8398035987,5204.4309051464,769.4825009065,2352.6706349557,395.4811539963,3867.628793555,1048.7199930253,322.1971062909,2431.0087549166,2581.367404519,298.190263077,3515.1072537308,323.4606243548,1092.9431252613,1714.5940126933,463.7111294461,126.3518063886,329.7782146742,1461.8903999161,5634.0270468676,8369.5436551808,102.3449631747,662.0834654762,846.5571028036,3103.200364904,533.2046229598,1.263518063886,2.527036127772,8671.5244724496,15.162216766632,950.1655840422,3234.6062435481,15.162216766632,3777.9190110191,1401.2415328495,663.3469835401,1095.4701613891,1799.2497229736,1317.849340633,956.4831743617,1170.0177271584,1852.3174816568,2866.9224869573,245.1225043938,6.31759031943,15332.7917052566,5406.5937953681,130.1423605802,41.696096108238,456.1300210628,13.898698702746,543.3127674709,319.6700701631,6504.5909928851,18.95277095829,15304.9943078511,5495.0400598402,4258.0558752958,216.0615889245,2904.8280288739,6.31759031943,122.5612521969,156.6762399218,13.898698702746
"p9223_mo8",239091.55733724,4392.1273067195,38.9833784620083,1206.8604248863,0,1596.6942095064,2.43646115387552,428.817163082,3.24861487183402,353.2868673119,159.9942824378,1057.4241407819,6931.7319827758,12.9944594873361,8863.0335240811,765.0488023169,1626.7438970708,380.0879400045,475.9220787236,181.9224328227,46.2927619236348,1022.5015309097,1.62430743591701,2291.0856383609,51.1656842313858,1283.2028743744,2039.3179857938,587.9992918019,1330.307790016,59.2872214109709,2680.919422981,912.8607789853,47.1049156415933,0,4176.9065714605,3.24861487183402,3588.0951259406,198.9776608998,184.3588939765,1030.6230680893,2010.0804519473,11.3701520514191,1422.0811601453,1531.7219120697,263.9499583365,9138.3536344691,1402.5894709143,771.5460320605,379.2757862866,0,484.0436159032,4120.0558112034,811.3415642405,1310.003947067,164.0550510276,50.3535305134273,9315.403144984,344.3531764144,7564.3997290655,410.137627569,927.4795459086,82.0275255138091,167.3036658994,1597.5063632243,1407.462393222,38.9833784620083,1003.0098416787,4552.9337428753,776.4189543683,4568.3646635165,88.5247552574771,1179.2471984757,359.7840970556,51.9778379493443,73.0938346162655,50.3535305134273,172.9887419251,7937.1782856084,3250.2391792699,5754.9212454539,41959.1096846082,1263.7111851434,1072.0429077052,6756.3067796968,11.3701520514191,319.9885648756,56924.6662454296,4689.3755674924,358.9719433376,15725.7324408305,1310.003947067,36427.5307115928,1439.9485419404,293.9996459009,0.812153717958505,6260.8930117421,4280.8622473592,2451.8920745167,12909.9955006684,73.905988334224,2322.7596333613,406.0768589792,314455.3615952,269.6350343622,573.3805248787,3726.1612579936,578.2534471864,2287.0248697711,483.2314621853,4386.4422306938,935.6010830881,275.3201103879,1585.324057455,2266.7210268221,231.4638096181,3990.923370048,378.4636325686,974.5844615502,1478.1197666844,925.8552384726,126.6959800015,162.4307435917,1553.6500624546,2187.9421161802,10311.9157569191,137.2539783349,506.7839200061,967.2750780885,3551.5482086325,585.562830648,8.12153717958505,0,6577.6329617459,12.1823057693776,570.9440637248,2549.3505206717,15.4309206412116,3655.5038845312,1802.9812538678,864.9437096258,1297.8216412976,2425.091001824,1301.0702561695,1072.0429077052,1182.4958133475,2582.648823108,3718.039720814,152.6848989761,8.12153717958505,15080.0702350535,4137.1110392806,92.5855238472696,44.6684544877178,393.8945532098,51.1656842313858,760.9880337271,387.3973234662,7680.5377107335,8.12153717958505,11000.6221097479,2498.1848364403,4392.1273067195,94.2098312831866,1485.4291501461,11.3701520514191,75.530295770141,160.8064361557,45.4806082056763
"p9281_mo1",252972.628401936,3608.7838892647,165.2182963001,3144.3513555705,0,1308.7370557319,274.4965395222,511.2660665036,35.1251496071187,472.2381224957,208.1490347088,1333.4547536035,4611.8020502679,15.6111776031639,8553.6243950668,1529.89540511,1803.0910131654,563.3033251808,667.3778425352,281.0011968569,258.8853619191,1213.7690586459,0,300.5151688609,27.3195608055368,3048.0824270177,2476.9735130353,230.2648696466,1761.4612062236,150.9080501639,2324.7645314044,863.8184940417,32.5232866732581,0,4057.6052453556,2.60186293386064,3170.3699849091,197.7415829734,236.7695269813,1566.3214861841,483.946505698,35.1251496071187,1735.442576885,1532.4972680439,208.1490347088,2091.8977988239,1346.4640682728,1150.0234167664,722.0169641463,0,780.5588801581,4044.5959306863,2022.9484310766,66.3475048134464,78.0558880158193,16.9121090700942,11820.2633085289,208.1490347088,7657.2826143518,137.8987354946,904.1473695165,91.0652026851226,157.4127074985,1081.074049019,571.1089139824,1250.19513972,2569.3396471873,3426.6534838944,979.6013945985,4120.0499557683,135.2968725607,420.2008638184,1710.7248790133,107.9773117552,53.3381901441432,79.3568194827496,533.3819014414,6623.0420981422,4195.5039808502,7404.9019097673,47934.1208305146,223.760212312,1362.075245876,1264.5053858562,2.60186293386064,71.5512306811677,51486.9646667013,5372.8469584222,390.279440079,17712.1819222563,477.4418483634,50976.9995316646,1441.4320653587,913.253889785,9.10652026851225,4505.1256699797,3448.7693188322,2640.8908778685,8577.0411614716,89.7642712181922,2774.8868189623,195.1397200395,288922.568559088,744.1327990841,584.1182286517,4017.2763698808,737.6281417494,4575.3759691939,638.7573502627,3684.2379143466,1203.3616069105,139.1996669615,1365.9780402768,958.7864911276,309.6216891294,4884.9976583233,1035.5414476765,957.4855596607,3476.0888796378,396.7840974137,20.8149034708852,262.7881563199,1243.6904823853,1125.3057188947,11109.9547275849,102.7735858874,467.0343966279,1130.5094447624,4294.3747723369,91.0652026851226,11.7083832023729,166.519227767,7355.466514024,80.65775094968,1410.2097101524,3632.2006556694,49.4353957433522,5171.202581048,819.5868241661,364.2608107404,1726.3360566165,2332.570120206,4757.5063745641,1442.7329968257,1367.2789717437,2544.6219493157,3587.9689857938,411.0943435499,2.60186293386064,13689.7018265077,3582.7652599261,161.3155018993,26.0186293386064,254.9825675183,29.9214237393974,183.4313368371,288.8067856585,7512.8792215226,88.4633397512619,10687.1520008325,1555.9140344486,5940.0530780038,154.8108445647,1205.9634698444,24.7176978716761,197.7415829734,295.3114429931,1.30093146693032
"p9281_mo2",251434.319895288,4164.1961741716,130.8034342785,2540.3403815157,0,1318.3609297026,0,617.0135682746,11.1871358264583,475.8835470793,203.0895426957,1265.0068972995,4204.6419729288,14.6293314653685,8399.8179078507,1610.9475590099,1860.5067428309,493.0945252738,801.1710349563,279.6783956614,98.9631246186693,1330.4086144388,0,394.9919495649,21.513722743189,3912.0553436214,2746.8721198503,259.8857707377,1235.7482343687,126.5006897299,2412.1185939663,1212.5134138061,19.7926249237339,0,4521.3239717085,5.16329345836535,3171.122732346,141.1300211953,109.2897115353,1906.9763839562,555.0540467742,75.7283040560252,1745.1931889274,1913.0002263243,204.8106405151,1730.5638574621,955.2092897975,1154.8566368543,830.429697887,0,766.7490785672,3777.8097137039,2344.1352300978,51.6329345836535,49.0512878544708,27.5375651112819,10787.8411323446,368.3149333633,7817.2262959651,33.5614074793748,825.2664044287,70.5650105976598,88.6365377019386,1061.056805694,246.116988182,1073.9650393399,1737.4482487399,4352.6563854019,738.3509645462,4234.7611847693,100.6842224381,284.8416891198,1769.2885583998,52.4934834933811,21.513722743189,52.4934834933811,9.46603800700315,6128.8293350796,4290.6968639016,6490.2598771652,40023.269242519,252.1408305501,1042.12472968,1945.701084894,0.860548909727559,172.9703308552,51316.2525848737,4412.8948090829,355.4066997174,19655.7976470871,250.4197327307,56085.4146425839,1248.6564680146,1135.9245608403,5.16329345836535,5360.3591586929,2739.1271796628,2558.41190862,9679.4541366155,81.7521464241181,2623.8136257593,180.7152710427,288091.121802953,1405.2763695851,517.1898947462,4202.9208751093,677.2519919555,4738.1822969599,382.083715919,3585.046757925,887.2259259291,136.8272766466,855.3856162691,1079.1283327983,240.0931458139,5437.8085605684,584.312709705,2042.9431116932,3718.4318389327,388.9681071968,112.7319071743,190.1813090497,1618.6924991975,1145.3905988473,10904.0152351578,30.1192118404646,610.1291769968,1115.2713870069,3344.0930632012,154.8988037509,10.3265869167307,29.258662930737,8467.8012717191,30.1192118404646,1006.8422243812,3982.6203542191,78.3099507852078,4382.7755972424,593.778747712,536.9825196699,2026.5926824084,3155.6328519709,5151.2457736291,1532.6376082247,1123.8768761041,2344.9957790075,3114.326504304,450.0670797875,0.860548909727559,15441.6896361513,4143.5430003381,140.2694722855,47.3301900350157,362.2910909953,62.8200704101118,386.3864604676,225.4638143486,7034.126788113,14.6293314653685,12749.0320976137,2147.0695297702,6396.4600460049,169.5281352163,555.914595684,18.0715271042787,226.3243632583,266.7701620155,1.72109781945512
"p9281_mo3",235945.794981858,4250.8718608607,102.4306472496,2557.5652235148,0,689.8063900719,1.60047886327589,329.6986458348,4.80143658982768,574.571911916,240.0718294913,733.0193193803,5547.2597401142,6.40191545310357,8807.4351846072,1477.2419908036,1533.2587510183,438.5312085375,564.9690387363,435.330250811,59.217717941208,853.055234126,0,361.7082231003,14.404309769483,2645.591560995,2533.5580405657,192.0574635931,1110.7323311134,65.6196333943116,2349.502971289,627.3877144041,24.0071829491384,0,3738.7186246124,46.4138870350009,3745.1205400655,352.1053499206,206.4617733625,1029.1079090863,472.1412646663,52.8158024881044,1427.627146042,1048.3136554457,148.8445342846,4758.2236605192,2157.4455076959,790.6365584582,601.7800525917,0,593.7776582753,4070.0177493105,1408.4213996827,99.2296895231053,36.8110138553455,22.4067040858625,11214.5553949741,251.2751815343,5923.372272984,49.6148447615527,720.2154884741,20.8062252225866,51.2153236248285,953.8854025124,134.4402245151,699.4092632515,1370.0099069641,4422.1230992312,915.4739097938,4532.5561407973,64.0191545310357,1189.1557954139,1674.1008909865,17.6052674960348,14.404309769483,51.2153236248285,19.2057463593107,6923.6715625315,3905.1684263931,6345.8986928889,42292.6539620654,686.6054323453,1117.1342465665,1264.3783019879,9.60287317965535,220.866083132,54608.3388149734,4745.419829613,428.9283353579,14378.7021076706,384.1149271862,61015.0557046668,763.4284177826,705.8111787046,36.8110138553455,5179.1496015607,4484.541774899,2778.4313066469,10486.3375121836,76.8229854372428,2563.9671389679,252.8756603975,316187.403271059,845.0528398096,449.7345605805,3151.3428817902,654.5958550798,4241.2689876811,320.0957726551,3200.9577265517,822.6461357238,91.2272952067259,947.4834870593,699.4092632515,216.0646465422,4294.0847901692,456.1364760336,1811.7420732283,2975.2902068298,505.7513207951,9.60287317965535,246.4737449444,1360.4070337845,457.7369548969,10736.0122148546,1.60047886327589,422.5264199048,912.2729520672,5302.386474033,96.0287317965535,8.00239431637946,4.80143658982768,5564.8650076102,6.40191545310357,1661.2970600803,2805.6394473226,72.0215488474151,4447.7307610437,633.7896298572,358.5072653737,1549.263539651,1650.0937080374,4410.9197471883,1093.1270636174,1165.1486124648,2866.4576441271,3186.5534167823,331.2991246981,8.00239431637946,15127.7262156837,3932.3765670688,49.6148447615527,32.0095772655178,193.6579424563,16.0047886327589,137.6411822417,185.65554814,7704.7052478101,12.8038309062071,8503.3442005848,1214.7634572264,7094.922800902,115.2344781558,308.8924206122,20.8062252225866,22.4067040858625,249.674702671,11.2033520429312
"p9281_mo4",247182.655486123,4547.671205307,154.814338904,3561.8356115,0,849.8201389126,0,372.6602300762,0,755.8257188637,153.7085221976,595.4822964274,5407.4436945778,8.8465336516611,7528.4001375635,827.1508964303,1500.593270663,504.2524181446,640.8207813922,103.946770407,53.6321102631954,907.3226076484,0,257.6552926046,20.4576090694663,2878.9937952624,1914.1687188781,167.5312310283,769.0955193412,59.1611937954836,1160.5546334272,674.5481909391,46.4443016712208,0,3345.6484453875,5.52908353228819,3112.321120325,586.0828544225,166.9783226751,650.7731317503,206.2348157543,86.2537031036958,1386.1412415446,1121.8510487012,95.1002367553568,7181.1736917359,2289.5934907205,801.7171121817,587.7415794822,0,671.2307408197,2951.4247895354,1472.9478530015,71.8780859197465,21.0105174226951,22.1163341291528,12123.6214612483,274.2425432014,5301.2852907579,259.8669260175,707.1697837796,9.39944200488992,51.4204768502802,454.490666354,167.5312310283,1177.1418840241,1957.29557043,4837.3951823989,1321.4509642168,4308.2618883589,80.7246195714076,447.8557661153,1484.0060200661,18.245975656551,8.29362529843228,32.0686844872715,25.9866926017545,10401.3119409405,3301.9686854825,9046.1335671767,41694.8189169852,331.7450119372,972.5657933294,1041.679337483,0.552908353228819,178.5893980929,51217.5594846451,6090.2855108154,179.6952147993,15835.8481448266,292.488518858,63721.0289845617,831.5741632561,1081.4887389155,18.7988840097798,3740.4250095929,4380.6928826319,2560.5185838026,11937.2913462102,107.2642205263,3492.1691589932,91.7827866359839,294470.69530437,1049.4200544282,543.5089112239,2413.997870197,378.1893136085,4271.2170286926,575.0246873579,4297.2037212943,662.3842071681,130.486371362,392.5649307924,730.9448429684,74.0897193326617,4358.5765485027,649.1144066906,1487.3234701855,3713.8854086379,560.649070174,55.2908353228819,144.8619885459,1393.3290501366,472.1837336574,12493.5171495583,24.8808758952968,429.0568821055,953.2140009664,6777.5505938788,89.0182448698398,0.552908353228819,1.10581670645764,5410.2082363439,12.163983771034,2039.6789150611,3164.8474138817,87.3595198101534,6369.5042291959,597.6939298403,373.7660467826,1762.1189217402,1888.1820262764,4289.4630043491,800.0583871221,1358.4958238832,2766.753399557,3331.8257365568,257.1023842514,7.18780859197465,13330.0674879935,3750.9302683043,43.6797599050767,9.39944200488992,268.7134596692,44.7855766115343,140.4387217201,206.7877241075,9397.230371477,3.31745011937291,6806.8547365999,960.4018095584,8103.9777332747,166.9783226751,202.3644572817,18.245975656551,73.5368109794329,326.7688367582,0
"p9281_mo5",252648.124728902,4125.2717226152,260.5872954951,5881.9464622152,0,1194.705332382,0,487.0401529222,0,784.2595282953,201.4764393285,864.1840662108,3738.9697893572,11.6556617793367,7030.0291474799,1166.3987252036,1782.4837049685,600.2665816358,706.0000849198,466.2264711734,57.4457616267308,987.4010621638,0.83254726995262,189.8207775491,23.3113235586734,2590.0545568226,2004.7738260459,194.8160611689,994.0614403234,79.9245379154515,1750.0143614404,768.4411301662,42.4599107675836,0,3744.7976202468,1.66509453990524,3052.9508389162,84.0872742652146,188.9882302792,1315.4246865251,406.2830677368,37.4646271478679,1234.6676013397,1694.2336943535,99.9056723943144,1367.8751645321,1907.3657954614,953.2666240957,888.3279370394,0,697.6746122202,4868.7364346829,1829.9388993558,50.7853834671098,22.4787762887207,30.8042489882469,12301.7184608199,248.9316337158,4993.6185251758,107.3985978238,737.636881178,52.450478007015,45.7900998473941,606.0944125255,187.3231357393,993.2288930534,4282.6231566362,5008.6043760349,1342.8987464335,4101.1278517866,64.1061397863517,323.0283407416,1358.7171445626,15.8183981290998,14.1533035891945,35.7995326079627,23.3113235586734,12991.9001476106,3495.865986531,10264.4752912458,39555.1533427189,181.4953048496,1019.037858422,700.1722540301,1.66509453990524,44.1250053074888,49825.4564648544,6752.7909065856,247.2665391759,21483.0497538574,309.7075844223,58448.1485397537,904.9788824384,1103.1251326872,4.99528361971572,3632.4037388032,4080.3141700377,2654.9932438789,9078.0954315633,76.594348835641,4103.6254935964,115.7240705234,277852.660779447,716.8231994292,377.1439132885,3370.1513487682,399.6226895772,4424.9887397981,490.370342002,4993.6185251758,618.5826215747,106.5660505539,561.969407218,1356.2195027528,184.8254939294,5026.9204159739,679.3585722813,833.3798172225,4917.0241763401,469.5566602532,84.0872742652146,141.5330358919,1359.5496918326,634.4010197038,13308.2681101926,15.8183981290998,371.3160823988,836.7100063023,6750.2932647758,68.2688761361148,1.66509453990524,3.33018907981048,6884.3333752382,19.9811344788629,2636.6772039399,4090.3047372772,84.9198215351672,7217.3522832192,683.5213086311,293.8891862932,1675.9176544146,1531.8869767128,4289.2835347958,959.9270022553,1387.856299011,2531.7762479259,2560.9154023742,210.634459298,0,13513.9072858709,4162.736349763,40.7948162276784,34.96698533801,275.5731463543,9.99056723943144,230.6155937768,195.6486084388,8217.2415544323,14.1533035891945,9271.2463981923,1189.7100487622,9743.3007002555,178.1651157698,328.0236243613,24.143870828626,154.0212449412,369.6509878589,1.66509453990524
