gene_id,combined_name,bin,n_genomes
WP_005339874.1,MULTISPECIES: rubredoxin [Clostridia],Bin 1,7
WP_015527491.1,MULTISPECIES: trimeric intracellular cation channel family protein [Mediterraneibacter],Bin 1,7
WP_015527531.1,23S rRNA (uracil(1939)-C(5))-methyltransferase RlmD [[Ruminococcus] torques],Bin 1,7
WP_015527594.1,MULTISPECIES: hypothetical protein [Mediterraneibacter],Bin 1,7
WP_015527650.1,MULTISPECIES: TIGR03905 family TSCPD domain-containing protein [Mediterraneibacter],Bin 1,7
WP_015527654.1,HIT family protein [[Ruminococcus] torques],Bin 1,7
WP_015527756.1,MULTISPECIES: type III pantothenate kinase [Mediterraneibacter],Bin 1,7
WP_015527770.1,MULTISPECIES: TetR/AcrR family transcriptional regulator [Mediterraneibacter],Bin 1,7
WP_015527791.1,MULTISPECIES: YihY/virulence factor BrkB family protein [Mediterraneibacter],Bin 1,7
WP_015527792.1,MULTISPECIES: phenylalanine--tRNA ligase subunit alpha [Mediterraneibacter],Bin 1,7
WP_015527821.1,HAD family hydrolase [[Ruminococcus] torques],Bin 1,7
WP_015527938.1,MULTISPECIES: acylphosphatase [Mediterraneibacter],Bin 1,7
WP_015527977.1,AIR synthase-related protein [[Ruminococcus] torques],Bin 1,7
WP_015528021.1,MULTISPECIES: type IV toxin-antitoxin system AbiEi family antitoxin domain-containing protein [Mediterraneibacter],Bin 1,7
WP_015528097.1,MULTISPECIES: hypothetical protein [Mediterraneibacter],Bin 1,7
WP_015528103.1,MULTISPECIES: GatB/YqeY domain-containing protein [Mediterraneibacter],Bin 1,7
WP_015528171.1,MULTISPECIES: aminotransferase class I/II-fold pyridoxal phosphate-dependent enzyme [Mediterraneibacter],Bin 1,7
WP_015528207.1,MULTISPECIES: aldo/keto reductase [Mediterraneibacter],Bin 1,7
WP_015528216.1,MULTISPECIES: anti-sigma F factor [Mediterraneibacter],Bin 1,7
WP_015528224.1,MULTISPECIES: DeoR/GlpR family DNA-binding transcription regulator [Mediterraneibacter],Bin 1,7
WP_015528225.1,MULTISPECIES: BMC domain-containing protein [Mediterraneibacter],Bin 1,7
WP_015528226.1,MULTISPECIES: SLBB domain-containing protein [Mediterraneibacter],Bin 1,7
WP_015528227.1,MULTISPECIES: EutN/CcmL family microcompartment protein [Mediterraneibacter],Bin 1,7
WP_015528228.1,MULTISPECIES: phosphate propanoyltransferase [Mediterraneibacter],Bin 1,7
WP_015528233.1,MULTISPECIES: zinc-dependent alcohol dehydrogenase [Mediterraneibacter],Bin 1,7
WP_015528258.1,MULTISPECIES: NAD(P)H-dependent oxidoreductase subunit E [Mediterraneibacter],Bin 1,7
WP_015528317.1,ABC transporter permease [[Ruminococcus] torques],Bin 1,7
WP_015528342.1,MULTISPECIES: MarR family winged helix-turn-helix transcriptional regulator [Mediterraneibacter],Bin 1,7
WP_015528345.1,MULTISPECIES: 3-hydroxyacyl-ACP dehydratase FabZ [Mediterraneibacter],Bin 1,7
WP_015528356.1,MULTISPECIES: hypothetical protein [Mediterraneibacter],Bin 1,7
WP_015528359.1,MULTISPECIES: ABC transporter permease [Mediterraneibacter],Bin 1,7
WP_015528392.1,MULTISPECIES: bifunctional hydroxymethylpyrimidine kinase/phosphomethylpyrimidine kinase [Mediterraneibacter],Bin 1,7
WP_015528408.1,MULTISPECIES: flavin reductase family protein [Mediterraneibacter],Bin 1,7
WP_015528412.1,tRNA pseudouridine(38-40) synthase TruA [[Ruminococcus] torques],Bin 1,7
WP_015528625.1,MULTISPECIES: S-ribosylhomocysteine lyase [Mediterraneibacter],Bin 1,7
WP_015528640.1,MULTISPECIES: HPr family phosphocarrier protein [Mediterraneibacter],Bin 1,7
WP_015528732.1,MULTISPECIES: hypothetical protein [Mediterraneibacter],Bin 1,7
WP_015528741.1,MULTISPECIES: cysteine desulfurase family protein [Mediterraneibacter],Bin 1,7
WP_015528747.1,MULTISPECIES: DUF1292 domain-containing protein [Mediterraneibacter],Bin 1,7
WP_015528755.1,MULTISPECIES: hypothetical protein [Mediterraneibacter],Bin 1,7
WP_015528769.1,MULTISPECIES: NlpC/P60 family protein [Mediterraneibacter],Bin 1,7
WP_015528779.1,MULTISPECIES: 4Fe-4S binding protein [Mediterraneibacter],Bin 1,7
WP_015528785.1,MULTISPECIES: hypothetical protein [Mediterraneibacter],Bin 1,7
WP_015528793.1,MULTISPECIES: SDR family NAD(P)-dependent oxidoreductase [Bacillota],Bin 1,7
WP_015528795.1,MULTISPECIES: phosphoribosylaminoimidazolesuccinocarboxamide synthase [Mediterraneibacter],Bin 1,7
WP_015528849.1,cohesin domain-containing protein [[Ruminococcus] torques],Bin 1,7
WP_015528856.1,MULTISPECIES: hypothetical protein [Mediterraneibacter],Bin 1,7
WP_015528870.1,MULTISPECIES: hypothetical protein [Mediterraneibacter],Bin 1,7
WP_015528890.1,MULTISPECIES: DUF5662 family protein [Mediterraneibacter],Bin 1,7
WP_015528902.1,MULTISPECIES: 5'-methylthioadenosine/adenosylhomocysteine nucleosidase [Mediterraneibacter],Bin 1,7
WP_015528937.1,MULTISPECIES: DUF4364 family protein [Mediterraneibacter],Bin 1,7
WP_015528940.1,MULTISPECIES: transcription termination factor Rho [Mediterraneibacter],Bin 1,7
WP_015528941.1,MULTISPECIES: DUF1385 domain-containing protein [Mediterraneibacter],Bin 1,7
WP_015528947.1,MULTISPECIES: small multi-drug export protein [Mediterraneibacter],Bin 1,7
WP_015528952.1,MULTISPECIES: SPFH domain-containing protein [Mediterraneibacter],Bin 1,7
WP_015528960.1,MULTISPECIES: Mini-ribonuclease 3 [Mediterraneibacter],Bin 1,7
WP_015529020.1,MULTISPECIES: hypothetical protein [Mediterraneibacter],Bin 1,7
WP_015529030.1,MULTISPECIES: Nif3-like dinuclear metal center hexameric protein [Mediterraneibacter],Bin 1,7
WP_015529073.1,MULTISPECIES: hypothetical protein [Mediterraneibacter],Bin 1,7
WP_015529093.1,MULTISPECIES: SpoIIIAH-like family protein [Mediterraneibacter],Bin 1,7
WP_015529098.1,MULTISPECIES: exodeoxyribonuclease VII small subunit [Mediterraneibacter],Bin 1,7
WP_015529110.1,MULTISPECIES: vitamin B12 dependent-methionine synthase activation domain-containing protein [Mediterraneibacter],Bin 1,7
WP_015529133.1,MULTISPECIES: GntR family transcriptional regulator [Mediterraneibacter],Bin 1,7
WP_015529165.1,MULTISPECIES: pantetheine-phosphate adenylyltransferase [Mediterraneibacter],Bin 1,7
WP_015529166.1,MULTISPECIES: hypothetical protein [Mediterraneibacter],Bin 1,7
WP_015529170.1,MULTISPECIES: hypothetical protein [Mediterraneibacter],Bin 1,7
WP_015529173.1,MULTISPECIES: ATP phosphoribosyltransferase regulatory subunit [Mediterraneibacter],Bin 1,7
WP_015529178.1,MULTISPECIES: dTDP-4-dehydrorhamnose reductase [Mediterraneibacter],Bin 1,7
WP_015529179.1,MULTISPECIES: dicarboxylate/amino acid:cation symporter [Mediterraneibacter],Bin 1,7
WP_015529186.1,MULTISPECIES: MFS transporter [Mediterraneibacter],Bin 1,7
WP_015529191.1,MULTISPECIES: Cys-tRNA(Pro) deacylase [Mediterraneibacter],Bin 1,7
WP_015529223.1,MULTISPECIES: ribosome silencing factor [Mediterraneibacter],Bin 1,7
WP_015529226.1,MULTISPECIES: transcriptional repressor LexA [Mediterraneibacter],Bin 1,7
WP_015529229.1,MULTISPECIES: AAA family ATPase [Mediterraneibacter],Bin 1,7
WP_015529237.1,MULTISPECIES: cell division topological specificity factor MinE [Mediterraneibacter],Bin 1,7
WP_015529240.1,MULTISPECIES: rod shape-determining protein MreD [Mediterraneibacter],Bin 1,7
WP_015529262.1,MULTISPECIES: DUF896 domain-containing protein [Mediterraneibacter],Bin 1,7
WP_015529274.1,MULTISPECIES: bifunctional methylenetetrahydrofolate dehydrogenase/methenyltetrahydrofolate cyclohydrolase FolD [Mediterraneibacter],Bin 1,7
WP_015529301.1,MULTISPECIES: metal-sensing transcriptional repressor [Mediterraneibacter],Bin 1,7
WP_015529304.1,MULTISPECIES: UDP-galactopyranose mutase [Mediterraneibacter],Bin 1,7
WP_015529312.1,MULTISPECIES: HPr family phosphocarrier protein [Mediterraneibacter],Bin 1,7
WP_015529325.1,MULTISPECIES: carbohydrate ABC transporter permease [Mediterraneibacter],Bin 1,7
WP_015529352.1,MULTISPECIES: phosphate ABC transporter permease PstA [Mediterraneibacter],Bin 1,7
WP_015529358.1,MULTISPECIES: hypothetical protein [Mediterraneibacter],Bin 1,7
WP_015529369.1,MULTISPECIES: hypothetical protein [Mediterraneibacter],Bin 1,7
WP_015529429.1,MULTISPECIES: 16S rRNA (cytidine(1402)-2'-O)-methyltransferase [Mediterraneibacter],Bin 1,7
WP_015529512.1,MULTISPECIES: hypothetical protein [Lachnospiraceae],Bin 1,7
WP_015529516.1,MULTISPECIES: YlxM family DNA-binding protein [Lachnospiraceae],Bin 1,7
WP_015529543.1,MULTISPECIES: CTP synthase [Mediterraneibacter],Bin 1,7
WP_015529547.1,MULTISPECIES: Wadjet anti-phage system protein JetA family protein [Mediterraneibacter],Bin 1,7
WP_015529572.1,MULTISPECIES: carbohydrate ABC transporter permease [Mediterraneibacter],Bin 1,7
WP_015529574.1,MULTISPECIES: amylosucrase [Mediterraneibacter],Bin 1,7
WP_015529587.1,MULTISPECIES: ROK family glucokinase [Mediterraneibacter],Bin 1,7
WP_015529607.1,phosphoribosylformimino-5-aminoimidazole carboxamide ribotide isomerase [[Ruminococcus] torques],Bin 1,7
WP_015529621.1,MULTISPECIES: BMC domain-containing protein [Mediterraneibacter],Bin 1,7
WP_015529622.1,MULTISPECIES: BMC domain-containing protein [Mediterraneibacter],Bin 1,7
WP_015529624.1,DUF975 family protein [[Ruminococcus] torques],Bin 1,7
WP_015529635.1,MULTISPECIES: 3-isopropylmalate dehydratase small subunit [Mediterraneibacter],Bin 1,7
WP_015529640.1,MULTISPECIES: phosphomethylpyrimidine synthase ThiC [Mediterraneibacter],Bin 1,7
WP_015529641.1,MULTISPECIES: energy coupling factor transporter S component ThiW [Mediterraneibacter],Bin 1,7
WP_015529649.1,MULTISPECIES: BMC domain-containing protein [Mediterraneibacter],Bin 1,7
WP_015529650.1,MULTISPECIES: BMC domain-containing protein [Mediterraneibacter],Bin 1,7
WP_015529710.1,MULTISPECIES: metal-dependent transcriptional regulator [Mediterraneibacter],Bin 1,7
WP_015529712.1,MULTISPECIES: ferrous iron transport protein A [Mediterraneibacter],Bin 1,7
WP_015529734.1,aldose epimerase family protein [[Ruminococcus] torques],Bin 1,7
WP_015529762.1,MULTISPECIES: ABC transporter permease [Lachnospiraceae],Bin 1,7
WP_015529766.1,MULTISPECIES: glycerol-3-phosphate 1-O-acyltransferase PlsY [Mediterraneibacter],Bin 1,7
WP_015529770.1,MULTISPECIES: HPr family phosphocarrier protein [Mediterraneibacter],Bin 1,7
WP_015529777.1,MULTISPECIES: prephenate dehydratase [Lachnospiraceae],Bin 1,7
WP_015529778.1,MULTISPECIES: ATP-binding protein [Mediterraneibacter],Bin 1,7
WP_015529781.1,MULTISPECIES: guanylate kinase [Lachnospiraceae],Bin 1,7
WP_015529807.1,TIGR03915 family putative DNA repair protein [[Ruminococcus] torques],Bin 1,7
WP_015529908.1,MULTISPECIES: hypothetical protein [Mediterraneibacter],Bin 1,7
WP_015529939.1,MULTISPECIES: ureidoglycolate lyase [Mediterraneibacter],Bin 1,7
WP_015529952.1,ABC transporter ATP-binding protein [[Ruminococcus] torques],Bin 1,7
WP_015529956.1,hypothetical protein [[Ruminococcus] torques],Bin 1,7
WP_015529988.1,FHA domain-containing protein [[Ruminococcus] torques],Bin 1,7
WP_015530088.1,MULTISPECIES: cysteine synthase A [Mediterraneibacter],Bin 1,7
WP_015530108.1,MULTISPECIES: HPr family phosphocarrier protein [Mediterraneibacter],Bin 1,7
WP_020435645.1,MULTISPECIES: molybdopterin-binding protein [Lachnospiraceae],Bin 1,7
WP_020435697.1,MULTISPECIES: Fur family transcriptional regulator [Mediterraneibacter],Bin 1,7
WP_020435706.1,MULTISPECIES: 1-phosphofructokinase [Mediterraneibacter],Bin 1,7
WP_020435839.1,MULTISPECIES: sodium-translocating pyrophosphatase [Mediterraneibacter],Bin 1,7
WP_020435856.1,MULTISPECIES: hypothetical protein [Mediterraneibacter],Bin 1,7
WP_020435879.1,MULTISPECIES: GntR family transcriptional regulator [Clostridia],Bin 1,7
WP_020435958.1,MULTISPECIES: helix-turn-helix domain-containing protein [Mediterraneibacter],Bin 1,7
WP_020436008.1,MULTISPECIES: rod shape-determining protein MreC [Mediterraneibacter],Bin 1,7
WP_020436158.1,MULTISPECIES: HAD family hydrolase [Mediterraneibacter],Bin 1,7
WP_020436178.1,MULTISPECIES: RNA polymerase sporulation sigma factor SigK [Mediterraneibacter],Bin 1,7
WP_020436186.1,MULTISPECIES: MOSC domain-containing protein [Mediterraneibacter],Bin 1,7
WP_020436187.1,MULTISPECIES: GTP 3' 8-cyclase MoaA [Mediterraneibacter],Bin 1,7
WP_020436188.1,MULTISPECIES: MogA/MoaB family molybdenum cofactor biosynthesis protein [Mediterraneibacter],Bin 1,7
WP_020436191.1,MULTISPECIES: dicarboxylate/amino acid:cation symporter [Mediterraneibacter],Bin 1,7
WP_020436194.1,MULTISPECIES: pyruvate formate-lyase-activating protein [Mediterraneibacter],Bin 1,7
WP_020436197.1,MULTISPECIES: hypothetical protein [Mediterraneibacter],Bin 1,7
WP_020436198.1,MULTISPECIES: histidine phosphatase family protein [Mediterraneibacter],Bin 1,7
WP_020436199.1,MULTISPECIES: alpha/beta hydrolase [Mediterraneibacter],Bin 1,7
WP_020436207.1,MULTISPECIES: carbohydrate ABC transporter permease [Mediterraneibacter],Bin 1,7
WP_020436208.1,MULTISPECIES: RluA family pseudouridine synthase [Mediterraneibacter],Bin 1,7
WP_020436209.1,MULTISPECIES: ABC transporter permease [Mediterraneibacter],Bin 1,7
WP_020436210.1,MULTISPECIES: imidazole glycerol phosphate synthase subunit HisH [Mediterraneibacter],Bin 1,7
WP_020436211.1,MULTISPECIES: sensor histidine kinase [Mediterraneibacter],Bin 1,7
WP_020436216.1,MULTISPECIES: polyamine aminopropyltransferase [Mediterraneibacter],Bin 1,7
WP_020436217.1,agmatinase [[Ruminococcus] torques],Bin 1,7
WP_020436218.1,saccharopine dehydrogenase family protein [[Ruminococcus] torques],Bin 1,7
WP_020436219.1,carboxynorspermidine decarboxylase [[Ruminococcus] torques],Bin 1,7
WP_020436220.1,MULTISPECIES: SpoVA/SpoVAEb family sporulation membrane protein [Mediterraneibacter],Bin 1,7
WP_020436223.1,MULTISPECIES: CpsB/CapC family capsule biosynthesis tyrosine phosphatase [Mediterraneibacter],Bin 1,7
WP_020436224.1,MULTISPECIES: YveK family protein [Mediterraneibacter],Bin 1,7
WP_020436225.1,MULTISPECIES: CpsD/CapB family tyrosine-protein kinase [Mediterraneibacter],Bin 1,7
WP_020436244.1,MULTISPECIES: DUF362 domain-containing protein [Mediterraneibacter],Bin 1,7
WP_020436245.1,MULTISPECIES: cupin domain-containing protein [Mediterraneibacter],Bin 1,7
WP_020436249.1,MULTISPECIES: stage II sporulation protein P [Mediterraneibacter],Bin 1,7
WP_020436254.1,MULTISPECIES: RNase P modulator RnpM [Mediterraneibacter],Bin 1,7
WP_020436257.1,MULTISPECIES: DHH family phosphoesterase [Mediterraneibacter],Bin 1,7
WP_020436258.1,MULTISPECIES: tRNA pseudouridine(55) synthase TruB [Mediterraneibacter],Bin 1,7
WP_020436261.1,MULTISPECIES: SpoIIIAC/SpoIIIAD family protein [Mediterraneibacter],Bin 1,7
WP_020436262.1,MULTISPECIES: stage III sporulation protein AE [Mediterraneibacter],Bin 1,7
WP_020436263.1,MULTISPECIES: stage III sporulation protein AF [Mediterraneibacter],Bin 1,7
WP_020436264.1,MULTISPECIES: hypothetical protein [Mediterraneibacter],Bin 1,7
WP_020436266.1,MULTISPECIES: transcription antitermination factor NusB [Mediterraneibacter],Bin 1,7
WP_020436267.1,MULTISPECIES: exodeoxyribonuclease VII large subunit [Mediterraneibacter],Bin 1,7
WP_020436269.1,MULTISPECIES: NAD(+)/NADH kinase [Mediterraneibacter],Bin 1,7
WP_020436270.1,MULTISPECIES: DNA repair protein RecN [Mediterraneibacter],Bin 1,7
WP_020436271.1,MULTISPECIES: SpoIVB peptidase [Mediterraneibacter],Bin 1,7
WP_020436275.1,MULTISPECIES: alanine--tRNA ligase [Mediterraneibacter],Bin 1,7
WP_020436284.1,MULTISPECIES: HAD family hydrolase [Mediterraneibacter],Bin 1,7
WP_020436285.1,MULTISPECIES: acyl-[acyl-carrier-protein] thioesterase [Mediterraneibacter],Bin 1,7
WP_020436286.1,stage II sporulation protein R [[Ruminococcus] torques],Bin 1,7
WP_020436289.1,DUF3794 and LysM peptidoglycan-binding domain-containing protein [[Ruminococcus] torques],Bin 1,7
WP_020436290.1,protease complex subunit PrcB family protein [[Ruminococcus] torques],Bin 1,7
WP_020436291.1,lysophospholipid acyltransferase family protein [[Ruminococcus] torques],Bin 1,7
WP_020436294.1,MULTISPECIES: flavin reductase [Mediterraneibacter],Bin 1,7
WP_020436301.1,MULTISPECIES: hypothetical protein [Mediterraneibacter],Bin 1,7
WP_020436323.1,MULTISPECIES: MATE family efflux transporter [Mediterraneibacter],Bin 1,7
WP_020436324.1,MULTISPECIES: MATE family efflux transporter [Mediterraneibacter],Bin 1,7
WP_020436325.1,MULTISPECIES: response regulator transcription factor [Mediterraneibacter],Bin 1,7
WP_020436327.1,MULTISPECIES: ABC transporter permease [Mediterraneibacter],Bin 1,7
WP_020436328.1,MULTISPECIES: sensor histidine kinase [Mediterraneibacter],Bin 1,7
WP_020436329.1,TatD family hydrolase [[Ruminococcus] torques],Bin 1,7
WP_020436333.1,MULTISPECIES: TetR/AcrR family transcriptional regulator [Mediterraneibacter],Bin 1,7
WP_020436357.1,MULTISPECIES: 2-amino-4-hydroxy-6-hydroxymethyldihydropteridine diphosphokinase [Mediterraneibacter],Bin 1,7
WP_020436370.1,MULTISPECIES: MATE family efflux transporter [Mediterraneibacter],Bin 1,7
WP_020436371.1,MULTISPECIES: YeiH family protein [Mediterraneibacter],Bin 1,7
WP_020436374.1,MULTISPECIES: acyltransferase [Mediterraneibacter],Bin 1,7
WP_020436375.1,MULTISPECIES: replication restart helicase PriA [Mediterraneibacter],Bin 1,7
WP_020436376.1,MULTISPECIES: peptide deformylase [Mediterraneibacter],Bin 1,7
WP_020436378.1,MULTISPECIES: 16S rRNA (cytosine(967)-C(5))-methyltransferase RsmB [Mediterraneibacter],Bin 1,7
WP_020436383.1,ribulose-phosphate 3-epimerase [[Ruminococcus] torques],Bin 1,7
WP_020436386.1,MULTISPECIES: prolipoprotein diacylglyceryl transferase [Mediterraneibacter],Bin 1,7
WP_020436388.1,MULTISPECIES: AraC family transcriptional regulator [Mediterraneibacter],Bin 1,7
WP_020436389.1,MULTISPECIES: L-fucose isomerase [Mediterraneibacter],Bin 1,7
WP_020436391.1,MULTISPECIES: ABC transporter permease [Mediterraneibacter],Bin 1,7
WP_020436392.1,MULTISPECIES: sugar ABC transporter ATP-binding protein [Mediterraneibacter],Bin 1,7
WP_020436393.1,MULTISPECIES: substrate-binding domain-containing protein [Mediterraneibacter],Bin 1,7
WP_020436394.1,MULTISPECIES: RbsD/FucU family protein [Mediterraneibacter],Bin 1,7
WP_020436396.1,HAD family hydrolase [[Ruminococcus] torques],Bin 1,7
WP_020436397.1,MULTISPECIES: beta-ketoacyl-ACP synthase III [Mediterraneibacter],Bin 1,7
WP_020436399.1,MULTISPECIES: ACP S-malonyltransferase [Mediterraneibacter],Bin 1,7
WP_020436401.1,beta-ketoacyl-ACP synthase II [[Ruminococcus] torques],Bin 1,7
WP_020436402.1,MULTISPECIES: acetyl-CoA carboxylase biotin carboxylase subunit [Mediterraneibacter],Bin 1,7
WP_020436403.1,acetyl-CoA carboxylase carboxyl transferase subunit [[Ruminococcus] torques],Bin 1,7
WP_020436408.1,MULTISPECIES: permease-like cell division protein FtsX [Mediterraneibacter],Bin 1,7
WP_020436414.1,MULTISPECIES: Asp-tRNA(Asn)/Glu-tRNA(Gln) amidotransferase subunit GatA [Mediterraneibacter],Bin 1,7
WP_020436416.1,MULTISPECIES: DnaJ C-terminal domain-containing protein [Mediterraneibacter],Bin 1,7
WP_020436418.1,MULTISPECIES: methionine ABC transporter permease [Mediterraneibacter],Bin 1,7
WP_020436419.1,MetQ/NlpA family ABC transporter substrate-binding protein [[Ruminococcus] torques],Bin 1,7
WP_020436421.1,MULTISPECIES: ABC transporter substrate-binding protein [Mediterraneibacter],Bin 1,7
WP_020436422.1,dipeptide ABC transporter ATP-binding protein [[Ruminococcus] torques],Bin 1,7
WP_020436423.1,ABC transporter permease [[Ruminococcus] torques],Bin 1,7
WP_020436425.1,MULTISPECIES: sulfurtransferase-like selenium metabolism protein YedF [Mediterraneibacter],Bin 1,7
WP_020436427.1,L-seryl-tRNA(Sec) selenium transferase [[Ruminococcus] torques],Bin 1,7
WP_020436429.1,selenium metabolism-associated LysR family transcriptional regulator [[Ruminococcus] torques],Bin 1,7
WP_020436430.1,MULTISPECIES: aminotransferase class V-fold PLP-dependent enzyme [Mediterraneibacter],Bin 1,7
WP_020436432.1,MULTISPECIES: FprA family A-type flavoprotein [Mediterraneibacter],Bin 1,7
WP_020436441.1,ATP-dependent sacrificial sulfur transferase LarE [[Ruminococcus] torques],Bin 1,7
WP_020436443.1,nickel pincer cofactor biosynthesis protein LarC [[Ruminococcus] torques],Bin 1,7
WP_020436445.1,MULTISPECIES: HPr(Ser) kinase/phosphatase [Mediterraneibacter],Bin 1,7
WP_020436446.1,MATE family efflux transporter [[Ruminococcus] torques],Bin 1,7
WP_020436447.1,MULTISPECIES: chloride channel protein [Mediterraneibacter],Bin 1,7
WP_020436462.1,MULTISPECIES: sporulation integral membrane protein YtvI [Mediterraneibacter],Bin 1,7
WP_020436468.1,MULTISPECIES: helix-turn-helix transcriptional regulator [Mediterraneibacter],Bin 1,7
WP_020436473.1,MULTISPECIES: DUF3881 family protein [Mediterraneibacter],Bin 1,7
WP_020436487.1,MULTISPECIES: undecaprenyl-diphosphate phosphatase [Mediterraneibacter],Bin 1,7
WP_020436488.1,MULTISPECIES: transporter substrate-binding domain-containing protein [Mediterraneibacter],Bin 1,7
WP_020436492.1,MULTISPECIES: diacylglycerol/lipid kinase family protein [Mediterraneibacter],Bin 1,7
WP_020436494.1,MULTISPECIES: phosphatase PAP2 family protein [Mediterraneibacter],Bin 1,7
WP_020436500.1,MULTISPECIES: tetratricopeptide repeat protein [Mediterraneibacter],Bin 1,7
WP_020436503.1,MULTISPECIES: elongation factor P 5-aminopentanone reductase [Mediterraneibacter],Bin 1,7
WP_020436504.1,AraC family transcriptional regulator [[Ruminococcus] torques],Bin 1,7
WP_020436507.1,MULTISPECIES: NADH-quinone oxidoreductase subunit NuoF [Mediterraneibacter],Bin 1,7
WP_020436508.1,MULTISPECIES: [FeFe] hydrogenase  group A [Mediterraneibacter],Bin 1,7
WP_020436521.1,MULTISPECIES: Cof-type HAD-IIB family hydrolase [Mediterraneibacter],Bin 1,7
WP_020436522.1,MULTISPECIES: phosphatase [Mediterraneibacter],Bin 1,7
WP_020436523.1,glycyl radical protein [[Ruminococcus] torques],Bin 1,7
WP_020436524.1,MULTISPECIES: class II aldolase/adducin family protein [Mediterraneibacter],Bin 1,7
WP_020436525.1,MULTISPECIES: aldehyde dehydrogenase family protein [Mediterraneibacter],Bin 1,7
WP_020436527.1,MULTISPECIES: BMC domain-containing protein [Mediterraneibacter],Bin 1,7
WP_020436528.1,MULTISPECIES: 1-propanol dehydrogenase PduQ [Mediterraneibacter],Bin 1,7
WP_020436529.1,MULTISPECIES: glucosaminidase domain-containing protein [Mediterraneibacter],Bin 1,7
WP_020436531.1,MULTISPECIES: LTA synthase family protein [Mediterraneibacter],Bin 1,7
WP_020436532.1,MULTISPECIES: bifunctional folylpolyglutamate synthase/dihydrofolate synthase [Mediterraneibacter],Bin 1,7
WP_020436542.1,TrmH family RNA methyltransferase [[Ruminococcus] torques],Bin 1,7
WP_020436548.1,MULTISPECIES: sensor histidine kinase [Mediterraneibacter],Bin 1,7
WP_020436553.1,MULTISPECIES: Na/Pi cotransporter family protein [Mediterraneibacter],Bin 1,7
WP_020436554.1,MULTISPECIES: CCA tRNA nucleotidyltransferase [Mediterraneibacter],Bin 1,7
WP_020436555.1,MULTISPECIES: hypothetical protein [Mediterraneibacter],Bin 1,7
WP_020436557.1,MULTISPECIES: spore cortex biosynthesis protein YabQ [Mediterraneibacter],Bin 1,7
WP_020436559.1,MULTISPECIES: SpoIIE family protein phosphatase [Mediterraneibacter],Bin 1,7
WP_020436562.1,MULTISPECIES: glycoside hydrolase family 13 protein [Mediterraneibacter],Bin 1,7
WP_020436568.1,MULTISPECIES: biotin synthase BioB [Mediterraneibacter],Bin 1,7
WP_020436569.1,MULTISPECIES: TrkH family potassium uptake protein [Mediterraneibacter],Bin 1,7
WP_020436579.1,MULTISPECIES: MFS transporter [Mediterraneibacter],Bin 1,7
WP_020436580.1,MULTISPECIES: hypothetical protein [Mediterraneibacter],Bin 1,7
WP_020436581.1,MULTISPECIES: sirohydrochlorin cobaltochelatase [Mediterraneibacter],Bin 1,7
WP_020436583.1,MULTISPECIES: AzlD domain-containing protein [Mediterraneibacter],Bin 1,7
WP_020436589.1,MULTISPECIES: YibE/F family protein [Mediterraneibacter],Bin 1,7
WP_020436595.1,M20 family metallopeptidase [[Ruminococcus] torques],Bin 1,7
WP_020436605.1,MULTISPECIES: electron transport complex subunit RsxC [Mediterraneibacter],Bin 1,7
WP_020436609.1,MULTISPECIES: FAD:protein FMN transferase [Mediterraneibacter],Bin 1,7
WP_020436610.1,MULTISPECIES: NusG domain II-containing protein [Mediterraneibacter],Bin 1,7
WP_020436613.1,MULTISPECIES: U32 family peptidase [Mediterraneibacter],Bin 1,7
WP_020436614.1,MULTISPECIES: FtsW/RodA/SpoVE family cell cycle protein [Mediterraneibacter],Bin 1,7
WP_020436616.1,MULTISPECIES: hypothetical protein [Mediterraneibacter],Bin 1,7
WP_020436617.1,MULTISPECIES: DUF2953 domain-containing protein [Mediterraneibacter],Bin 1,7
WP_020436618.1,MULTISPECIES: GerW family sporulation protein [Mediterraneibacter],Bin 1,7
WP_020436622.1,ATP-dependent DNA helicase RecG [[Ruminococcus] torques],Bin 1,7
WP_020436629.1,MULTISPECIES: YlmC/YmxH family sporulation protein [Mediterraneibacter],Bin 1,7
WP_020436633.1,MULTISPECIES: hypothetical protein [Mediterraneibacter],Bin 1,7
WP_020436635.1,MULTISPECIES: pseudouridine synthase [Mediterraneibacter],Bin 1,7
WP_020436636.1,MULTISPECIES: YgiQ family radical SAM protein [Mediterraneibacter],Bin 1,7
WP_020436639.1,MULTISPECIES: RluA family pseudouridine synthase [Mediterraneibacter],Bin 1,7
WP_020436645.1,MULTISPECIES: hypothetical protein [Mediterraneibacter],Bin 1,7
WP_020436647.1,MULTISPECIES: PAS domain-containing protein [Mediterraneibacter],Bin 1,7
WP_020436653.1,MULTISPECIES: L-arabinose isomerase [Mediterraneibacter],Bin 1,7
WP_020436658.1,MULTISPECIES: HAD family hydrolase [Mediterraneibacter],Bin 1,7
WP_020436660.1,MULTISPECIES: CidA/LrgA family protein [Mediterraneibacter],Bin 1,7
WP_020436661.1,MULTISPECIES: LrgB family protein [Mediterraneibacter],Bin 1,7
WP_020436667.1,transglutaminase domain-containing protein [[Ruminococcus] torques],Bin 1,7
WP_020436672.1,MULTISPECIES: thiamine phosphate synthase [Mediterraneibacter],Bin 1,7
WP_020436675.1,MULTISPECIES: Fe-S-containing hydro-lyase [Mediterraneibacter],Bin 1,7
WP_020436676.1,MULTISPECIES: L-threonylcarbamoyladenylate synthase [Mediterraneibacter],Bin 1,7
WP_020436678.1,MULTISPECIES: glycosyl hydrolase family 18 protein [Mediterraneibacter],Bin 1,7
WP_020436679.1,MULTISPECIES: adaptor protein MecA [Clostridia],Bin 1,7
WP_020436680.1,MULTISPECIES: C40 family peptidase [Mediterraneibacter],Bin 1,7
WP_020436682.1,MULTISPECIES: ABC1 kinase family protein [Mediterraneibacter],Bin 1,7
WP_020436683.1,MULTISPECIES: hypothetical protein [Mediterraneibacter],Bin 1,7
WP_020436685.1,MULTISPECIES: TetR/AcrR family transcriptional regulator C-terminal domain-containing protein [Mediterraneibacter],Bin 1,7
WP_020436686.1,MULTISPECIES: YdcF family protein [Mediterraneibacter],Bin 1,7
WP_020436687.1,MULTISPECIES: SseB family protein [Mediterraneibacter],Bin 1,7
WP_020436696.1,AAA family ATPase [[Ruminococcus] torques],Bin 1,7
WP_020436697.1,MULTISPECIES: sulfur carrier protein ThiS [Mediterraneibacter],Bin 1,7
WP_020436699.1,MULTISPECIES: thiazole synthase [Mediterraneibacter],Bin 1,7
WP_020436700.1,MULTISPECIES: 2-iminoacetate synthase ThiH [Mediterraneibacter],Bin 1,7
WP_020436712.1,MULTISPECIES: helix-turn-helix domain-containing protein [Mediterraneibacter],Bin 1,7
WP_020436714.1,MULTISPECIES: HAD family hydrolase [Mediterraneibacter],Bin 1,7
WP_020436715.1,MULTISPECIES: DNA polymerase I [Mediterraneibacter],Bin 1,7
WP_020436716.1,MULTISPECIES: dephospho-CoA kinase [Mediterraneibacter],Bin 1,7
WP_020436718.1,MULTISPECIES: nucleotidyltransferase [Mediterraneibacter],Bin 1,7
WP_020436721.1,MULTISPECIES: ribonuclease III [Mediterraneibacter],Bin 1,7
WP_020436722.1,MULTISPECIES: chromosome segregation protein SMC [Mediterraneibacter],Bin 1,7
WP_020436726.1,MULTISPECIES: AraC family transcriptional regulator [Mediterraneibacter],Bin 1,7
WP_020436747.1,MULTISPECIES: ABC transporter substrate-binding protein [Mediterraneibacter],Bin 1,7
WP_020436750.1,MULTISPECIES: inositol monophosphatase family protein [Mediterraneibacter],Bin 1,7
WP_020436753.1,MULTISPECIES: 4-alpha-glucanotransferase [Mediterraneibacter],Bin 1,7
WP_020436754.1,MULTISPECIES: MATE family efflux transporter [Mediterraneibacter],Bin 1,7
WP_020436759.1,MULTISPECIES: SpoIID/LytB domain-containing protein [Mediterraneibacter],Bin 1,7
WP_020436771.1,MULTISPECIES: guanylate kinase [Mediterraneibacter],Bin 1,7
WP_020436776.1,MULTISPECIES: phosphodiesterase [Mediterraneibacter],Bin 1,7
WP_020436777.1,MULTISPECIES: NYN domain-containing protein [Mediterraneibacter],Bin 1,7
WP_020436778.1,MULTISPECIES: hypothetical protein [Mediterraneibacter],Bin 1,7
WP_020436779.1,MULTISPECIES: FAD-binding protein [Mediterraneibacter],Bin 1,7
WP_020436780.1,MULTISPECIES: 2Fe-2S iron-sulfur cluster-binding protein [Mediterraneibacter],Bin 1,7
WP_020436781.1,MULTISPECIES: LysR family transcriptional regulator [Mediterraneibacter],Bin 1,7
WP_020436796.1,MULTISPECIES: Cof-type HAD-IIB family hydrolase [Mediterraneibacter],Bin 1,7
WP_020436798.1,MULTISPECIES: S1 RNA-binding domain-containing protein [Mediterraneibacter],Bin 1,7
WP_020436801.1,MULTISPECIES: DUF1934 domain-containing protein [Mediterraneibacter],Bin 1,7
WP_020436803.1,MULTISPECIES: hypothetical protein [Mediterraneibacter],Bin 1,7
WP_020436816.1,MULTISPECIES: hypothetical protein [Mediterraneibacter],Bin 1,7
WP_020436819.1,MULTISPECIES: ABC transporter substrate-binding protein [Mediterraneibacter],Bin 1,7
WP_020436820.1,MULTISPECIES: ABC transporter permease [Mediterraneibacter],Bin 1,7
WP_020436822.1,MULTISPECIES: type II toxin-antitoxin system HicB family antitoxin [Mediterraneibacter],Bin 1,7
WP_020436823.1,MULTISPECIES: homoserine dehydrogenase [Mediterraneibacter],Bin 1,7
WP_020436825.1,MULTISPECIES: dihydrofolate reductase [Mediterraneibacter],Bin 1,7
WP_020436826.1,MULTISPECIES: metal ABC transporter substrate-binding protein [Mediterraneibacter],Bin 1,7
WP_020436829.1,MULTISPECIES: PqqD family protein [Mediterraneibacter],Bin 1,7
WP_020436831.1,MULTISPECIES: class I SAM-dependent DNA methyltransferase [Mediterraneibacter],Bin 1,7
WP_020436833.1,MULTISPECIES: NAD(+) synthase [Mediterraneibacter],Bin 1,7
WP_020436836.1,MULTISPECIES: amidohydrolase family protein [Mediterraneibacter],Bin 1,7
WP_020436840.1,MULTISPECIES: helix-turn-helix transcriptional regulator [Mediterraneibacter],Bin 1,7
WP_020436843.1,MULTISPECIES: putative selenate reductase subunit YgfK [Mediterraneibacter],Bin 1,7
WP_020436844.1,MULTISPECIES: selenium cofactor biosynthesis protein YqeC [Mediterraneibacter],Bin 1,7
WP_020436846.1,MULTISPECIES: NTP transferase domain-containing protein [Mediterraneibacter],Bin 1,7
WP_020436847.1,MULTISPECIES: molybdate ABC transporter substrate-binding protein [Mediterraneibacter],Bin 1,7
WP_020436863.1,MULTISPECIES: hypothetical protein [Lachnospiraceae],Bin 1,7
WP_020436875.1,MULTISPECIES: mechanosensitive ion channel family protein [Mediterraneibacter],Bin 1,7
WP_020436910.1,MULTISPECIES: DUF5685 family protein [Mediterraneibacter],Bin 1,7
WP_020436911.1,MULTISPECIES: hypothetical protein [Mediterraneibacter],Bin 1,7
WP_020436914.1,MULTISPECIES: YidC/Oxa1 family membrane protein insertase [Mediterraneibacter],Bin 1,7
WP_020436922.1,MULTISPECIES: single-stranded-DNA-specific exonuclease RecJ [Mediterraneibacter],Bin 1,7
WP_020436923.1,MULTISPECIES: protein translocase subunit SecDF [Mediterraneibacter],Bin 1,7
WP_020436927.1,MULTISPECIES: stage V sporulation T C-terminal domain-containing protein [Mediterraneibacter],Bin 1,7
WP_020436929.1,MULTISPECIES: AraC family transcriptional regulator [Mediterraneibacter],Bin 1,7
WP_020436931.1,MULTISPECIES: hypothetical protein [Mediterraneibacter],Bin 1,7
WP_020436934.1,MULTISPECIES: 6-phosphofructokinase [Mediterraneibacter],Bin 1,7
WP_020436936.1,MULTISPECIES: rubrerythrin [Mediterraneibacter],Bin 1,7
WP_020436937.1,MULTISPECIES: DegV family protein [Mediterraneibacter],Bin 1,7
WP_020436938.1,bifunctional metallophosphatase/5'-nucleotidase [[Ruminococcus] torques],Bin 1,7
WP_020436940.1,MULTISPECIES: glycoside hydrolase family 13 protein [Mediterraneibacter],Bin 1,7
WP_020436967.1,MULTISPECIES: hypothetical protein [Mediterraneibacter],Bin 1,7
WP_020436968.1,MULTISPECIES: 5-formyltetrahydrofolate cyclo-ligase [Mediterraneibacter],Bin 1,7
WP_020436974.1,MULTISPECIES: 2-C-methyl-D-erythritol 2 4-cyclodiphosphate synthase [Mediterraneibacter],Bin 1,7
WP_020436998.1,MULTISPECIES: (2Fe-2S)-binding protein [Mediterraneibacter],Bin 1,7
WP_020437002.1,MULTISPECIES: GNAT family N-acetyltransferase [Mediterraneibacter],Bin 1,7
WP_020437006.1,MULTISPECIES: S1C family serine protease [Mediterraneibacter],Bin 1,7
WP_020437008.1,MULTISPECIES: sensor histidine kinase [Mediterraneibacter],Bin 1,7
WP_020437009.1,MULTISPECIES: substrate-binding domain-containing protein [Mediterraneibacter],Bin 1,7
WP_020437010.1,MULTISPECIES: helix-turn-helix domain-containing protein [Mediterraneibacter],Bin 1,7
WP_020437013.1,MULTISPECIES: DHH family phosphoesterase [Mediterraneibacter],Bin 1,7
WP_020437015.1,MULTISPECIES: lactate utilization protein [Mediterraneibacter],Bin 1,7
WP_020437019.1,MULTISPECIES: N-acetylglucosamine-6-phosphate deacetylase [Mediterraneibacter],Bin 1,7
WP_020437020.1,MULTISPECIES: sodium/proline symporter [Mediterraneibacter],Bin 1,7
WP_020437044.1,D-alanyl-D-alanine carboxypeptidase family protein [[Ruminococcus] torques],Bin 1,7
WP_020437045.1,SMC-Scp complex subunit ScpB [[Ruminococcus] torques],Bin 1,7
WP_020437047.1,metallophosphoesterase [[Ruminococcus] torques],Bin 1,7
WP_020437049.1,MULTISPECIES: J domain-containing protein [Mediterraneibacter],Bin 1,7
WP_020437055.1,MULTISPECIES: ABC transporter ATP-binding protein [Mediterraneibacter],Bin 1,7
WP_020437058.1,MULTISPECIES: oleate hydratase [Mediterraneibacter],Bin 1,7
WP_020437059.1,MULTISPECIES: restriction endonuclease [Mediterraneibacter],Bin 1,7
WP_020437060.1,MULTISPECIES: glycerol-3-phosphate responsive antiterminator [Mediterraneibacter],Bin 1,7
WP_020437061.1,MULTISPECIES: DUF1667 domain-containing protein [Mediterraneibacter],Bin 1,7
WP_020437062.1,MULTISPECIES: NAD(P)/FAD-dependent oxidoreductase [Mediterraneibacter],Bin 1,7
WP_020437063.1,MULTISPECIES: NAD(P)/FAD-dependent oxidoreductase [Mediterraneibacter],Bin 1,7
WP_020437069.1,MULTISPECIES: DUF6382 domain-containing protein [Mediterraneibacter],Bin 1,7
WP_020437072.1,MULTISPECIES: hypothetical protein [Mediterraneibacter],Bin 1,7
WP_020437074.1,MULTISPECIES: Flp1 family type IVb pilin [Mediterraneibacter],Bin 1,7
WP_020437075.1,MULTISPECIES: type II secretion system F family protein [Mediterraneibacter],Bin 1,7
WP_020437082.1,MULTISPECIES: DegV family protein [Mediterraneibacter],Bin 1,7
WP_020437083.1,MULTISPECIES: pyridoxal phosphate-dependent aminotransferase [Mediterraneibacter],Bin 1,7
WP_020437086.1,MULTISPECIES: transglutaminase domain-containing protein [Mediterraneibacter],Bin 1,7
WP_020437087.1,MULTISPECIES: DUF3878 family protein [Mediterraneibacter],Bin 1,7
WP_020437091.1,MULTISPECIES: chromate transporter [Mediterraneibacter],Bin 1,7
WP_020437092.1,MULTISPECIES: chromate transporter [Mediterraneibacter],Bin 1,7
WP_020437093.1,N-acetylmuramoyl-L-alanine amidase family protein [[Ruminococcus] torques],Bin 1,7
WP_020437095.1,MULTISPECIES: FKBP-type peptidyl-prolyl cis-trans isomerase [Mediterraneibacter],Bin 1,7
WP_020437096.1,FUSC family protein [[Ruminococcus] torques],Bin 1,7
WP_020437097.1,LysM peptidoglycan-binding domain-containing protein [[Ruminococcus] torques],Bin 1,7
WP_020437098.1,CvpA family protein [[Ruminococcus] torques],Bin 1,7
WP_020437099.1,DUF5979 domain-containing protein [[Ruminococcus] torques],Bin 1,7
WP_020437100.1,MULTISPECIES: signal peptidase I [Mediterraneibacter],Bin 1,7
WP_020437101.1,MULTISPECIES: DUF7601 domain-containing protein [Mediterraneibacter],Bin 1,7
WP_020437103.1,MULTISPECIES: L-serine ammonia-lyase  iron-sulfur-dependent subunit beta [Mediterraneibacter],Bin 1,7
WP_020437104.1,MULTISPECIES: L-serine ammonia-lyase  iron-sulfur-dependent  subunit alpha [Mediterraneibacter],Bin 1,7
WP_020437109.1,MULTISPECIES: TetR/AcrR family transcriptional regulator [Mediterraneibacter],Bin 1,7
WP_020437110.1,MULTISPECIES: MalY/PatB family protein [Mediterraneibacter],Bin 1,7
WP_020437121.1,MULTISPECIES: LacI family DNA-binding transcriptional regulator [Mediterraneibacter],Bin 1,7
WP_020437151.1,MULTISPECIES: adenosylcobinamide-phosphate synthase CbiB [Mediterraneibacter],Bin 1,7
WP_020437153.1,MULTISPECIES: pyridoxal phosphate-dependent aminotransferase [Mediterraneibacter],Bin 1,7
WP_020437154.1,MULTISPECIES: cobyric acid synthase [Mediterraneibacter],Bin 1,7
WP_020437155.1,MULTISPECIES: MATE family efflux transporter [Mediterraneibacter],Bin 1,7
WP_020437177.1,MULTISPECIES: pyridoxamine kinase [Mediterraneibacter],Bin 1,7
WP_020437178.1,MULTISPECIES: Na+/H+ antiporter NhaC family protein [Mediterraneibacter],Bin 1,7
WP_020437179.1,MULTISPECIES: pseudouridine synthase [Mediterraneibacter],Bin 1,7
WP_020437182.1,MULTISPECIES: HD-GYP domain-containing protein [Mediterraneibacter],Bin 1,7
WP_020437183.1,MULTISPECIES: YitT family protein [Mediterraneibacter],Bin 1,7
WP_020437186.1,MULTISPECIES: xanthine dehydrogenase subunit XdhC [Mediterraneibacter],Bin 1,7
WP_020437187.1,MULTISPECIES: xanthine dehydrogenase subunit XdhB [Mediterraneibacter],Bin 1,7
WP_020437188.1,MULTISPECIES: xanthine dehydrogenase subunit XdhA [Mediterraneibacter],Bin 1,7
WP_020437193.1,MULTISPECIES: transcription repressor NadR [Mediterraneibacter],Bin 1,7
WP_020437199.1,MULTISPECIES: RluA family pseudouridine synthase [Mediterraneibacter],Bin 1,7
WP_020437207.1,MULTISPECIES: QueT transporter family protein [Mediterraneibacter],Bin 1,7
WP_020437208.1,C39 family peptidase [[Ruminococcus] torques],Bin 1,7
WP_020437209.1,MULTISPECIES: class I SAM-dependent methyltransferase [Mediterraneibacter],Bin 1,7
WP_020437214.1,MULTISPECIES: preprotein translocase subunit SecE [Mediterraneibacter],Bin 1,7
WP_020437221.1,MULTISPECIES: ABC-2 transporter permease [Mediterraneibacter],Bin 1,7
WP_020437226.1,hypothetical protein [[Ruminococcus] torques],Bin 1,7
WP_020437233.1,diacylglycerol/lipid kinase family protein [[Ruminococcus] torques],Bin 1,7
WP_020437236.1,MULTISPECIES: UDP-N-acetylmuramate dehydrogenase [Mediterraneibacter],Bin 1,7
WP_020437237.1,MULTISPECIES: HlyC/CorC family transporter [Mediterraneibacter],Bin 1,7
WP_020437238.1,N-acetylmuramoyl-L-alanine amidase [[Ruminococcus] torques],Bin 1,7
WP_020437250.1,MULTISPECIES: M20 family metallopeptidase [Mediterraneibacter],Bin 1,7
WP_020437252.1,MULTISPECIES: GNAT family N-acetyltransferase [Mediterraneibacter],Bin 1,7
WP_020437254.1,MULTISPECIES: MFS transporter [Mediterraneibacter],Bin 1,7
WP_020437281.1,MULTISPECIES: heavy metal translocating P-type ATPase [Mediterraneibacter],Bin 1,7
WP_020437282.1,MULTISPECIES: cation transporter [Mediterraneibacter],Bin 1,7
WP_020437283.1,MULTISPECIES: ArsR/SmtB family transcription factor [Mediterraneibacter],Bin 1,7
WP_020437284.1,NAD(+) diphosphatase [[Ruminococcus] torques],Bin 1,7
WP_020437285.1,MULTISPECIES: signal peptidase II [Mediterraneibacter],Bin 1,7
WP_020437288.1,MULTISPECIES: DHHW family protein [Mediterraneibacter],Bin 1,7
WP_020437289.1,MULTISPECIES: MBOAT family O-acyltransferase [Mediterraneibacter],Bin 1,7
WP_020437291.1,MULTISPECIES: DUF5721 family protein [Mediterraneibacter],Bin 1,7
WP_020437294.1,MULTISPECIES: PucR family transcriptional regulator [Mediterraneibacter],Bin 1,7
WP_020437304.1,MULTISPECIES: metallophosphoesterase family protein [Mediterraneibacter],Bin 1,7
WP_020437306.1,MULTISPECIES: hypothetical protein [Mediterraneibacter],Bin 1,7
WP_020437308.1,MULTISPECIES: hypothetical protein [Mediterraneibacter],Bin 1,7
WP_020437309.1,MULTISPECIES: dihydroorotase [Mediterraneibacter],Bin 1,7
WP_020437310.1,heavy metal translocating P-type ATPase [[Ruminococcus] torques],Bin 1,7
WP_020437311.1,MULTISPECIES: FtsX-like permease family protein [Mediterraneibacter],Bin 1,7
WP_020437313.1,MULTISPECIES: zinc dependent phospholipase C family protein [Mediterraneibacter],Bin 1,7
WP_044999424.1,MULTISPECIES: lantibiotic protection ABC transporter ATP-binding protein [Clostridia],Bin 1,7
WP_054751024.1,MULTISPECIES: RrF2 family transcriptional regulator [Mediterraneibacter],Bin 1,7
WP_054751034.1,MULTISPECIES: hypothetical protein [Mediterraneibacter],Bin 1,7
WP_054751207.1,MULTISPECIES: LysM peptidoglycan-binding domain-containing protein [Mediterraneibacter],Bin 1,7
WP_054751210.1,MULTISPECIES: YggS family pyridoxal phosphate-dependent enzyme [Mediterraneibacter],Bin 1,7
WP_054751224.1,MULTISPECIES: hypothetical protein [Mediterraneibacter],Bin 1,7
WP_054751394.1,MULTISPECIES: YitT family protein [Mediterraneibacter],Bin 1,7
WP_054751575.1,MULTISPECIES: L-rhamnose isomerase [Mediterraneibacter],Bin 1,7
WP_054751814.1,MULTISPECIES: ParA family protein [Mediterraneibacter],Bin 1,7
WP_054751816.1,MULTISPECIES: BMC domain-containing protein [Mediterraneibacter],Bin 1,7
WP_054752269.1,MULTISPECIES: glutamate 5-kinase [Mediterraneibacter],Bin 1,7
WP_054752309.1,MULTISPECIES: nickel pincer cofactor biosynthesis protein LarB [Mediterraneibacter],Bin 1,7
WP_054752341.1,MULTISPECIES: helix-turn-helix domain-containing protein [Mediterraneibacter],Bin 1,7
WP_054752649.1,MULTISPECIES: AAA family ATPase [Mediterraneibacter],Bin 1,7
WP_054752866.1,MULTISPECIES: DUF1292 domain-containing protein [Mediterraneibacter],Bin 1,7
WP_054752955.1,MULTISPECIES: hypothetical protein [Mediterraneibacter],Bin 1,7
WP_054753137.1,MULTISPECIES: alpha/beta fold hydrolase [Mediterraneibacter],Bin 1,7
WP_054753164.1,MULTISPECIES: DUF5692 family protein [Mediterraneibacter],Bin 1,7
WP_054753175.1,MULTISPECIES: DUF6472 family protein [Mediterraneibacter],Bin 1,7
WP_054753231.1,MULTISPECIES: carbamate kinase [Mediterraneibacter],Bin 1,7
WP_054753251.1,MULTISPECIES: F0F1 ATP synthase subunit B [Mediterraneibacter],Bin 1,7
WP_054753257.1,MULTISPECIES: ATP synthase F1 subunit epsilon [Mediterraneibacter],Bin 1,7
WP_054753326.1,MULTISPECIES: DUF6465 family protein [Mediterraneibacter],Bin 1,7
WP_054753343.1,MULTISPECIES: DUF4358 domain-containing protein [Mediterraneibacter],Bin 1,7
WP_054753423.1,MULTISPECIES: CarD family transcriptional regulator [Mediterraneibacter],Bin 1,7
WP_054753588.1,MULTISPECIES: DUF4446 family protein [Mediterraneibacter],Bin 1,7
WP_054753658.1,MULTISPECIES: DUF6147 family protein [Mediterraneibacter],Bin 1,7
WP_054753732.1,MULTISPECIES: biotin transporter BioY [Mediterraneibacter],Bin 1,7
WP_054753988.1,MULTISPECIES: flavin reductase family protein [Mediterraneibacter],Bin 1,7
WP_055144417.1,MULTISPECIES: LysR family transcriptional regulator [Mediterraneibacter],Bin 1,7
WP_055144625.1,MULTISPECIES: TrmB family transcriptional regulator [Mediterraneibacter],Bin 1,7
WP_055144634.1,MULTISPECIES: hypothetical protein [Mediterraneibacter],Bin 1,7
WP_055144677.1,hypothetical protein [[Ruminococcus] torques],Bin 1,7
WP_055144690.1,DUF5717 family protein [[Ruminococcus] torques],Bin 1,7
WP_055144697.1,transcription-repair coupling factor [[Ruminococcus] torques],Bin 1,7
WP_055144704.1,MULTISPECIES: MBL fold metallo-hydrolase RNA specificity domain-containing protein [Mediterraneibacter],Bin 1,7
WP_055144707.1,sigma-E processing peptidase SpoIIGA [[Ruminococcus] torques],Bin 1,7
WP_055144711.1,MULTISPECIES: hypothetical protein [Mediterraneibacter],Bin 1,7
WP_055144714.1,MULTISPECIES: UDP-N-acetylmuramoyl-L-alanine--D-glutamate ligase [Mediterraneibacter],Bin 1,7
WP_055144720.1,peptidoglycan D D-transpeptidase FtsI family protein [[Ruminococcus] torques],Bin 1,7
WP_055144723.1,peptidoglycan D D-transpeptidase FtsI family protein [[Ruminococcus] torques],Bin 1,7
WP_055144729.1,S1C family serine protease [[Ruminococcus] torques],Bin 1,7
WP_055144771.1,nucleotidyltransferase family protein [[Ruminococcus] torques],Bin 1,7
WP_055144774.1,MULTISPECIES: HPr family phosphocarrier protein [Mediterraneibacter],Bin 1,7
WP_055144780.1,MULTISPECIES: hypothetical protein [Mediterraneibacter],Bin 1,7
WP_055144795.1,MULTISPECIES: BlaI/MecI/CopY family transcriptional regulator [Lachnospiraceae],Bin 1,7
WP_055144801.1,DUF6070 family protein [[Ruminococcus] torques],Bin 1,7
WP_055144812.1,MULTISPECIES: AEC family transporter [Mediterraneibacter],Bin 1,7
WP_055144815.1,ABC transporter ATP-binding protein/permease [[Ruminococcus] torques],Bin 1,7
WP_055144817.1,MULTISPECIES: Hpt domain-containing protein [Mediterraneibacter],Bin 1,7
WP_055144841.1,DNA helicase PcrA [[Ruminococcus] torques],Bin 1,7
WP_055144844.1,MULTISPECIES: DUF1836 domain-containing protein [Mediterraneibacter],Bin 1,7
WP_055144853.1,transmembrane protein [[Ruminococcus] torques],Bin 1,7
WP_055144871.1,MULTISPECIES: CPBP family intramembrane glutamic endopeptidase [Mediterraneibacter],Bin 1,7
WP_055144874.1,MULTISPECIES: arginine--tRNA ligase [Mediterraneibacter],Bin 1,7
WP_055144880.1,MULTISPECIES: hypothetical protein [Mediterraneibacter],Bin 1,7
WP_055144883.1,MULTISPECIES: isopeptide-forming domain-containing fimbrial protein [Mediterraneibacter],Bin 1,7
WP_055144886.1,MULTISPECIES: SpaA isopeptide-forming pilin-related protein [Mediterraneibacter],Bin 1,7
WP_055144897.1,MULTISPECIES: YifB family Mg chelatase-like AAA ATPase [Mediterraneibacter],Bin 1,7
WP_055144903.1,MULTISPECIES: tRNA (N(6)-L-threonylcarbamoyladenosine(37)-C(2))-methylthiotransferase MtaB [Mediterraneibacter],Bin 1,7
WP_055144918.1,cyclic pyranopterin monophosphate synthase MoaC [[Ruminococcus] torques],Bin 1,7
WP_055144948.1,NAD(P)-binding protein [[Ruminococcus] torques],Bin 1,7
WP_055145098.1,DUF5711 family protein [[Ruminococcus] torques],Bin 1,7
WP_055145113.1,hypothetical protein [[Ruminococcus] torques],Bin 1,7
WP_055145132.1,MULTISPECIES: sensor histidine kinase [Mediterraneibacter],Bin 1,7
WP_055145135.1,MULTISPECIES: rhomboid family intramembrane serine protease [Mediterraneibacter],Bin 1,7
WP_055145143.1,MULTISPECIES: prepilin peptidase [Mediterraneibacter],Bin 1,7
WP_055145207.1,hypothetical protein [[Ruminococcus] torques],Bin 1,7
WP_055145228.1,MULTISPECIES: tRNA uridine-5-carboxymethylaminomethyl(34) synthesis GTPase MnmE [Mediterraneibacter],Bin 1,7
WP_055145252.1,aspartate 1-decarboxylase [[Ruminococcus] torques],Bin 1,7
WP_055145387.1,MULTISPECIES: segregation and condensation protein A [Mediterraneibacter],Bin 1,7
WP_055145433.1,DUF4250 domain-containing protein [[Ruminococcus] torques],Bin 1,7
WP_055145442.1,MULTISPECIES: LytR/AlgR family response regulator transcription factor [Mediterraneibacter],Bin 1,7
WP_055145448.1,DUF6034 family protein [[Ruminococcus] torques],Bin 1,7
WP_055145451.1,MULTISPECIES: hypothetical protein [Mediterraneibacter],Bin 1,7
WP_055145466.1,FtsW/RodA/SpoVE family cell cycle protein [[Ruminococcus] torques],Bin 1,7
WP_055145469.1,D-alanyl-D-alanine carboxypeptidase family protein [[Ruminococcus] torques],Bin 1,7
WP_055145477.1,RluA family pseudouridine synthase [[Ruminococcus] torques],Bin 1,7
WP_055145492.1,ribosomal-processing cysteine protease Prp [[Ruminococcus] torques],Bin 1,7
WP_055145501.1,glycoside hydrolase family 2 TIM barrel-domain containing protein [[Ruminococcus] torques],Bin 1,7
WP_055145504.1,MULTISPECIES: AraC family transcriptional regulator [Lachnospiraceae],Bin 1,7
WP_055145507.1,MULTISPECIES: flavodoxin family protein [Mediterraneibacter],Bin 1,7
WP_055145525.1,MULTISPECIES: SDR family NAD(P)-dependent oxidoreductase [Mediterraneibacter],Bin 1,7
WP_055145555.1,Holliday junction branch migration protein RuvA [[Ruminococcus] torques],Bin 1,7
WP_055145558.1,MULTISPECIES: Gx transporter family protein [Mediterraneibacter],Bin 1,7
WP_055145570.1,MULTISPECIES: RnfABCDGE type electron transport complex subunit B [Mediterraneibacter],Bin 1,7
WP_055145582.1,MULTISPECIES: (d)CMP kinase [Mediterraneibacter],Bin 1,7
WP_055145585.1,MULTISPECIES: NAD(P)/FAD-dependent oxidoreductase [Mediterraneibacter],Bin 1,7
WP_055145588.1,MULTISPECIES: OadG family transporter subunit [Mediterraneibacter],Bin 1,7
WP_055145609.1,chorismate synthase [[Ruminococcus] torques],Bin 1,7
WP_055145612.1,MULTISPECIES: DNA alkylation repair protein [Mediterraneibacter],Bin 1,7
WP_055145615.1,MULTISPECIES: aspartate kinase [Mediterraneibacter],Bin 1,7
WP_055145651.1,MULTISPECIES: polyprenyl synthetase family protein [Mediterraneibacter],Bin 1,7
WP_055145663.1,MULTISPECIES: stage III sporulation protein AB [Mediterraneibacter],Bin 1,7
WP_055145667.1,bifunctional riboflavin kinase/FAD synthetase [[Ruminococcus] torques],Bin 1,7
WP_055145784.1,MULTISPECIES: AAA family ATPase [Mediterraneibacter],Bin 1,7
WP_055145805.1,MULTISPECIES: AI-2E family transporter [Mediterraneibacter],Bin 1,7
WP_055145820.1,MULTISPECIES: NUDIX domain-containing protein [Mediterraneibacter],Bin 1,7
WP_055145823.1,MULTISPECIES: D-aminoacyl-tRNA deacylase [Mediterraneibacter],Bin 1,7
WP_055145826.1,CPBP family intramembrane glutamic endopeptidase [[Ruminococcus] torques],Bin 1,7
WP_055145863.1,MULTISPECIES: ribonuclease E/G [Mediterraneibacter],Bin 1,7
WP_055145887.1,MULTISPECIES: stage III sporulation protein AA [Mediterraneibacter],Bin 1,7
WP_055145937.1,aminopeptidase [[Ruminococcus] torques],Bin 1,7
WP_055145967.1,MULTISPECIES: C-GCAxxG-C-C family protein [Mediterraneibacter],Bin 1,7
WP_055145970.1,MULTISPECIES: hypothetical protein [Mediterraneibacter],Bin 1,7
WP_055145973.1,MULTISPECIES: YitT family protein [Mediterraneibacter],Bin 1,7
WP_055145976.1,MULTISPECIES: cell wall hydrolase [Mediterraneibacter],Bin 1,7
WP_055145995.1,MULTISPECIES: tetratricopeptide repeat protein [Mediterraneibacter],Bin 1,7
WP_055146050.1,rhamnulokinase [[Ruminococcus] torques],Bin 1,7
WP_055146070.1,MULTISPECIES: hypothetical protein [Mediterraneibacter],Bin 1,7
WP_055146081.1,glycerophosphodiester phosphodiesterase [[Ruminococcus] torques],Bin 1,7
WP_055146143.1,sulfurtransferase TusA family protein [[Ruminococcus] torques],Bin 1,7
WP_055146239.1,MULTISPECIES: LacI family DNA-binding transcriptional regulator [Mediterraneibacter],Bin 1,7
WP_055146302.1,MULTISPECIES: potassium channel family protein [Mediterraneibacter],Bin 1,7
WP_055146340.1,MULTISPECIES: TSUP family transporter [Mediterraneibacter],Bin 1,7
WP_055146350.1,PTS transporter subunit EIIC [[Ruminococcus] torques],Bin 1,7
WP_055146353.1,BglG family transcription antiterminator LicT [[Ruminococcus] torques],Bin 1,7
WP_055146413.1,MULTISPECIES: small  acid-soluble spore protein  alpha/beta type [Mediterraneibacter],Bin 1,7
WP_055146417.1,MULTISPECIES: ribosome small subunit-dependent GTPase A [Mediterraneibacter],Bin 1,7
WP_055146432.1,MULTISPECIES: peptide deformylase [Mediterraneibacter],Bin 1,7
WP_055146448.1,diaminopimelate epimerase [[Ruminococcus] torques],Bin 1,7
WP_055146457.1,ROK family transcriptional regulator [[Ruminococcus] torques],Bin 1,7
WP_055146532.1,phospho-sugar mutase [[Ruminococcus] torques],Bin 1,7
WP_055146535.1,bifunctional phosphoserine phosphatase/homoserine phosphotransferase ThrH [[Ruminococcus] torques],Bin 1,7
WP_055146572.1,MULTISPECIES: RrF2 family transcriptional regulator [Mediterraneibacter],Bin 1,7
WP_055146588.1,MULTISPECIES: L-fucose/L-arabinose isomerase family protein [Mediterraneibacter],Bin 1,7
WP_055146591.1,MULTISPECIES: xylulokinase [Mediterraneibacter],Bin 1,7
WP_055146594.1,MULTISPECIES: undecaprenyl-diphosphate phosphatase [Mediterraneibacter],Bin 1,7
WP_055146694.1,shikimate kinase [[Ruminococcus] torques],Bin 1,7
WP_055146711.1,DUF4349 domain-containing protein [[Ruminococcus] torques],Bin 1,7
WP_055146714.1,aromatic amino acid transport family protein [[Ruminococcus] torques],Bin 1,7
WP_055146717.1,MULTISPECIES: NUDIX hydrolase [Mediterraneibacter],Bin 1,7
WP_055146720.1,ferrous iron transport protein B [[Ruminococcus] torques],Bin 1,7
WP_055146723.1,MULTISPECIES: manganese efflux pump MntP family protein [Mediterraneibacter],Bin 1,7
WP_055146727.1,calcium/sodium antiporter [[Ruminococcus] torques],Bin 1,7
WP_055146733.1,citrate/2-methylcitrate synthase [[Ruminococcus] torques],Bin 1,7
WP_055146763.1,MULTISPECIES: permease prefix domain 1-containing protein [Mediterraneibacter],Bin 1,7
WP_055146766.1,MULTISPECIES: LacI family DNA-binding transcriptional regulator [Mediterraneibacter],Bin 1,7
WP_055146772.1,MULTISPECIES: hypothetical protein [Mediterraneibacter],Bin 1,7
WP_055146852.1,diguanylate cyclase domain-containing protein [[Ruminococcus] torques],Bin 1,7
WP_055146888.1,MULTISPECIES: carbohydrate ABC transporter permease [Lachnospiraceae],Bin 1,7
WP_055146979.1,MULTISPECIES: potassium channel family protein [Mediterraneibacter],Bin 1,7
WP_055147024.1,MULTISPECIES: M18 family aminopeptidase [Mediterraneibacter],Bin 1,7
WP_055147027.1,MULTISPECIES: LysR family transcriptional regulator [Mediterraneibacter],Bin 1,7
WP_055147096.1,Cof-type HAD-IIB family hydrolase [[Ruminococcus] torques],Bin 1,7
WP_055147103.1,glucosamine-6-phosphate deaminase [[Ruminococcus] torques],Bin 1,7
WP_055147167.1,MULTISPECIES: PTS sugar transporter subunit IIA [Mediterraneibacter],Bin 1,7
WP_055147182.1,MULTISPECIES: LacI family DNA-binding transcriptional regulator [Mediterraneibacter],Bin 1,7
WP_055147197.1,4Fe-4S binding protein [[Ruminococcus] torques],Bin 1,7
WP_055147203.1,MULTISPECIES: 50S ribosomal protein L25 [Mediterraneibacter],Bin 1,7
WP_055147209.1,glucose-1-phosphate adenylyltransferase subunit GlgD [[Ruminococcus] torques],Bin 1,7
WP_055147215.1,MULTISPECIES: hypothetical protein [Mediterraneibacter],Bin 1,7
WP_055147218.1,PolC-type DNA polymerase III [[Ruminococcus] torques],Bin 1,7
WP_055147221.1,acyl carrier protein [[Ruminococcus] torques],Bin 1,7
WP_055147234.1,MULTISPECIES: MBOAT family O-acyltransferase [Mediterraneibacter],Bin 1,7
WP_055147237.1,MULTISPECIES: DUF6612 family protein [Mediterraneibacter],Bin 1,7
WP_055147240.1,MULTISPECIES: GDSL-type esterase/lipase family protein [Mediterraneibacter],Bin 1,7
WP_055147298.1,MULTISPECIES: tRNA dihydrouridine synthase DusB [Mediterraneibacter],Bin 1,7
WP_055147329.1,MULTISPECIES: iron-containing alcohol dehydrogenase [Mediterraneibacter],Bin 1,7
WP_055147353.1,MULTISPECIES: tRNA dihydrouridine synthase [Mediterraneibacter],Bin 1,7
WP_055147363.1,GntR family transcriptional regulator [[Ruminococcus] torques],Bin 1,7
WP_055147373.1,MULTISPECIES: YraN family protein [Mediterraneibacter],Bin 1,7
WP_055147376.1,MULTISPECIES: signal peptidase I [Mediterraneibacter],Bin 1,7
WP_055147400.1,MULTISPECIES: carbon starvation protein A [Mediterraneibacter],Bin 1,7
WP_055147403.1,MULTISPECIES: ketopantoate reductase family protein [Mediterraneibacter],Bin 1,7
WP_055147406.1,MULTISPECIES: methylated-DNA--[protein]-cysteine S-methyltransferase [Mediterraneibacter],Bin 1,7
WP_055147409.1,MULTISPECIES: helix-turn-helix domain-containing protein [Mediterraneibacter],Bin 1,7
WP_055147415.1,MULTISPECIES: MATE family efflux transporter [Mediterraneibacter],Bin 1,7
WP_055147458.1,MULTISPECIES: metal ABC transporter permease [Mediterraneibacter],Bin 1,7
WP_055147471.1,MULTISPECIES: ABC transporter ATP-binding protein [Mediterraneibacter],Bin 1,7
WP_055147486.1,MULTISPECIES: coproporphyrinogen dehydrogenase HemZ [Mediterraneibacter],Bin 1,7
WP_055147489.1,MULTISPECIES: MBL fold metallo-hydrolase [Mediterraneibacter],Bin 1,7
WP_055147510.1,MULTISPECIES: Na/Pi cotransporter family protein [Mediterraneibacter],Bin 1,7
WP_055147516.1,MULTISPECIES: LysR family transcriptional regulator [Mediterraneibacter],Bin 1,7
WP_055147525.1,M24 family metallopeptidase [[Ruminococcus] torques],Bin 1,7
WP_055147528.1,MULTISPECIES: ECF transporter S component [Mediterraneibacter],Bin 1,7
WP_055147537.1,MULTISPECIES: sensor histidine kinase [Mediterraneibacter],Bin 1,7
WP_055147543.1,PRD domain-containing protein [[Ruminococcus] torques],Bin 1,7
WP_055147546.1,PTS transporter subunit IIABC [[Ruminococcus] torques],Bin 1,7
WP_055147549.1,SseB family protein [[Ruminococcus] torques],Bin 1,7
WP_055147576.1,MULTISPECIES: DUF4317 family protein [Mediterraneibacter],Bin 1,7
WP_055147627.1,MULTISPECIES: hypothetical protein [Mediterraneibacter],Bin 1,7
WP_055147634.1,phosphoribosylglycinamide formyltransferase [[Ruminococcus] torques],Bin 1,7
WP_055147640.1,helicase-exonuclease AddAB subunit AddA [[Ruminococcus] torques],Bin 1,7
WP_055147643.1,MULTISPECIES: LL-diaminopimelate aminotransferase [Mediterraneibacter],Bin 1,7
WP_055147648.1,putative ABC transporter permease [[Ruminococcus] torques],Bin 1,7
WP_055147658.1,MULTISPECIES: TIGR00266 family protein [Mediterraneibacter],Bin 1,7
WP_055147661.1,MULTISPECIES: helix-turn-helix transcriptional regulator [Mediterraneibacter],Bin 1,7
WP_055147823.1,MULTISPECIES: thioredoxin-disulfide reductase [Mediterraneibacter],Bin 1,7
WP_055147826.1,MULTISPECIES: GDSL-type esterase/lipase family protein [Mediterraneibacter],Bin 1,7
WP_055147879.1,5-bromo-4-chloroindolyl phosphate hydrolysis family protein [[Ruminococcus] torques],Bin 1,7
WP_055147901.1,J domain-containing protein [[Ruminococcus] torques],Bin 1,7
WP_055147928.1,MULTISPECIES: prolyl-tRNA synthetase associated domain-containing protein [Mediterraneibacter],Bin 1,7
WP_055147949.1,MULTISPECIES: DNA-binding protein WhiA [Mediterraneibacter],Bin 1,7
WP_055147980.1,MULTISPECIES: 4-(cytidine 5'-diphospho)-2-C-methyl-D-erythritol kinase [Mediterraneibacter],Bin 1,7
WP_055148056.1,MULTISPECIES: 7-cyano-7-deazaguanine synthase QueC [Mediterraneibacter],Bin 1,7
WP_055148059.1,MULTISPECIES: putative 7-carboxy-7-deazaguanine synthase QueE [Mediterraneibacter],Bin 1,7
WP_055148062.1,glycerol dehydrogenase [[Ruminococcus] torques],Bin 1,7
WP_055148086.1,DUF6612 family protein [[Ruminococcus] torques],Bin 1,7
WP_055148101.1,stage IV sporulation protein A [[Ruminococcus] torques],Bin 1,7
WP_055148141.1,MULTISPECIES: putative manganese-dependent inorganic diphosphatase [Mediterraneibacter],Bin 1,7
WP_055148145.1,MULTISPECIES: DUF6110 family protein [Mediterraneibacter],Bin 1,7
WP_055148154.1,MULTISPECIES: FeoA family protein [Mediterraneibacter],Bin 1,7
WP_055148189.1,MULTISPECIES: DeoR/GlpR family DNA-binding transcription regulator [Mediterraneibacter],Bin 1,7
WP_055148192.1,DNA polymerase III subunit delta [[Ruminococcus] torques],Bin 1,7
WP_055148212.1,MULTISPECIES: TetR/AcrR family transcriptional regulator C-terminal domain-containing protein [Mediterraneibacter],Bin 1,7
WP_055148232.1,sulfur carrier protein ThiS adenylyltransferase ThiF [[Ruminococcus] torques],Bin 1,7
WP_055148258.1,MULTISPECIES: sigma-70 family RNA polymerase sigma factor [Mediterraneibacter],Bin 1,7
WP_055148260.1,MULTISPECIES: hypothetical protein [Mediterraneibacter],Bin 1,7
WP_055148282.1,MULTISPECIES: ABC transporter ATP-binding protein [Mediterraneibacter],Bin 1,7
WP_055148286.1,3-isopropylmalate dehydratase large subunit [[Ruminococcus] torques],Bin 1,7
WP_055148288.1,MULTISPECIES: 3-isopropylmalate dehydratase [Mediterraneibacter],Bin 1,7
WP_055148293.1,MULTISPECIES: L-ribulose-5-phosphate 4-epimerase [Mediterraneibacter],Bin 1,7
WP_055148298.1,xylulokinase [[Ruminococcus] torques],Bin 1,7
WP_055148302.1,MULTISPECIES: ECF transporter S component [Mediterraneibacter],Bin 1,7
WP_055148306.1,MULTISPECIES: 3-dehydroquinate synthase [Mediterraneibacter],Bin 1,7
WP_055148323.1,MULTISPECIES: carbamoyl-phosphate synthase large subunit [Mediterraneibacter],Bin 1,7
WP_055148325.1,AraC family transcriptional regulator [[Ruminococcus] torques],Bin 1,7
WP_055148383.1,MULTISPECIES: hypothetical protein [Mediterraneibacter],Bin 1,7
WP_055148385.1,MULTISPECIES: tRNA (guanosine(46)-N7)-methyltransferase TrmB [Mediterraneibacter],Bin 1,7
WP_055148406.1,MULTISPECIES: RNA polymerase sigma factor [Mediterraneibacter],Bin 1,7
WP_055148427.1,phosphate ABC transporter ATP-binding protein PstB [[Ruminococcus] torques],Bin 1,7
WP_055148431.1,CDP-alcohol phosphatidyltransferase family protein [[Ruminococcus] torques],Bin 1,7
WP_055148433.1,MULTISPECIES: lysylphosphatidylglycerol synthase transmembrane domain-containing protein [Mediterraneibacter],Bin 1,7
WP_055148468.1,DUF1700 domain-containing protein [[Ruminococcus] torques],Bin 1,7
WP_055148516.1,MULTISPECIES: SPFH domain-containing protein [Mediterraneibacter],Bin 1,7
WP_055148520.1,precorrin-3B C(17)-methyltransferase [[Ruminococcus] torques],Bin 1,7
WP_055148522.1,precorrin-4 C(11)-methyltransferase [[Ruminococcus] torques],Bin 1,7
WP_055148534.1,MULTISPECIES: S8 family peptidase [Mediterraneibacter],Bin 1,7
WP_055148544.1,nitrogenase component 1 [[Ruminococcus] torques],Bin 1,7
WP_055148546.1,MULTISPECIES: nitrogenase iron protein NifH [Mediterraneibacter],Bin 1,7
WP_055148548.1,hydrogenase formation protein HypD [[Ruminococcus] torques],Bin 1,7
WP_055148550.1,carbamoyltransferase HypF [[Ruminococcus] torques],Bin 1,7
WP_055148552.1,MULTISPECIES: sodium-dependent transporter [Mediterraneibacter],Bin 1,7
WP_055148557.1,MULTISPECIES: dihydropyrimidinase [Mediterraneibacter],Bin 1,7
WP_055148589.1,sigma 54-interacting transcriptional regulator [[Ruminococcus] torques],Bin 1,7
WP_055148600.1,MULTISPECIES: 2-hydroxy-3-oxopropionate reductase [Mediterraneibacter],Bin 1,7
WP_055148612.1,MULTISPECIES: hypothetical protein [Mediterraneibacter],Bin 1,7
WP_055148614.1,hypothetical protein [[Ruminococcus] torques],Bin 1,7
WP_055148616.1,MULTISPECIES: tRNA adenosine(34) deaminase TadA [Mediterraneibacter],Bin 1,7
WP_055148624.1,V-type ATP synthase subunit I [[Ruminococcus] torques],Bin 1,7
WP_055148626.1,MULTISPECIES: V-type ATP synthase subunit E [Mediterraneibacter],Bin 1,7
WP_055148628.1,V0D/AC39 family V-type ATPase subunit [[Ruminococcus] torques],Bin 1,7
WP_055148630.1,TetR/AcrR family transcriptional regulator [[Ruminococcus] torques],Bin 1,7
WP_055148634.1,MULTISPECIES: DUF2752 domain-containing protein [Mediterraneibacter],Bin 1,7
WP_055148697.1,LysR family transcriptional regulator [[Ruminococcus] torques],Bin 1,7
WP_055148722.1,MULTISPECIES: putative DNA modification/repair radical SAM protein [Lachnospiraceae],Bin 1,7
WP_055148723.1,MULTISPECIES: hypothetical protein [Mediterraneibacter],Bin 1,7
WP_055148743.1,MULTISPECIES: RNA polymerase sigma factor [Mediterraneibacter],Bin 1,7
WP_055148745.1,MULTISPECIES: beta-propeller domain-containing protein [Mediterraneibacter],Bin 1,7
WP_055148747.1,DUF3877 family protein [[Ruminococcus] torques],Bin 1,7
WP_055148749.1,MULTISPECIES: MBL fold metallo-hydrolase [Mediterraneibacter],Bin 1,7
WP_055148754.1,MULTISPECIES: precorrin-8X methylmutase [Mediterraneibacter],Bin 1,7
WP_055148757.1,MULTISPECIES: bifunctional folylpolyglutamate synthase/dihydrofolate synthase [Mediterraneibacter],Bin 1,7
WP_055148759.1,MULTISPECIES: dihydropteroate synthase [Mediterraneibacter],Bin 1,7
WP_055148766.1,MULTISPECIES: TrkH family potassium uptake protein [Mediterraneibacter],Bin 1,7
WP_055148768.1,MULTISPECIES: hypothetical protein [Mediterraneibacter],Bin 1,7
WP_055148770.1,MULTISPECIES: DUF3793 family protein [Mediterraneibacter],Bin 1,7
WP_055148772.1,MULTISPECIES: flavodoxin [Mediterraneibacter],Bin 1,7
WP_055148781.1,MULTISPECIES: HD domain-containing protein [Mediterraneibacter],Bin 1,7
WP_055148801.1,MULTISPECIES: hypothetical protein [Mediterraneibacter],Bin 1,7
WP_055148809.1,MULTISPECIES: 2-C-methyl-D-erythritol 4-phosphate cytidylyltransferase [Mediterraneibacter],Bin 1,7
WP_055148813.1,MULTISPECIES: tRNA (adenosine(37)-N6)-threonylcarbamoyltransferase complex dimerization subunit type 1 TsaB [Mediterraneibacter],Bin 1,7
WP_055156175.1,MULTISPECIES: DUF1540 domain-containing protein [Mediterraneibacter],Bin 1,7
WP_055156179.1,PLP-dependent aminotransferase family protein [[Ruminococcus] torques],Bin 1,7
WP_055156189.1,hypothetical protein [[Ruminococcus] torques],Bin 1,7
WP_055156193.1,helicase C-terminal domain-containing protein [[Ruminococcus] torques],Bin 1,7
WP_055156195.1,NfeD family protein [[Ruminococcus] torques],Bin 1,7
WP_055156201.1,MULTISPECIES: hypothetical protein [Mediterraneibacter],Bin 1,7
WP_055156203.1,histidinol-phosphate transaminase [[Ruminococcus] torques],Bin 1,7
WP_055156205.1,MULTISPECIES: DUF2156 domain-containing protein [Mediterraneibacter],Bin 1,7
WP_055156210.1,MULTISPECIES: TIGR01212 family radical SAM protein [Mediterraneibacter],Bin 1,7
WP_055156221.1,histidinol-phosphatase HisJ family protein [[Ruminococcus] torques],Bin 1,7
WP_055156227.1,MULTISPECIES: histidine phosphatase family protein [Mediterraneibacter],Bin 1,7
WP_055156229.1,peptidyl-prolyl cis-trans isomerase [[Ruminococcus] torques],Bin 1,7
WP_055156411.1,23S rRNA (uracil(1939)-C(5))-methyltransferase RlmD [[Ruminococcus] torques],Bin 1,7
WP_055156415.1,glutamate synthase subunit beta [[Ruminococcus] torques],Bin 1,7
WP_055156417.1,MULTISPECIES: glutamate synthase large subunit [Mediterraneibacter],Bin 1,7
WP_055156421.1,MULTISPECIES: Fur family transcriptional regulator [Mediterraneibacter],Bin 1,7
WP_055156424.1,MULTISPECIES: glycoside hydrolase family 25 protein [Mediterraneibacter],Bin 1,7
WP_055156428.1,glycogen debranching protein GlgX [[Ruminococcus] torques],Bin 1,7
WP_055156433.1,MULTISPECIES: [FeFe] hydrogenase  group A [Mediterraneibacter],Bin 1,7
WP_055156437.1,tRNA 2-thiocytidine biosynthesis TtcA family protein [[Ruminococcus] torques],Bin 1,7
WP_055156439.1,MULTISPECIES: flavodoxin family protein [Mediterraneibacter],Bin 1,7
WP_055156455.1,DNA/RNA non-specific endonuclease [[Ruminococcus] torques],Bin 1,7
WP_055156465.1,MULTISPECIES: cardiolipin synthase [Mediterraneibacter],Bin 1,7
WP_055156471.1,MULTISPECIES: tRNA (adenine(22)-N(1))-methyltransferase [Mediterraneibacter],Bin 1,7
WP_055156500.1,MULTISPECIES: TIGR03936 family radical SAM-associated protein [Mediterraneibacter],Bin 1,7
WP_055156506.1,MULTISPECIES: RNA-binding protein [Mediterraneibacter],Bin 1,7
WP_055156516.1,MULTISPECIES: septum site-determining protein MinD [Mediterraneibacter],Bin 1,7
WP_055156518.1,MULTISPECIES: septum site-determining protein MinC [Mediterraneibacter],Bin 1,7
WP_055156520.1,MULTISPECIES: RadC family protein [Mediterraneibacter],Bin 1,7
WP_055156522.1,NAD(P)/FAD-dependent oxidoreductase [[Ruminococcus] torques],Bin 1,7
WP_055156524.1,NAD(P)/FAD-dependent oxidoreductase [[Ruminococcus] torques],Bin 1,7
WP_055156527.1,tRNA (adenosine(37)-N6)-dimethylallyltransferase MiaA [[Ruminococcus] torques],Bin 1,7
WP_055156529.1,DNA mismatch repair endonuclease MutL [[Ruminococcus] torques],Bin 1,7
WP_055156533.1,MULTISPECIES: hypothetical protein [Mediterraneibacter],Bin 1,7
WP_055156541.1,tRNA (N6-isopentenyl adenosine(37)-C2)-methylthiotransferase MiaB [[Ruminococcus] torques],Bin 1,7
WP_055156543.1,putative polysaccharide biosynthesis protein [[Ruminococcus] torques],Bin 1,7
WP_055156545.1,sporulation protein YqfD [[Ruminococcus] torques],Bin 1,7
WP_055156547.1,sporulation protein YqfC [[Ruminococcus] torques],Bin 1,7
WP_055156551.1,HelD family protein [[Ruminococcus] torques],Bin 1,7
WP_055156555.1,MULTISPECIES: chitobiase/beta-hexosaminidase C-terminal domain-containing protein [Mediterraneibacter],Bin 1,7
WP_055156557.1,MULTISPECIES: ClpP family protease [Mediterraneibacter],Bin 1,7
WP_055156560.1,alanine racemase [[Ruminococcus] torques],Bin 1,7
WP_055156562.1,bifunctional ADP-dependent NAD(P)H-hydrate dehydratase/NAD(P)H-hydrate epimerase [[Ruminococcus] torques],Bin 1,7
WP_055156564.1,ribosomal protection-like ABC-F family protein [[Ruminococcus] torques],Bin 1,7
WP_055156597.1,carboxymuconolactone decarboxylase family protein [[Ruminococcus] torques],Bin 1,7
WP_055156599.1,flavodoxin [[Ruminococcus] torques],Bin 1,7
WP_055156609.1,HD domain-containing protein [[Ruminococcus] torques],Bin 1,7
WP_055156610.1,Crp/Fnr family transcriptional regulator [[Ruminococcus] torques],Bin 1,7
WP_055156611.1,MULTISPECIES: 4Fe-4S binding protein [Mediterraneibacter],Bin 1,7
WP_055156613.1,hydroxylamine reductase [[Ruminococcus] torques],Bin 1,7
WP_055156619.1,DUF6320 domain-containing protein [[Ruminococcus] torques],Bin 1,7
WP_055156623.1,beta-aspartyl-peptidase [[Ruminococcus] torques],Bin 1,7
WP_055156625.1,alcohol dehydrogenase [[Ruminococcus] torques],Bin 1,7
WP_055156627.1,bilirubin reductase  long form [[Ruminococcus] torques],Bin 1,7
WP_055156629.1,MULTISPECIES: NAD(P)/FAD-dependent oxidoreductase [Mediterraneibacter],Bin 1,7
WP_055156632.1,MULTISPECIES: LacI family DNA-binding transcriptional regulator [Mediterraneibacter],Bin 1,7
WP_055156638.1,YicC/YloC family endoribonuclease [[Ruminococcus] torques],Bin 1,7
WP_055156640.1,Rqc2 family fibronectin-binding protein [[Ruminococcus] torques],Bin 1,7
WP_055156642.1,MULTISPECIES: nitroreductase family protein [Mediterraneibacter],Bin 1,7
WP_055156657.1,MULTISPECIES: DUF512 domain-containing protein [Mediterraneibacter],Bin 1,7
WP_055156663.1,tyrosine-type recombinase/integrase [[Ruminococcus] torques],Bin 1,7
WP_055156669.1,MULTISPECIES: polyphosphate kinase 1 [Mediterraneibacter],Bin 1,7
WP_055156671.1,MULTISPECIES: patatin-like phospholipase family protein [Mediterraneibacter],Bin 1,7
WP_055156675.1,polysaccharide deacetylase [[Ruminococcus] torques],Bin 1,7
WP_055156677.1,SulP family inorganic anion transporter [[Ruminococcus] torques],Bin 1,7
WP_055156679.1,DNA helicase RecQ [[Ruminococcus] torques],Bin 1,7
WP_055156682.1,MULTISPECIES: YkgJ family cysteine cluster protein [Mediterraneibacter],Bin 1,7
WP_055156684.1,MULTISPECIES: phosphopyruvate hydratase [Mediterraneibacter],Bin 1,7
WP_055156686.1,MULTISPECIES: threonine aldolase family protein [Mediterraneibacter],Bin 1,7
WP_055156690.1,heavy metal translocating P-type ATPase [[Ruminococcus] torques],Bin 1,7
WP_055156692.1,heavy-metal-associated domain-containing protein [[Ruminococcus] torques],Bin 1,7
WP_055156694.1,ferrous iron transport protein B [[Ruminococcus] torques],Bin 1,7
WP_055156696.1,MULTISPECIES: hydrogenase nickel incorporation protein HypB [Mediterraneibacter],Bin 1,7
WP_055156698.1,MULTISPECIES: ABC transporter ATP-binding protein [Mediterraneibacter],Bin 1,7
WP_055156701.1,MULTISPECIES: ABC transporter permease [Mediterraneibacter],Bin 1,7
WP_055156720.1,radical SAM family heme chaperone HemW [[Ruminococcus] torques],Bin 1,7
WP_055156722.1,DNA internalization-related competence protein ComEC/Rec2 [[Ruminococcus] torques],Bin 1,7
WP_055156723.1,MULTISPECIES: GerMN domain-containing protein [Mediterraneibacter],Bin 1,7
WP_055156724.1,helix-hairpin-helix domain-containing protein [[Ruminococcus] torques],Bin 1,7
WP_055156733.1,radical SAM protein [[Ruminococcus] torques],Bin 1,7
WP_055156744.1,bifunctional adenosylcobinamide kinase/adenosylcobinamide-phosphate guanylyltransferase [[Ruminococcus] torques],Bin 1,7
WP_055156778.1,WD40/YVTN/BNR-like repeat-containing protein [[Ruminococcus] torques],Bin 1,7
WP_055156780.1,histidine phosphatase family protein [[Ruminococcus] torques],Bin 1,7
WP_055156782.1,adenosylcobinamide-GDP ribazoletransferase [[Ruminococcus] torques],Bin 1,7
WP_055156786.1,bifunctional cobalt-precorrin-7 (C(5))-methyltransferase/cobalt-precorrin-6B (C(15))-methyltransferase [[Ruminococcus] torques],Bin 1,7
WP_055156790.1,precorrin-2 C(20)-methyltransferase [[Ruminococcus] torques],Bin 1,7
WP_055156795.1,cob(I)yrinic acid a c-diamide adenosyltransferase [[Ruminococcus] torques],Bin 1,7
WP_055156797.1,precorrin-6A reductase [[Ruminococcus] torques],Bin 1,7
WP_055156801.1,cobalt-precorrin 5A hydrolase [[Ruminococcus] torques],Bin 1,7
WP_055156803.1,MULTISPECIES: cation:proton antiporter [Mediterraneibacter],Bin 1,7
WP_055156807.1,MULTISPECIES: phenylalanine--tRNA ligase subunit beta [Mediterraneibacter],Bin 1,7
WP_055156814.1,MULTISPECIES: P-loop NTPase [Mediterraneibacter],Bin 1,7
WP_055156831.1,MULTISPECIES: pyridoxal 5'-phosphate synthase glutaminase subunit PdxT [Mediterraneibacter],Bin 1,7
WP_055156882.1,MULTISPECIES: sensor histidine kinase [Mediterraneibacter],Bin 1,7
WP_055156884.1,MULTISPECIES: response regulator transcription factor [Bacillota],Bin 1,7
WP_055156886.1,MULTISPECIES: lantibiotic immunity ABC transporter MutG family permease subunit [Mediterraneibacter],Bin 1,7
WP_055156888.1,MULTISPECIES: lantibiotic immunity ABC transporter MutE/EpiE family permease subunit [Mediterraneibacter],Bin 1,7
WP_055157047.1,endopeptidase La [[Ruminococcus] torques],Bin 1,7
WP_055157049.1,MULTISPECIES: 23S rRNA (guanosine(2251)-2'-O)-methyltransferase RlmB [Mediterraneibacter],Bin 1,7
WP_055157051.1,MULTISPECIES: CapA family protein [Mediterraneibacter],Bin 1,7
WP_055157057.1,MULTISPECIES: hypothetical protein [Mediterraneibacter],Bin 1,7
WP_055157065.1,MULTISPECIES: tRNA lysidine(34) synthetase TilS [Mediterraneibacter],Bin 1,7
WP_055157069.1,MULTISPECIES: quinolinate synthase NadA [Mediterraneibacter],Bin 1,7
WP_055157182.1,MULTISPECIES: GntR family transcriptional regulator [Mediterraneibacter],Bin 1,7
WP_055157192.1,3-isopropylmalate dehydratase large subunit [[Ruminococcus] torques],Bin 1,7
WP_055157196.1,ABC transporter ATP-binding protein [[Ruminococcus] torques],Bin 1,7
WP_055157202.1,DJ-1 family glyoxalase III [[Ruminococcus] torques],Bin 1,7
WP_055157204.1,MULTISPECIES: CYTH domain-containing protein [Mediterraneibacter],Bin 1,7
WP_055157209.1,MULTISPECIES: fructose-bisphosphatase class III [Mediterraneibacter],Bin 1,7
WP_055157214.1,MULTISPECIES: YigZ family protein [Mediterraneibacter],Bin 1,7
WP_055157220.1,MULTISPECIES: thiamine phosphate synthase [Mediterraneibacter],Bin 1,7
WP_055157226.1,alpha-galactosidase [[Ruminococcus] torques],Bin 1,7
WP_055157230.1,MULTISPECIES: AraC family transcriptional regulator [Mediterraneibacter],Bin 1,7
WP_055157232.1,Wadjet anti-phage system protein JetD domain-containing protein [[Ruminococcus] torques],Bin 1,7
WP_055157236.1,MULTISPECIES: DUF4194 domain-containing protein [Mediterraneibacter],Bin 1,7
WP_055157238.1,ATP-dependent zinc metalloprotease FtsH [[Ruminococcus] torques],Bin 1,7
WP_055157242.1,MULTISPECIES: phosphatase PAP2 family protein [Mediterraneibacter],Bin 1,7
WP_055157244.1,MULTISPECIES: threonine--tRNA ligase [Mediterraneibacter],Bin 1,7
WP_055157246.1,HAD family hydrolase [[Ruminococcus] torques],Bin 1,7
WP_055157248.1,LysR family transcriptional regulator [[Ruminococcus] torques],Bin 1,7
WP_055157254.1,S8 family peptidase [[Ruminococcus] torques],Bin 1,7
WP_055157256.1,MULTISPECIES: tRNA pseudouridine synthase A [Mediterraneibacter],Bin 1,7
WP_055157258.1,glycoside hydrolase family 3 protein [[Ruminococcus] torques],Bin 1,7
WP_055157260.1,MULTISPECIES: sodium:solute symporter family protein [Mediterraneibacter],Bin 1,7
WP_055157276.1,MULTISPECIES: hypothetical protein [Mediterraneibacter],Bin 1,7
WP_055157278.1,MULTISPECIES: sulfate/molybdate ABC transporter ATP-binding protein [Mediterraneibacter],Bin 1,7
WP_055157316.1,carbamoyl phosphate synthase small subunit [[Ruminococcus] torques],Bin 1,7
WP_055157322.1,MULTISPECIES: peptidoglycan editing factor PgeF [Mediterraneibacter],Bin 1,7
WP_055157326.1,MULTISPECIES: selenium-dependent molybdenum cofactor biosynthesis protein YqeB [Mediterraneibacter],Bin 1,7
WP_055157332.1,MULTISPECIES: DUF2798 domain-containing protein [Mediterraneibacter],Bin 1,7
WP_055157340.1,MULTISPECIES: ATP synthase F1 subunit delta [Mediterraneibacter],Bin 1,7
WP_055157343.1,DUF5300 domain-containing protein [[Ruminococcus] torques],Bin 1,7
WP_055157345.1,MULTISPECIES: aldo/keto reductase [Mediterraneibacter],Bin 1,7
WP_055157347.1,MULTISPECIES: NAD(P)-dependent oxidoreductase [Mediterraneibacter],Bin 1,7
WP_055157349.1,iron-containing alcohol dehydrogenase family protein [[Ruminococcus] torques],Bin 1,7
WP_055157353.1,MULTISPECIES: enolase C-terminal domain-like protein [Mediterraneibacter],Bin 1,7
WP_055157355.1,MULTISPECIES: galactarate dehydratase [Mediterraneibacter],Bin 1,7
WP_055157357.1,MULTISPECIES: LysR family transcriptional regulator [Mediterraneibacter],Bin 1,7
WP_055157359.1,M28 family peptidase [[Ruminococcus] torques],Bin 1,7
WP_055157361.1,GNAT family N-acetyltransferase [[Ruminococcus] torques],Bin 1,7
WP_055157382.1,MULTISPECIES: UDP-N-acetylmuramoyl-tripeptide--D-alanyl-D-alanine ligase [Mediterraneibacter],Bin 1,7
WP_055157384.1,DUF975 family protein [[Ruminococcus] torques],Bin 1,7
WP_055157386.1,ABC transporter ATP-binding protein [[Ruminococcus] torques],Bin 1,7
WP_055157566.1,ribonuclease R [[Ruminococcus] torques],Bin 1,7
WP_055157568.1,MULTISPECIES: 3-oxoacyl-[acyl-carrier-protein] reductase [Mediterraneibacter],Bin 1,7
WP_055157570.1,S41 family peptidase [[Ruminococcus] torques],Bin 1,7
WP_055157572.1,aspartate--tRNA(Asn) ligase [[Ruminococcus] torques],Bin 1,7
WP_055157574.1,hypothetical protein [[Ruminococcus] torques],Bin 1,7
WP_055157577.1,Asp-tRNA(Asn)/Glu-tRNA(Gln) amidotransferase subunit GatB [[Ruminococcus] torques],Bin 1,7
WP_055157581.1,MULTISPECIES: methionine ABC transporter ATP-binding protein [Mediterraneibacter],Bin 1,7
WP_055157586.1,selenocysteine-specific translation elongation factor [[Ruminococcus] torques],Bin 1,7
WP_055157588.1,YedE family putative selenium transporter [[Ruminococcus] torques],Bin 1,7
WP_055157590.1,MULTISPECIES: [FeFe] hydrogenase H-cluster maturation GTPase HydF [Mediterraneibacter],Bin 1,7
WP_055157592.1,MULTISPECIES: Cof-type HAD-IIB family hydrolase [Mediterraneibacter],Bin 1,7
WP_055157609.1,MULTISPECIES: Asp-tRNA(Asn)/Glu-tRNA(Gln) amidotransferase subunit GatC [Mediterraneibacter],Bin 1,7
WP_055157611.1,MULTISPECIES: amidohydrolase [Mediterraneibacter],Bin 1,7
WP_055157616.1,MULTISPECIES: Holliday junction resolvase RecU [Mediterraneibacter],Bin 1,7
WP_055157618.1,MULTISPECIES: peptidoglycan D D-transpeptidase FtsI family protein [Mediterraneibacter],Bin 1,7
WP_055157620.1,MULTISPECIES: 4-hydroxy-3-methylbut-2-enyl diphosphate reductase [Mediterraneibacter],Bin 1,7
WP_055157622.1,MULTISPECIES: aminopeptidase P family protein [Mediterraneibacter],Bin 1,7
WP_055157628.1,L D-transpeptidase family protein [[Ruminococcus] torques],Bin 1,7
WP_055157640.1,MULTISPECIES: GPR endopeptidase [Mediterraneibacter],Bin 1,7
WP_055157642.1,MULTISPECIES: VOC family protein [Mediterraneibacter],Bin 1,7
WP_055157699.1,MULTISPECIES: aminopeptidase [Mediterraneibacter],Bin 1,7
WP_055157721.1,AraC family transcriptional regulator [[Ruminococcus] torques],Bin 1,7
WP_055157723.1,MULTISPECIES: B12-binding domain-containing radical SAM protein [Mediterraneibacter],Bin 1,7
WP_055157728.1,PD-(D/E)XK nuclease family protein [[Ruminococcus] torques],Bin 1,7
WP_055157733.1,hypothetical protein [[Ruminococcus] torques],Bin 1,7
WP_055157754.1,MULTISPECIES: DnaD domain protein [Mediterraneibacter],Bin 1,7
WP_055157762.1,MULTISPECIES: M20 family metallopeptidase [Mediterraneibacter],Bin 1,7
WP_055157770.1,tRNA threonylcarbamoyladenosine dehydratase [[Ruminococcus] torques],Bin 1,7
WP_055157772.1,DUF4340 domain-containing protein [[Ruminococcus] torques],Bin 1,7
WP_055157777.1,ABC transporter ATP-binding protein [[Ruminococcus] torques],Bin 1,7
WP_055157780.1,MULTISPECIES: SGNH/GDSL hydrolase family protein [Mediterraneibacter],Bin 1,7
WP_055157784.1,exonuclease SbcCD subunit D [[Ruminococcus] torques],Bin 1,7
WP_055157790.1,SulP family inorganic anion transporter [[Ruminococcus] torques],Bin 1,7
WP_055157792.1,MATE family efflux transporter [[Ruminococcus] torques],Bin 1,7
WP_055157839.1,MULTISPECIES: MATE family efflux transporter [Mediterraneibacter],Bin 1,7
WP_055157843.1,hypothetical protein [[Ruminococcus] torques],Bin 1,7
WP_055157855.1,MATE family efflux transporter [[Ruminococcus] torques],Bin 1,7
WP_055157857.1,flavodoxin family protein BilS [[Ruminococcus] torques],Bin 1,7
WP_055157864.1,MULTISPECIES: hypothetical protein [Mediterraneibacter],Bin 1,7
WP_055157870.1,MULTISPECIES: serine dehydratase subunit alpha family protein [Mediterraneibacter],Bin 1,7
WP_055157872.1,FAD-dependent oxidoreductase [[Ruminococcus] torques],Bin 1,7
WP_055157892.1,MULTISPECIES: hypothetical protein [Mediterraneibacter],Bin 1,7
WP_055157896.1,MULTISPECIES: sensor histidine kinase [Mediterraneibacter],Bin 1,7
WP_055157907.1,MULTISPECIES: alanine/glycine:cation symporter family protein [Mediterraneibacter],Bin 1,7
WP_055157912.1,MULTISPECIES: TIM-barrel domain-containing protein [Mediterraneibacter],Bin 1,7
WP_055157913.1,MULTISPECIES: glycoside hydrolase family 13 protein [Mediterraneibacter],Bin 1,7
WP_055157919.1,bile acid:sodium symporter family protein [[Ruminococcus] torques],Bin 1,7
WP_055157921.1,MULTISPECIES: alpha/beta fold hydrolase [Mediterraneibacter],Bin 1,7
WP_055157948.1,MULTISPECIES: MarR family winged helix-turn-helix transcriptional regulator [Mediterraneibacter],Bin 1,7
WP_055157952.1,MULTISPECIES: ATP-dependent Clp protease ATP-binding subunit [Mediterraneibacter],Bin 1,7
WP_055157956.1,phosphate ABC transporter substrate-binding protein [[Ruminococcus] torques],Bin 1,7
WP_055157970.1,double-cubane-cluster-containing anaerobic reductase [[Ruminococcus] torques],Bin 1,7
WP_055157988.1,MULTISPECIES: extracellular solute-binding protein [Mediterraneibacter],Bin 1,7
WP_055157992.1,MULTISPECIES: YoaK family protein [Mediterraneibacter],Bin 1,7
WP_055158154.1,MULTISPECIES: hypothetical protein [Mediterraneibacter],Bin 1,7
WP_055158173.1,MULTISPECIES: HAMP domain-containing sensor histidine kinase [Mediterraneibacter],Bin 1,7
WP_055158175.1,MULTISPECIES: efflux RND transporter permease subunit [Mediterraneibacter],Bin 1,7
WP_055158217.1,MULTISPECIES: bifunctional metallophosphatase/5'-nucleotidase [Mediterraneibacter],Bin 1,7
WP_055158227.1,MULTISPECIES: GTP-binding protein [Mediterraneibacter],Bin 1,7
WP_055158231.1,MULTISPECIES: glycoside hydrolase family 32 protein [Mediterraneibacter],Bin 1,7
WP_055158233.1,MULTISPECIES: amylosucrase [Mediterraneibacter],Bin 1,7
WP_055158235.1,carbohydrate kinase family protein [[Ruminococcus] torques],Bin 1,7
WP_055158298.1,MULTISPECIES: ABC transporter ATP-binding protein [Mediterraneibacter],Bin 1,7
WP_055158300.1,FecCD family ABC transporter permease [[Ruminococcus] torques],Bin 1,7
WP_055158303.1,MULTISPECIES: 16S rRNA (cytosine(1402)-N(4))-methyltransferase RsmH [Mediterraneibacter],Bin 1,7
WP_055158311.1,MULTISPECIES: ZIP family metal transporter [Mediterraneibacter],Bin 1,7
WP_055158314.1,MULTISPECIES: ATP-binding protein [Mediterraneibacter],Bin 1,7
WP_055158324.1,MULTISPECIES: tRNA pseudouridine(38-40) synthase TruA [Mediterraneibacter],Bin 1,7
WP_055158326.1,MULTISPECIES: divalent cation tolerance protein CutA [Mediterraneibacter],Bin 1,7
WP_055158341.1,chloride channel protein [[Ruminococcus] torques],Bin 1,7
WP_055158343.1,MULTISPECIES: hypothetical protein [Mediterraneibacter],Bin 1,7
WP_055158359.1,MULTISPECIES: aminotransferase class I/II-fold pyridoxal phosphate-dependent enzyme [Mediterraneibacter],Bin 1,7
WP_055158363.1,MULTISPECIES: ABC transporter ATP-binding protein [Mediterraneibacter],Bin 1,7
WP_055158365.1,MULTISPECIES: DUF885 domain-containing protein [Mediterraneibacter],Bin 1,7
WP_055158369.1,MULTISPECIES: uridine phosphorylase [Mediterraneibacter],Bin 1,7
WP_055158371.1,adenosine deaminase [[Ruminococcus] torques],Bin 1,7
WP_055158376.1,phosphopentomutase [[Ruminococcus] torques],Bin 1,7
WP_055158382.1,HD domain-containing protein [[Ruminococcus] torques],Bin 1,7
WP_055158393.1,L D-transpeptidase family protein [[Ruminococcus] torques],Bin 1,7
WP_055158399.1,MULTISPECIES: alanine/glycine:cation symporter family protein [Mediterraneibacter],Bin 1,7
WP_055158403.1,uracil phosphoribosyltransferase [[Ruminococcus] torques],Bin 1,7
WP_055158474.1,MULTISPECIES: DNA repair protein RecO [Mediterraneibacter],Bin 1,7
WP_055158542.1,AAA family ATPase [[Ruminococcus] torques],Bin 1,7
WP_055158544.1,ABC transporter permease [[Ruminococcus] torques],Bin 1,7
WP_055158561.1,MULTISPECIES: threonine/serine ThrE exporter family protein [Mediterraneibacter],Bin 1,7
WP_055158580.1,glycoside hydrolase family 32 protein [[Ruminococcus] torques],Bin 1,7
WP_055158582.1,D-alanyl-D-alanine carboxypeptidase family protein [[Ruminococcus] torques],Bin 1,7
WP_055158584.1,MULTISPECIES: M23 family metallopeptidase [Mediterraneibacter],Bin 1,7
WP_055163094.1,MULTISPECIES: DMT family transporter [Mediterraneibacter],Bin 1,7
WP_055165839.1,MULTISPECIES: RrF2 family transcriptional regulator [Mediterraneibacter],Bin 1,7
WP_055166857.1,MULTISPECIES: ABC transporter ATP-binding protein [Mediterraneibacter],Bin 1,7
WP_055166861.1,MULTISPECIES: hypothetical protein [Mediterraneibacter],Bin 1,7
WP_055170716.1,MULTISPECIES: HAD family hydrolase [Mediterraneibacter],Bin 1,7
WP_055171098.1,BglG family transcription antiterminator [[Ruminococcus] torques],Bin 1,7
WP_055171271.1,MULTISPECIES: TadE family protein [Mediterraneibacter],Bin 1,7
WP_055171545.1,MULTISPECIES: YitT family protein [Mediterraneibacter],Bin 1,7
WP_055171688.1,lysine--tRNA ligase [[Ruminococcus] torques],Bin 1,7
WP_055171989.1,MULTISPECIES: carbohydrate ABC transporter permease [Mediterraneibacter],Bin 1,7
WP_055172320.1,phosphatidylinositol-specific phospholipase C domain-containing protein [[Ruminococcus] torques],Bin 1,7
WP_055172914.1,MULTISPECIES: sensor histidine kinase [Mediterraneibacter],Bin 1,7
WP_055172941.1,MULTISPECIES: DnaJ domain-containing protein [Mediterraneibacter],Bin 1,7
WP_055173049.1,MULTISPECIES: thioredoxin [Mediterraneibacter],Bin 1,7
WP_055173555.1,MULTISPECIES: tRNA1(Val) (adenine(37)-N6)-methyltransferase [Mediterraneibacter],Bin 1,7
WP_070103521.1,MULTISPECIES: ABC transporter ATP-binding protein [Mediterraneibacter],Bin 1,7
WP_070103541.1,RNA polymerase sigma factor [[Ruminococcus] torques],Bin 1,7
WP_070103757.1,MULTISPECIES: YbbR-like domain-containing protein [Mediterraneibacter],Bin 1,7
WP_070103765.1,MULTISPECIES: hypothetical protein [Mediterraneibacter],Bin 1,7
WP_081016813.1,alanyl-tRNA editing protein [[Ruminococcus] torques],Bin 1,7
WP_081016825.1,spore coat associated protein CotJA [[Ruminococcus] torques],Bin 1,7
WP_081016831.1,MULTISPECIES: 16S rRNA (guanine(966)-N(2))-methyltransferase RsmD [Mediterraneibacter],Bin 1,7
WP_081016840.1,MULTISPECIES: selenide  water dikinase SelD [Mediterraneibacter],Bin 1,7
WP_081016846.1,MULTISPECIES: acyl carrier protein [Mediterraneibacter],Bin 1,7
WP_081016899.1,MULTISPECIES: cation diffusion facilitator family transporter [Mediterraneibacter],Bin 1,7
WP_081016903.1,MULTISPECIES: cache domain-containing sensor histidine kinase [Mediterraneibacter],Bin 1,7
WP_081019525.1,MULTISPECIES: BlaR1 family beta-lactam sensor/signal transducer [Mediterraneibacter],Bin 1,7
WP_081019537.1,HlyD family efflux transporter periplasmic adaptor subunit [[Ruminococcus] torques],Bin 1,7
WP_081019540.1,MULTISPECIES: FtsK/SpoIIIE family DNA translocase [Mediterraneibacter],Bin 1,7
WP_081019547.1,sensor histidine kinase [[Ruminococcus] torques],Bin 1,7
WP_081019550.1,MULTISPECIES: metal-sensing transcriptional repressor [Mediterraneibacter],Bin 1,7
WP_081019556.1,MULTISPECIES: D-alanyl-D-alanine carboxypeptidase family protein [Mediterraneibacter],Bin 1,7
WP_081019582.1,ABC transporter substrate-binding protein [[Ruminococcus] torques],Bin 1,7
WP_081019585.1,MULTISPECIES: XdhC family protein [Mediterraneibacter],Bin 1,7
WP_081019592.1,MULTISPECIES: NUDIX domain-containing protein [Mediterraneibacter],Bin 1,7
WP_081019613.1,MULTISPECIES: L7Ae/L30e/S12e/Gadd45 family ribosomal protein [Mediterraneibacter],Bin 1,7
WP_081019676.1,MULTISPECIES: STAS-like domain-containing protein [Mediterraneibacter],Bin 1,7
WP_107001140.1,MULTISPECIES: response regulator transcription factor [Clostridia],Bin 1,7
WP_117497397.1,MULTISPECIES: TM1266 family iron-only hydrogenase system putative regulator [Mediterraneibacter],Bin 1,7
WP_117539671.1,MULTISPECIES: glucose-6-phosphate isomerase [Mediterraneibacter],Bin 1,7
WP_117540808.1,MULTISPECIES: BMC domain-containing protein [Mediterraneibacter],Bin 1,7
WP_117540814.1,MULTISPECIES: GlcG/HbpS family heme-binding protein [Mediterraneibacter],Bin 1,7
WP_117541188.1,MULTISPECIES: deoxyribose-phosphate aldolase [Mediterraneibacter],Bin 1,7
WP_117541352.1,MULTISPECIES: class B sortase [Mediterraneibacter],Bin 1,7
WP_117541852.1,MULTISPECIES: putative basic amino acid antiporter YfcC [Mediterraneibacter],Bin 1,7
WP_117541856.1,MULTISPECIES: alpha/beta hydrolase [Mediterraneibacter],Bin 1,7
WP_117541966.1,MULTISPECIES: hypothetical protein [Mediterraneibacter],Bin 1,7
WP_117541995.1,MULTISPECIES: ECF transporter S component [Mediterraneibacter],Bin 1,7
WP_117542099.1,MULTISPECIES: diacylglycerol kinase family protein [Mediterraneibacter],Bin 1,7
WP_117542138.1,MULTISPECIES: nucleotide exchange factor GrpE [Mediterraneibacter],Bin 1,7
WP_117542375.1,MULTISPECIES: rhamnulose-1-phosphate aldolase [Mediterraneibacter],Bin 1,7
WP_117568085.1,MULTISPECIES: spore coat protein CotJB [Mediterraneibacter],Bin 1,7
WP_117568120.1,MULTISPECIES: ACT domain-containing protein [Mediterraneibacter],Bin 1,7
WP_117568225.1,MULTISPECIES: rRNA maturation RNase YbeY [Mediterraneibacter],Bin 1,7
WP_117568337.1,MULTISPECIES: RidA family protein [Mediterraneibacter],Bin 1,7
WP_117568513.1,MULTISPECIES: microcompartment protein PduB [Mediterraneibacter],Bin 1,7
WP_117568601.1,MULTISPECIES: DUF4866 domain-containing protein [Mediterraneibacter],Bin 1,7
WP_117568780.1,MULTISPECIES: formate/nitrite transporter family protein [Mediterraneibacter],Bin 1,7
WP_117569035.1,MULTISPECIES: preQ(1) synthase [Mediterraneibacter],Bin 1,7
WP_117569296.1,MULTISPECIES: ribosome maturation factor RimM [Mediterraneibacter],Bin 1,7
WP_117569297.1,MULTISPECIES: tRNA (guanosine(37)-N1)-methyltransferase TrmD [Mediterraneibacter],Bin 1,7
WP_117569298.1,MULTISPECIES: ribonuclease HII [Mediterraneibacter],Bin 1,7
WP_117569459.1,MULTISPECIES: phosphate signaling complex protein PhoU [Mediterraneibacter],Bin 1,7
WP_117569612.1,MULTISPECIES: pantoate--beta-alanine ligase [Mediterraneibacter],Bin 1,7
WP_117569618.1,MULTISPECIES: RNA-binding cell elongation regulator Jag/EloR [Mediterraneibacter],Bin 1,7
WP_117569769.1,MULTISPECIES: efflux RND transporter periplasmic adaptor subunit [Mediterraneibacter],Bin 1,7
WP_117569770.1,MULTISPECIES: ABC transporter permease [Mediterraneibacter],Bin 1,7
WP_117569816.1,MULTISPECIES: OPT family oligopeptide transporter [Mediterraneibacter],Bin 1,7
WP_117579230.1,MULTISPECIES: biotin--[acetyl-CoA-carboxylase] ligase [Mediterraneibacter],Bin 1,7
WP_117579526.1,MULTISPECIES: response regulator [Mediterraneibacter],Bin 1,7
WP_117579531.1,MULTISPECIES: ABC transporter ATP-binding protein [Mediterraneibacter],Bin 1,7
WP_117579532.1,MULTISPECIES: GntR family transcriptional regulator [Mediterraneibacter],Bin 1,7
WP_117579739.1,MULTISPECIES: xanthine dehydrogenase family protein subunit M [Mediterraneibacter],Bin 1,7
WP_117579795.1,MULTISPECIES: hypothetical protein [Mediterraneibacter],Bin 1,7
WP_117825302.1,MULTISPECIES: hypothetical protein [Mediterraneibacter],Bin 1,7
WP_117825304.1,MULTISPECIES: pyrroline-5-carboxylate reductase [Mediterraneibacter],Bin 1,7
WP_117825566.1,MULTISPECIES: amidophosphoribosyltransferase [Mediterraneibacter],Bin 1,7
WP_117825568.1,MULTISPECIES: transporter substrate-binding domain-containing protein [Mediterraneibacter],Bin 1,7
WP_117825626.1,MULTISPECIES: epoxyqueuosine reductase QueH [Mediterraneibacter],Bin 1,7
WP_117825684.1,MULTISPECIES: helix-turn-helix transcriptional regulator [Mediterraneibacter],Bin 1,7
WP_117825954.1,MULTISPECIES: polya polymerase [Mediterraneibacter],Bin 1,7
WP_117825967.1,MULTISPECIES: V0D/AC39 family V-type ATPase subunit [Mediterraneibacter],Bin 1,7
WP_117826020.1,MULTISPECIES: DUF5688 family protein [Mediterraneibacter],Bin 1,7
WP_117826162.1,MULTISPECIES: NusG domain II-containing protein [Mediterraneibacter],Bin 1,7
WP_117826191.1,MULTISPECIES: DMT family transporter [Mediterraneibacter],Bin 1,7
WP_117826989.1,MULTISPECIES: HAD family hydrolase [Mediterraneibacter],Bin 1,7
WP_117827007.1,MULTISPECIES: DegV family protein [Mediterraneibacter],Bin 1,7
WP_117827313.1,MULTISPECIES: energy-coupling factor transporter transmembrane component T family protein [Mediterraneibacter],Bin 1,7
WP_117827449.1,MULTISPECIES: hydrogenase maturation nickel metallochaperone HypA [Mediterraneibacter],Bin 1,7
WP_117828110.1,MULTISPECIES: FtsW/RodA/SpoVE family cell cycle protein [Mediterraneibacter],Bin 1,7
WP_117835650.1,MULTISPECIES: RDAC family protein [Mediterraneibacter],Bin 1,7
WP_117836267.1,4'-phosphopantetheinyl transferase superfamily protein [[Ruminococcus] torques],Bin 1,7
WP_117836480.1,MULTISPECIES: purine-nucleoside phosphorylase [Mediterraneibacter],Bin 1,7
WP_117836558.1,MULTISPECIES: 50S ribosomal protein L10 [Mediterraneibacter],Bin 1,7
WP_117836593.1,MULTISPECIES: hypothetical protein [Mediterraneibacter],Bin 1,7
WP_117889812.1,MULTISPECIES: ATP-binding protein [Mediterraneibacter],Bin 1,7
WP_117889840.1,MULTISPECIES: TPM domain-containing protein [Mediterraneibacter],Bin 1,7
WP_117889881.1,MULTISPECIES: L-aspartate oxidase [Mediterraneibacter],Bin 1,7
WP_117889941.1,MULTISPECIES: hypothetical protein [Mediterraneibacter],Bin 1,7
WP_117889946.1,MULTISPECIES: hypothetical protein [Mediterraneibacter],Bin 1,7
WP_117889949.1,MULTISPECIES: ECF transporter S component [Mediterraneibacter],Bin 1,7
WP_117889952.1,sodium-dependent transporter [[Ruminococcus] torques],Bin 1,7
WP_117889956.1,MULTISPECIES: iron-containing alcohol dehydrogenase [Mediterraneibacter],Bin 1,7
WP_117889958.1,MULTISPECIES: DUF5692 family protein [Mediterraneibacter],Bin 1,7
WP_117889965.1,MULTISPECIES: ParB/RepB/Spo0J family partition protein [Mediterraneibacter],Bin 1,7
WP_117889970.1,MULTISPECIES: pro-sigmaK processing inhibitor BofA family protein [Mediterraneibacter],Bin 1,7
WP_117889984.1,MULTISPECIES: fructose-6-phosphate aldolase [Mediterraneibacter],Bin 1,7
WP_117889992.1,MULTISPECIES: PTS beta-glucoside transporter subunit IIBCA [Mediterraneibacter],Bin 1,7
WP_117889999.1,MULTISPECIES: lysophospholipid acyltransferase family protein [Mediterraneibacter],Bin 1,7
WP_117890000.1,MULTISPECIES: hydroxyethylthiazole kinase [Mediterraneibacter],Bin 1,7
WP_117890085.1,MULTISPECIES: type II toxin-antitoxin system HicB family antitoxin [Mediterraneibacter],Bin 1,7
WP_117890090.1,MULTISPECIES: anaerobic ribonucleoside-triphosphate reductase activating protein [Mediterraneibacter],Bin 1,7
WP_117890096.1,MULTISPECIES: Trk system potassium transporter TrkA [Mediterraneibacter],Bin 1,7
WP_117890149.1,MULTISPECIES: nitrogenase component 1 [Mediterraneibacter],Bin 1,7
WP_117890151.1,MULTISPECIES: HypC/HybG/HupF family hydrogenase formation chaperone [Mediterraneibacter],Bin 1,7
WP_117890168.1,MULTISPECIES: hydrogenase nickel incorporation protein HypB [Mediterraneibacter],Bin 1,7
WP_117890179.1,MULTISPECIES: hydrogenase expression/formation protein HypE [Mediterraneibacter],Bin 1,7
WP_117890182.1,MULTISPECIES: 4-alpha-glucanotransferase [Mediterraneibacter],Bin 1,7
WP_117890194.1,MULTISPECIES: peptidoglycan-binding domain-containing protein [Mediterraneibacter],Bin 1,7
WP_117890195.1,MULTISPECIES: RIP metalloprotease RseP [Mediterraneibacter],Bin 1,7
WP_117890210.1,MULTISPECIES: EutP/PduV family microcompartment system protein [Mediterraneibacter],Bin 1,7
WP_117890217.1,MULTISPECIES: homoserine dehydrogenase [Mediterraneibacter],Bin 1,7
WP_117890222.1,MULTISPECIES: bile acid:sodium symporter family protein [Mediterraneibacter],Bin 1,7
WP_117890239.1,MULTISPECIES: MATE family efflux transporter [Mediterraneibacter],Bin 1,7
WP_117890254.1,MULTISPECIES: CorA family divalent cation transporter [Mediterraneibacter],Bin 1,7
WP_117890277.1,MULTISPECIES: metal ABC transporter ATP-binding protein [Mediterraneibacter],Bin 1,7
WP_117890301.1,MULTISPECIES: D-2-hydroxyacid dehydrogenase [Mediterraneibacter],Bin 1,7
WP_117890310.1,MULTISPECIES: Gx transporter family protein [Mediterraneibacter],Bin 1,7
WP_117890311.1,MULTISPECIES: FMN-binding protein [Mediterraneibacter],Bin 1,7
WP_117890316.1,MULTISPECIES: lactaldehyde reductase [Mediterraneibacter],Bin 1,7
WP_117890318.1,MULTISPECIES: GTP pyrophosphokinase [Mediterraneibacter],Bin 1,7
WP_117890332.1,MULTISPECIES: hypothetical protein [Mediterraneibacter],Bin 1,7
WP_117890358.1,MULTISPECIES: MATE family efflux transporter [Mediterraneibacter],Bin 1,7
WP_117890365.1,MULTISPECIES: 16S rRNA (uracil(1498)-N(3))-methyltransferase [Mediterraneibacter],Bin 1,7
WP_117890371.1,MULTISPECIES: N-acetylmuramoyl-L-alanine amidase family protein [Mediterraneibacter],Bin 1,7
WP_117890382.1,MULTISPECIES: selenium-dependent xanthine dehydrogenase [Mediterraneibacter],Bin 1,7
WP_117890409.1,MULTISPECIES: LCP family protein [Mediterraneibacter],Bin 1,7
WP_117890444.1,MULTISPECIES: hypothetical protein [Mediterraneibacter],Bin 1,7
WP_117890446.1,MULTISPECIES: ATP-dependent helicase [Mediterraneibacter],Bin 1,7
WP_117890447.1,MULTISPECIES: sugar ABC transporter substrate-binding protein [Mediterraneibacter],Bin 1,7
WP_117890448.1,MULTISPECIES: alpha-amylase family glycosyl hydrolase [Mediterraneibacter],Bin 1,7
WP_117890450.1,MULTISPECIES: stage II sporulation protein M [Mediterraneibacter],Bin 1,7
WP_117890451.1,MULTISPECIES: polysaccharide biosynthesis protein [Mediterraneibacter],Bin 1,7
WP_117890488.1,MULTISPECIES: STAS domain-containing protein [Mediterraneibacter],Bin 1,7
WP_117890492.1,MULTISPECIES: glycyl-radical enzyme activating protein [Mediterraneibacter],Bin 1,7
WP_117890498.1,MULTISPECIES: TetR/AcrR family transcriptional regulator [Mediterraneibacter],Bin 1,7
WP_117890502.1,MULTISPECIES: cell wall hydrolase [Mediterraneibacter],Bin 1,7
WP_117890506.1,MULTISPECIES: DUF3343 domain-containing protein [Mediterraneibacter],Bin 1,7
WP_117890510.1,MULTISPECIES: alanine/glycine:cation symporter family protein [Mediterraneibacter],Bin 1,7
WP_117890517.1,MULTISPECIES: WecB/TagA/CpsF family glycosyltransferase [Mediterraneibacter],Bin 1,7
WP_117890530.1,MULTISPECIES: thiamine diphosphokinase [Mediterraneibacter],Bin 1,7
WP_117890531.1,MULTISPECIES: Stk1 family PASTA domain-containing Ser/Thr kinase [Mediterraneibacter],Bin 1,7
WP_117890534.1,MULTISPECIES: zinc metallopeptidase [Mediterraneibacter],Bin 1,7
WP_117890561.1,MULTISPECIES: hypothetical protein [Mediterraneibacter],Bin 1,7
WP_117890571.1,MULTISPECIES: 1-phosphofructokinase [Mediterraneibacter],Bin 1,7
WP_117890587.1,MULTISPECIES: hypothetical protein [Lachnospiraceae],Bin 1,7
WP_117890601.1,MULTISPECIES: sensor histidine kinase [Mediterraneibacter],Bin 1,7
WP_117890607.1,MULTISPECIES: ABC transporter ATP-binding protein [Mediterraneibacter],Bin 1,7
WP_117890613.1,MULTISPECIES: rod shape-determining protein [Mediterraneibacter],Bin 1,7
WP_117890617.1,MULTISPECIES: signal peptidase II [Mediterraneibacter],Bin 1,7
WP_117890619.1,MULTISPECIES: bis(5'-nucleosyl)-tetraphosphatase (symmetrical) YqeK [Mediterraneibacter],Bin 1,7
WP_117890640.1,MULTISPECIES: RnfABCDGE type electron transport complex subunit G [Mediterraneibacter],Bin 1,7
WP_117890651.1,MULTISPECIES: homocysteine S-methyltransferase family protein [Mediterraneibacter],Bin 1,7
WP_117890653.1,MULTISPECIES: sporulation transcription factor Spo0A [Mediterraneibacter],Bin 1,7
WP_117890658.1,MULTISPECIES: TlyA family RNA methyltransferase [Mediterraneibacter],Bin 1,7
WP_117890672.1,MULTISPECIES: translation initiation factor IF-2 [Mediterraneibacter],Bin 1,7
WP_117890694.1,MULTISPECIES: nicotinate-nucleotide adenylyltransferase [Mediterraneibacter],Bin 1,7
WP_117890701.1,MULTISPECIES: ABC-F family ATP-binding cassette domain-containing protein [Mediterraneibacter],Bin 1,7
WP_117890705.1,MULTISPECIES: ABC-F family ATP-binding cassette domain-containing protein [Mediterraneibacter],Bin 1,7
WP_117890707.1,MULTISPECIES: arsenate reductase family protein [Mediterraneibacter],Bin 1,7
WP_117890732.1,MULTISPECIES: NAD-dependent DNA ligase LigA [Mediterraneibacter],Bin 1,7
WP_117890735.1,MULTISPECIES: [FeFe] hydrogenase H-cluster radical SAM maturase HydE [Mediterraneibacter],Bin 1,7
WP_117890743.1,MULTISPECIES: DUF1294 domain-containing protein [Mediterraneibacter],Bin 1,7
WP_117890753.1,MULTISPECIES: dihydroorotate dehydrogenase [Mediterraneibacter],Bin 1,7
WP_117890765.1,MULTISPECIES: GGDEF domain-containing protein [Mediterraneibacter],Bin 1,7
WP_117890772.1,MULTISPECIES: dihydrodipicolinate synthase family protein [Mediterraneibacter],Bin 1,7
WP_117890773.1,MULTISPECIES: GntP family permease [Mediterraneibacter],Bin 1,7
WP_117890783.1,MULTISPECIES: PAQR family membrane homeostasis protein TrhA [Mediterraneibacter],Bin 1,7
WP_117890796.1,MULTISPECIES: helix-turn-helix transcriptional regulator [Mediterraneibacter],Bin 1,7
WP_117890818.1,MULTISPECIES: PfkB family carbohydrate kinase [Mediterraneibacter],Bin 1,7
WP_117890819.1,MULTISPECIES: type I glutamate--ammonia ligase [Mediterraneibacter],Bin 1,7
WP_117890820.1,MULTISPECIES: AzlC family ABC transporter permease [Mediterraneibacter],Bin 1,7
WP_117890823.1,MULTISPECIES: zinc-dependent alcohol dehydrogenase [Mediterraneibacter],Bin 1,7
WP_117890830.1,MULTISPECIES: YibE/F family protein [Mediterraneibacter],Bin 1,7
WP_117890864.1,MULTISPECIES: sodium-dependent transporter [Mediterraneibacter],Bin 1,7
WP_117890878.1,MULTISPECIES: FtsB family cell division protein [Mediterraneibacter],Bin 1,7
WP_117890884.1,MULTISPECIES: shikimate kinase [Mediterraneibacter],Bin 1,7
WP_117890908.1,MULTISPECIES: sporulation protein YabP [Mediterraneibacter],Bin 1,7
WP_117890946.1,MULTISPECIES: 6-carboxytetrahydropterin synthase QueD [Mediterraneibacter],Bin 1,7
WP_117891005.1,MULTISPECIES: ABC transporter substrate-binding protein [Mediterraneibacter],Bin 1,7
WP_117891025.1,MULTISPECIES: O-acetylhomoserine aminocarboxypropyltransferase/cysteine synthase family protein [Mediterraneibacter],Bin 1,7
WP_117891076.1,MULTISPECIES: trigger factor [Mediterraneibacter],Bin 1,7
WP_117891083.1,MULTISPECIES: SPFH domain-containing protein [Lachnospiraceae],Bin 1,7
WP_117891121.1,MULTISPECIES: shikimate dehydrogenase [Mediterraneibacter],Bin 1,7
WP_117891129.1,MULTISPECIES: MATE family efflux transporter [Mediterraneibacter],Bin 1,7
WP_117891138.1,MULTISPECIES: PadR family transcriptional regulator [Mediterraneibacter],Bin 1,7
WP_117891155.1,MULTISPECIES: aminotransferase class I/II-fold pyridoxal phosphate-dependent enzyme [Mediterraneibacter],Bin 1,7
WP_117891158.1,MULTISPECIES: hypothetical protein [Mediterraneibacter],Bin 1,7
WP_117891162.1,MULTISPECIES: hypothetical protein [Mediterraneibacter],Bin 1,7
WP_117891165.1,MULTISPECIES: sigma-70 family RNA polymerase sigma factor [Mediterraneibacter],Bin 1,7
WP_117953952.1,MULTISPECIES: copper homeostasis protein CutC [Mediterraneibacter],Bin 1,7
WP_117960260.1,MULTISPECIES: polysaccharide deacetylase family protein [Mediterraneibacter],Bin 1,7
WP_117961832.1,MULTISPECIES: class C sortase [Mediterraneibacter],Bin 1,7
WP_147342954.1,MULTISPECIES: ATP synthase F0 subunit B [Mediterraneibacter],Bin 1,7
WP_155204844.1,MULTISPECIES: hypothetical protein [Mediterraneibacter],Bin 1,7
WP_155205000.1,MULTISPECIES: NAD(P)H-dependent flavin oxidoreductase [Mediterraneibacter],Bin 1,7
WP_155205128.1,MULTISPECIES: type I 3-dehydroquinate dehydratase [Mediterraneibacter],Bin 1,7
WP_155492239.1,MULTISPECIES: hypothetical protein [Mediterraneibacter],Bin 1,7
WP_155492240.1,MULTISPECIES: TIGR04086 family membrane protein [Mediterraneibacter],Bin 1,7
WP_155492243.1,MULTISPECIES: VanZ family protein [Mediterraneibacter],Bin 1,7
WP_155492254.1,M15 family metallopeptidase [[Ruminococcus] torques],Bin 1,7
WP_170962607.1,MULTISPECIES: signal peptidase I [Mediterraneibacter],Bin 1,7
WP_170962625.1,MULTISPECIES: phosphatase PAP2 family protein [Mediterraneibacter],Bin 1,7
WP_172675336.1,MULTISPECIES: ComF family protein [Mediterraneibacter],Bin 1,7
WP_172675349.1,MULTISPECIES: AI-2E family transporter [Mediterraneibacter],Bin 1,7
WP_172675353.1,ammonium transporter [[Ruminococcus] torques],Bin 1,7
WP_172790446.1,GIY-YIG nuclease family protein [[Ruminococcus] torques],Bin 1,7
WP_172790454.1,MULTISPECIES: hypothetical protein [Lachnospiraceae],Bin 1,7
WP_172790482.1,GNAT family N-acetyltransferase [[Ruminococcus] torques],Bin 1,7
WP_181966449.1,MULTISPECIES: low molecular weight protein-tyrosine-phosphatase [Mediterraneibacter],Bin 1,7
WP_181966491.1,MULTISPECIES: HD domain-containing protein [Mediterraneibacter],Bin 1,7
WP_181966582.1,MULTISPECIES: hypothetical protein [Mediterraneibacter],Bin 1,7
WP_181980150.1,MULTISPECIES: VanZ family protein [Mediterraneibacter],Bin 1,7
WP_181982356.1,MULTISPECIES: hypothetical protein [Mediterraneibacter],Bin 1,7
WP_181986637.1,MULTISPECIES: fucose pyrophosphorylase domain-containing protein [Mediterraneibacter],Bin 1,7
WP_181986646.1,MULTISPECIES: hypothetical protein [Mediterraneibacter],Bin 1,7
WP_195942542.1,MULTISPECIES: transglycosylase domain-containing protein [Mediterraneibacter],Bin 1,7
WP_198415744.1,MULTISPECIES: helix-turn-helix domain-containing protein [Mediterraneibacter],Bin 1,7
WP_207642094.1,diguanylate cyclase domain-containing protein [[Ruminococcus] torques],Bin 1,7
WP_207642146.1,ABC transporter substrate-binding protein [[Ruminococcus] torques],Bin 1,7
WP_207642148.1,cobalt-precorrin-5B (C(1))-methyltransferase CbiD [[Ruminococcus] torques],Bin 1,7
WP_207642150.1,ABC transporter ATP-binding protein [[Ruminococcus] torques],Bin 1,7
WP_207642159.1,Maf family protein [[Ruminococcus] torques],Bin 1,7
WP_207643071.1,DUF5702 domain-containing protein [[Ruminococcus] torques],Bin 1,7
WP_207643082.1,hypothetical protein  partial [[Ruminococcus] torques],Bin 1,7
WP_207643086.1,M20/M25/M40 family metallo-hydrolase [[Ruminococcus] torques],Bin 1,7
WP_208913364.1,MULTISPECIES: delta-lactam-biosynthetic de-N-acetylase [Mediterraneibacter],Bin 1,7
WP_226862442.1,MULTISPECIES: cytidine deaminase [Mediterraneibacter],Bin 1,7
WP_226866080.1,MULTISPECIES: MATE family efflux transporter [Mediterraneibacter],Bin 1,7
WP_226866344.1,MULTISPECIES: hypothetical protein [Mediterraneibacter],Bin 1,7
WP_226871529.1,MULTISPECIES: V-type ATP synthase subunit E [Mediterraneibacter],Bin 1,7
WP_226875253.1,MULTISPECIES: DMT family transporter [Mediterraneibacter],Bin 1,7
WP_226875764.1,MULTISPECIES: flagellin lysine-N-methylase [Mediterraneibacter],Bin 1,7
WP_226875895.1,MULTISPECIES: 4Fe-4S binding protein [Mediterraneibacter],Bin 1,7
WP_227159685.1,MULTISPECIES: AAA family ATPase [Mediterraneibacter],Bin 1,7
WP_227189059.1,MULTISPECIES: Na+/H+ antiporter NhaC family protein [Mediterraneibacter],Bin 1,7
WP_227189143.1,MULTISPECIES: ANTAR domain-containing response regulator [Mediterraneibacter],Bin 1,7
WP_237976302.1,MULTISPECIES: PTS sugar transporter subunit IIB [Mediterraneibacter],Bin 1,7
WP_242849377.1,MULTISPECIES: Gldg family protein [Mediterraneibacter],Bin 1,7
WP_242849384.1,nicotinate-nucleotide--dimethylbenzimidazole phosphoribosyltransferase [[Ruminococcus] torques],Bin 1,7
WP_242863991.1,penicillin-binding transpeptidase domain-containing protein [[Ruminococcus] torques],Bin 1,7
WP_242864005.1,MULTISPECIES: PTS sugar transporter subunit IIA [Mediterraneibacter],Bin 1,7
WP_242865837.1,nucleoside kinase [[Ruminococcus] torques],Bin 1,7
WP_242865838.1,peptide chain release factor N(5)-glutamine methyltransferase [[Ruminococcus] torques],Bin 1,7
WP_242865842.1,DNA-processing protein DprA [[Ruminococcus] torques],Bin 1,7
WP_242865864.1,putative ABC transporter permease [[Ruminococcus] torques],Bin 1,7
WP_242987504.1,MULTISPECIES: threonine/serine exporter family protein [Mediterraneibacter],Bin 1,7
WP_242995894.1,MULTISPECIES: DUF4234 domain-containing protein [Mediterraneibacter],Bin 1,7
WP_242999396.1,MULTISPECIES: MarR family winged helix-turn-helix transcriptional regulator [Mediterraneibacter],Bin 1,7
WP_243132247.1,MULTISPECIES: flagellin lysine-N-methylase [Mediterraneibacter],Bin 1,7
WP_243441197.1,hypothetical protein  partial [[Ruminococcus] torques],Bin 1,7
WP_264293023.1,MULTISPECIES: 16S rRNA (guanine(527)-N(7))-methyltransferase RsmG [Mediterraneibacter],Bin 1,7
WP_264466050.1,MULTISPECIES: aldose 1-epimerase family protein [Mediterraneibacter],Bin 1,7
WP_270363765.1,MULTISPECIES: enoyl-[acyl-carrier-protein] reductase FabK [Mediterraneibacter],Bin 1,7
WP_319638190.1,MULTISPECIES: GNAT family N-acetyltransferase [Mediterraneibacter],Bin 1,7
WP_330362770.1,CdaR family transcriptional regulator  partial [[Ruminococcus] torques],Bin 1,7
WP_330378489.1,cobyrinate a c-diamide synthase [[Ruminococcus] torques],Bin 1,7
WP_330379438.1,aromatic acid exporter family protein [[Ruminococcus] torques],Bin 1,7
WP_330379481.1,phosphate ABC transporter permease subunit PstC [[Ruminococcus] torques],Bin 1,7
WP_330379496.1,hypothetical protein [[Ruminococcus] torques],Bin 1,7
WP_330379497.1,MULTISPECIES: IS3 family transposase [Mediterraneibacter],Bin 1,7
WP_330577923.1,MULTISPECIES: stage V sporulation protein AD [Mediterraneibacter],Bin 1,7
WP_330577936.1,MULTISPECIES: hypothetical protein [Mediterraneibacter],Bin 1,7
WP_330638488.1,MULTISPECIES: nitrogenase component 1 [Mediterraneibacter],Bin 1,7
WP_334290420.1,MULTISPECIES: rhamnulokinase family protein [Mediterraneibacter],Bin 1,7
WP_373106889.1,deoxyuridine 5'-triphosphate nucleotidohydrolase [[Ruminococcus] torques],Bin 1,7
WP_373107100.1,MATE family efflux transporter [[Ruminococcus] torques],Bin 1,7
WP_373107114.1,HAD family hydrolase [[Ruminococcus] torques],Bin 1,7
WP_373107116.1,SbcC/MukB-like Walker B domain-containing protein [[Ruminococcus] torques],Bin 1,7
WP_373107339.1,polysaccharide deacetylase family protein [[Ruminococcus] torques],Bin 1,7
WP_373107340.1,NYN domain-containing protein [[Ruminococcus] torques],Bin 1,7
WP_373107372.1,DNA topoisomerase [[Ruminococcus] torques],Bin 1,7
WP_373107390.1,hypothetical protein [[Ruminococcus] torques],Bin 1,7
WP_373107485.1,N-acetyltransferase family protein [[Ruminococcus] torques],Bin 1,7
WP_373107616.1,HAD family hydrolase [[Ruminococcus] torques],Bin 1,7
WP_373107756.1,murein hydrolase activator EnvC [[Ruminococcus] torques],Bin 1,7
WP_373107787.1,AAA family ATPase [[Ruminococcus] torques],Bin 1,7
WP_373107891.1,adenine deaminase [[Ruminococcus] torques],Bin 1,7
WP_373108061.1,penicillin-binding Tp47 domain C-containing protein [[Ruminococcus] torques],Bin 1,7
WP_373108080.1,5-methyltetrahydropteroyltriglutamate--homocysteine S-methyltransferase [[Ruminococcus] torques],Bin 1,7
WP_373108231.1,threonine/serine exporter family protein [[Ruminococcus] torques],Bin 1,7
WP_373108365.1,sensor histidine kinase [[Ruminococcus] torques],Bin 1,7
WP_412443811.1,MULTISPECIES: endopeptidase La [Mediterraneibacter],Bin 1,7
WP_412941668.1,MULTISPECIES: ABC transporter permease [Mediterraneibacter],Bin 1,7
WP_004846099.1,MULTISPECIES: ABC transporter ATP-binding protein [Mediterraneibacter],Bin 2,23
WP_004846101.1,MULTISPECIES: response regulator transcription factor [Mediterraneibacter],Bin 2,23
WP_242999335.1,MULTISPECIES: HEPN domain-containing protein [Mediterraneibacter],Bin 2,23
WP_004614497.1,MULTISPECIES: hypothetical protein [Clostridia],Bin 2,22
WP_004844903.1,MULTISPECIES: 4-(cytidine 5'-diphospho)-2-C-methyl-D-erythritol kinase [Mediterraneibacter],Bin 2,22
WP_004844906.1,MULTISPECIES: stage II sporulation protein R [Mediterraneibacter],Bin 2,22
WP_004844908.1,MULTISPECIES: acyl-[acyl-carrier-protein] thioesterase [Mediterraneibacter],Bin 2,22
WP_004844909.1,MULTISPECIES: HAD family hydrolase [Mediterraneibacter],Bin 2,22
WP_004844914.1,MULTISPECIES: AI-2E family transporter [Mediterraneibacter],Bin 2,22
WP_004844916.1,MULTISPECIES: preprotein translocase subunit SecE [Mediterraneibacter],Bin 2,22
WP_004844929.1,MULTISPECIES: transcription antitermination factor NusB [Mediterraneibacter],Bin 2,22
WP_004844930.1,MULTISPECIES: exodeoxyribonuclease VII large subunit [Mediterraneibacter],Bin 2,22
WP_004844935.1,MULTISPECIES: NAD(+)/NADH kinase [Mediterraneibacter],Bin 2,22
WP_004844937.1,DNA repair protein RecN [[Ruminococcus] torques],Bin 2,22
WP_004844939.1,MULTISPECIES: SpoIVB peptidase [Mediterraneibacter],Bin 2,22
WP_004844940.1,MULTISPECIES: sporulation transcription factor Spo0A [Mediterraneibacter],Bin 2,22
WP_004845008.1,low molecular weight protein-tyrosine-phosphatase [[Ruminococcus] torques],Bin 2,22
WP_004845012.1,MULTISPECIES: metallophosphoesterase [Mediterraneibacter],Bin 2,22
WP_004845015.1,MULTISPECIES: D-alanyl-D-alanine carboxypeptidase family protein [Mediterraneibacter],Bin 2,22
WP_004845022.1,MULTISPECIES: PqqD family protein [Mediterraneibacter],Bin 2,22
WP_004845034.1,MULTISPECIES: (d)CMP kinase [Mediterraneibacter],Bin 2,22
WP_004845041.1,MULTISPECIES: electron transport complex subunit RsxC [Mediterraneibacter],Bin 2,22
WP_004845045.1,MULTISPECIES: RnfABCDGE type electron transport complex subunit G [Mediterraneibacter],Bin 2,22
WP_004845050.1,MULTISPECIES: RnfABCDGE type electron transport complex subunit B [Mediterraneibacter],Bin 2,22
WP_004845051.1,MULTISPECIES: NusG domain II-containing protein [Mediterraneibacter],Bin 2,22
WP_004845054.1,MULTISPECIES: Holliday junction branch migration protein RuvA [Mediterraneibacter],Bin 2,22
WP_004845063.1,MULTISPECIES: DUF2953 domain-containing protein [Mediterraneibacter],Bin 2,22
WP_004845073.1,MULTISPECIES: 16S rRNA (guanine(966)-N(2))-methyltransferase RsmD [Mediterraneibacter],Bin 2,22
WP_004845074.1,MULTISPECIES: pantetheine-phosphate adenylyltransferase [Mediterraneibacter],Bin 2,22
WP_004845075.1,MULTISPECIES: hypothetical protein [Mediterraneibacter],Bin 2,22
WP_004845085.1,MULTISPECIES: pseudouridine synthase [Mediterraneibacter],Bin 2,22
WP_004845086.1,MULTISPECIES: HAD family hydrolase [Mediterraneibacter],Bin 2,22
WP_004845089.1,MULTISPECIES: hypothetical protein [Mediterraneibacter],Bin 2,22
WP_004845090.1,MULTISPECIES: RluA family pseudouridine synthase [Mediterraneibacter],Bin 2,22
WP_004845091.1,MULTISPECIES: Holliday junction resolvase RecU [Mediterraneibacter],Bin 2,22
WP_004845101.1,MULTISPECIES: TIGR03936 family radical SAM-associated protein [Mediterraneibacter],Bin 2,22
WP_004845106.1,MULTISPECIES: ribosomal-processing cysteine protease Prp [Mediterraneibacter],Bin 2,22
WP_004845110.1,MULTISPECIES: nicotinate-nucleotide adenylyltransferase [Mediterraneibacter],Bin 2,22
WP_004845111.1,MULTISPECIES: bis(5'-nucleosyl)-tetraphosphatase (symmetrical) YqeK [Mediterraneibacter],Bin 2,22
WP_004845114.1,MULTISPECIES: helix-turn-helix transcriptional regulator [Mediterraneibacter],Bin 2,22
WP_004845115.1,MULTISPECIES: NAD(P)/FAD-dependent oxidoreductase [Mediterraneibacter],Bin 2,22
WP_004845116.1,MULTISPECIES: RadC family protein [Mediterraneibacter],Bin 2,22
WP_004845117.1,MULTISPECIES: rod shape-determining protein [Mediterraneibacter],Bin 2,22
WP_004845119.1,MULTISPECIES: rod shape-determining protein MreD [Mediterraneibacter],Bin 2,22
WP_004845121.1,MULTISPECIES: septum site-determining protein MinC [Mediterraneibacter],Bin 2,22
WP_004845122.1,MULTISPECIES: septum site-determining protein MinD [Mediterraneibacter],Bin 2,22
WP_004845123.1,MULTISPECIES: cell division topological specificity factor MinE [Mediterraneibacter],Bin 2,22
WP_004845150.1,MULTISPECIES: bifunctional riboflavin kinase/FAD synthetase [Mediterraneibacter],Bin 2,22
WP_004845152.1,MULTISPECIES: DHH family phosphoesterase [Mediterraneibacter],Bin 2,22
WP_004845161.1,stage II sporulation protein P [[Ruminococcus] torques],Bin 2,22
WP_004845162.1,MULTISPECIES: GPR endopeptidase [Mediterraneibacter],Bin 2,22
WP_004845170.1,MULTISPECIES: hypothetical protein [Mediterraneibacter],Bin 2,22
WP_004845171.1,MULTISPECIES: tyrosine-type recombinase/integrase [Mediterraneibacter],Bin 2,22
WP_004845172.1,MULTISPECIES: hypothetical protein [Mediterraneibacter],Bin 2,22
WP_004845192.1,MULTISPECIES: ECF transporter S component [Mediterraneibacter],Bin 2,22
WP_004845194.1,MULTISPECIES: DUF2752 domain-containing protein [Mediterraneibacter],Bin 2,22
WP_004845198.1,MULTISPECIES: dihydroorotate dehydrogenase [Mediterraneibacter],Bin 2,22
WP_004845199.1,MULTISPECIES: SdpI family protein [Mediterraneibacter],Bin 2,22
WP_004845205.1,hypothetical protein [[Ruminococcus] torques],Bin 2,22
WP_004845206.1,MULTISPECIES: hypothetical protein [Mediterraneibacter],Bin 2,22
WP_004845207.1,MULTISPECIES: VOC family protein [Mediterraneibacter],Bin 2,22
WP_004845212.1,MULTISPECIES: LysR family transcriptional regulator [Mediterraneibacter],Bin 2,22
WP_004845214.1,MULTISPECIES: SufB/SufD family protein [Mediterraneibacter],Bin 2,22
WP_004845223.1,MULTISPECIES: hypothetical protein [Mediterraneibacter],Bin 2,22
WP_004845227.1,MULTISPECIES: Crp/Fnr family transcriptional regulator [Mediterraneibacter],Bin 2,22
WP_004845228.1,MULTISPECIES: thioredoxin [Mediterraneibacter],Bin 2,22
WP_004845234.1,MULTISPECIES: small  acid-soluble spore protein  alpha/beta type [Mediterraneibacter],Bin 2,22
WP_004845235.1,MULTISPECIES: WecB/TagA/CpsF family glycosyltransferase [Mediterraneibacter],Bin 2,22
WP_004845242.1,MULTISPECIES: hypothetical protein [Mediterraneibacter],Bin 2,22
WP_004845248.1,Y-family DNA polymerase [[Ruminococcus] torques],Bin 2,22
WP_004845249.1,MULTISPECIES: DedA family protein [Mediterraneibacter],Bin 2,22
WP_004845250.1,MULTISPECIES: glycosyltransferase [Mediterraneibacter],Bin 2,22
WP_004845255.1,MULTISPECIES: TIGR00266 family protein [Mediterraneibacter],Bin 2,22
WP_004845262.1,MULTISPECIES: GNAT family N-acetyltransferase [Mediterraneibacter],Bin 2,22
WP_004845266.1,MULTISPECIES: DUF4358 domain-containing protein [Mediterraneibacter],Bin 2,22
WP_004845360.1,MULTISPECIES: iron-containing alcohol dehydrogenase [Mediterraneibacter],Bin 2,22
WP_004845363.1,MULTISPECIES: hypothetical protein [Mediterraneibacter],Bin 2,22
WP_004845370.1,MULTISPECIES: acyl-CoA thioesterase [Mediterraneibacter],Bin 2,22
WP_004845371.1,hypothetical protein [[Ruminococcus] torques],Bin 2,22
WP_004845376.1,MULTISPECIES: hypothetical protein [Mediterraneibacter],Bin 2,22
WP_004845382.1,MULTISPECIES: ribosome maturation factor RimM [Mediterraneibacter],Bin 2,22
WP_004845392.1,MULTISPECIES: YraN family protein [Mediterraneibacter],Bin 2,22
WP_004845395.1,MULTISPECIES: mechanosensitive ion channel family protein [Mediterraneibacter],Bin 2,22
WP_004845399.1,MULTISPECIES: 4Fe-4S dicluster domain-containing protein [Mediterraneibacter],Bin 2,22
WP_004845445.1,selenium cofactor biosynthesis protein YqeC [[Ruminococcus] torques],Bin 2,22
WP_004845447.1,MULTISPECIES: molybdate ABC transporter substrate-binding protein [Mediterraneibacter],Bin 2,22
WP_004845450.1,MULTISPECIES: hypothetical protein [Mediterraneibacter],Bin 2,22
WP_004845470.1,MULTISPECIES: hypothetical protein [Mediterraneibacter],Bin 2,22
WP_004845476.1,MULTISPECIES: DNA helicase PcrA [Mediterraneibacter],Bin 2,22
WP_004845479.1,MULTISPECIES: alanyl-tRNA editing protein [Mediterraneibacter],Bin 2,22
WP_004845480.1,MULTISPECIES: coiled-coil domain-containing protein [Mediterraneibacter],Bin 2,22
WP_004845481.1,MULTISPECIES: cation transporter [Mediterraneibacter],Bin 2,22
WP_004845486.1,MULTISPECIES: cob(I)yrinic acid a c-diamide adenosyltransferase [Mediterraneibacter],Bin 2,22
WP_004845487.1,MULTISPECIES: energy-coupling factor ABC transporter permease [Mediterraneibacter],Bin 2,22
WP_004845488.1,MULTISPECIES: energy-coupling factor ABC transporter substrate-binding protein [Mediterraneibacter],Bin 2,22
WP_004845489.1,MULTISPECIES: cobalt ECF transporter T component CbiQ [Mediterraneibacter],Bin 2,22
WP_004845492.1,MULTISPECIES: thioredoxin-dependent thiol peroxidase [Mediterraneibacter],Bin 2,22
WP_004845493.1,MULTISPECIES: cobalt-precorrin-5B (C(1))-methyltransferase CbiD [Mediterraneibacter],Bin 2,22
WP_004845494.1,MULTISPECIES: precorrin-2 C(20)-methyltransferase [Mediterraneibacter],Bin 2,22
WP_004845498.1,MULTISPECIES: precorrin-3B C(17)-methyltransferase [Mediterraneibacter],Bin 2,22
WP_004845502.1,MULTISPECIES: adenosylcobinamide-GDP ribazoletransferase [Mediterraneibacter],Bin 2,22
WP_004845503.1,MULTISPECIES: histidine phosphatase family protein [Mediterraneibacter],Bin 2,22
WP_004845507.1,MULTISPECIES: hydroxymethylbilane synthase [Mediterraneibacter],Bin 2,22
WP_004845510.1,MULTISPECIES: Cys-tRNA(Pro) deacylase [Mediterraneibacter],Bin 2,22
WP_004845511.1,MULTISPECIES: ABC transporter permease [Mediterraneibacter],Bin 2,22
WP_004845512.1,MULTISPECIES: ABC transporter permease [Mediterraneibacter],Bin 2,22
WP_004845515.1,MULTISPECIES: L-serine ammonia-lyase  iron-sulfur-dependent  subunit alpha [Mediterraneibacter],Bin 2,22
WP_004845519.1,MULTISPECIES: precorrin-8X methylmutase [Mediterraneibacter],Bin 2,22
WP_004845522.1,MULTISPECIES: NADH-quinone oxidoreductase subunit NuoE [Mediterraneibacter],Bin 2,22
WP_004845525.1,MULTISPECIES: CPBP family intramembrane glutamic endopeptidase [Mediterraneibacter],Bin 2,22
WP_004845531.1,MULTISPECIES: GntR family transcriptional regulator [Mediterraneibacter],Bin 2,22
WP_004845545.1,MULTISPECIES: glutamate 5-kinase [Mediterraneibacter],Bin 2,22
WP_004845546.1,MULTISPECIES: CYTH domain-containing protein [Mediterraneibacter],Bin 2,22
WP_004845558.1,MULTISPECIES: ribonucleotide-diphosphate reductase subunit beta [Mediterraneibacter],Bin 2,22
WP_004845559.1,MULTISPECIES: rubredoxin [Mediterraneibacter],Bin 2,22
WP_004845561.1,MULTISPECIES: Cof-type HAD-IIB family hydrolase [Mediterraneibacter],Bin 2,22
WP_004845576.1,MULTISPECIES: preprotein translocase subunit YajC [Mediterraneibacter],Bin 2,22
WP_004845577.1,MULTISPECIES: AraC family transcriptional regulator [Mediterraneibacter],Bin 2,22
WP_004845581.1,MULTISPECIES: class II D-tagatose-bisphosphate aldolase  non-catalytic subunit [Mediterraneibacter],Bin 2,22
WP_004845589.1,MULTISPECIES: PTS sugar transporter subunit IIB [Mediterraneibacter],Bin 2,22
WP_004845592.1,MULTISPECIES: bifunctional 4-hydroxy-2-oxoglutarate aldolase/2-dehydro-3-deoxy-phosphogluconate aldolase [Mediterraneibacter],Bin 2,22
WP_004845593.1,MULTISPECIES: creatininase family protein [Mediterraneibacter],Bin 2,22
WP_004845610.1,MULTISPECIES: ComEA family DNA-binding protein [Mediterraneibacter],Bin 2,22
WP_004845612.1,MULTISPECIES: sensor histidine kinase [Mediterraneibacter],Bin 2,22
WP_004845613.1,MULTISPECIES: GerMN domain-containing protein [Mediterraneibacter],Bin 2,22
WP_004845705.1,permease [[Ruminococcus] torques],Bin 2,22
WP_004845708.1,MULTISPECIES: patatin family protein [Mediterraneibacter],Bin 2,22
WP_004845713.1,MULTISPECIES: ABC transporter ATP-binding protein [Mediterraneibacter],Bin 2,22
WP_004845716.1,MULTISPECIES: sodium:solute symporter family protein [Mediterraneibacter],Bin 2,22
WP_004845717.1,MULTISPECIES: L-lactate dehydrogenase [Mediterraneibacter],Bin 2,22
WP_004845719.1,MULTISPECIES: FeoA family protein [Mediterraneibacter],Bin 2,22
WP_004845720.1,MULTISPECIES: FeoA family protein [Mediterraneibacter],Bin 2,22
WP_004845726.1,MULTISPECIES: GntR family transcriptional regulator [Mediterraneibacter],Bin 2,22
WP_004845727.1,MULTISPECIES: ABC transporter permease [Mediterraneibacter],Bin 2,22
WP_004845729.1,MULTISPECIES: DUF4854 domain-containing protein [Mediterraneibacter],Bin 2,22
WP_004845736.1,MULTISPECIES: flavin reductase family protein [Mediterraneibacter],Bin 2,22
WP_004845745.1,MULTISPECIES: PTS sugar transporter subunit IIB [Mediterraneibacter],Bin 2,22
WP_004845748.1,MULTISPECIES: PTS sugar transporter subunit IIA [Mediterraneibacter],Bin 2,22
WP_004845754.1,MULTISPECIES: RrF2 family transcriptional regulator [Mediterraneibacter],Bin 2,22
WP_004845757.1,MULTISPECIES: DUF5684 domain-containing protein [Mediterraneibacter],Bin 2,22
WP_004845761.1,MULTISPECIES: ThiF family adenylyltransferase [Mediterraneibacter],Bin 2,22
WP_004845763.1,MULTISPECIES: DUF4364 family protein [Mediterraneibacter],Bin 2,22
WP_004845764.1,TIGR01212 family radical SAM protein [[Ruminococcus] torques],Bin 2,22
WP_004845766.1,MULTISPECIES: transcription termination factor Rho [Mediterraneibacter],Bin 2,22
WP_004845768.1,MULTISPECIES: DUF1385 domain-containing protein [Mediterraneibacter],Bin 2,22
WP_004845769.1,MULTISPECIES: peptide chain release factor N(5)-glutamine methyltransferase [Mediterraneibacter],Bin 2,22
WP_004845771.1,MULTISPECIES: DUF2156 domain-containing protein [Mediterraneibacter],Bin 2,22
WP_004845773.1,MULTISPECIES: histidinol-phosphate transaminase [Mediterraneibacter],Bin 2,22
WP_004845774.1,MULTISPECIES: DUF368 domain-containing protein [Mediterraneibacter],Bin 2,22
WP_004845775.1,MULTISPECIES: carbohydrate-binding family 9-like protein [Mediterraneibacter],Bin 2,22
WP_004845777.1,MULTISPECIES: hypothetical protein [Mediterraneibacter],Bin 2,22
WP_004845785.1,MULTISPECIES: sensor histidine kinase [Mediterraneibacter],Bin 2,22
WP_004845787.1,MULTISPECIES: aldose epimerase family protein [Mediterraneibacter],Bin 2,22
WP_004845788.1,MULTISPECIES: substrate-binding domain-containing protein [Mediterraneibacter],Bin 2,22
WP_004845790.1,MULTISPECIES: sugar ABC transporter ATP-binding protein [Mediterraneibacter],Bin 2,22
WP_004845793.1,MULTISPECIES: response regulator [Mediterraneibacter],Bin 2,22
WP_004845797.1,MULTISPECIES: galactose ABC transporter substrate-binding protein [Mediterraneibacter],Bin 2,22
WP_004845798.1,MULTISPECIES: galactokinase [Mediterraneibacter],Bin 2,22
WP_004845799.1,MULTISPECIES: histidine kinase dimerization/phospho-acceptor domain-containing protein [Mediterraneibacter],Bin 2,22
WP_004845803.1,MULTISPECIES: AAA family ATPase [Mediterraneibacter],Bin 2,22
WP_004845811.1,MULTISPECIES: ABC transporter permease [Mediterraneibacter],Bin 2,22
WP_004845813.1,MULTISPECIES: ABC transporter ATP-binding protein [Mediterraneibacter],Bin 2,22
WP_004845814.1,MULTISPECIES: response regulator transcription factor [Mediterraneibacter],Bin 2,22
WP_004845816.1,MULTISPECIES: phenylacetate--CoA ligase family protein [Mediterraneibacter],Bin 2,22
WP_004845818.1,MULTISPECIES: indolepyruvate oxidoreductase subunit beta [Mediterraneibacter],Bin 2,22
WP_004845819.1,MULTISPECIES: ACT domain-containing protein [Mediterraneibacter],Bin 2,22
WP_004845821.1,MULTISPECIES: hypothetical protein [Mediterraneibacter],Bin 2,22
WP_004845826.1,MULTISPECIES: TIGR03915 family putative DNA repair protein [Mediterraneibacter],Bin 2,22
WP_004845827.1,MULTISPECIES: ATP-dependent DNA helicase [Mediterraneibacter],Bin 2,22
WP_004845829.1,MULTISPECIES: TIGR01906 family membrane protein [Mediterraneibacter],Bin 2,22
WP_004845863.1,deoxyuridine 5'-triphosphate nucleotidohydrolase [[Ruminococcus] torques],Bin 2,22
WP_004845889.1,MULTISPECIES: thiamine diphosphokinase [Mediterraneibacter],Bin 2,22
WP_004845890.1,MULTISPECIES: ribulose-phosphate 3-epimerase [Mediterraneibacter],Bin 2,22
WP_004845896.1,MULTISPECIES: methionyl-tRNA formyltransferase [Mediterraneibacter],Bin 2,22
WP_004845897.1,MULTISPECIES: peptide deformylase [Mediterraneibacter],Bin 2,22
WP_004845907.1,MULTISPECIES: putative ABC transporter permease [Mediterraneibacter],Bin 2,22
WP_004845912.1,HAD family hydrolase [[Ruminococcus] torques],Bin 2,22
WP_004845915.1,MULTISPECIES: RluA family pseudouridine synthase [Mediterraneibacter],Bin 2,22
WP_004845921.1,MULTISPECIES: TetR/AcrR family transcriptional regulator [Mediterraneibacter],Bin 2,22
WP_004845926.1,MULTISPECIES: undecaprenyl-diphosphate phosphatase [Mediterraneibacter],Bin 2,22
WP_004845934.1,MULTISPECIES: DUF3343 domain-containing protein [Mediterraneibacter],Bin 2,22
WP_004845938.1,MULTISPECIES: sulfurtransferase-like selenium metabolism protein YedF [Mediterraneibacter],Bin 2,22
WP_004845942.1,MULTISPECIES: HD domain-containing protein [Mediterraneibacter],Bin 2,22
WP_004845945.1,MULTISPECIES: trimeric intracellular cation channel family protein [Mediterraneibacter],Bin 2,22
WP_004845946.1,MULTISPECIES: MarR family winged helix-turn-helix transcriptional regulator [Mediterraneibacter],Bin 2,22
WP_004845950.1,MULTISPECIES: 3-hydroxyacyl-ACP dehydratase FabZ [Mediterraneibacter],Bin 2,22
WP_004845951.1,MULTISPECIES: acetyl-CoA carboxylase biotin carboxyl carrier protein [Mediterraneibacter],Bin 2,22
WP_004845982.1,MULTISPECIES: guanylate kinase [Mediterraneibacter],Bin 2,22
WP_004845985.1,MULTISPECIES: tRNA1(Val) (adenine(37)-N6)-methyltransferase [Mediterraneibacter],Bin 2,22
WP_004845986.1,MULTISPECIES: 16S rRNA (cytidine(1402)-2'-O)-methyltransferase [Mediterraneibacter],Bin 2,22
WP_004845987.1,MULTISPECIES: ABC transporter ATP-binding protein [Mediterraneibacter],Bin 2,22
WP_004845988.1,MULTISPECIES: spore maturation protein [Mediterraneibacter],Bin 2,22
WP_004845996.1,MULTISPECIES: glycosyltransferase family 2 protein [Mediterraneibacter],Bin 2,22
WP_004846028.1,MULTISPECIES: NYN domain-containing protein [Mediterraneibacter],Bin 2,22
WP_004846035.1,MULTISPECIES: alpha/beta fold hydrolase [Mediterraneibacter],Bin 2,22
WP_004846038.1,MULTISPECIES: ATP-binding protein [Mediterraneibacter],Bin 2,22
WP_004846041.1,MULTISPECIES: CCA tRNA nucleotidyltransferase [Mediterraneibacter],Bin 2,22
WP_004846047.1,MULTISPECIES: sporulation protein YabP [Mediterraneibacter],Bin 2,22
WP_004846048.1,MULTISPECIES: spore cortex biosynthesis protein YabQ [Mediterraneibacter],Bin 2,22
WP_004846049.1,MULTISPECIES: FtsB family cell division protein [Mediterraneibacter],Bin 2,22
WP_004846060.1,MULTISPECIES: class C sortase [Mediterraneibacter],Bin 2,22
WP_004846062.1,SpaH/EbpB family LPXTG-anchored major pilin  partial [[Ruminococcus] torques],Bin 2,22
WP_004846103.1,MULTISPECIES: C-GCAxxG-C-C family protein [Mediterraneibacter],Bin 2,22
WP_004846108.1,MULTISPECIES: YitT family protein [Mediterraneibacter],Bin 2,22
WP_004846117.1,MULTISPECIES: hypothetical protein [Mediterraneibacter],Bin 2,22
WP_004846118.1,MULTISPECIES: J domain-containing protein [Mediterraneibacter],Bin 2,22
WP_004846121.1,MULTISPECIES: biotin transporter BioY [Mediterraneibacter],Bin 2,22
WP_004846126.1,MULTISPECIES: GntR family transcriptional regulator [Mediterraneibacter],Bin 2,22
WP_004846129.1,MULTISPECIES: metal ABC transporter permease [Mediterraneibacter],Bin 2,22
WP_004846130.1,MULTISPECIES: metal ABC transporter ATP-binding protein [Mediterraneibacter],Bin 2,22
WP_004846132.1,MULTISPECIES: dihydrofolate reductase [Mediterraneibacter],Bin 2,22
WP_004846134.1,MULTISPECIES: MarR family winged helix-turn-helix transcriptional regulator [Mediterraneibacter],Bin 2,22
WP_004846136.1,MULTISPECIES: type II toxin-antitoxin system HicB family antitoxin [Mediterraneibacter],Bin 2,22
WP_004846179.1,MULTISPECIES: YicC/YloC family endoribonuclease [Mediterraneibacter],Bin 2,22
WP_004846181.1,MULTISPECIES: ATP-binding protein [Mediterraneibacter],Bin 2,22
WP_004846182.1,MULTISPECIES: bifunctional chorismate mutase/prephenate dehydratase [Mediterraneibacter],Bin 2,22
WP_004846188.1,MULTISPECIES: MBL fold metallo-hydrolase [Mediterraneibacter],Bin 2,22
WP_004846189.1,MULTISPECIES: molybdenum cofactor biosynthesis protein B [Mediterraneibacter],Bin 2,22
WP_004846196.1,MULTISPECIES: DUF512 domain-containing protein [Mediterraneibacter],Bin 2,22
WP_004846201.1,MULTISPECIES: ribonuclease III [Mediterraneibacter],Bin 2,22
WP_004846212.1,MULTISPECIES: GntR family transcriptional regulator [Mediterraneibacter],Bin 2,22
WP_004846222.1,L D-transpeptidase family protein [[Ruminococcus] torques],Bin 2,22
WP_004846229.1,MULTISPECIES: Nif3-like dinuclear metal center hexameric protein [Mediterraneibacter],Bin 2,22
WP_004846234.1,MULTISPECIES: polyphosphate:AMP phosphotransferase [Mediterraneibacter],Bin 2,22
WP_004846271.1,MULTISPECIES: CidA/LrgA family protein [Mediterraneibacter],Bin 2,22
WP_004846375.1,MULTISPECIES: stage III sporulation protein AF [Mediterraneibacter],Bin 2,22
WP_004846376.1,MULTISPECIES: hypothetical protein [Mediterraneibacter],Bin 2,22
WP_004846379.1,MULTISPECIES: TrpB-like pyridoxal phosphate-dependent enzyme [Mediterraneibacter],Bin 2,22
WP_004846388.1,MULTISPECIES: ACT domain-containing protein [Mediterraneibacter],Bin 2,22
WP_004846390.1,MULTISPECIES: dephospho-CoA kinase [Mediterraneibacter],Bin 2,22
WP_004846400.1,MULTISPECIES: HAD family hydrolase [Mediterraneibacter],Bin 2,22
WP_004846419.1,MULTISPECIES: ABC transporter permease [Mediterraneibacter],Bin 2,22
WP_004846425.1,MULTISPECIES: type I 3-dehydroquinate dehydratase [Mediterraneibacter],Bin 2,22
WP_004846430.1,MULTISPECIES: transcription-repair coupling factor [Mediterraneibacter],Bin 2,22
WP_004846432.1,MULTISPECIES: hypothetical protein [Mediterraneibacter],Bin 2,22
WP_004846437.1,MULTISPECIES: histidine phosphatase family protein [Mediterraneibacter],Bin 2,22
WP_004846438.1,MULTISPECIES: S-ribosylhomocysteine lyase [Mediterraneibacter],Bin 2,22
WP_004846440.1,MULTISPECIES: alpha-amylase family glycosyl hydrolase [Mediterraneibacter],Bin 2,22
WP_004846442.1,MULTISPECIES: DUF1292 domain-containing protein [Mediterraneibacter],Bin 2,22
WP_004846445.1,MULTISPECIES: leucine-rich repeat protein [Mediterraneibacter],Bin 2,22
WP_004846456.1,transglutaminase-like domain-containing protein [[Ruminococcus] torques],Bin 2,22
WP_004846461.1,MULTISPECIES: ABC transporter permease [Mediterraneibacter],Bin 2,22
WP_004846466.1,LacI family DNA-binding transcriptional regulator [[Ruminococcus] torques],Bin 2,22
WP_004846470.1,MULTISPECIES: cofactor-independent phosphoglycerate mutase [Mediterraneibacter],Bin 2,22
WP_004846471.1,MULTISPECIES: homoserine dehydrogenase [Mediterraneibacter],Bin 2,22
WP_004846479.1,MULTISPECIES: hypothetical protein [Mediterraneibacter],Bin 2,22
WP_004846483.1,MULTISPECIES: hypothetical protein [Mediterraneibacter],Bin 2,22
WP_004846492.1,MULTISPECIES: carbohydrate kinase family protein [Mediterraneibacter],Bin 2,22
WP_004846498.1,MULTISPECIES: ROK family glucokinase [Mediterraneibacter],Bin 2,22
WP_004846511.1,MULTISPECIES: cell division protein FtsQ/DivIB [Mediterraneibacter],Bin 2,22
WP_004846512.1,MULTISPECIES: FtsW/RodA/SpoVE family cell cycle protein [Mediterraneibacter],Bin 2,22
WP_004846519.1,MULTISPECIES: hypothetical protein [Mediterraneibacter],Bin 2,22
WP_004846524.1,MULTISPECIES: hypothetical protein [Mediterraneibacter],Bin 2,22
WP_004846527.1,MULTISPECIES: DegV family protein [Mediterraneibacter],Bin 2,22
WP_004846691.1,MULTISPECIES: stage V sporulation protein AD [Mediterraneibacter],Bin 2,22
WP_004846693.1,MULTISPECIES: stage V sporulation protein AC [Mediterraneibacter],Bin 2,22
WP_004846697.1,glycogen/starch/alpha-glucan phosphorylase [[Ruminococcus] torques],Bin 2,22
WP_004846721.1,AAA family ATPase [[Ruminococcus] torques],Bin 2,22
WP_004846736.1,MULTISPECIES: hypothetical protein [Mediterraneibacter],Bin 2,22
WP_004846739.1,RNA polymerase sporulation sigma factor SigF [[Ruminococcus] torques],Bin 2,22
WP_004846740.1,MULTISPECIES: anti-sigma F factor [Mediterraneibacter],Bin 2,22
WP_004846741.1,MULTISPECIES: anti-sigma F factor antagonist [Mediterraneibacter],Bin 2,22
WP_004846756.1,MULTISPECIES: SDR family NAD(P)-dependent oxidoreductase [Mediterraneibacter],Bin 2,22
WP_004846760.1,MULTISPECIES: AGE family epimerase/isomerase [Mediterraneibacter],Bin 2,22
WP_004846763.1,MULTISPECIES: carbohydrate ABC transporter permease [Mediterraneibacter],Bin 2,22
WP_004846765.1,MULTISPECIES: carbohydrate ABC transporter permease [Mediterraneibacter],Bin 2,22
WP_004846779.1,MULTISPECIES: DUF6142 family protein [Mediterraneibacter],Bin 2,22
WP_004846805.1,MULTISPECIES: DUF6512 family protein [Mediterraneibacter],Bin 2,22
WP_004846812.1,MULTISPECIES: endonuclease III [Mediterraneibacter],Bin 2,22
WP_004846848.1,MULTISPECIES: DUF3783 domain-containing protein [Mediterraneibacter],Bin 2,22
WP_004846857.1,MULTISPECIES: DeoR/GlpR family DNA-binding transcription regulator [Mediterraneibacter],Bin 2,22
WP_004846865.1,MULTISPECIES: HD domain-containing protein [Mediterraneibacter],Bin 2,22
WP_004846869.1,MULTISPECIES: elongation factor P 5-aminopentanone reductase [Mediterraneibacter],Bin 2,22
WP_004846885.1,MULTISPECIES: ATP-binding protein [Mediterraneibacter],Bin 2,22
WP_004846890.1,MULTISPECIES: ATP-binding protein [Mediterraneibacter],Bin 2,22
WP_004846892.1,MULTISPECIES: response regulator [Mediterraneibacter],Bin 2,22
WP_004846905.1,MULTISPECIES: 50S ribosomal protein L7/L12 [Mediterraneibacter],Bin 2,22
WP_004846919.1,MULTISPECIES: ArsR/SmtB family transcription factor [Mediterraneibacter],Bin 2,22
WP_004846928.1,MULTISPECIES: hypothetical protein [Mediterraneibacter],Bin 2,22
WP_004846933.1,ABC transporter ATP-binding protein [[Ruminococcus] torques],Bin 2,22
WP_004846936.1,MULTISPECIES: imidazole glycerol phosphate synthase subunit HisH [Mediterraneibacter],Bin 2,22
WP_004846939.1,sensor histidine kinase [[Ruminococcus] torques],Bin 2,22
WP_004846950.1,MULTISPECIES: metallophosphoesterase family protein [Mediterraneibacter],Bin 2,22
WP_004846956.1,MULTISPECIES: UDP-galactopyranose mutase [Mediterraneibacter],Bin 2,22
WP_004846958.1,MULTISPECIES: 6-phosphofructokinase [Mediterraneibacter],Bin 2,22
WP_004846959.1,MULTISPECIES: dihydroorotase [Mediterraneibacter],Bin 2,22
WP_004847043.1,MULTISPECIES: putative heavy metal-binding protein [Mediterraneibacter],Bin 2,22
WP_004847074.1,MULTISPECIES: DNA repair protein RecO [Mediterraneibacter],Bin 2,22
WP_004847220.1,MULTISPECIES: Fe-S-containing hydro-lyase [Mediterraneibacter],Bin 2,22
WP_004847222.1,MULTISPECIES: fumarate hydratase [Mediterraneibacter],Bin 2,22
WP_004847226.1,MULTISPECIES: uracil phosphoribosyltransferase [Mediterraneibacter],Bin 2,22
WP_004847227.1,MULTISPECIES: L-threonylcarbamoyladenylate synthase [Mediterraneibacter],Bin 2,22
WP_004847238.1,MULTISPECIES: adaptor protein MecA [Mediterraneibacter],Bin 2,22
WP_004847246.1,MULTISPECIES: ROK family protein [Mediterraneibacter],Bin 2,22
WP_004847248.1,MULTISPECIES: GIY-YIG nuclease family protein [Mediterraneibacter],Bin 2,22
WP_004847253.1,MULTISPECIES: hypothetical protein [Mediterraneibacter],Bin 2,22
WP_004847281.1,MULTISPECIES: biotin--[acetyl-CoA-carboxylase] ligase [Mediterraneibacter],Bin 2,22
WP_004847286.1,MULTISPECIES: glycine betaine ABC transporter substrate-binding protein [Mediterraneibacter],Bin 2,22
WP_004847299.1,MULTISPECIES: carbohydrate ABC transporter permease [Mediterraneibacter],Bin 2,22
WP_004847301.1,MULTISPECIES: carbohydrate ABC transporter permease [Mediterraneibacter],Bin 2,22
WP_004847303.1,MULTISPECIES: DUF6903 family protein [Mediterraneibacter],Bin 2,22
WP_004847306.1,MULTISPECIES: 1 3-beta-galactosyl-N-acetylhexosamine phosphorylase [Mediterraneibacter],Bin 2,22
WP_004847372.1,glutamine-hydrolyzing GMP synthase [[Ruminococcus] torques],Bin 2,22
WP_004847393.1,MULTISPECIES: DUF1934 domain-containing protein [Mediterraneibacter],Bin 2,22
WP_004847395.1,MULTISPECIES: hypothetical protein [Mediterraneibacter],Bin 2,22
WP_004847405.1,MULTISPECIES: type III pantothenate kinase [Mediterraneibacter],Bin 2,22
WP_004847407.1,MULTISPECIES: tRNA dihydrouridine synthase DusB [Mediterraneibacter],Bin 2,22
WP_004847428.1,MULTISPECIES: helix-turn-helix domain-containing protein [Lachnospiraceae],Bin 2,22
WP_004847429.1,MULTISPECIES: zinc ribbon domain-containing protein [Lachnospiraceae],Bin 2,22
WP_004847460.1,MULTISPECIES: GntR family transcriptional regulator [Mediterraneibacter],Bin 2,22
WP_004847470.1,MULTISPECIES: alpha-glucosidase/alpha-galactosidase [Mediterraneibacter],Bin 2,22
WP_004847482.1,MULTISPECIES: GntR family transcriptional regulator [Mediterraneibacter],Bin 2,22
WP_004847559.1,MULTISPECIES: tRNA (adenosine(37)-N6)-threonylcarbamoyltransferase complex dimerization subunit type 1 TsaB [Mediterraneibacter],Bin 2,22
WP_004847568.1,MULTISPECIES: helix-turn-helix transcriptional regulator [Mediterraneibacter],Bin 2,22
WP_004847581.1,MULTISPECIES: DUF4194 domain-containing protein [Mediterraneibacter],Bin 2,22
WP_004847585.1,MULTISPECIES: AAA family ATPase [Mediterraneibacter],Bin 2,22
WP_004847586.1,exonuclease SbcCD subunit D [[Ruminococcus] torques],Bin 2,22
WP_004847587.1,MULTISPECIES: ABC-ATPase domain-containing protein [Mediterraneibacter],Bin 2,22
WP_004847591.1,MULTISPECIES: NAD(P)/FAD-dependent oxidoreductase [Mediterraneibacter],Bin 2,22
WP_004847592.1,MULTISPECIES: diacylglycerol/lipid kinase family protein [Mediterraneibacter],Bin 2,22
WP_004847593.1,MULTISPECIES: HPr family phosphocarrier protein [Mediterraneibacter],Bin 2,22
WP_004847596.1,UDP-N-acetylmuramate dehydrogenase [[Ruminococcus] torques],Bin 2,22
WP_004847683.1,MULTISPECIES: RNA-binding S4 domain-containing protein [Bacteria],Bin 2,22
WP_004847702.1,MULTISPECIES: hypothetical protein [Clostridia],Bin 2,22
WP_004847744.1,MULTISPECIES: energy-coupled thiamine transporter ThiT [Mediterraneibacter],Bin 2,22
WP_004847747.1,MULTISPECIES: MATE family efflux transporter [Mediterraneibacter],Bin 2,22
WP_004847748.1,MULTISPECIES: sporulation initiation factor Spo0A C-terminal domain-containing protein [Mediterraneibacter],Bin 2,22
WP_004847750.1,MULTISPECIES: helix-turn-helix domain-containing protein [Mediterraneibacter],Bin 2,22
WP_004847765.1,MULTISPECIES: [FeFe] hydrogenase H-cluster radical SAM maturase HydG [Mediterraneibacter],Bin 2,22
WP_004847769.1,MULTISPECIES: TM1266 family iron-only hydrogenase system putative regulator [Mediterraneibacter],Bin 2,22
WP_004847771.1,MULTISPECIES: acylphosphatase [Mediterraneibacter],Bin 2,22
WP_004847799.1,MULTISPECIES: ClpP family protease [Mediterraneibacter],Bin 2,22
WP_004847804.1,MULTISPECIES: bifunctional methylenetetrahydrofolate dehydrogenase/methenyltetrahydrofolate cyclohydrolase FolD [Mediterraneibacter],Bin 2,22
WP_004847805.1,MULTISPECIES: chitobiase/beta-hexosaminidase C-terminal domain-containing protein [Mediterraneibacter],Bin 2,22
WP_004847810.1,MULTISPECIES: DNA alkylation repair protein [Mediterraneibacter],Bin 2,22
WP_004847816.1,MULTISPECIES: stage III sporulation protein AE [Mediterraneibacter],Bin 2,22
WP_004847817.1,MULTISPECIES: SpoIIIAC/SpoIIIAD family protein [Mediterraneibacter],Bin 2,22
WP_004847822.1,MULTISPECIES: stage III sporulation protein AA [Mediterraneibacter],Bin 2,22
WP_004847823.1,MULTISPECIES: tRNA (N6-isopentenyl adenosine(37)-C2)-methylthiotransferase MiaB [Mediterraneibacter],Bin 2,22
WP_004847826.1,MULTISPECIES: DUF896 domain-containing protein [Mediterraneibacter],Bin 2,22
WP_004847834.1,MULTISPECIES: Dabb family protein [Mediterraneibacter],Bin 2,22
WP_004847844.1,MULTISPECIES: hypothetical protein [Mediterraneibacter],Bin 2,22
WP_004847854.1,MULTISPECIES: carbohydrate ABC transporter permease [Bacteria],Bin 2,22
WP_004847855.1,MULTISPECIES: carbohydrate ABC transporter permease [Mediterraneibacter],Bin 2,22
WP_004847863.1,MULTISPECIES: helix-turn-helix domain-containing protein [Mediterraneibacter],Bin 2,22
WP_004847874.1,MULTISPECIES: lactate utilization protein [Mediterraneibacter],Bin 2,22
WP_004847875.1,MULTISPECIES: type 1 glutamine amidotransferase [Mediterraneibacter],Bin 2,22
WP_004847876.1,MULTISPECIES: Mur ligase family protein [Mediterraneibacter],Bin 2,22
WP_004847878.1,MULTISPECIES: MATE family efflux transporter [Mediterraneibacter],Bin 2,22
WP_004847888.1,MULTISPECIES: beta-propeller domain-containing protein [Mediterraneibacter],Bin 2,22
WP_004847896.1,MULTISPECIES: dipicolinate synthase subunit DpsA [Mediterraneibacter],Bin 2,22
WP_004848044.1,MULTISPECIES: pyruvate formate-lyase-activating protein [Mediterraneibacter],Bin 2,22
WP_004848047.1,MULTISPECIES: MATE family efflux transporter [Mediterraneibacter],Bin 2,22
WP_004848051.1,MULTISPECIES: MarR family winged helix-turn-helix transcriptional regulator [Mediterraneibacter],Bin 2,22
WP_004848072.1,MULTISPECIES: 16S rRNA (uracil(1498)-N(3))-methyltransferase [Mediterraneibacter],Bin 2,22
WP_004848074.1,MULTISPECIES: cysteine desulfurase family protein [Mediterraneibacter],Bin 2,22
WP_004848089.1,MULTISPECIES: DUF1292 domain-containing protein [Mediterraneibacter],Bin 2,22
WP_004848091.1,MULTISPECIES: Fur family transcriptional regulator [Mediterraneibacter],Bin 2,22
WP_004848186.1,MULTISPECIES: PepSY domain-containing protein [Clostridia],Bin 2,22
WP_004848187.1,MULTISPECIES: nucleoside recognition protein [Clostridia],Bin 2,22
WP_004848189.1,MULTISPECIES: DUF4230 domain-containing protein [Clostridia],Bin 2,22
WP_004848190.1,MULTISPECIES: pyridoxal phosphate-dependent aminotransferase [Clostridia],Bin 2,22
WP_004848192.1,MULTISPECIES: TIGR03905 family TSCPD domain-containing protein [Clostridia],Bin 2,22
WP_004848199.1,MULTISPECIES: hypothetical protein [Clostridia],Bin 2,22
WP_004848219.1,MULTISPECIES: CvpA family protein [Clostridia],Bin 2,22
WP_004848224.1,MULTISPECIES: sensor histidine kinase [Mediterraneibacter],Bin 2,22
WP_004848229.1,hypothetical protein [[Ruminococcus] torques],Bin 2,22
WP_004848233.1,MULTISPECIES: RNA polymerase sigma factor [Mediterraneibacter],Bin 2,22
WP_004848238.1,MULTISPECIES: DUF6612 family protein [Mediterraneibacter],Bin 2,22
WP_004848246.1,helix-turn-helix domain-containing protein [[Ruminococcus] torques],Bin 2,22
WP_004848248.1,MULTISPECIES: trypsin-like peptidase domain-containing protein [Mediterraneibacter],Bin 2,22
WP_004848269.1,MULTISPECIES: EsaB/YukD family protein [Mediterraneibacter],Bin 2,22
WP_004848275.1,MULTISPECIES: DUF4176 domain-containing protein [Mediterraneibacter],Bin 2,22
WP_004848285.1,MULTISPECIES: hypothetical protein [Mediterraneibacter],Bin 2,22
WP_004848298.1,MULTISPECIES: formate/nitrite transporter family protein [Mediterraneibacter],Bin 2,22
WP_004848302.1,MULTISPECIES: ECF transporter S component [Mediterraneibacter],Bin 2,22
WP_004848311.1,MULTISPECIES: hypothetical protein [Mediterraneibacter],Bin 2,22
WP_004848314.1,MULTISPECIES: DUF2871 domain-containing protein [Mediterraneibacter],Bin 2,22
WP_004848327.1,MULTISPECIES: sensor histidine kinase [Mediterraneibacter],Bin 2,22
WP_009242169.1,MULTISPECIES: DUF4250 domain-containing protein [Mediterraneibacter],Bin 2,22
WP_009242171.1,MULTISPECIES: polysaccharide biosynthesis protein [Mediterraneibacter],Bin 2,22
WP_009242176.1,MULTISPECIES: YabP/YqfC family sporulation protein [Mediterraneibacter],Bin 2,22
WP_009242191.1,transglycosylase domain-containing protein [[Ruminococcus] torques],Bin 2,22
WP_009242210.1,MULTISPECIES: HPr family phosphocarrier protein [Mediterraneibacter],Bin 2,22
WP_009242212.1,MULTISPECIES: indolepyruvate ferredoxin oxidoreductase subunit alpha [Mediterraneibacter],Bin 2,22
WP_009242220.1,MULTISPECIES: ABC transporter permease subunit [Mediterraneibacter],Bin 2,22
WP_009242221.1,MULTISPECIES: ABC transporter ATP-binding protein [Mediterraneibacter],Bin 2,22
WP_009242222.1,MULTISPECIES: response regulator transcription factor [Mediterraneibacter],Bin 2,22
WP_009242223.1,MULTISPECIES: GNAT family N-acetyltransferase [Mediterraneibacter],Bin 2,22
WP_009242228.1,MULTISPECIES: AraC family transcriptional regulator [Mediterraneibacter],Bin 2,22
WP_009242242.1,MULTISPECIES: MATE family efflux transporter [Mediterraneibacter],Bin 2,22
WP_009242250.1,MULTISPECIES: thioredoxin family protein [Mediterraneibacter],Bin 2,22
WP_009242252.1,MULTISPECIES: ArsR/SmtB family transcription factor [Mediterraneibacter],Bin 2,22
WP_009242253.1,MULTISPECIES: histidine phosphatase family protein [Mediterraneibacter],Bin 2,22
WP_009242262.1,MULTISPECIES: DMT family transporter [Mediterraneibacter],Bin 2,22
WP_009242265.1,MULTISPECIES: class C sortase [Mediterraneibacter],Bin 2,22
WP_009242277.1,MULTISPECIES: hypothetical protein [Mediterraneibacter],Bin 2,22
WP_009242278.1,MULTISPECIES: N-acetylglucosamine-6-phosphate deacetylase [Mediterraneibacter],Bin 2,22
WP_009242294.1,MULTISPECIES: NADH-dependent [FeFe] hydrogenase  group A6 [Mediterraneibacter],Bin 2,22
WP_009242306.1,MULTISPECIES: ArsR/SmtB family transcription factor [Mediterraneibacter],Bin 2,22
WP_009242310.1,MULTISPECIES: phosphatase [Mediterraneibacter],Bin 2,22
WP_009242376.1,MULTISPECIES: selenium-dependent molybdenum cofactor biosynthesis protein YqeB [Mediterraneibacter],Bin 2,22
WP_009242378.1,MULTISPECIES: XdhC family protein [Mediterraneibacter],Bin 2,22
WP_009242386.1,MULTISPECIES: HlyC/CorC family transporter [Mediterraneibacter],Bin 2,22
WP_009242398.1,cation diffusion facilitator family transporter [[Ruminococcus] torques],Bin 2,22
WP_009242399.1,MULTISPECIES: DUF3794 and LysM peptidoglycan-binding domain-containing protein [Mediterraneibacter],Bin 2,22
WP_009242402.1,MULTISPECIES: thioredoxin-disulfide reductase [Mediterraneibacter],Bin 2,22
WP_009242403.1,MULTISPECIES: pyrroline-5-carboxylate reductase [Mediterraneibacter],Bin 2,22
WP_009242405.1,MULTISPECIES: shikimate dehydrogenase [Mediterraneibacter],Bin 2,22
WP_009242406.1,MULTISPECIES: phospholipase D-like domain-containing protein [Mediterraneibacter],Bin 2,22
WP_009242412.1,MULTISPECIES: S24/S26 family peptidase [Mediterraneibacter],Bin 2,22
WP_009242417.1,MULTISPECIES: peroxide stress protein YaaA [Lachnospiraceae],Bin 2,22
WP_009242425.1,MULTISPECIES: nucleotidyltransferase domain-containing protein [Lachnospiraceae],Bin 2,22
WP_009242437.1,MULTISPECIES: GNAT family N-acetyltransferase [Mediterraneibacter],Bin 2,22
WP_009242439.1,MULTISPECIES: P1 family peptidase [Mediterraneibacter],Bin 2,22
WP_009242478.1,MULTISPECIES: MATE family efflux transporter [Mediterraneibacter],Bin 2,22
WP_009242494.1,MULTISPECIES: FHA domain-containing protein [Mediterraneibacter],Bin 2,22
WP_009242506.1,CotS family spore coat protein [[Ruminococcus] torques],Bin 2,22
WP_009242516.1,hippurate hydrolase [[Ruminococcus] torques],Bin 2,22
WP_009242520.1,MULTISPECIES: hypothetical protein [Mediterraneibacter],Bin 2,22
WP_009242531.1,MULTISPECIES: GtrA family protein [Mediterraneibacter],Bin 2,22
WP_009242538.1,MULTISPECIES: DUF885 domain-containing protein [Mediterraneibacter],Bin 2,22
WP_009242548.1,MULTISPECIES: DUF5717 family protein [Mediterraneibacter],Bin 2,22
WP_009242549.1,MULTISPECIES: hypothetical protein [Mediterraneibacter],Bin 2,22
WP_009242556.1,MULTISPECIES: DUF5662 family protein [Mediterraneibacter],Bin 2,22
WP_009242558.1,MULTISPECIES: HAD family hydrolase [Mediterraneibacter],Bin 2,22
WP_009242559.1,MULTISPECIES: glyoxalase [Mediterraneibacter],Bin 2,22
WP_009242562.1,MULTISPECIES: arsenate reductase family protein [Mediterraneibacter],Bin 2,22
WP_009242570.1,MULTISPECIES: RrF2 family transcriptional regulator [Mediterraneibacter],Bin 2,22
WP_009242581.1,MULTISPECIES: HAD family hydrolase [Mediterraneibacter],Bin 2,22
WP_009242600.1,MULTISPECIES: nucleotidyltransferase [Mediterraneibacter],Bin 2,22
WP_009242601.1,MULTISPECIES: magnesium transporter [Mediterraneibacter],Bin 2,22
WP_009242611.1,MULTISPECIES: purine-nucleoside phosphorylase [Mediterraneibacter],Bin 2,22
WP_009242618.1,MULTISPECIES: guanylate kinase [Mediterraneibacter],Bin 2,22
WP_009242626.1,MULTISPECIES: SPFH domain-containing protein [Mediterraneibacter],Bin 2,22
WP_009242635.1,MULTISPECIES: 30S ribosomal protein S20 [Mediterraneibacter],Bin 2,22
WP_009242642.1,putative ABC transporter permease [[Ruminococcus] torques],Bin 2,22
WP_009242651.1,MULTISPECIES: DUF378 domain-containing protein [Mediterraneibacter],Bin 2,22
WP_009242658.1,MULTISPECIES: ribosome silencing factor [Mediterraneibacter],Bin 2,22
WP_009242664.1,MULTISPECIES: hypothetical protein [Mediterraneibacter],Bin 2,22
WP_009242667.1,MULTISPECIES: SDR family NAD(P)-dependent oxidoreductase [Mediterraneibacter],Bin 2,22
WP_009242686.1,MULTISPECIES: FtsW/RodA/SpoVE family cell cycle protein [Mediterraneibacter],Bin 2,22
WP_009242691.1,MULTISPECIES: Gx transporter family protein [Mediterraneibacter],Bin 2,22
WP_009242706.1,MULTISPECIES: D-alanyl-D-alanine carboxypeptidase family protein [Mediterraneibacter],Bin 2,22
WP_009242713.1,MULTISPECIES: Gfo/Idh/MocA family protein [Mediterraneibacter],Bin 2,22
WP_009242751.1,MULTISPECIES: spore coat associated protein CotJA [Mediterraneibacter],Bin 2,22
WP_009242912.1,MULTISPECIES: RNA polymerase sigma factor [Mediterraneibacter],Bin 2,22
WP_009242931.1,MULTISPECIES: nucleotidyltransferase domain-containing protein [Mediterraneibacter],Bin 2,22
WP_009242933.1,MULTISPECIES: hypothetical protein [Mediterraneibacter],Bin 2,22
WP_009242998.1,MULTISPECIES: NifB/NifX family molybdenum-iron cluster-binding protein [Clostridia],Bin 2,22
WP_009243004.1,MULTISPECIES: M23 family metallopeptidase [Mediterraneibacter],Bin 2,22
WP_009243006.1,MULTISPECIES: hypothetical protein [Mediterraneibacter],Bin 2,22
WP_009243031.1,MULTISPECIES: DnaD domain protein [Mediterraneibacter],Bin 2,22
WP_009243037.1,MULTISPECIES: 50S ribosomal protein L10 [Mediterraneibacter],Bin 2,22
WP_009243147.1,MULTISPECIES: RrF2 family transcriptional regulator [Mediterraneibacter],Bin 2,22
WP_009243148.1,MULTISPECIES: aminopeptidase [Mediterraneibacter],Bin 2,22
WP_009243153.1,MULTISPECIES: tRNA (guanosine(37)-N1)-methyltransferase TrmD [Mediterraneibacter],Bin 2,22
WP_009243156.1,MULTISPECIES: hypothetical protein [Mediterraneibacter],Bin 2,22
WP_009243159.1,MULTISPECIES: DUF2344 domain-containing protein [Mediterraneibacter],Bin 2,22
WP_009243163.1,MULTISPECIES: phosphatase PAP2 family protein [Mediterraneibacter],Bin 2,22
WP_009243330.1,MULTISPECIES: exodeoxyribonuclease VII small subunit [Mediterraneibacter],Bin 2,22
WP_009243333.1,MULTISPECIES: HAD family hydrolase [Mediterraneibacter],Bin 2,22
WP_009243341.1,MULTISPECIES: DUF5721 family protein [Mediterraneibacter],Bin 2,22
WP_009243343.1,MULTISPECIES: PucR family transcriptional regulator [Mediterraneibacter],Bin 2,22
WP_009243350.1,MULTISPECIES: S41 family peptidase [Mediterraneibacter],Bin 2,22
WP_009243351.1,MULTISPECIES: murein hydrolase activator EnvC family protein [Mediterraneibacter],Bin 2,22
WP_009243354.1,MULTISPECIES: PadR family transcriptional regulator [Mediterraneibacter],Bin 2,22
WP_009243355.1,MULTISPECIES: MerR family transcriptional regulator [Mediterraneibacter],Bin 2,22
WP_009243363.1,MULTISPECIES: hypothetical protein [Mediterraneibacter],Bin 2,22
WP_009243386.1,MULTISPECIES: HAD family hydrolase [Mediterraneibacter],Bin 2,22
WP_009243394.1,MULTISPECIES: phosphatase PAP2 family protein [Mediterraneibacter],Bin 2,22
WP_009243399.1,MULTISPECIES: hypothetical protein [Mediterraneibacter],Bin 2,22
WP_009243436.1,MULTISPECIES: RIP metalloprotease RseP [Mediterraneibacter],Bin 2,22
WP_009243444.1,MULTISPECIES: hypothetical protein [Mediterraneibacter],Bin 2,22
WP_009243446.1,MULTISPECIES: D-isomer specific 2-hydroxyacid dehydrogenase family protein [Mediterraneibacter],Bin 2,22
WP_009243456.1,MULTISPECIES: phosphopyruvate hydratase [Mediterraneibacter],Bin 2,22
WP_009243457.1,MULTISPECIES: GNAT family N-acetyltransferase [Mediterraneibacter],Bin 2,22
WP_009243477.1,MULTISPECIES: TIGR04086 family membrane protein [Mediterraneibacter],Bin 2,22
WP_009243500.1,23S rRNA (uracil(1939)-C(5))-methyltransferase RlmD [[Ruminococcus] torques],Bin 2,22
WP_009243506.1,MULTISPECIES: sodium/proline symporter PutP [Mediterraneibacter],Bin 2,22
WP_009243512.1,MULTISPECIES: Cof-type HAD-IIB family hydrolase [Mediterraneibacter],Bin 2,22
WP_009243552.1,MULTISPECIES: RNA polymerase sigma factor [Mediterraneibacter],Bin 2,22
WP_009243553.1,MULTISPECIES: dipicolinate synthase subunit B [Mediterraneibacter],Bin 2,22
WP_009243574.1,MULTISPECIES: Na/Pi cotransporter family protein [Mediterraneibacter],Bin 2,22
WP_009243579.1,MULTISPECIES: class I SAM-dependent DNA methyltransferase [Mediterraneibacter],Bin 2,22
WP_009243580.1,MULTISPECIES: HEPN domain-containing protein [Mediterraneibacter],Bin 2,22
WP_009243586.1,MULTISPECIES: stage V sporulation protein AB [Mediterraneibacter],Bin 2,22
WP_009243587.1,MULTISPECIES: stage V sporulation protein AA [Mediterraneibacter],Bin 2,22
WP_009243589.1,MULTISPECIES: tetratricopeptide repeat protein [Mediterraneibacter],Bin 2,22
WP_009243601.1,MULTISPECIES: ABC transporter substrate-binding protein [Mediterraneibacter],Bin 2,22
WP_009243606.1,MULTISPECIES: VanZ family protein [Mediterraneibacter],Bin 2,22
WP_009243608.1,MULTISPECIES: NUDIX hydrolase [Mediterraneibacter],Bin 2,22
WP_009243611.1,MULTISPECIES: nucleotidyltransferase family protein [Mediterraneibacter],Bin 2,22
WP_009243616.1,MULTISPECIES: diaminopimelate epimerase [Mediterraneibacter],Bin 2,22
WP_009243617.1,MULTISPECIES: CobW family GTP-binding protein [Mediterraneibacter],Bin 2,22
WP_009243621.1,MULTISPECIES: DUF975 family protein [Mediterraneibacter],Bin 2,22
WP_009243622.1,MULTISPECIES: PAQR family membrane homeostasis protein TrhA [Mediterraneibacter],Bin 2,22
WP_009243623.1,MULTISPECIES: 1-phosphofructokinase [Mediterraneibacter],Bin 2,22
WP_009243633.1,MULTISPECIES: acetyl-CoA carboxylase biotin carboxylase subunit [Mediterraneibacter],Bin 2,22
WP_009243709.1,MULTISPECIES: 2-C-methyl-D-erythritol 4-phosphate cytidylyltransferase [Mediterraneibacter],Bin 2,22
WP_009243711.1,MULTISPECIES: hypothetical protein [Mediterraneibacter],Bin 2,22
WP_009319801.1,MULTISPECIES: sporulation protein YqfD [Mediterraneibacter],Bin 2,22
WP_009319835.1,MULTISPECIES: helix-turn-helix domain-containing protein [Mediterraneibacter],Bin 2,22
WP_009319841.1,MULTISPECIES: DNA-3-methyladenine glycosylase family protein [Mediterraneibacter],Bin 2,22
WP_009319842.1,MULTISPECIES: cytochrome c biogenesis protein/redoxin [Mediterraneibacter],Bin 2,22
WP_009319848.1,MULTISPECIES: anaerobic ribonucleoside-triphosphate reductase activating protein [Mediterraneibacter],Bin 2,22
WP_009319850.1,MULTISPECIES: HD domain-containing protein [Mediterraneibacter],Bin 2,22
WP_009319852.1,MULTISPECIES: ATP-binding cassette domain-containing protein [Mediterraneibacter],Bin 2,22
WP_009319901.1,MULTISPECIES: helix-turn-helix transcriptional regulator [Mediterraneibacter],Bin 2,22
WP_009319905.1,MULTISPECIES: YihY/virulence factor BrkB family protein [Mediterraneibacter],Bin 2,22
WP_009319931.1,ribonuclease R [[Ruminococcus] torques],Bin 2,22
WP_009319937.1,MULTISPECIES: Stk1 family PASTA domain-containing Ser/Thr kinase [Mediterraneibacter],Bin 2,22
WP_009320085.1,MULTISPECIES: AEC family transporter [Mediterraneibacter],Bin 2,22
WP_009320100.1,ROK family transcriptional regulator [[Ruminococcus] torques],Bin 2,22
WP_009320109.1,MULTISPECIES: ABC transporter ATP-binding protein [Mediterraneibacter],Bin 2,22
WP_009320111.1,MULTISPECIES: RNA polymerase sigma factor [Mediterraneibacter],Bin 2,22
WP_009320113.1,MULTISPECIES: N-acetylmuramoyl-L-alanine amidase [Mediterraneibacter],Bin 2,22
WP_009320114.1,MULTISPECIES: tetratricopeptide repeat protein [Mediterraneibacter],Bin 2,22
WP_009320329.1,MULTISPECIES: helix-turn-helix transcriptional regulator [Mediterraneibacter],Bin 2,22
WP_009320375.1,MULTISPECIES: phenylalanine--tRNA ligase subunit beta [Mediterraneibacter],Bin 2,22
WP_009320377.1,phenylalanine--tRNA ligase subunit alpha [[Ruminococcus] torques],Bin 2,22
WP_009320393.1,AAA family ATPase [[Ruminococcus] torques],Bin 2,22
WP_009320405.1,MULTISPECIES: ABC transporter ATP-binding protein [Mediterraneibacter],Bin 2,22
WP_009320417.1,MULTISPECIES: hypothetical protein [Mediterraneibacter],Bin 2,22
WP_009320456.1,MULTISPECIES: heavy metal translocating P-type ATPase [Mediterraneibacter],Bin 2,22
WP_009320587.1,MULTISPECIES: HlyD family efflux transporter periplasmic adaptor subunit [Mediterraneibacter],Bin 2,22
WP_009320594.1,MULTISPECIES: nucleoside recognition domain-containing protein [Mediterraneibacter],Bin 2,22
WP_009320615.1,SbcC/MukB-like Walker B domain-containing protein [[Ruminococcus] torques],Bin 2,22
WP_009320650.1,MULTISPECIES: uracil permease [Lachnospiraceae],Bin 2,22
WP_009320658.1,hypothetical protein [[Ruminococcus] torques],Bin 2,22
WP_009320678.1,MULTISPECIES: glycerate kinase [Mediterraneibacter],Bin 2,22
WP_009320692.1,MULTISPECIES: sugar phosphate isomerase/epimerase family protein [Mediterraneibacter],Bin 2,22
WP_009320701.1,MULTISPECIES: transglycosylase domain-containing protein [Mediterraneibacter],Bin 2,22
WP_009320713.1,MULTISPECIES: methylated-DNA--[protein]-cysteine S-methyltransferase [Mediterraneibacter],Bin 2,22
WP_009320980.1,MULTISPECIES: ZIP family metal transporter [Mediterraneibacter],Bin 2,22
WP_009320984.1,MULTISPECIES: ECF transporter S component [Mediterraneibacter],Bin 2,22
WP_009321072.1,MULTISPECIES: cobyric acid synthase [Mediterraneibacter],Bin 2,22
WP_009321084.1,LacI family DNA-binding transcriptional regulator [[Ruminococcus] torques],Bin 2,22
WP_009321148.1,MULTISPECIES: NAD(P)/FAD-dependent oxidoreductase [Mediterraneibacter],Bin 2,22
WP_009321152.1,MULTISPECIES: peptidoglycan D D-transpeptidase FtsI family protein [Mediterraneibacter],Bin 2,22
WP_009321153.1,MULTISPECIES: hypothetical protein [Mediterraneibacter],Bin 2,22
WP_009321326.1,MULTISPECIES: UDP-N-acetylmuramoyl-L-alanine--D-glutamate ligase [Mediterraneibacter],Bin 2,22
WP_009321398.1,MULTISPECIES: bifunctional folylpolyglutamate synthase/dihydrofolate synthase [Mediterraneibacter],Bin 2,22
WP_009321446.1,MULTISPECIES: tetratricopeptide repeat protein [Mediterraneibacter],Bin 2,22
WP_009321556.1,class B sortase [[Ruminococcus] torques],Bin 2,22
WP_022002984.1,MULTISPECIES: hypothetical protein [Mediterraneibacter],Bin 2,22
WP_022002986.1,phosphoribosylglycinamide formyltransferase [[Ruminococcus] torques],Bin 2,22
WP_022002988.1,substrate-binding domain-containing protein [[Ruminococcus] torques],Bin 2,22
WP_022003021.1,MULTISPECIES: O-acetylhomoserine aminocarboxypropyltransferase/cysteine synthase family protein [Mediterraneibacter],Bin 2,22
WP_022003046.1,response regulator transcription factor [[Ruminococcus] torques],Bin 2,22
WP_022003069.1,cobalt-precorrin 5A hydrolase [[Ruminococcus] torques],Bin 2,22
WP_022003079.1,transcription repressor NadR [[Ruminococcus] torques],Bin 2,22
WP_022003085.1,MULTISPECIES: metallophosphoesterase family protein [Mediterraneibacter],Bin 2,22
WP_022003100.1,DUF1836 domain-containing protein [[Ruminococcus] torques],Bin 2,22
WP_022003105.1,homoserine dehydrogenase [[Ruminococcus] torques],Bin 2,22
WP_022003106.1,DUF5685 family protein [[Ruminococcus] torques],Bin 2,22
WP_022003109.1,ABC transporter ATP-binding protein [[Ruminococcus] torques],Bin 2,22
WP_022003126.1,MULTISPECIES: LacI family DNA-binding transcriptional regulator [Mediterraneibacter],Bin 2,22
WP_022003131.1,LysR family transcriptional regulator [[Ruminococcus] torques],Bin 2,22
WP_022003167.1,MULTISPECIES: beta-ketoacyl-ACP synthase II [Mediterraneibacter],Bin 2,22
WP_022003171.1,cell wall hydrolase [[Ruminococcus] torques],Bin 2,22
WP_022003173.1,MULTISPECIES: ABC transporter substrate-binding protein [Mediterraneibacter],Bin 2,22
WP_022003230.1,DNA polymerase I [[Ruminococcus] torques],Bin 2,22
WP_022003246.1,bifunctional phosphopantothenoylcysteine decarboxylase/phosphopantothenate--cysteine ligase CoaBC [[Ruminococcus] torques],Bin 2,22
WP_022003254.1,NAD-dependent DNA ligase LigA [[Ruminococcus] torques],Bin 2,22
WP_022003256.1,DEAD/DEAH box helicase family protein [[Ruminococcus] torques],Bin 2,22
WP_022003258.1,MULTISPECIES: PqqD family protein [Mediterraneibacter],Bin 2,22
WP_022003267.1,MATE family efflux transporter [[Ruminococcus] torques],Bin 2,22
WP_022003284.1,glucose-1-phosphate adenylyltransferase subunit GlgD [[Ruminococcus] torques],Bin 2,22
WP_022003285.1,MULTISPECIES: ABC transporter ATP-binding protein [Mediterraneibacter],Bin 2,22
WP_022003286.1,YfhO family protein [[Ruminococcus] torques],Bin 2,22
WP_044929350.1,MULTISPECIES: OPT family oligopeptide transporter [Mediterraneibacter],Bin 2,22
WP_044929464.1,MULTISPECIES: glucose-6-phosphate isomerase [Mediterraneibacter],Bin 2,22
WP_044929555.1,MULTISPECIES: phosphoribosylaminoimidazolesuccinocarboxamide synthase [Mediterraneibacter],Bin 2,22
WP_044929665.1,MULTISPECIES: quinolinate synthase NadA [Mediterraneibacter],Bin 2,22
WP_044997903.1,substrate-binding domain-containing protein [[Ruminococcus] torques],Bin 2,22
WP_044997935.1,glycoside hydrolase family 13 protein [[Ruminococcus] torques],Bin 2,22
WP_044998002.1,sensor histidine kinase [[Ruminococcus] torques],Bin 2,22
WP_044998009.1,stage V sporulation T C-terminal domain-containing protein [[Ruminococcus] torques],Bin 2,22
WP_044998179.1,ABC transporter permease [[Ruminococcus] torques],Bin 2,22
WP_044998251.1,alpha-galactosidase [[Ruminococcus] torques],Bin 2,22
WP_055158730.1,MULTISPECIES: translation factor GTPase family protein [Mediterraneibacter],Bin 2,22
WP_055158732.1,MULTISPECIES: dockerin type I domain-containing protein [Mediterraneibacter],Bin 2,22
WP_055158733.1,MULTISPECIES: YesL family protein [Mediterraneibacter],Bin 2,22
WP_055159041.1,bifunctional cobalt-precorrin-7 (C(5))-methyltransferase/cobalt-precorrin-6B (C(15))-methyltransferase [[Ruminococcus] torques],Bin 2,22
WP_055159043.1,MULTISPECIES: L-serine ammonia-lyase  iron-sulfur-dependent subunit beta [Mediterraneibacter],Bin 2,22
WP_055159049.1,MULTISPECIES: SpoIIE family protein phosphatase [Mediterraneibacter],Bin 2,22
WP_081017317.1,MULTISPECIES: pro-sigmaK processing inhibitor BofA family protein [Clostridia],Bin 2,22
WP_118188406.1,putative ABC exporter domain-containing protein [[Ruminococcus] torques],Bin 2,22
WP_118188407.1,MATE family efflux transporter [[Ruminococcus] torques],Bin 2,22
WP_118188408.1,SpaH/EbpB family LPXTG-anchored major pilin [[Ruminococcus] torques],Bin 2,22
WP_118188410.1,hypothetical protein [[Ruminococcus] torques],Bin 2,22
WP_118188412.1,FAD-dependent oxidoreductase [[Ruminococcus] torques],Bin 2,22
WP_118188418.1,glycoside hydrolase domain-containing protein [[Ruminococcus] torques],Bin 2,22
WP_118188447.1,Wadjet anti-phage system protein JetA family protein [[Ruminococcus] torques],Bin 2,22
WP_118188453.1,tRNA (adenosine(37)-N6)-dimethylallyltransferase MiaA [[Ruminococcus] torques],Bin 2,22
WP_118188503.1,DJ-1 family glyoxalase III [[Ruminococcus] torques],Bin 2,22
WP_118188507.1,S1C family serine protease [[Ruminococcus] torques],Bin 2,22
WP_118188510.1,MULTISPECIES: FtsW/RodA/SpoVE family cell cycle protein [Mediterraneibacter],Bin 2,22
WP_118188539.1,MULTISPECIES: DUF6106 family protein [Mediterraneibacter],Bin 2,22
WP_118188542.1,NAD(+) diphosphatase [[Ruminococcus] torques],Bin 2,22
WP_118188544.1,PRC-barrel domain-containing protein [[Ruminococcus] torques],Bin 2,22
WP_118188546.1,COG1361 S-layer family protein [[Ruminococcus] torques],Bin 2,22
WP_118188608.1,phosphodiesterase [[Ruminococcus] torques],Bin 2,22
WP_118188617.1,DUF1015 domain-containing protein [[Ruminococcus] torques],Bin 2,22
WP_118188642.1,hypothetical protein [[Ruminococcus] torques],Bin 2,22
WP_118188644.1,TetR/AcrR family transcriptional regulator [[Ruminococcus] torques],Bin 2,22
WP_118188645.1,LysM peptidoglycan-binding domain-containing protein [[Ruminococcus] torques],Bin 2,22
WP_118188649.1,sugar ABC transporter ATP-binding protein [[Ruminococcus] torques],Bin 2,22
WP_118188651.1,DUF58 domain-containing protein [[Ruminococcus] torques],Bin 2,22
WP_118188654.1,ABC transporter permease [[Ruminococcus] torques],Bin 2,22
WP_118188662.1,aminotransferase class I/II-fold pyridoxal phosphate-dependent enzyme [[Ruminococcus] torques],Bin 2,22
WP_118188693.1,UDP-N-acetylmuramoyl-tripeptide--D-alanyl-D-alanine ligase [[Ruminococcus] torques],Bin 2,22
WP_118188726.1,histidinol-phosphatase HisJ family protein [[Ruminococcus] torques],Bin 2,22
WP_118188732.1,HigA family addiction module antitoxin [[Ruminococcus] torques],Bin 2,22
WP_118188733.1,carbamoyl-phosphate synthase large subunit [[Ruminococcus] torques],Bin 2,22
WP_118188745.1,tRNA (adenine(22)-N(1))-methyltransferase [[Ruminococcus] torques],Bin 2,22
WP_118188748.1,2-isopropylmalate synthase [[Ruminococcus] torques],Bin 2,22
WP_118188764.1,nucleotidyltransferase domain-containing protein [[Ruminococcus] torques],Bin 2,22
WP_118188798.1,N-acetylglucosamine kinase [[Ruminococcus] torques],Bin 2,22
WP_118188804.1,SpoIID/LytB domain-containing protein [[Ruminococcus] torques],Bin 2,22
WP_118188805.1,NlpC/P60 family protein [[Ruminococcus] torques],Bin 2,22
WP_129794816.1,shikimate kinase [[Ruminococcus] torques],Bin 2,22
WP_129795033.1,alanine--tRNA ligase [[Ruminococcus] torques],Bin 2,22
WP_162776427.1,hypothetical protein [[Ruminococcus] torques],Bin 2,22
WP_162776428.1,hypothetical protein [[Ruminococcus] torques],Bin 2,22
WP_187305815.1,spore coat protein CotJB [[Ruminococcus] torques],Bin 2,22
WP_227070109.1,MULTISPECIES: sugar ABC transporter substrate-binding protein [Mediterraneibacter],Bin 2,22
WP_227070159.1,aminopeptidase [[Ruminococcus] torques],Bin 2,22
WP_227070165.1,MULTISPECIES: hypothetical protein [Mediterraneibacter],Bin 2,22
WP_227070185.1,MULTISPECIES: cytidine deaminase [Mediterraneibacter],Bin 2,22
WP_227070336.1,MULTISPECIES: helix-turn-helix domain-containing protein [Mediterraneibacter],Bin 2,22
WP_227071184.1,N-acetylglucosamine kinase [[Ruminococcus] torques],Bin 2,22
WP_227077094.1,MULTISPECIES: carbohydrate ABC transporter substrate-binding protein [Mediterraneibacter],Bin 2,22
WP_227077119.1,MULTISPECIES: PolC-type DNA polymerase III [Mediterraneibacter],Bin 2,22
WP_227077200.1,ribosomal protection-like ABC-F family protein [[Ruminococcus] torques],Bin 2,22
WP_227182532.1,HIT family protein [[Ruminococcus] torques],Bin 2,22
WP_227182551.1,CPBP family intramembrane glutamic endopeptidase [[Ruminococcus] torques],Bin 2,22
WP_238094754.1,C39 family peptidase [[Ruminococcus] torques],Bin 2,22
WP_238094818.1,glycerol-3-phosphate acyltransferase [[Ruminococcus] torques],Bin 2,22
WP_238094822.1,nucleoside kinase [[Ruminococcus] torques],Bin 2,22
WP_238094825.1,helix-turn-helix domain-containing protein [[Ruminococcus] torques],Bin 2,22
WP_238094942.1,FAD-dependent oxidoreductase [[Ruminococcus] torques],Bin 2,22
WP_238094992.1,response regulator transcription factor [[Ruminococcus] torques],Bin 2,22
WP_238102309.1,CpaF family protein [[Ruminococcus] torques],Bin 2,22
WP_242854665.1,phosphotriesterase [[Ruminococcus] torques],Bin 2,22
WP_242854686.1,hypothetical protein [[Ruminococcus] torques],Bin 2,22
WP_243035234.1,tRNA lysidine(34) synthetase TilS [[Ruminococcus] torques],Bin 2,22
WP_270186908.1,S8 family peptidase [[Ruminococcus] torques],Bin 2,22
WP_270186912.1,16S rRNA (cytosine(967)-C(5))-methyltransferase RsmB [[Ruminococcus] torques],Bin 2,22
WP_270186916.1,Cof-type HAD-IIB family hydrolase [[Ruminococcus] torques],Bin 2,22
WP_270186923.1,amidohydrolase family protein [[Ruminococcus] torques],Bin 2,22
WP_270186924.1,TrmH family RNA methyltransferase [[Ruminococcus] torques],Bin 2,22
WP_270186939.1,site-specific DNA-methyltransferase [[Ruminococcus] torques],Bin 2,22
WP_270186946.1,amidophosphoribosyltransferase [[Ruminococcus] torques],Bin 2,22
WP_270186947.1,alpha/beta hydrolase [[Ruminococcus] torques],Bin 2,22
WP_270186948.1,branched-chain amino acid transport system II carrier protein [[Ruminococcus] torques],Bin 2,22
WP_270186953.1,glutamine--fructose-6-phosphate transaminase (isomerizing) [[Ruminococcus] torques],Bin 2,22
WP_270186969.1,ribonuclease E/G [[Ruminococcus] torques],Bin 2,22
WP_270187030.1,sporulation integral membrane protein YtvI [[Ruminococcus] torques],Bin 2,22
WP_270187076.1,transglutaminase domain-containing protein [[Ruminococcus] torques],Bin 2,22
WP_270187081.1,MBL fold metallo-hydrolase [[Ruminococcus] torques],Bin 2,22
WP_270187097.1,WD40/YVTN/BNR-like repeat-containing protein [[Ruminococcus] torques],Bin 2,22
WP_270187104.1,DUF6147 family protein [[Ruminococcus] torques],Bin 2,22
WP_270187106.1,rhomboid family intramembrane serine protease [[Ruminococcus] torques],Bin 2,22
WP_270187107.1,DUF6382 domain-containing protein [[Ruminococcus] torques],Bin 2,22
WP_270187109.1,prepilin peptidase [[Ruminococcus] torques],Bin 2,22
WP_270187124.1,glycosyl hydrolase family 18 protein [[Ruminococcus] torques],Bin 2,22
WP_270187126.1,sugar phosphate isomerase/epimerase family protein [[Ruminococcus] torques],Bin 2,22
WP_270187148.1,sensor histidine kinase [[Ruminococcus] torques],Bin 2,22
WP_270188336.1,heme transporter CcmB [[Ruminococcus] torques],Bin 2,22
WP_270620917.1,PTS sugar transporter subunit IIA [[Ruminococcus] torques],Bin 2,22
WP_270620925.1,bifunctional adenosylcobinamide kinase/adenosylcobinamide-phosphate guanylyltransferase [[Ruminococcus] torques],Bin 2,22
WP_270620931.1,BglG family transcription antiterminator [[Ruminococcus] torques],Bin 2,22
WP_270620970.1,glycosyltransferase family 2 protein [[Ruminococcus] torques],Bin 2,22
WP_270620979.1,translation initiation factor IF-2 [[Ruminococcus] torques],Bin 2,22
WP_270620998.1,C39 family peptidase [[Ruminococcus] torques],Bin 2,22
WP_270621094.1,aldose 1-epimerase family protein [[Ruminococcus] torques],Bin 2,22
WP_270621119.1,sensor histidine kinase  partial [[Ruminococcus] torques],Bin 2,22
WP_270621133.1,PP2C family protein-serine/threonine phosphatase [[Ruminococcus] torques],Bin 2,22
WP_270621134.1,serine/threonine protein kinase [[Ruminococcus] torques],Bin 2,22
WP_270621135.1,hypothetical protein [[Ruminococcus] torques],Bin 2,22
WP_270621138.1,carboxypeptidase regulatory-like domain-containing protein [[Ruminococcus] torques],Bin 2,22
WP_270621139.1,FHA domain-containing protein [[Ruminococcus] torques],Bin 2,22
WP_270621142.1,hypothetical protein [[Ruminococcus] torques],Bin 2,22
WP_270621163.1,glycoside hydrolase family 25 protein [[Ruminococcus] torques],Bin 2,22
WP_270621178.1,heavy metal translocating P-type ATPase [[Ruminococcus] torques],Bin 2,22
WP_270621179.1,hypothetical protein [[Ruminococcus] torques],Bin 2,22
WP_270621195.1,ABC transporter ATP-binding protein/permease [[Ruminococcus] torques],Bin 2,22
WP_270621216.1,SpoIIE family protein phosphatase [[Ruminococcus] torques],Bin 2,22
WP_270621286.1,GerW family sporulation protein [[Ruminococcus] torques],Bin 2,22
WP_270621290.1,4-hydroxy-3-methylbut-2-enyl diphosphate reductase [[Ruminococcus] torques],Bin 2,22
WP_270621294.1,hypothetical protein [[Ruminococcus] torques],Bin 2,22
WP_270621297.1,Ig-like domain-containing protein [[Ruminococcus] torques],Bin 2,22
WP_270621314.1,ABC transporter permease [[Ruminococcus] torques],Bin 2,22
WP_270621328.1,Cof-type HAD-IIB family hydrolase [[Ruminococcus] torques],Bin 2,22
WP_270621341.1,hypothetical protein [[Ruminococcus] torques],Bin 2,22
WP_270621342.1,TetR/AcrR family transcriptional regulator [[Ruminococcus] torques],Bin 2,22
WP_278360750.1,phospho-sugar mutase [[Ruminococcus] torques],Bin 2,22
WP_278607404.1,MATE family efflux transporter [[Ruminococcus] torques],Bin 2,22
WP_278607430.1,hypothetical protein  partial [[Ruminococcus] torques],Bin 2,22
WP_278883933.1,cohesin domain-containing protein [[Ruminococcus] torques],Bin 2,22
WP_278884060.1,bifunctional precorrin-2 dehydrogenase/sirohydrochlorin ferrochelatase [[Ruminococcus] torques],Bin 2,22
WP_278884068.1,uroporphyrinogen-III C-methyltransferase [[Ruminococcus] torques],Bin 2,22
WP_278884459.1,ribosome small subunit-dependent GTPase A [[Ruminococcus] torques],Bin 2,22
WP_278885112.1,MOSC domain-containing protein [[Ruminococcus] torques],Bin 2,22
WP_278918779.1,chorismate synthase [[Ruminococcus] torques],Bin 2,22
WP_278918793.1,DUF6442 family protein [[Ruminococcus] torques],Bin 2,22
WP_278918914.1,DeoR/GlpR family DNA-binding transcription regulator [[Ruminococcus] torques],Bin 2,22
WP_278918950.1,sensor histidine kinase [[Ruminococcus] torques],Bin 2,22
WP_278918961.1,M18 family aminopeptidase [[Ruminococcus] torques],Bin 2,22
WP_278919011.1,HelD family protein [[Ruminococcus] torques],Bin 2,22
WP_282928108.1,hypothetical protein [[Ruminococcus] torques],Bin 2,22
WP_282928142.1,ABC transporter ATP-binding protein [[Ruminococcus] torques],Bin 2,22
WP_282928194.1,carbohydrate ABC transporter permease [[Ruminococcus] torques],Bin 2,22
WP_282928246.1,O-antigen ligase family protein [[Ruminococcus] torques],Bin 2,22
WP_282928273.1,adenosylcobinamide-phosphate synthase CbiB [[Ruminococcus] torques],Bin 2,22
WP_282928305.1,5-formyltetrahydrofolate cyclo-ligase [[Ruminococcus] torques],Bin 2,22
WP_282928306.1,hypothetical protein [[Ruminococcus] torques],Bin 2,22
WP_282928307.1,rRNA maturation RNase YbeY [[Ruminococcus] torques],Bin 2,22
WP_282928363.1,radical SAM family heme chaperone HemW [[Ruminococcus] torques],Bin 2,22
WP_282928465.1,peptidase U32 family protein [[Ruminococcus] torques],Bin 2,22
WP_282928571.1,DNA-binding protein WhiA [[Ruminococcus] torques],Bin 2,22
WP_282928592.1,YoaK family protein [[Ruminococcus] torques],Bin 2,22
WP_287501663.1,primosomal protein N' [Mediterraneibacter sp.],Bin 2,22
WP_302163536.1,hypothetical protein [[Ruminococcus] torques],Bin 2,22
WP_302163647.1,ABC transporter ATP-binding protein [[Ruminococcus] torques],Bin 2,22
WP_302168570.1,signal peptidase I [[Ruminococcus] torques],Bin 2,22
WP_302245908.1,hypothetical protein  partial [[Ruminococcus] torques],Bin 2,22
WP_302773240.1,hypothetical protein [[Ruminococcus] torques],Bin 2,22
WP_303143721.1,MATE family efflux transporter [[Ruminococcus] torques],Bin 2,22
WP_303143725.1,ABC transporter permease [[Ruminococcus] torques],Bin 2,22
WP_303144103.1,DNA topoisomerase [[Ruminococcus] torques],Bin 2,22
WP_303144222.1,C39 family peptidase [[Ruminococcus] torques],Bin 2,22
WP_303144844.1,TadE family protein [[Ruminococcus] torques],Bin 2,22
WP_303145242.1,ClC family H(+)/Cl(-) exchange transporter [[Ruminococcus] torques],Bin 2,22
WP_303145248.1,3-dehydroquinate synthase [[Ruminococcus] torques],Bin 2,22
WP_303145366.1,GDSL-type esterase/lipase family protein [[Ruminococcus] torques],Bin 2,22
WP_303145370.1,MBOAT family O-acyltransferase [[Ruminococcus] torques],Bin 2,22
WP_303145372.1,DHHW family protein [[Ruminococcus] torques],Bin 2,22
WP_303394100.1,hypothetical protein [[Ruminococcus] torques],Bin 2,22
WP_303394115.1,protease complex subunit PrcB family protein [[Ruminococcus] torques],Bin 2,22
WP_306513986.1,polysaccharide deacetylase family protein [[Ruminococcus] torques],Bin 2,22
WP_306529244.1,NFACT family protein [[Ruminococcus] torques],Bin 2,22
WP_306529298.1,lysine exporter LysO family protein [[Ruminococcus] torques],Bin 2,22
WP_306529639.1,FAD-dependent oxidoreductase [[Ruminococcus] torques],Bin 2,22
WP_306534749.1,LytR/AlgR family response regulator transcription factor [[Ruminococcus] torques],Bin 2,22
WP_306542184.1,sensor histidine kinase [[Ruminococcus] torques],Bin 2,22
WP_306542202.1,AraC family transcriptional regulator [[Ruminococcus] torques],Bin 2,22
WP_306542250.1,hypothetical protein [[Ruminococcus] torques],Bin 2,22
WP_306542297.1,metal-sensing transcriptional repressor [[Ruminococcus] torques],Bin 2,22
WP_306542298.1,oligosaccharide flippase family protein [[Ruminococcus] torques],Bin 2,22
WP_306542300.1,anaerobic carbon-monoxide dehydrogenase catalytic subunit [[Ruminococcus] torques],Bin 2,22
WP_306542301.1,NAD(P)/FAD-dependent oxidoreductase [[Ruminococcus] torques],Bin 2,22
WP_306542307.1,aldo/keto reductase [[Ruminococcus] torques],Bin 2,22
WP_306542309.1,TIGR02679 domain-containing protein [[Ruminococcus] torques],Bin 2,22
WP_306542323.1,response regulator transcription factor [[Ruminococcus] torques],Bin 2,22
WP_306542332.1,diacylglycerol/lipid kinase family protein [[Ruminococcus] torques],Bin 2,22
WP_306542342.1,tRNA (N(6)-L-threonylcarbamoyladenosine(37)-C(2))-methylthiotransferase MtaB [[Ruminococcus] torques],Bin 2,22
WP_306542345.1,LysR family transcriptional regulator [[Ruminococcus] torques],Bin 2,22
WP_306542347.1,bifunctional molybdenum cofactor biosynthesis protein MoaC/MoaB [[Ruminococcus] torques],Bin 2,22
WP_306542356.1,L-aspartate oxidase [[Ruminococcus] torques],Bin 2,22
WP_306542384.1,N-acetylglucosamine kinase [[Ruminococcus] torques],Bin 2,22
WP_306542395.1,glycoside hydrolase domain-containing protein [[Ruminococcus] torques],Bin 2,22
WP_306542410.1,fibronectin type III domain-containing protein [[Ruminococcus] torques],Bin 2,22
WP_306542431.1,amidohydrolase family protein [[Ruminococcus] torques],Bin 2,22
WP_306542452.1,helix-turn-helix domain-containing protein [[Ruminococcus] torques],Bin 2,22
WP_306542456.1,VOC family protein [[Ruminococcus] torques],Bin 2,22
WP_306542470.1,M23 family metallopeptidase [[Ruminococcus] torques],Bin 2,22
WP_306542485.1,dockerin type I domain-containing protein [[Ruminococcus] torques],Bin 2,22
WP_306542493.1,Maf family protein [[Ruminococcus] torques],Bin 2,22
WP_306542500.1,lysophospholipid acyltransferase family protein [[Ruminococcus] torques],Bin 2,22
WP_317648775.1,autorepressor SdpR family transcription factor [[Ruminococcus] torques],Bin 2,22
WP_317648896.1,GNAT family N-acetyltransferase [[Ruminococcus] torques],Bin 2,22
WP_317648945.1,deoxyribose-phosphate aldolase [[Ruminococcus] torques],Bin 2,22
WP_330360047.1,tyrosine-type recombinase/integrase [[Ruminococcus] torques],Bin 2,22
WP_330644068.1,ribonucleoside-diphosphate reductase subunit alpha [[Ruminococcus] torques],Bin 2,22
WP_330653441.1,Flp1 family type IVb pilin  partial [[Ruminococcus] torques],Bin 2,22
WP_400091745.1,DUF2085 domain-containing protein [[Ruminococcus] torques],Bin 2,22
WP_412190338.1,hypothetical protein  partial [[Ruminococcus] torques],Bin 2,22
WP_412191010.1,arginine--tRNA ligase  partial [[Ruminococcus] torques],Bin 2,22
WP_412191131.1,FIVAR domain-containing protein  partial [[Ruminococcus] torques],Bin 2,22
WP_412208044.1,PTS system mannose/fructose/sorbose family transporter subunit IID [[Ruminococcus] torques],Bin 2,22
WP_412208050.1,putative DNA modification/repair radical SAM protein [[Ruminococcus] torques],Bin 2,22
WP_412208089.1,ABC-2 transporter permease [[Ruminococcus] torques],Bin 2,22
WP_412208094.1,segregation and condensation protein A [[Ruminococcus] torques],Bin 2,22
WP_412208144.1,DUF5711 family protein [[Ruminococcus] torques],Bin 2,22
WP_412208159.1,GNAT family N-acetyltransferase [[Ruminococcus] torques],Bin 2,22
WP_412208160.1,S1 RNA-binding domain-containing protein [[Ruminococcus] torques],Bin 2,22
WP_412208161.1,trigger factor [[Ruminococcus] torques],Bin 2,22
WP_412208165.1,putative heavy metal-binding protein [[Ruminococcus] torques],Bin 2,22
WP_412208170.1,BMP family ABC transporter substrate-binding protein [[Ruminococcus] torques],Bin 2,22
WP_412208187.1,zf-HC2 domain-containing protein [[Ruminococcus] torques],Bin 2,22
WP_412208192.1,beta-N-acetylglucosaminidase domain-containing protein [[Ruminococcus] torques],Bin 2,22
WP_412208196.1,TetR/AcrR family transcriptional regulator [[Ruminococcus] torques],Bin 2,22
WP_412208218.1,deoxyguanosinetriphosphate triphosphohydrolase [[Ruminococcus] torques],Bin 2,22
WP_412224433.1,ABC transporter substrate-binding protein [[Ruminococcus] torques],Bin 2,22
WP_412224441.1,phosphopentomutase [[Ruminococcus] torques],Bin 2,22
WP_412224445.1,Spy0128 family protein [[Ruminococcus] torques],Bin 2,22
WP_412224459.1,phosphoribosylformimino-5-aminoimidazole carboxamide ribotide isomerase [[Ruminococcus] torques],Bin 2,22
WP_412224460.1,RNA polymerase sigma factor RpoD/SigA [[Ruminococcus] torques],Bin 2,22
WP_412224481.1,metal-dependent transcriptional regulator [[Ruminococcus] torques],Bin 2,22
WP_412224482.1,ABC-2 transporter permease [[Ruminococcus] torques],Bin 2,22
WP_412224488.1,putative manganese-dependent inorganic diphosphatase [[Ruminococcus] torques],Bin 2,22
WP_412224505.1,PD-(D/E)XK nuclease family protein [[Ruminococcus] torques],Bin 2,22
WP_412224512.1,asparagine synthase (glutamine-hydrolyzing) [[Ruminococcus] torques],Bin 2,22
WP_412224531.1,single-stranded-DNA-specific exonuclease RecJ [[Ruminococcus] torques],Bin 2,22
WP_412224544.1,hypothetical protein [[Ruminococcus] torques],Bin 2,22
WP_412224550.1,sigma-E processing peptidase SpoIIGA [[Ruminococcus] torques],Bin 2,22
WP_412224554.1,HPr(Ser) kinase/phosphatase [[Ruminococcus] torques],Bin 2,22
WP_412224575.1,putative ABC transporter permease [[Ruminococcus] torques],Bin 2,22
WP_412224594.1,class II fructose-1 6-bisphosphate aldolase [[Ruminococcus] torques],Bin 2,22
WP_412224596.1,dipeptidase [[Ruminococcus] torques],Bin 2,22
WP_412224603.1,alanine racemase [[Ruminococcus] torques],Bin 2,22
WP_412224618.1,glycosyl hydrolase family 18 protein [[Ruminococcus] torques],Bin 2,22
WP_412224623.1,signal peptidase I [[Ruminococcus] torques],Bin 2,22
WP_412224631.1,alanine/glycine:cation symporter family protein [[Ruminococcus] torques],Bin 2,22
WP_412224682.1,precorrin-4 C(11)-methyltransferase [[Ruminococcus] torques],Bin 2,22
WP_412224696.1,pyridoxal phosphate-dependent aminotransferase [[Ruminococcus] torques],Bin 2,22
WP_412224718.1,sulfate/molybdate ABC transporter ATP-binding protein [[Ruminococcus] torques],Bin 2,22
WP_412224762.1,cation diffusion facilitator family transporter [[Ruminococcus] torques],Bin 2,22
WP_412224763.1,FAD:protein FMN transferase [[Ruminococcus] torques],Bin 2,22
WP_412224774.1,homocysteine S-methyltransferase family protein [[Ruminococcus] torques],Bin 2,22
WP_412420514.1,DHH family phosphoesterase [[Ruminococcus] torques],Bin 2,22
WP_412577916.1,dihydropteroate synthase [[Ruminococcus] torques],Bin 2,22
WP_412577942.1,DUF86 domain-containing protein [[Ruminococcus] torques],Bin 2,22
WP_412578000.1,type III pantothenate kinase [[Ruminococcus] torques],Bin 2,22
WP_412578071.1,bacteriohemerythrin [[Ruminococcus] torques],Bin 2,22
WP_412578159.1,FAD binding domain-containing protein [[Ruminococcus] torques],Bin 2,22
WP_412578163.1,cell wall hydrolase [[Ruminococcus] torques],Bin 2,22
WP_412578175.1,DUF5702 domain-containing protein [[Ruminococcus] torques],Bin 2,22
WP_412578178.1,type II secretion system F family protein [[Ruminococcus] torques],Bin 2,22
WP_412594728.1,stage II sporulation protein M  partial [[Ruminococcus] torques],Bin 2,22
WP_412616234.1,metal ABC transporter substrate-binding protein [[Ruminococcus] torques],Bin 2,22
WP_413081446.1,ferrous iron transport protein B [[Ruminococcus] torques],Bin 2,22
WP_413081614.1,CpsB/CapC family capsule biosynthesis tyrosine phosphatase [[Ruminococcus] torques],Bin 2,22
WP_416983975.1,DNA/RNA non-specific endonuclease [[Ruminococcus] torques],Bin 2,22
WP_004844951.1,MULTISPECIES: flavodoxin family protein [Mediterraneibacter],Bin 2,21
WP_004845078.1,IS200/IS605 family transposase [[Ruminococcus] torques],Bin 2,21
WP_004845092.1,MULTISPECIES: ATP phosphoribosyltransferase regulatory subunit [Mediterraneibacter],Bin 2,21
WP_004845208.1,MULTISPECIES: YeiH family protein [Mediterraneibacter],Bin 2,21
WP_004845216.1,MULTISPECIES: Na+/H+ antiporter NhaC family protein [Mediterraneibacter],Bin 2,21
WP_004845281.1,MULTISPECIES: MurR/RpiR family transcriptional regulator [Mediterraneibacter],Bin 2,21
WP_004845407.1,MULTISPECIES: class I SAM-dependent methyltransferase [Bacillota],Bin 2,21
WP_004845409.1,MULTISPECIES: helix-turn-helix domain-containing protein [Bacillota],Bin 2,21
WP_004845411.1,MULTISPECIES: DUF3784 domain-containing protein [Mediterraneibacter],Bin 2,21
WP_004845413.1,MULTISPECIES: helix-turn-helix transcriptional regulator [Mediterraneibacter],Bin 2,21
WP_004845415.1,MULTISPECIES: CatA-like O-acetyltransferase  family 2 [Mediterraneibacter],Bin 2,21
WP_004845418.1,MULTISPECIES: amino acid ABC transporter ATP-binding/permease protein [Mediterraneibacter],Bin 2,21
WP_004845419.1,MULTISPECIES: YbaN family protein [Mediterraneibacter],Bin 2,21
WP_004845753.1,MULTISPECIES: cysteine synthase A [Mediterraneibacter],Bin 2,21
WP_004845835.1,GNAT family N-acetyltransferase [[Ruminococcus] torques],Bin 2,21
WP_004845840.1,MULTISPECIES: Mini-ribonuclease 3 [Mediterraneibacter],Bin 2,21
WP_004845842.1,MULTISPECIES: RNA polymerase sporulation sigma factor SigH [Mediterraneibacter],Bin 2,21
WP_004845843.1,MULTISPECIES: D-aminoacyl-tRNA deacylase [Mediterraneibacter],Bin 2,21
WP_004845851.1,MULTISPECIES: hypothetical protein [Mediterraneibacter],Bin 2,21
WP_004845854.1,MULTISPECIES: DUF1540 domain-containing protein [Mediterraneibacter],Bin 2,21
WP_004845993.1,MULTISPECIES: MarR family winged helix-turn-helix transcriptional regulator [Mediterraneibacter],Bin 2,21
WP_004846100.1,FtsX-like permease family protein [[Ruminococcus] torques],Bin 2,21
WP_004846140.1,MULTISPECIES: coproporphyrinogen dehydrogenase HemZ [Mediterraneibacter],Bin 2,21
WP_004846551.1,MULTISPECIES: glycosyltransferase [Mediterraneibacter],Bin 2,21
WP_004846553.1,MULTISPECIES: WecB/TagA/CpsF family glycosyltransferase [Mediterraneibacter],Bin 2,21
WP_004846556.1,MULTISPECIES: GtrA family protein [Mediterraneibacter],Bin 2,21
WP_004846563.1,MULTISPECIES: protoporphyrinogen/coproporphyrinogen oxidase [Mediterraneibacter],Bin 2,21
WP_004846821.1,MULTISPECIES: 6-phosphofructokinase [Mediterraneibacter],Bin 2,21
WP_004847813.1,MULTISPECIES: FUSC family protein [Mediterraneibacter],Bin 2,21
WP_004848213.1,MULTISPECIES: LysM peptidoglycan-binding domain-containing protein [Clostridia],Bin 2,21
WP_004848277.1,MULTISPECIES: DUF5082 domain-containing protein [Mediterraneibacter],Bin 2,21
WP_004848279.1,MULTISPECIES: DUF5344 family protein [Mediterraneibacter],Bin 2,21
WP_009242204.1,MULTISPECIES: 2-C-methyl-D-erythritol 2 4-cyclodiphosphate synthase [Mediterraneibacter],Bin 2,21
WP_009242816.1,MULTISPECIES: sugar transferase [Mediterraneibacter],Bin 2,21
WP_009243053.1,MULTISPECIES: manganese efflux pump MntP family protein [Mediterraneibacter],Bin 2,21
WP_009243145.1,MULTISPECIES: response regulator [Bacillota],Bin 2,21
WP_009243634.1,MULTISPECIES: 3-oxoacyl-[acyl-carrier-protein] reductase [Mediterraneibacter],Bin 2,21
WP_009319976.1,MULTISPECIES: beta-ketoacyl-ACP synthase III [Mediterraneibacter],Bin 2,21
WP_009320016.1,MULTISPECIES: MATE family efflux transporter [Mediterraneibacter],Bin 2,21
WP_009321339.1,MULTISPECIES: enoyl-[acyl-carrier-protein] reductase FabK [Mediterraneibacter],Bin 2,21
WP_022003002.1,MULTISPECIES: glycosyltransferase [Mediterraneibacter],Bin 2,21
WP_022003133.1,sodium-dependent transporter [[Ruminococcus] torques],Bin 2,21
WP_022003164.1,protein adenylyltransferase Fic [[Ruminococcus] torques],Bin 2,21
WP_022003166.1,MULTISPECIES: ACP S-malonyltransferase [Mediterraneibacter],Bin 2,21
WP_022003234.1,flavodoxin family protein [[Ruminococcus] torques],Bin 2,21
WP_022003249.1,hypothetical protein [[Ruminococcus] torques],Bin 2,21
WP_118188402.1,hypothetical protein [[Ruminococcus] torques],Bin 2,21
WP_118188457.1,ABC transporter ATP-binding protein/permease [[Ruminococcus] torques],Bin 2,21
WP_118188643.1,glycosyl hydrolase family 95 catalytic domain-containing protein [[Ruminococcus] torques],Bin 2,21
WP_172675374.1,MULTISPECIES: acyl carrier protein [Mediterraneibacter],Bin 2,21
WP_187305813.1,MULTISPECIES: PLP-dependent aminotransferase family protein [Mediterraneibacter],Bin 2,21
WP_207634930.1,hypothetical protein [[Ruminococcus] torques],Bin 2,21
WP_238094796.1,helix-turn-helix domain-containing protein [[Ruminococcus] torques],Bin 2,21
WP_270187056.1,hypothetical protein [[Ruminococcus] torques],Bin 2,21
WP_270187057.1,AI-2E family transporter [[Ruminococcus] torques],Bin 2,21
WP_270620942.1,chromosome segregation protein SMC [[Ruminococcus] torques],Bin 2,21
WP_270621136.1,hypothetical protein [[Ruminococcus] torques],Bin 2,21
WP_270621238.1,DUF6442 family protein [[Ruminococcus] torques],Bin 2,21
WP_270621333.1,S8 family peptidase [[Ruminococcus] torques],Bin 2,21
WP_270744015.1,4-alpha-glucanotransferase [[Ruminococcus] torques],Bin 2,21
WP_303394119.1,hypothetical protein  partial [[Ruminococcus] torques],Bin 2,21
WP_303394180.1,dicarboxylate/amino acid:cation symporter  partial [[Ruminococcus] torques],Bin 2,21
WP_306542245.1,D-alanyl-D-alanine carboxypeptidase family protein [[Ruminococcus] torques],Bin 2,21
WP_330360070.1,NAD(P)H-dependent oxidoreductase subunit E  partial [[Ruminococcus] torques],Bin 2,21
WP_412224447.1,response regulator [[Ruminococcus] torques],Bin 2,21
WP_412224725.1,ABC transporter substrate-binding protein [[Ruminococcus] torques],Bin 2,21
WP_412577991.1,discoidin domain-containing protein [[Ruminococcus] torques],Bin 2,21
WP_413081689.1,hypothetical protein [[Ruminococcus] torques],Bin 2,21
WP_004847836.1,MULTISPECIES: transglutaminase domain-containing protein [Mediterraneibacter],Bin 2,20
WP_002585010.1,MULTISPECIES: group II intron reverse transcriptase/maturase [Bacteria],Bin 3,2
WP_002606091.1,MULTISPECIES: PadR family transcriptional regulator [Bacillota],Bin 3,2
WP_002606092.1,MULTISPECIES: hypothetical protein [Bacillota],Bin 3,2
WP_002606093.1,MULTISPECIES: hypothetical protein [Bacillota],Bin 3,2
WP_003127054.1,MULTISPECIES: DUF6442 family protein [Bacillota],Bin 3,2
WP_003505363.1,MULTISPECIES: nucleotidyl transferase AbiEii/AbiGii toxin family protein [Bacteria],Bin 3,2
WP_003505367.1,MULTISPECIES: abortive infection protein [Bacillota],Bin 3,2
WP_004614534.1,MULTISPECIES: hypothetical protein [Lachnospiraceae],Bin 3,2
WP_004843805.1,MULTISPECIES: PTS sugar transporter subunit IIB [Lachnospiraceae],Bin 3,2
WP_004843808.1,MULTISPECIES: transaldolase family protein [Mediterraneibacter],Bin 3,2
WP_005339381.1,MULTISPECIES: type II toxin-antitoxin system Phd/YefM family antitoxin [Lachnospiraceae],Bin 3,2
WP_005349825.1,MULTISPECIES: DUF6442 family protein [Clostridia],Bin 3,2
WP_006060444.1,MULTISPECIES: transposon-encoded TnpW family protein [Terrabacteria group],Bin 3,2
WP_008121271.1,MULTISPECIES: hypothetical protein [Bacillota],Bin 3,2
WP_008396995.1,MULTISPECIES: tyrosine-type recombinase/integrase [Clostridia],Bin 3,2
WP_008396996.1,MULTISPECIES: helix-turn-helix domain-containing protein [Clostridia],Bin 3,2
WP_008396997.1,MULTISPECIES: helix-turn-helix domain-containing protein [Clostridia],Bin 3,2
WP_008397001.1,MULTISPECIES: accessory gene regulator B family protein [Clostridia],Bin 3,2
WP_008397006.1,MULTISPECIES: matrixin family metalloprotease [Clostridia],Bin 3,2
WP_008397007.1,MULTISPECIES: hypothetical protein [Clostridia],Bin 3,2
WP_008397010.1,MULTISPECIES: hypothetical protein [Clostridia],Bin 3,2
WP_008397012.1,MULTISPECIES: ABC transporter permease subunit [Clostridia],Bin 3,2
WP_008397014.1,MULTISPECIES: hypothetical protein [Clostridia],Bin 3,2
WP_008397017.1,MULTISPECIES: hypothetical protein [Clostridia],Bin 3,2
WP_008397018.1,MULTISPECIES: hypothetical protein [Clostridia],Bin 3,2
WP_008397019.1,MULTISPECIES: DUF6061 family protein [Clostridia],Bin 3,2
WP_009245596.1,MULTISPECIES: sugar phosphate isomerase/epimerase [Lachnospiraceae],Bin 3,2
WP_009245597.1,MULTISPECIES: PTS sugar transporter subunit IIA [Lachnospiraceae],Bin 3,2
WP_010723732.1,MULTISPECIES: helix-turn-helix transcriptional regulator [Bacillota],Bin 3,2
WP_015559481.1,MULTISPECIES: MobA/MobL family [Clostridia],Bin 3,2
WP_015559482.1,MULTISPECIES: LytTR family DNA-binding domain-containing protein [Bacillota],Bin 3,2
WP_015559483.1,MULTISPECIES: ABC transporter ATP-binding protein [Clostridia],Bin 3,2
WP_022250994.1,MULTISPECIES: phosphatase PAP2 family protein [Lachnospiraceae],Bin 3,2
WP_022250995.1,MULTISPECIES: DUF6472 family protein [Lachnospiraceae],Bin 3,2
WP_022250998.1,MULTISPECIES: 4Fe-4S dicluster domain-containing protein [Clostridia],Bin 3,2
WP_022251000.1,MULTISPECIES: Rrf2 family transcriptional regulator [Clostridia],Bin 3,2
WP_022356371.1,MULTISPECIES: recombinase family protein [Lachnospiraceae],Bin 3,2
WP_022448573.1,ATP/GTP-binding protein [[Ruminococcus] torques],Bin 3,2
WP_029732386.1,MULTISPECIES: XRE family transcriptional regulator [Lachnospiraceae],Bin 3,2
WP_029732387.1,hypothetical protein [[Ruminococcus] torques],Bin 3,2
WP_029732388.1,MULTISPECIES: excisionase [Bacillota],Bin 3,2
WP_029732389.1,MULTISPECIES: site-specific integrase [Lachnospiraceae],Bin 3,2
WP_042958109.1,MULTISPECIES: reverse transcriptase/maturase family protein [Terrabacteria group],Bin 3,2
WP_044987548.1,MULTISPECIES: CorA family divalent cation transporter [Lachnospiraceae],Bin 3,2
WP_054690455.1,MULTISPECIES: hypothetical protein [Bacillota],Bin 3,2
WP_062807149.1,MULTISPECIES: LPXTG cell wall anchor domain-containing protein [Lachnospiraceae],Bin 3,2
WP_062807152.1,MULTISPECIES: alpha/beta fold hydrolase [Lachnospiraceae],Bin 3,2
WP_062807155.1,MULTISPECIES: DUF3847 domain-containing protein [Lachnospiraceae],Bin 3,2
WP_062807158.1,MULTISPECIES: hypothetical protein [Lachnospiraceae],Bin 3,2
WP_062807159.1,MULTISPECIES: recombinase family protein [Lachnospiraceae],Bin 3,2
WP_071428839.1,MULTISPECIES: RNA polymerase sigma factor [Bacillota],Bin 3,2
WP_074048108.1,MULTISPECIES: AraC family transcriptional regulator [Clostridia],Bin 3,2
WP_077711785.1,MULTISPECIES: ester cyclase [Bacillota],Bin 3,2
WP_081646583.1,MULTISPECIES: SHIRT domain-containing protein [Lachnospiraceae],Bin 3,2
WP_092072494.1,MULTISPECIES: class B sortase [Lachnospiraceae],Bin 3,2
WP_106493246.1,hypothetical protein [[Ruminococcus] torques],Bin 3,2
WP_117539288.1,MULTISPECIES: hypothetical protein [Clostridia],Bin 3,2
WP_117539302.1,MULTISPECIES: hypothetical protein [Clostridia],Bin 3,2
WP_117539307.1,MULTISPECIES: MFS transporter [Mediterraneibacter],Bin 3,2
WP_117539323.1,MULTISPECIES: class B sortase [Mediterraneibacter],Bin 3,2
WP_117539596.1,MULTISPECIES: hypothetical protein [Mediterraneibacter],Bin 3,2
WP_117540297.1,MULTISPECIES: MATE family efflux transporter [Mediterraneibacter],Bin 3,2
WP_117540305.1,MULTISPECIES: hypothetical protein [Mediterraneibacter],Bin 3,2
WP_117540307.1,MULTISPECIES: hypothetical protein [Mediterraneibacter],Bin 3,2
WP_117540311.1,MULTISPECIES: AraC family transcriptional regulator [Mediterraneibacter],Bin 3,2
WP_117540313.1,MULTISPECIES: 1 3-beta-galactosyl-N-acetylhexosamine phosphorylase [Mediterraneibacter],Bin 3,2
WP_117540317.1,MULTISPECIES: carbohydrate ABC transporter permease [Mediterraneibacter],Bin 3,2
WP_117540321.1,MULTISPECIES: hypothetical protein [Mediterraneibacter],Bin 3,2
WP_117540329.1,DNA-deoxyinosine glycosylase [[Ruminococcus] torques],Bin 3,2
WP_117541438.1,MULTISPECIES: PD-(D/E)XK nuclease family transposase [Mediterraneibacter],Bin 3,2
WP_117541579.1,MULTISPECIES: MBL fold metallo-hydrolase [Mediterraneibacter],Bin 3,2
WP_117541836.1,MULTISPECIES: hypothetical protein [Mediterraneibacter],Bin 3,2
WP_117542045.1,MULTISPECIES: energy-coupling factor transporter transmembrane component T [Mediterraneibacter],Bin 3,2
WP_117542049.1,MULTISPECIES: type II toxin-antitoxin system RelE/ParE family toxin [Mediterraneibacter],Bin 3,2
WP_117542052.1,MULTISPECIES: hypothetical protein [Mediterraneibacter],Bin 3,2
WP_117542053.1,MULTISPECIES: hypothetical protein [Mediterraneibacter],Bin 3,2
WP_117542056.1,MULTISPECIES: DUF438 domain-containing protein [Mediterraneibacter],Bin 3,2
WP_117542057.1,MULTISPECIES: LacI family DNA-binding transcriptional regulator [Mediterraneibacter],Bin 3,2
WP_117542059.1,MULTISPECIES: melibiose:sodium transporter MelB [Mediterraneibacter],Bin 3,2
WP_117542113.1,MULTISPECIES: hypothetical protein [Mediterraneibacter],Bin 3,2
WP_117542260.1,MULTISPECIES: tyrosine-type recombinase/integrase [Mediterraneibacter],Bin 3,2
WP_117542505.1,MULTISPECIES: type II toxin-antitoxin system RelB/DinJ family antitoxin [Mediterraneibacter],Bin 3,2
WP_117542506.1,MULTISPECIES: type II toxin-antitoxin system RelE/ParE family toxin [Mediterraneibacter],Bin 3,2
WP_117568210.1,MULTISPECIES: thioredoxin family protein [Clostridia],Bin 3,2
WP_117568229.1,MULTISPECIES: hypothetical protein [Mediterraneibacter],Bin 3,2
WP_117568310.1,MULTISPECIES: helix-turn-helix domain-containing protein [Mediterraneibacter],Bin 3,2
WP_117569405.1,MULTISPECIES: hypothetical protein [Lachnospiraceae],Bin 3,2
WP_117569417.1,MULTISPECIES: hypothetical protein [Mediterraneibacter],Bin 3,2
WP_117569424.1,MULTISPECIES: hypothetical protein [Mediterraneibacter],Bin 3,2
WP_117569842.1,MULTISPECIES: hypothetical protein [Mediterraneibacter],Bin 3,2
WP_117569845.1,MULTISPECIES: hypothetical protein [Mediterraneibacter],Bin 3,2
WP_117569855.1,MULTISPECIES: GGDEF domain-containing protein [Mediterraneibacter],Bin 3,2
WP_117569991.1,hypothetical protein [[Ruminococcus] torques],Bin 3,2
WP_117570062.1,MULTISPECIES: winged helix-turn-helix domain-containing protein [Lachnospiraceae],Bin 3,2
WP_117570065.1,LlaJI family restriction endonuclease [[Ruminococcus] torques],Bin 3,2
WP_117570066.1,MULTISPECIES: Eco57I restriction-modification methylase domain-containing protein [Mediterraneibacter],Bin 3,2
WP_117570067.1,MULTISPECIES: sensor histidine kinase [Mediterraneibacter],Bin 3,2
WP_117570068.1,MULTISPECIES: hypothetical protein [Mediterraneibacter],Bin 3,2
WP_117570069.1,MULTISPECIES: HNH endonuclease [Mediterraneibacter],Bin 3,2
WP_117570070.1,MULTISPECIES: hypothetical protein [Lachnospiraceae],Bin 3,2
WP_117570072.1,MULTISPECIES: hypothetical protein [Mediterraneibacter],Bin 3,2
WP_117570073.1,MULTISPECIES: TM1812 family CRISPR-associated protein [Mediterraneibacter],Bin 3,2
WP_117570074.1,MULTISPECIES: arsenate reductase family protein [Lachnospiraceae],Bin 3,2
WP_117570075.1,MULTISPECIES: virulence RhuM family protein [Mediterraneibacter],Bin 3,2
WP_117570079.1,MULTISPECIES: ATP-binding protein [Mediterraneibacter],Bin 3,2
WP_117579254.1,MULTISPECIES: transporter substrate-binding domain-containing protein [Mediterraneibacter],Bin 3,2
WP_117579255.1,MULTISPECIES: amino acid ABC transporter permease [Mediterraneibacter],Bin 3,2
WP_117579406.1,MULTISPECIES: 4Fe-4S binding protein [Mediterraneibacter],Bin 3,2
WP_117579407.1,MULTISPECIES: nitroreductase family protein [Mediterraneibacter],Bin 3,2
WP_117579408.1,MULTISPECIES: acyltransferase family protein [Mediterraneibacter],Bin 3,2
WP_117579414.1,MULTISPECIES: Coenzyme F420 hydrogenase/dehydrogenase  beta subunit C-terminal domain [Mediterraneibacter],Bin 3,2
WP_117579415.1,MULTISPECIES: polysaccharide pyruvyl transferase family protein [Mediterraneibacter],Bin 3,2
WP_117579417.1,MULTISPECIES: dTDP-4-amino-4 6-dideoxygalactose transaminase [Mediterraneibacter],Bin 3,2
WP_117579834.1,MULTISPECIES: hypothetical protein [Mediterraneibacter],Bin 3,2
WP_117827492.1,MULTISPECIES: PTS sugar transporter subunit IIC [Mediterraneibacter],Bin 3,2
WP_117827493.1,MULTISPECIES: PTS system mannose/fructose/sorbose family transporter subunit IID [Mediterraneibacter],Bin 3,2
WP_117827495.1,MULTISPECIES: HPr family phosphocarrier protein [Mediterraneibacter],Bin 3,2
WP_117834891.1,MULTISPECIES: protein adenylyltransferase Fic [Mediterraneibacter],Bin 3,2
WP_117834928.1,MULTISPECIES: CatA-like O-acetyltransferase [Lachnospiraceae],Bin 3,2
WP_117834942.1,MULTISPECIES: hypothetical protein [Mediterraneibacter],Bin 3,2
WP_117834964.1,MULTISPECIES: SDR family NAD(P)-dependent oxidoreductase [Mediterraneibacter],Bin 3,2
WP_117835729.1,MULTISPECIES: oligosaccharide flippase family protein [Mediterraneibacter],Bin 3,2
WP_117835739.1,MULTISPECIES: dTDP-glucose 4 6-dehydratase [Mediterraneibacter],Bin 3,2
WP_117836171.1,MULTISPECIES: galactokinase [Mediterraneibacter],Bin 3,2
WP_117836213.1,MULTISPECIES: ABC transporter substrate-binding protein [Mediterraneibacter],Bin 3,2
WP_117836602.1,MULTISPECIES: amino acid ABC transporter ATP-binding protein [Mediterraneibacter],Bin 3,2
WP_117836646.1,MULTISPECIES: hypothetical protein [Mediterraneibacter],Bin 3,2
WP_117861360.1,MULTISPECIES: type II toxin-antitoxin system Phd/YefM family antitoxin [Mediterraneibacter],Bin 3,2
WP_117861361.1,MULTISPECIES: type II toxin-antitoxin system RelE/ParE family toxin [Mediterraneibacter],Bin 3,2
WP_117861366.1,MULTISPECIES: NAD(P)-dependent oxidoreductase [Mediterraneibacter],Bin 3,2
WP_117861369.1,MULTISPECIES: SIS domain-containing protein [Mediterraneibacter],Bin 3,2
WP_117861371.1,MULTISPECIES: glycoside hydrolase family 99-like domain-containing protein [Mediterraneibacter],Bin 3,2
WP_117861372.1,MULTISPECIES: hypothetical protein [Mediterraneibacter],Bin 3,2
WP_117861376.1,MULTISPECIES: lipopolysaccharide biosynthesis protein [Mediterraneibacter],Bin 3,2
WP_117861377.1,MULTISPECIES: D-glycero-beta-D-manno-heptose 1 7-bisphosphate 7-phosphatase [Mediterraneibacter],Bin 3,2
WP_117874635.1,MULTISPECIES: hypothetical protein [Mediterraneibacter],Bin 3,2
WP_117886577.1,MULTISPECIES: DUF1788 domain-containing protein [Clostridia],Bin 3,2
WP_117899775.1,MULTISPECIES: hypothetical protein [Mediterraneibacter],Bin 3,2
WP_117907904.1,MULTISPECIES: GTP pyrophosphokinase family protein [Mediterraneibacter],Bin 3,2
WP_117907912.1,MULTISPECIES: ParA family protein [Mediterraneibacter],Bin 3,2
WP_117908141.1,MULTISPECIES: DUF6710 family protein [Mediterraneibacter],Bin 3,2
WP_117908143.1,MULTISPECIES: hypothetical protein [Mediterraneibacter],Bin 3,2
WP_117908145.1,MULTISPECIES: hypothetical protein [Mediterraneibacter],Bin 3,2
WP_117908364.1,MULTISPECIES: AraC family transcriptional regulator [Mediterraneibacter],Bin 3,2
WP_117908366.1,MULTISPECIES: PTS transporter subunit EIIC [Mediterraneibacter],Bin 3,2
WP_117909347.1,MULTISPECIES: type VII secretion target [Mediterraneibacter],Bin 3,2
WP_117909349.1,MULTISPECIES: hypothetical protein [Mediterraneibacter],Bin 3,2
WP_117909355.1,MULTISPECIES: hypothetical protein [Mediterraneibacter],Bin 3,2
WP_117909514.1,MULTISPECIES: alcohol dehydrogenase catalytic domain-containing protein [Mediterraneibacter],Bin 3,2
WP_117909516.1,MULTISPECIES: 2-C-methyl-D-erythritol 4-phosphate cytidylyltransferase [Mediterraneibacter],Bin 3,2
WP_117909521.1,MULTISPECIES: phosphorylcholine transferase LicD [Mediterraneibacter],Bin 3,2
WP_117909530.1,MULTISPECIES: oligosaccharide flippase family protein [Mediterraneibacter],Bin 3,2
WP_117915415.1,MULTISPECIES: type II toxin-antitoxin system prevent-host-death family antitoxin [Mediterraneibacter],Bin 3,2
WP_117915429.1,MULTISPECIES: phospholipase D family protein [Mediterraneibacter],Bin 3,2
WP_117960200.1,MULTISPECIES: phosphorylcholine transferase LicD [Mediterraneibacter],Bin 3,2
WP_117960202.1,MULTISPECIES: glycosyltransferase [Mediterraneibacter],Bin 3,2
WP_117960204.1,MULTISPECIES: O-antigen polysaccharide polymerase Wzy family protein [Mediterraneibacter],Bin 3,2
WP_117960206.1,MULTISPECIES: hypothetical protein [Mediterraneibacter],Bin 3,2
WP_117961319.1,MULTISPECIES: hypothetical protein [Mediterraneibacter],Bin 3,2
WP_117961944.1,MULTISPECIES: hypothetical protein [Mediterraneibacter],Bin 3,2
WP_117961946.1,MULTISPECIES: SMI1/KNR4 family protein [Mediterraneibacter],Bin 3,2
WP_118084660.1,MULTISPECIES: acyltransferase family protein [Mediterraneibacter],Bin 3,2
WP_118084839.1,MULTISPECIES: TIR domain-containing protein [Mediterraneibacter],Bin 3,2
WP_118084840.1,MULTISPECIES: hypothetical protein [Mediterraneibacter],Bin 3,2
WP_118084843.1,MULTISPECIES: ATP-binding cassette domain-containing protein [Mediterraneibacter],Bin 3,2
WP_118084844.1,MULTISPECIES: peptidase domain-containing ABC transporter [Mediterraneibacter],Bin 3,2
WP_118084845.1,MULTISPECIES: hypothetical protein [Mediterraneibacter],Bin 3,2
WP_118084846.1,ABC transporter permease [[Ruminococcus] torques],Bin 3,2
WP_118084847.1,MULTISPECIES: hypothetical protein [Mediterraneibacter],Bin 3,2
WP_118084849.1,MULTISPECIES: M56 family metallopeptidase [Mediterraneibacter],Bin 3,2
WP_118084887.1,MULTISPECIES: RNA polymerase sigma factor [Clostridia],Bin 3,2
WP_118106436.1,MULTISPECIES: AAA family ATPase [Mediterraneibacter],Bin 3,2
WP_118106585.1,MULTISPECIES: ABC transporter ATP-binding protein [Mediterraneibacter],Bin 3,2
WP_118106766.1,MULTISPECIES: type III toxin-antitoxin system ToxN/AbiQ family toxin [Mediterraneibacter],Bin 3,2
WP_118108011.1,MULTISPECIES: RHS repeat-associated core domain-containing protein [Mediterraneibacter],Bin 3,2
WP_118108039.1,MULTISPECIES: DUF6560 family protein [Mediterraneibacter],Bin 3,2
WP_118108057.1,MULTISPECIES: hypothetical protein [Mediterraneibacter],Bin 3,2
WP_118108062.1,hypothetical protein [[Ruminococcus] torques],Bin 3,2
WP_118109256.1,helix-turn-helix transcriptional regulator [[Ruminococcus] torques],Bin 3,2
WP_118110072.1,MULTISPECIES: hypothetical protein [Lachnospiraceae],Bin 3,2
WP_118110605.1,MULTISPECIES: hypothetical protein [Mediterraneibacter],Bin 3,2
WP_118111695.1,hypothetical protein [[Ruminococcus] torques],Bin 3,2
WP_118111759.1,hypothetical protein [[Ruminococcus] torques],Bin 3,2
WP_118111762.1,hypothetical protein [[Ruminococcus] torques],Bin 3,2
WP_118111765.1,Mor transcription activator family protein [[Ruminococcus] torques],Bin 3,2
WP_118113602.1,MULTISPECIES: glycosyltransferase family 2 protein [Mediterraneibacter],Bin 3,2
WP_118113756.1,hypothetical protein [[Ruminococcus] torques],Bin 3,2
WP_118113763.1,MULTISPECIES: citrate lyase subunit alpha [Mediterraneibacter],Bin 3,2
WP_118113764.1,MULTISPECIES: triphosphoribosyl-dephospho-CoA synthase CitG [Mediterraneibacter],Bin 3,2
WP_118113806.1,MULTISPECIES: carbonic anhydrase [Mediterraneibacter],Bin 3,2
WP_118113807.1,MULTISPECIES: chromate transporter [Mediterraneibacter],Bin 3,2
WP_118113901.1,MULTISPECIES: GerMN domain-containing protein [Mediterraneibacter],Bin 3,2
WP_118113956.1,MULTISPECIES: sensor histidine kinase [Mediterraneibacter],Bin 3,2
WP_118113957.1,LytTR family DNA-binding domain-containing protein [[Ruminococcus] torques],Bin 3,2
WP_118113987.1,glycoside hydrolase family 3 C-terminal domain-containing protein [[Ruminococcus] torques],Bin 3,2
WP_118114125.1,MULTISPECIES: hypothetical protein [Mediterraneibacter],Bin 3,2
WP_118114141.1,MULTISPECIES: hypothetical protein [Mediterraneibacter],Bin 3,2
WP_118177767.1,MULTISPECIES: glycosylhydrolase-like jelly roll fold domain-containing protein [Mediterraneibacter],Bin 3,2
WP_118330219.1,YaaC family protein [[Ruminococcus] torques],Bin 3,2
WP_118586500.1,exonuclease domain-containing protein [[Ruminococcus] torques],Bin 3,2
WP_118688824.1,MULTISPECIES: carbohydrate ABC transporter permease [Clostridia],Bin 3,2
WP_138376849.1,MULTISPECIES: CbtA family protein [Clostridia],Bin 3,2
WP_147322252.1,MULTISPECIES: hypothetical protein [Mediterraneibacter],Bin 3,2
WP_147338012.1,MULTISPECIES: hypothetical protein [Mediterraneibacter],Bin 3,2
WP_147338780.1,MULTISPECIES: hypothetical protein [Mediterraneibacter],Bin 3,2
WP_147338847.1,MULTISPECIES: hypothetical protein [Mediterraneibacter],Bin 3,2
WP_147344008.1,MULTISPECIES: hypothetical protein [Mediterraneibacter],Bin 3,2
WP_163051560.1,MULTISPECIES: hypothetical protein [Bacillota],Bin 3,2
WP_177387377.1,MULTISPECIES: WXG100 family type VII secretion target [Mediterraneibacter],Bin 3,2
WP_178759950.1,helix-turn-helix domain-containing protein [[Ruminococcus] torques],Bin 3,2
WP_181966408.1,MULTISPECIES: hypothetical protein [Mediterraneibacter],Bin 3,2
WP_181966430.1,MULTISPECIES: carbohydrate ABC transporter permease [Mediterraneibacter],Bin 3,2
WP_181966476.1,MULTISPECIES: NPCBM/NEW2 domain-containing protein [Mediterraneibacter],Bin 3,2
WP_181966516.1,MULTISPECIES: IS256 family transposase [Mediterraneibacter],Bin 3,2
WP_181966608.1,MULTISPECIES: Spy0128 family protein [Mediterraneibacter],Bin 3,2
WP_181966623.1,MULTISPECIES: DNA cytosine methyltransferase [Mediterraneibacter],Bin 3,2
WP_181980169.1,MULTISPECIES: hypothetical protein [Mediterraneibacter],Bin 3,2
WP_181980202.1,permease [[Ruminococcus] torques],Bin 3,2
WP_181980305.1,hypothetical protein [[Ruminococcus] torques],Bin 3,2
WP_181983020.1,MULTISPECIES: alpha/beta hydrolase [Mediterraneibacter],Bin 3,2
WP_181983980.1,MULTISPECIES: hypothetical protein [Mediterraneibacter],Bin 3,2
WP_195941468.1,MULTISPECIES: nucleoside-diphosphate sugar epimerase/dehydratase [Mediterraneibacter],Bin 3,2
WP_195941871.1,MULTISPECIES: ParB/RepB/Spo0J family partition protein [Mediterraneibacter],Bin 3,2
WP_195942231.1,MULTISPECIES: hypothetical protein [Mediterraneibacter],Bin 3,2
WP_204739885.1,MULTISPECIES: ABC transporter ATP-binding protein [Clostridia],Bin 3,2
WP_204739887.1,MULTISPECIES: ABC transporter ATP-binding protein [Clostridia],Bin 3,2
WP_207641761.1,MULTISPECIES: hypothetical protein [Lachnospiraceae],Bin 3,2
WP_207659406.1,MULTISPECIES: hypothetical protein [Bacteria],Bin 3,2
WP_207659431.1,MULTISPECIES: alpha-galactosidase [Mediterraneibacter],Bin 3,2
WP_215631392.1,MULTISPECIES: hypothetical protein [Lachnospiraceae],Bin 3,2
WP_215633727.1,MULTISPECIES: hypothetical protein [Lachnospiraceae],Bin 3,2
WP_215633729.1,MULTISPECIES: hypothetical protein [Lachnospiraceae],Bin 3,2
WP_215639872.1,MULTISPECIES: NAD(P)/FAD-dependent oxidoreductase [Mediterraneibacter],Bin 3,2
WP_215640457.1,MULTISPECIES: hypothetical protein [Mediterraneibacter],Bin 3,2
WP_215640458.1,MULTISPECIES: hypothetical protein [Mediterraneibacter],Bin 3,2
WP_215640468.1,MULTISPECIES: helix-turn-helix transcriptional regulator [Mediterraneibacter],Bin 3,2
WP_215640620.1,MULTISPECIES: ATP-binding protein [Mediterraneibacter],Bin 3,2
WP_215640653.1,MULTISPECIES: IS30 family transposase [Mediterraneibacter],Bin 3,2
WP_215640729.1,MULTISPECIES: aldo/keto reductase [Mediterraneibacter],Bin 3,2
WP_215640895.1,MULTISPECIES: GDP-mannose 4 6-dehydratase [Mediterraneibacter],Bin 3,2
WP_215640897.1,MULTISPECIES: acyltransferase [Mediterraneibacter],Bin 3,2
WP_215640899.1,MULTISPECIES: glycosyltransferase [Mediterraneibacter],Bin 3,2
WP_215640901.1,MULTISPECIES: polysaccharide pyruvyl transferase family protein [Mediterraneibacter],Bin 3,2
WP_215640907.1,MULTISPECIES: hypothetical protein [Mediterraneibacter],Bin 3,2
WP_215640909.1,MULTISPECIES: ATP-dependent RecD-like DNA helicase [Mediterraneibacter],Bin 3,2
WP_217780554.1,ABC transporter ATP-binding protein [[Ruminococcus] torques],Bin 3,2
WP_217780556.1,MptD family putative ECF transporter S component [[Ruminococcus] torques],Bin 3,2
WP_226870659.1,MULTISPECIES: DNA polymerase beta superfamily protein [Mediterraneibacter],Bin 3,2
WP_227082840.1,MULTISPECIES: hypothetical protein [Lachnospiraceae],Bin 3,2
WP_227156852.1,MULTISPECIES: glycerol dehydrogenase [Mediterraneibacter],Bin 3,2
WP_227159038.1,MULTISPECIES: hypothetical protein [Mediterraneibacter],Bin 3,2
WP_227159429.1,MULTISPECIES: YhfC family intramembrane metalloprotease [Lachnospiraceae],Bin 3,2
WP_227159438.1,AAA family ATPase [[Ruminococcus] torques],Bin 3,2
WP_227159455.1,MULTISPECIES: DEAD/DEAH box helicase [Mediterraneibacter],Bin 3,2
WP_227159456.1,MULTISPECIES: hypothetical protein [Mediterraneibacter],Bin 3,2
WP_227159457.1,MULTISPECIES: hypothetical protein [Mediterraneibacter],Bin 3,2
WP_227159483.1,MULTISPECIES: tyrosine-type recombinase/integrase [Mediterraneibacter],Bin 3,2
WP_227159484.1,MULTISPECIES: hypothetical protein [Mediterraneibacter],Bin 3,2
WP_227159486.1,MULTISPECIES: hypothetical protein [Mediterraneibacter],Bin 3,2
WP_227159646.1,MULTISPECIES: Crp/Fnr family transcriptional regulator [Mediterraneibacter],Bin 3,2
WP_227159858.1,MULTISPECIES: BlaI/MecI/CopY family transcriptional regulator [Mediterraneibacter],Bin 3,2
WP_227159860.1,MULTISPECIES: toll/interleukin-1 receptor domain-containing protein [Mediterraneibacter],Bin 3,2
WP_227159919.1,MULTISPECIES: PrsW family glutamic-type intramembrane protease [Mediterraneibacter],Bin 3,2
WP_227159920.1,MULTISPECIES: histidine kinase [Mediterraneibacter],Bin 3,2
WP_227159921.1,MULTISPECIES: MBL fold metallo-hydrolase [Mediterraneibacter],Bin 3,2
WP_227159927.1,MULTISPECIES: hypothetical protein [Mediterraneibacter],Bin 3,2
WP_227160004.1,MULTISPECIES: IS110 family transposase [Lachnospiraceae],Bin 3,2
WP_227165033.1,MULTISPECIES: response regulator transcription factor [Mediterraneibacter],Bin 3,2
WP_227188915.1,MULTISPECIES: toll/interleukin-1 receptor domain-containing protein [Mediterraneibacter],Bin 3,2
WP_227189074.1,MULTISPECIES: hypothetical protein [Mediterraneibacter],Bin 3,2
WP_227189098.1,MULTISPECIES: helix-turn-helix domain-containing protein [Mediterraneibacter],Bin 3,2
WP_227189336.1,MULTISPECIES: hypothetical protein [Mediterraneibacter],Bin 3,2
WP_227189338.1,MULTISPECIES: IS3 family transposase [Mediterraneibacter],Bin 3,2
WP_227189413.1,MULTISPECIES: Rpn family recombination-promoting nuclease/putative transposase [Mediterraneibacter],Bin 3,2
WP_227189416.1,MULTISPECIES: CitMHS family transporter [Mediterraneibacter],Bin 3,2
WP_227189419.1,MULTISPECIES: LysR family transcriptional regulator [Mediterraneibacter],Bin 3,2
WP_227189420.1,MULTISPECIES: chromate transporter [Mediterraneibacter],Bin 3,2
WP_227189423.1,MULTISPECIES: citrate lyase holo-[acyl-carrier protein] synthase [Mediterraneibacter],Bin 3,2
WP_227189592.1,MULTISPECIES: AAA family ATPase [Mediterraneibacter],Bin 3,2
WP_227189753.1,MULTISPECIES: site-specific integrase [Mediterraneibacter],Bin 3,2
WP_227189941.1,MULTISPECIES: hypothetical protein [Mediterraneibacter],Bin 3,2
WP_227189943.1,MULTISPECIES: hypothetical protein [Mediterraneibacter],Bin 3,2
WP_227189951.1,MULTISPECIES: hypothetical protein [Mediterraneibacter],Bin 3,2
WP_227189952.1,MULTISPECIES: hypothetical protein [Mediterraneibacter],Bin 3,2
WP_227597358.1,MULTISPECIES: hypothetical protein [Bacillota],Bin 3,2
WP_233105520.1,class I SAM-dependent methyltransferase [[Ruminococcus] torques],Bin 3,2
WP_237985348.1,MULTISPECIES: type IV toxin-antitoxin system AbiEi family antitoxin domain-containing protein [Bacillota],Bin 3,2
WP_242987781.1,MULTISPECIES: plasmid mobilization relaxosome protein MobC [Mediterraneibacter],Bin 3,2
WP_242987783.1,MULTISPECIES: DNA cytosine methyltransferase [Mediterraneibacter],Bin 3,2
WP_242996303.1,MULTISPECIES: glycosyltransferase [Mediterraneibacter],Bin 3,2
WP_270347459.1,MULTISPECIES: hypothetical protein [Mediterraneibacter],Bin 3,2
WP_270371236.1,MULTISPECIES: IS1182 family transposase [Mediterraneibacter],Bin 3,2
WP_278415541.1,MULTISPECIES: hypothetical protein [Mediterraneibacter],Bin 3,2
WP_278415556.1,MULTISPECIES: hypothetical protein [Mediterraneibacter],Bin 3,2
WP_278415558.1,MULTISPECIES: hypothetical protein [Mediterraneibacter],Bin 3,2
WP_287712142.1,MULTISPECIES: YhcG family protein [Lachnospiraceae],Bin 3,2
WP_318550735.1,discoidin domain-containing protein [[Ruminococcus] torques],Bin 3,2
WP_319638177.1,MULTISPECIES: IS3 family transposase [Lachnospiraceae],Bin 3,2
WP_329989073.1,MULTISPECIES: hypothetical protein [Bacillota],Bin 3,2
WP_329989074.1,MULTISPECIES: ATP-binding protein [Bacillota],Bin 3,2
WP_329989075.1,MULTISPECIES: hypothetical protein [Bacillota],Bin 3,2
WP_330619348.1,hypothetical protein [[Ruminococcus] torques],Bin 3,2
WP_334296011.1,MULTISPECIES: glutamine-hydrolyzing GMP synthase [Mediterraneibacter],Bin 3,2
WP_347991204.1,MULTISPECIES: hypothetical protein [Mediterraneibacter],Bin 3,2
WP_347991206.1,MULTISPECIES: NUDIX domain-containing protein [Mediterraneibacter],Bin 3,2
WP_347991370.1,MULTISPECIES: hypothetical protein [Mediterraneibacter],Bin 3,2
WP_347991372.1,MULTISPECIES: ABC transporter permease subunit [Mediterraneibacter],Bin 3,2
WP_347991750.1,MULTISPECIES: beta-N-acetylglucosaminidase domain-containing protein [Mediterraneibacter],Bin 3,2
WP_370835022.1,MULTISPECIES: helix-turn-helix domain-containing protein [Mediterraneibacter],Bin 3,2
WP_373106805.1,hypothetical protein  partial [[Ruminococcus] torques],Bin 3,2
WP_373106807.1,DUF6560 family protein [[Ruminococcus] torques],Bin 3,2
WP_373106810.1,RHS repeat domain-containing protein [[Ruminococcus] torques],Bin 3,2
WP_373106812.1,type VII secretion protein EssC [[Ruminococcus] torques],Bin 3,2
WP_373106813.1,DUF6531 domain-containing protein [[Ruminococcus] torques],Bin 3,2
WP_373106816.1,type VII secretion protein EssB/YukC [[Ruminococcus] torques],Bin 3,2
WP_373106817.1,hypothetical protein [[Ruminococcus] torques],Bin 3,2
WP_373106848.1,hypothetical protein [[Ruminococcus] torques],Bin 3,2
WP_373106852.1,EpsG family protein [[Ruminococcus] torques],Bin 3,2
WP_373106854.1,polysaccharide pyruvyl transferase family protein [[Ruminococcus] torques],Bin 3,2
WP_373106857.1,acyltransferase family protein [[Ruminococcus] torques],Bin 3,2
WP_373106860.1,glycosyltransferase [[Ruminococcus] torques],Bin 3,2
WP_373106864.1,glucose-1-phosphate thymidylyltransferase RfbA [[Ruminococcus] torques],Bin 3,2
WP_373106950.1,helix-turn-helix domain-containing protein [[Ruminococcus] torques],Bin 3,2
WP_373106952.1,hypothetical protein [[Ruminococcus] torques],Bin 3,2
WP_373106954.1,hypothetical protein [[Ruminococcus] torques],Bin 3,2
WP_373106955.1,hypothetical protein [[Ruminococcus] torques],Bin 3,2
WP_373106957.1,protease Lon-related BREX system protein BrxL [[Ruminococcus] torques],Bin 3,2
WP_373106959.1,RNA-binding domain-containing protein [[Ruminococcus] torques],Bin 3,2
WP_373106961.1,hypothetical protein [[Ruminococcus] torques],Bin 3,2
WP_373106962.1,BREX-1 system phosphatase PglZ type A [[Ruminococcus] torques],Bin 3,2
WP_373106964.1,BREX-1 system adenine-specific DNA-methyltransferase PglX [[Ruminococcus] torques],Bin 3,2
WP_373106966.1,hypothetical protein [[Ruminococcus] torques],Bin 3,2
WP_373106968.1,BREX system P-loop protein BrxC [[Ruminococcus] torques],Bin 3,2
WP_373106970.1,DUF1819 family protein [[Ruminococcus] torques],Bin 3,2
WP_373106971.1,helix-turn-helix domain-containing protein [[Ruminococcus] torques],Bin 3,2
WP_373106972.1,zinc-ribbon domain-containing protein [[Ruminococcus] torques],Bin 3,2
WP_373106973.1,hypothetical protein [[Ruminococcus] torques],Bin 3,2
WP_373106974.1,hypothetical protein [[Ruminococcus] torques],Bin 3,2
WP_373106975.1,hypothetical protein [[Ruminococcus] torques],Bin 3,2
WP_373106976.1,hypothetical protein [[Ruminococcus] torques],Bin 3,2
WP_373106977.1,dihydrodipicolinate reductase [[Ruminococcus] torques],Bin 3,2
WP_373106988.1,RHS repeat-associated core domain-containing protein  partial [[Ruminococcus] torques],Bin 3,2
WP_373107035.1,cardiolipin synthase [[Ruminococcus] torques],Bin 3,2
WP_373107040.1,group II intron reverse transcriptase/maturase [[Ruminococcus] torques],Bin 3,2
WP_373107041.1,hypothetical protein [[Ruminococcus] torques],Bin 3,2
WP_373107055.1,bifunctional phosphopantothenoylcysteine decarboxylase/phosphopantothenate--cysteine ligase CoaBC [[Ruminococcus] torques],Bin 3,2
WP_373107098.1,TrlF family AAA-like ATPase [[Ruminococcus] torques],Bin 3,2
WP_373107153.1,GH25 family lysozyme [[Ruminococcus] torques],Bin 3,2
WP_373107156.1,phosphorylcholine transferase LicD [[Ruminococcus] torques],Bin 3,2
WP_373107159.1,glucosaminidase domain-containing protein  partial [[Ruminococcus] torques],Bin 3,2
WP_373107162.1,hypothetical protein [[Ruminococcus] torques],Bin 3,2
WP_373107173.1,hypothetical protein [[Ruminococcus] torques],Bin 3,2
WP_373107174.1,ATP/GTP-binding protein [[Ruminococcus] torques],Bin 3,2
WP_373107175.1,JAB domain-containing protein [[Ruminococcus] torques],Bin 3,2
WP_373107180.1,hypothetical protein [[Ruminococcus] torques],Bin 3,2
WP_373107182.1,iron-containing alcohol dehydrogenase [[Ruminococcus] torques],Bin 3,2
WP_373107184.1,sucrose phosphorylase [[Ruminococcus] torques],Bin 3,2
WP_373107186.1,adenylylsulfate kinase [[Ruminococcus] torques],Bin 3,2
WP_373107189.1,Nif3-like dinuclear metal center hexameric protein [[Ruminococcus] torques],Bin 3,2
WP_373107191.1,MFS transporter [[Ruminococcus] torques],Bin 3,2
WP_373107193.1,MBL fold metallo-hydrolase [[Ruminococcus] torques],Bin 3,2
WP_373107205.1,MBL fold metallo-hydrolase [[Ruminococcus] torques],Bin 3,2
WP_373107206.1,alpha/beta hydrolase [[Ruminococcus] torques],Bin 3,2
WP_373107207.1,alpha/beta hydrolase [[Ruminococcus] torques],Bin 3,2
WP_373107208.1,alpha/beta hydrolase-fold protein [[Ruminococcus] torques],Bin 3,2
WP_373107209.1,LacI family DNA-binding transcriptional regulator [[Ruminococcus] torques],Bin 3,2
WP_373107217.1,amino acid ABC transporter permease [[Ruminococcus] torques],Bin 3,2
WP_373107221.1,5-methylcytosine-specific restriction endonuclease system specificity protein McrC [[Ruminococcus] torques],Bin 3,2
WP_373107222.1,AAA family ATPase [[Ruminococcus] torques],Bin 3,2
WP_373107223.1,hypothetical protein [[Ruminococcus] torques],Bin 3,2
WP_373107225.1,HEPN domain-containing protein [[Ruminococcus] torques],Bin 3,2
WP_373107226.1,hypothetical protein [[Ruminococcus] torques],Bin 3,2
WP_373107227.1,DUF262 domain-containing protein [[Ruminococcus] torques],Bin 3,2
WP_373107229.1,ATP-binding protein [[Ruminococcus] torques],Bin 3,2
WP_373107232.1,DUF1848 domain-containing protein [[Ruminococcus] torques],Bin 3,2
WP_373107234.1,hypothetical protein [[Ruminococcus] torques],Bin 3,2
WP_373107235.1,recombinase family protein [[Ruminococcus] torques],Bin 3,2
WP_373107240.1,energy-coupling factor transporter transmembrane component T [[Ruminococcus] torques],Bin 3,2
WP_373107272.1,ATP-binding protein [[Ruminococcus] torques],Bin 3,2
WP_373107275.1,aldolase/citrate lyase family protein [[Ruminococcus] torques],Bin 3,2
WP_373107276.1,citrate lyase acyl carrier protein [[Ruminococcus] torques],Bin 3,2
WP_373107277.1,PTS transporter subunit EIIC [[Ruminococcus] torques],Bin 3,2
WP_373107278.1,LysR family transcriptional regulator [[Ruminococcus] torques],Bin 3,2
WP_373107294.1,MerR family transcriptional regulator [[Ruminococcus] torques],Bin 3,2
WP_373107341.1,CD225/dispanin family protein [[Ruminococcus] torques],Bin 3,2
WP_373107342.1,helix-turn-helix domain-containing protein [[Ruminococcus] torques],Bin 3,2
WP_373107343.1,helix-turn-helix domain-containing protein [[Ruminococcus] torques],Bin 3,2
WP_373107345.1,sugar phosphate isomerase/epimerase family protein [[Ruminococcus] torques],Bin 3,2
WP_373107346.1,Gfo/Idh/MocA family protein [[Ruminococcus] torques],Bin 3,2
WP_373107348.1,DUF6379 domain-containing protein [[Ruminococcus] torques],Bin 3,2
WP_373107349.1,sugar phosphate isomerase/epimerase family protein [[Ruminococcus] torques],Bin 3,2
WP_373107350.1,Gfo/Idh/MocA family protein [[Ruminococcus] torques],Bin 3,2
WP_373107351.1,FAD-dependent oxidoreductase [[Ruminococcus] torques],Bin 3,2
WP_373107352.1,nitroreductase family protein [[Ruminococcus] torques],Bin 3,2
WP_373107353.1,ester cyclase [[Ruminococcus] torques],Bin 3,2
WP_373107354.1,MFS transporter [[Ruminococcus] torques],Bin 3,2
WP_373107356.1,ROK family glucokinase [[Ruminococcus] torques],Bin 3,2
WP_373107358.1,FAD-dependent oxidoreductase [[Ruminococcus] torques],Bin 3,2
WP_373107359.1,NADH-ubiquinone oxidoreductase-F iron-sulfur binding region domain-containing protein [[Ruminococcus] torques],Bin 3,2
WP_373107361.1,helix-turn-helix domain-containing protein [[Ruminococcus] torques],Bin 3,2
WP_373107362.1,flavodoxin family protein [[Ruminococcus] torques],Bin 3,2
WP_373107363.1,MFS transporter [[Ruminococcus] torques],Bin 3,2
WP_373107368.1,glycosyltransferase family 4 protein [[Ruminococcus] torques],Bin 3,2
WP_373107396.1,DNRLRE domain-containing protein [[Ruminococcus] torques],Bin 3,2
WP_373107401.1,heme-binding Shp domain-containing protein [[Ruminococcus] torques],Bin 3,2
WP_373107404.1,glycoside hydrolase N-terminal domain-containing protein [[Ruminococcus] torques],Bin 3,2
WP_373107410.1,LytR/AlgR family response regulator transcription factor [[Ruminococcus] torques],Bin 3,2
WP_373107412.1,hypothetical protein [[Ruminococcus] torques],Bin 3,2
WP_373107451.1,hypothetical protein  partial [[Ruminococcus] torques],Bin 3,2
WP_373107491.1,type I restriction-modification system subunit M [[Ruminococcus] torques],Bin 3,2
WP_373107492.1,restriction endonuclease subunit S [[Ruminococcus] torques],Bin 3,2
WP_373107494.1,site-specific integrase [[Ruminococcus] torques],Bin 3,2
WP_373107513.1,HsdR family type I site-specific deoxyribonuclease [[Ruminococcus] torques],Bin 3,2
WP_373107520.1,DUF6361 family protein [[Ruminococcus] torques],Bin 3,2
WP_373107524.1,WYL domain-containing protein [[Ruminococcus] torques],Bin 3,2
WP_373107525.1,TraX family protein [[Ruminococcus] torques],Bin 3,2
WP_373107544.1,hypothetical protein [[Ruminococcus] torques],Bin 3,2
WP_373107553.1,hypothetical protein [[Ruminococcus] torques],Bin 3,2
WP_373107554.1,hypothetical protein [[Ruminococcus] torques],Bin 3,2
WP_373107576.1,tyrosine-type recombinase/integrase [[Ruminococcus] torques],Bin 3,2
WP_373107578.1,helix-turn-helix domain-containing protein [[Ruminococcus] torques],Bin 3,2
WP_373107579.1,helix-turn-helix domain-containing protein [[Ruminococcus] torques],Bin 3,2
WP_373107580.1,phage/plasmid primase  P4 family [[Ruminococcus] torques],Bin 3,2
WP_373107581.1,hypothetical protein [[Ruminococcus] torques],Bin 3,2
WP_373107583.1,DUF1492 domain-containing protein [[Ruminococcus] torques],Bin 3,2
WP_373107585.1,hypothetical protein [[Ruminococcus] torques],Bin 3,2
WP_373107586.1,hypothetical protein [[Ruminococcus] torques],Bin 3,2
WP_373107588.1,hypothetical protein [[Ruminococcus] torques],Bin 3,2
WP_373107596.1,hypothetical protein [[Ruminococcus] torques],Bin 3,2
WP_373107598.1,HEPN/Toprim-associated domain-containing protein [[Ruminococcus] torques],Bin 3,2
WP_373107600.1,hypothetical protein [[Ruminococcus] torques],Bin 3,2
WP_373107604.1,DUF3847 domain-containing protein [[Ruminococcus] torques],Bin 3,2
WP_373107608.1,hypothetical protein [[Ruminococcus] torques],Bin 3,2
WP_373107643.1,type II CAAX prenyl endopeptidase Rce1 family protein [[Ruminococcus] torques],Bin 3,2
WP_373107645.1,ATP-binding protein [[Ruminococcus] torques],Bin 3,2
WP_373107647.1,hypothetical protein [[Ruminococcus] torques],Bin 3,2
WP_373107650.1,relaxase/mobilization nuclease domain-containing protein [[Ruminococcus] torques],Bin 3,2
WP_373107652.1,AAA family ATPase [[Ruminococcus] torques],Bin 3,2
WP_373107661.1,FAD-dependent oxidoreductase [[Ruminococcus] torques],Bin 3,2
WP_373107663.1,InlB B-repeat-containing protein [[Ruminococcus] torques],Bin 3,2
WP_373107674.1,Rossmann-like domain-containing protein [[Ruminococcus] torques],Bin 3,2
WP_373107675.1,ATP-binding cassette domain-containing protein [[Ruminococcus] torques],Bin 3,2
WP_373107677.1,ABC transporter permease [[Ruminococcus] torques],Bin 3,2
WP_373107678.1,molybdate ABC transporter substrate-binding protein [[Ruminococcus] torques],Bin 3,2
WP_373107680.1,TetR/AcrR family transcriptional regulator C-terminal domain-containing protein [[Ruminococcus] torques],Bin 3,2
WP_373107681.1,radical SAM protein [[Ruminococcus] torques],Bin 3,2
WP_373107682.1,DUF308 domain-containing protein [[Ruminococcus] torques],Bin 3,2
WP_373107694.1,hypothetical protein [[Ruminococcus] torques],Bin 3,2
WP_373107703.1,IS607 family transposase [[Ruminococcus] torques],Bin 3,2
WP_373107738.1,TnpV protein [[Ruminococcus] torques],Bin 3,2
WP_373107744.1,IS256 family transposase [[Ruminococcus] torques],Bin 3,2
WP_373107746.1,D-alanyl-D-alanine carboxypeptidase family protein [[Ruminococcus] torques],Bin 3,2
WP_373107747.1,D-alanyl-D-alanine carboxypeptidase family protein [[Ruminococcus] torques],Bin 3,2
WP_373107774.1,helix-turn-helix domain-containing protein [[Ruminococcus] torques],Bin 3,2
WP_373107776.1,tyrosine-type recombinase/integrase [[Ruminococcus] torques],Bin 3,2
WP_373107778.1,KamA family radical SAM protein [[Ruminococcus] torques],Bin 3,2
WP_373107779.1,ATP-grasp domain-containing protein [[Ruminococcus] torques],Bin 3,2
WP_373107781.1,tetratricopeptide repeat protein [[Ruminococcus] torques],Bin 3,2
WP_373107854.1,zinc-ribbon domain-containing protein [[Ruminococcus] torques],Bin 3,2
WP_373107856.1,GNAT family N-acetyltransferase [[Ruminococcus] torques],Bin 3,2
WP_373107937.1,glycoside hydrolase family 3 C-terminal domain-containing protein [[Ruminococcus] torques],Bin 3,2
WP_373107952.1,signal peptidase I [[Ruminococcus] torques],Bin 3,2
WP_373107955.1,glycoside hydrolase N-terminal domain-containing protein [[Ruminococcus] torques],Bin 3,2
WP_373107960.1,polyhydroxyalkanoate depolymerase [[Ruminococcus] torques],Bin 3,2
WP_373107963.1,fibronectin type III domain-containing protein [[Ruminococcus] torques],Bin 3,2
WP_373107966.1,alpha-L-fucosidase [[Ruminococcus] torques],Bin 3,2
WP_373107968.1,AraC family transcriptional regulator [[Ruminococcus] torques],Bin 3,2
WP_373108028.1,discoidin domain-containing protein [[Ruminococcus] torques],Bin 3,2
WP_373108030.1,ABC transporter substrate-binding protein [[Ruminococcus] torques],Bin 3,2
WP_373108033.1,glycoside hydrolase N-terminal domain-containing protein [[Ruminococcus] torques],Bin 3,2
WP_373108036.1,LacI family DNA-binding transcriptional regulator [[Ruminococcus] torques],Bin 3,2
WP_373108042.1,hypothetical protein [[Ruminococcus] torques],Bin 3,2
WP_373108046.1,DUF3990 domain-containing protein [[Ruminococcus] torques],Bin 3,2
WP_373108091.1,hypothetical protein [[Ruminococcus] torques],Bin 3,2
WP_373108097.1,hypothetical protein [[Ruminococcus] torques],Bin 3,2
WP_373108175.1,nucleotidyl transferase AbiEii/AbiGii toxin family protein [[Ruminococcus] torques],Bin 3,2
WP_373108271.1,discoidin domain-containing protein [[Ruminococcus] torques],Bin 3,2
WP_373108272.1,NPCBM/NEW2 domain-containing protein [[Ruminococcus] torques],Bin 3,2
WP_373108275.1,beta-galactosidase [[Ruminococcus] torques],Bin 3,2
WP_373108276.1,hydroxylamine reductase [[Ruminococcus] torques],Bin 3,2
WP_373108298.1,hypothetical protein [[Ruminococcus] torques],Bin 3,2
WP_373108305.1,helix-turn-helix domain-containing protein [[Ruminococcus] torques],Bin 3,2
WP_373108340.1,helix-turn-helix transcriptional regulator  partial [[Ruminococcus] torques],Bin 3,2
WP_373108410.1,MobA/MobL family protein [[Ruminococcus] torques],Bin 3,2
WP_373108411.1,phosphoribosylglycinamide formyltransferase [[Ruminococcus] torques],Bin 3,2
WP_373108413.1,AAA family ATPase [[Ruminococcus] torques],Bin 3,2
WP_373108415.1,HD domain-containing protein [[Ruminococcus] torques],Bin 3,2
WP_373108417.1,ASCH domain-containing protein [[Ruminococcus] torques],Bin 3,2
WP_373108419.1,hypothetical protein [[Ruminococcus] torques],Bin 3,2
WP_373108421.1,helix-turn-helix transcriptional regulator [[Ruminococcus] torques],Bin 3,2
WP_373108423.1,GNAT family N-acetyltransferase [[Ruminococcus] torques],Bin 3,2
WP_373108425.1,GyrI-like domain-containing protein [[Ruminococcus] torques],Bin 3,2
WP_373108427.1,helix-turn-helix domain-containing protein [[Ruminococcus] torques],Bin 3,2
WP_373108429.1,VOC family protein [[Ruminococcus] torques],Bin 3,2
WP_373108431.1,TfoX/Sxy family protein [[Ruminococcus] torques],Bin 3,2
WP_373108433.1,RloB family protein [[Ruminococcus] torques],Bin 3,2
WP_373108435.1,DUF4365 domain-containing protein [[Ruminococcus] torques],Bin 3,2
WP_373108437.1,hypothetical protein [[Ruminococcus] torques],Bin 3,2
WP_373108439.1,three component ABC system middle component [[Ruminococcus] torques],Bin 3,2
WP_373108440.1,DUF3732 domain-containing protein [[Ruminococcus] torques],Bin 3,2
WP_373108442.1,DNA-binding protein [[Ruminococcus] torques],Bin 3,2
WP_373108447.1,DUF2971 domain-containing protein [[Ruminococcus] torques],Bin 3,2
WP_373108449.1,PucR family transcriptional regulator [[Ruminococcus] torques],Bin 3,2
WP_373108451.1,signal peptidase I [[Ruminococcus] torques],Bin 3,2
WP_373108453.1,DUF5979 domain-containing protein [[Ruminococcus] torques],Bin 3,2
WP_373108455.1,hypothetical protein [[Ruminococcus] torques],Bin 3,2
WP_373108473.1,Cna B-type domain-containing protein [[Ruminococcus] torques],Bin 3,2
WP_373108475.1,hypothetical protein [[Ruminococcus] torques],Bin 3,2
WP_373108477.1,Rrf2 family transcriptional regulator [[Ruminococcus] torques],Bin 3,2
WP_373108479.1,potassium-transporting ATPase subunit C [[Ruminococcus] torques],Bin 3,2
WP_373108481.1,DUF5906 domain-containing protein [[Ruminococcus] torques],Bin 3,2
WP_373108484.1,hypothetical protein [[Ruminococcus] torques],Bin 3,2
WP_373108485.1,DNA/RNA non-specific endonuclease [[Ruminococcus] torques],Bin 3,2
WP_373108487.1,helicase HerA domain-containing protein [[Ruminococcus] torques],Bin 3,2
WP_373108489.1,hypothetical protein [[Ruminococcus] torques],Bin 3,2
WP_373108490.1,hypothetical protein [[Ruminococcus] torques],Bin 3,2
WP_373108491.1,dynamin family protein [[Ruminococcus] torques],Bin 3,2
WP_373108493.1,dynamin family protein [[Ruminococcus] torques],Bin 3,2
WP_373108495.1,helix-turn-helix transcriptional regulator [[Ruminococcus] torques],Bin 3,2
WP_373108498.1,hypothetical protein [[Ruminococcus] torques],Bin 3,2
WP_373108501.1,TIR domain-containing protein [[Ruminococcus] torques],Bin 3,2
WP_373108504.1,transposase  partial [[Ruminococcus] torques],Bin 3,2
WP_373108508.1,PRD domain-containing protein [[Ruminococcus] torques],Bin 3,2
WP_373108529.1,hypothetical protein [[Ruminococcus] torques],Bin 3,2
WP_373108534.1,helix-turn-helix domain-containing protein [[Ruminococcus] torques],Bin 3,2
WP_373108540.1,IS30 family transposase  partial [[Ruminococcus] torques],Bin 3,2
WP_373108551.1,helix-turn-helix domain-containing protein  partial [[Ruminococcus] torques],Bin 3,2
WP_373196545.1,hypothetical protein [[Ruminococcus] torques],Bin 3,2
WP_373196548.1,tyrosine-type recombinase/integrase [[Ruminococcus] torques],Bin 3,2
WP_373196614.1,DUF308 domain-containing protein [[Ruminococcus] torques],Bin 3,2
WP_373196754.1,carbohydrate ABC transporter permease [[Ruminococcus] torques],Bin 3,2
WP_373196911.1,hypothetical protein [[Ruminococcus] torques],Bin 3,2
WP_004841269.1,MULTISPECIES: chromosomal replication initiator protein DnaA [Mediterraneibacter],Bin 4,29
WP_004844368.1,MULTISPECIES: acetolactate synthase small subunit [Mediterraneibacter],Bin 4,29
WP_004844904.1,MULTISPECIES: GntR family transcriptional regulator [Mediterraneibacter],Bin 4,29
WP_004844936.1,MULTISPECIES: arginine repressor [Mediterraneibacter],Bin 4,29
WP_004845016.1,MULTISPECIES: 2-isopropylmalate synthase [Mediterraneibacter],Bin 4,29
WP_004845026.1,MULTISPECIES: biotin/lipoyl-containing protein [Mediterraneibacter],Bin 4,29
WP_004845027.1,MULTISPECIES: sodium ion-translocating decarboxylase subunit beta [Mediterraneibacter],Bin 4,29
WP_004845028.1,MULTISPECIES: oxaloacetate decarboxylase subunit alpha [Mediterraneibacter],Bin 4,29
WP_004845046.1,MULTISPECIES: electron transport complex subunit RsxE [Mediterraneibacter],Bin 4,29
WP_004845056.1,MULTISPECIES: Holliday junction branch migration DNA helicase RuvB [Mediterraneibacter],Bin 4,29
WP_004845068.1,MULTISPECIES: Asp23/Gls24 family envelope stress response protein [Mediterraneibacter],Bin 4,29
WP_004845094.1,MULTISPECIES: histidinol dehydrogenase [Mediterraneibacter],Bin 4,29
WP_004845104.1,MULTISPECIES: CBS domain-containing protein [Mediterraneibacter],Bin 4,29
WP_004845105.1,MULTISPECIES: 50S ribosomal protein L21 [Mediterraneibacter],Bin 4,29
WP_004845107.1,MULTISPECIES: 50S ribosomal protein L27 [Mediterraneibacter],Bin 4,29
WP_004845149.1,MULTISPECIES: 30S ribosomal protein S15 [Mediterraneibacter],Bin 4,29
WP_004845159.1,MULTISPECIES: DNA topoisomerase (ATP-hydrolyzing) subunit A [Mediterraneibacter],Bin 4,29
WP_004845164.1,MULTISPECIES: ketol-acid reductoisomerase [Mediterraneibacter],Bin 4,29
WP_004845185.1,MULTISPECIES: preprotein translocase subunit SecG [Mediterraneibacter],Bin 4,29
WP_004845236.1,MULTISPECIES: PucR family transcriptional regulator [Mediterraneibacter],Bin 4,29
WP_004845237.1,MULTISPECIES: cell division ATP-binding protein FtsE [Mediterraneibacter],Bin 4,29
WP_004845252.1,MULTISPECIES: response regulator transcription factor [Mediterraneibacter],Bin 4,29
WP_004845379.1,MULTISPECIES: signal recognition particle protein [Mediterraneibacter],Bin 4,29
WP_004845380.1,MULTISPECIES: 30S ribosomal protein S16 [Mediterraneibacter],Bin 4,29
WP_004845385.1,MULTISPECIES: 50S ribosomal protein L19 [Mediterraneibacter],Bin 4,29
WP_004845448.1,MULTISPECIES: molybdate ABC transporter permease subunit [Mediterraneibacter],Bin 4,29
WP_004845539.1,MULTISPECIES: alanine/glycine:cation symporter family protein [Mediterraneibacter],Bin 4,29
WP_004845541.1,MULTISPECIES: anaerobic ribonucleoside-triphosphate reductase [Mediterraneibacter],Bin 4,29
WP_004845551.1,MULTISPECIES: ATP-dependent Clp endopeptidase proteolytic subunit ClpP [Mediterraneibacter],Bin 4,29
WP_004845715.1,MULTISPECIES: methylglyoxal synthase [Mediterraneibacter],Bin 4,29
WP_004845731.1,MULTISPECIES: DUF2325 domain-containing protein [Mediterraneibacter],Bin 4,29
WP_004845778.1,MULTISPECIES: flavodoxin-dependent (E)-4-hydroxy-3-methylbut-2-enyl-diphosphate synthase [Mediterraneibacter],Bin 4,29
WP_004845894.1,MULTISPECIES: 23S rRNA (adenine(2503)-C(2))-methyltransferase RlmN [Mediterraneibacter],Bin 4,29
WP_004845903.1,MULTISPECIES: xanthine phosphoribosyltransferase [Mediterraneibacter],Bin 4,29
WP_004845924.1,MULTISPECIES: amino acid ABC transporter permease [Mediterraneibacter],Bin 4,29
WP_004845992.1,MULTISPECIES: glucose-1-phosphate adenylyltransferase [Mediterraneibacter],Bin 4,29
WP_004846044.1,MULTISPECIES: HU family DNA-binding protein [Mediterraneibacter],Bin 4,29
WP_004846089.1,MULTISPECIES: hypothetical protein [Mediterraneibacter],Bin 4,29
WP_004846094.1,MULTISPECIES: prephenate dehydrogenase [Mediterraneibacter],Bin 4,29
WP_004846174.1,MULTISPECIES: CDP-diacylglycerol--glycerol-3-phosphate 3-phosphatidyltransferase [Mediterraneibacter],Bin 4,29
WP_004846185.1,MULTISPECIES: aspartate carbamoyltransferase regulatory subunit [Mediterraneibacter],Bin 4,29
WP_004846187.1,MULTISPECIES: ribonuclease HI [Mediterraneibacter],Bin 4,29
WP_004846197.1,MULTISPECIES: ribose-phosphate pyrophosphokinase [Mediterraneibacter],Bin 4,29
WP_004846218.1,MULTISPECIES: dihydroxy-acid dehydratase [Mediterraneibacter],Bin 4,29
WP_004846220.1,MULTISPECIES: preprotein translocase subunit YajC [Mediterraneibacter],Bin 4,29
WP_004846274.1,MULTISPECIES: UMP kinase [Mediterraneibacter],Bin 4,29
WP_004846275.1,MULTISPECIES: ribosome recycling factor [Mediterraneibacter],Bin 4,29
WP_004846381.1,MULTISPECIES: 50S ribosomal protein L20 [Mediterraneibacter],Bin 4,29
WP_004846383.1,MULTISPECIES: translation initiation factor IF-3 [Mediterraneibacter],Bin 4,29
WP_004846387.1,MULTISPECIES: PFL family protein [Mediterraneibacter],Bin 4,29
WP_004846389.1,MULTISPECIES: MBL fold metallo-hydrolase [Mediterraneibacter],Bin 4,29
WP_004846428.1,MULTISPECIES: AAA family ATPase [Mediterraneibacter],Bin 4,29
WP_004846435.1,MULTISPECIES: RNA polymerase sporulation sigma factor SigG [Mediterraneibacter],Bin 4,29
WP_004846450.1,MULTISPECIES: amino acid ABC transporter permease [Mediterraneibacter],Bin 4,29
WP_004846508.1,MULTISPECIES: RNA polymerase sporulation sigma factor SigE [Mediterraneibacter],Bin 4,29
WP_004846523.1,MULTISPECIES: division/cell wall cluster transcriptional repressor MraZ [Mediterraneibacter],Bin 4,29
WP_004846699.1,MULTISPECIES: molybdopterin-binding protein [Mediterraneibacter],Bin 4,29
WP_004846879.1,MULTISPECIES: glucose-1-phosphate adenylyltransferase [Mediterraneibacter],Bin 4,29
WP_004846927.1,MULTISPECIES: PTS transporter subunit IIC [Mediterraneibacter],Bin 4,29
WP_004846935.1,MULTISPECIES: imidazole glycerol phosphate synthase subunit HisF [Mediterraneibacter],Bin 4,29
WP_004846952.1,MULTISPECIES: THUMP domain-containing class I SAM-dependent RNA methyltransferase [Mediterraneibacter],Bin 4,29
WP_004847239.1,MULTISPECIES: DUF1858 domain-containing protein [Mediterraneibacter],Bin 4,29
WP_004847271.1,MULTISPECIES: response regulator transcription factor [Mediterraneibacter],Bin 4,29
WP_004847497.1,MULTISPECIES: translation initiation factor IF-1 [Clostridia],Bin 4,29
WP_004847499.1,MULTISPECIES: preprotein translocase subunit SecY [Mediterraneibacter],Bin 4,29
WP_004847503.1,MULTISPECIES: 50S ribosomal protein L18 [Mediterraneibacter],Bin 4,29
WP_004847508.1,MULTISPECIES: type Z 30S ribosomal protein S14 [Lachnospiraceae],Bin 4,29
WP_004847590.1,MULTISPECIES: class II fructose-1 6-bisphosphate aldolase [Mediterraneibacter],Bin 4,29
WP_004847808.1,MULTISPECIES: NADPH-dependent glutamate synthase [Mediterraneibacter],Bin 4,29
WP_004847818.1,MULTISPECIES: stage III sporulation protein AC [Mediterraneibacter],Bin 4,29
WP_004847865.1,MULTISPECIES: 50S ribosomal protein L9 [Mediterraneibacter],Bin 4,29
WP_004847871.1,MULTISPECIES: 30S ribosomal protein S6 [Mediterraneibacter],Bin 4,29
WP_004847879.1,MULTISPECIES: Hsp20/alpha crystallin family protein [Mediterraneibacter],Bin 4,29
WP_004847894.1,MULTISPECIES: response regulator transcription factor [Mediterraneibacter],Bin 4,29
WP_004847900.1,efflux RND transporter permease subunit [[Ruminococcus] torques],Bin 4,29
WP_004848079.1,MULTISPECIES: HPr family phosphocarrier protein [Mediterraneibacter],Bin 4,29
WP_004848083.1,MULTISPECIES: IreB family regulatory phosphoprotein [Mediterraneibacter],Bin 4,29
WP_004848206.1,MULTISPECIES: YbaB/EbfC family nucleoid-associated protein [Clostridia],Bin 4,29
WP_004848293.1,MULTISPECIES: tRNA preQ1(34) S-adenosylmethionine ribosyltransferase-isomerase QueA [Mediterraneibacter],Bin 4,29
WP_004848334.1,MULTISPECIES: 3'-5' exoribonuclease YhaM family protein [Mediterraneibacter],Bin 4,29
WP_009242173.1,MULTISPECIES: PhoH family protein [Mediterraneibacter],Bin 4,29
WP_009242185.1,MULTISPECIES: iron-containing alcohol dehydrogenase [Mediterraneibacter],Bin 4,29
WP_009242211.1,MULTISPECIES: cold-shock protein [Lachnospiraceae],Bin 4,29
WP_009242226.1,MULTISPECIES: 50S ribosomal protein L31 [Lachnospiraceae],Bin 4,29
WP_009242257.1,MULTISPECIES: heat-inducible transcriptional repressor HrcA [Mediterraneibacter],Bin 4,29
WP_009242258.1,MULTISPECIES: translation elongation factor 4 [Mediterraneibacter],Bin 4,29
WP_009242309.1,MULTISPECIES: deoxyribonuclease IV [Mediterraneibacter],Bin 4,29
WP_009242435.1,MULTISPECIES: glutamate racemase [Mediterraneibacter],Bin 4,29
WP_009242523.1,1 4-alpha-glucan branching protein GlgB [[Ruminococcus] torques],Bin 4,29
WP_009242550.1,MULTISPECIES: amino acid ABC transporter ATP-binding protein [Mediterraneibacter],Bin 4,29
WP_009242552.1,MULTISPECIES: adenylosuccinate lyase [Mediterraneibacter],Bin 4,29
WP_009242587.1,MULTISPECIES: 50S ribosomal protein L35 [Mediterraneibacter],Bin 4,29
WP_009242619.1,MULTISPECIES: DNA-directed RNA polymerase subunit omega [Mediterraneibacter],Bin 4,29
WP_009242677.1,MULTISPECIES: alpha/beta-type small acid-soluble spore protein [Mediterraneibacter],Bin 4,29
WP_009242690.1,MULTISPECIES: cell division protein ZapA [Mediterraneibacter],Bin 4,29
WP_009242740.1,MULTISPECIES: cell division protein FtsZ [Mediterraneibacter],Bin 4,29
WP_009242941.1,MULTISPECIES: transketolase [Clostridia],Bin 4,29
WP_009243005.1,MULTISPECIES: transcriptional repressor [Mediterraneibacter],Bin 4,29
WP_009243029.1,MULTISPECIES: glucose-1-phosphate adenylyltransferase subunit GlgD [Mediterraneibacter],Bin 4,29
WP_009243040.1,MULTISPECIES: GTPase HflX [Mediterraneibacter],Bin 4,29
WP_009243043.1,MULTISPECIES: hypothetical protein [Mediterraneibacter],Bin 4,29
WP_009243079.1,MULTISPECIES: bL17 family ribosomal protein [Mediterraneibacter],Bin 4,29
WP_009243080.1,MULTISPECIES: DNA-directed RNA polymerase subunit alpha [Mediterraneibacter],Bin 4,29
WP_009243081.1,MULTISPECIES: 30S ribosomal protein S4 [Mediterraneibacter],Bin 4,29
WP_009243084.1,MULTISPECIES: 50S ribosomal protein L5 [Mediterraneibacter],Bin 4,29
WP_009243254.1,MULTISPECIES: ribonuclease J [Mediterraneibacter],Bin 4,29
WP_009243331.1,MULTISPECIES: Asp23/Gls24 family envelope stress response protein [Mediterraneibacter],Bin 4,29
WP_009243364.1,MULTISPECIES: aminotransferase class I/II-fold pyridoxal phosphate-dependent enzyme [Mediterraneibacter],Bin 4,29
WP_009243366.1,MULTISPECIES: dihydroorotate dehydrogenase electron transfer subunit [Mediterraneibacter],Bin 4,29
WP_009243380.1,MULTISPECIES: Stp1/IreP family PP2C-type Ser/Thr phosphatase [Mediterraneibacter],Bin 4,29
WP_009243390.1,MULTISPECIES: endonuclease III domain-containing protein [Mediterraneibacter],Bin 4,29
WP_009243620.1,MULTISPECIES: transcriptional regulator NrdR [Mediterraneibacter],Bin 4,29
WP_009243710.1,MULTISPECIES: ribonuclease Z [Mediterraneibacter],Bin 4,29
WP_009243712.1,MULTISPECIES: tRNA (adenosine(37)-N6)-threonylcarbamoyltransferase complex ATPase subunit type 1 TsaE [Mediterraneibacter],Bin 4,29
WP_009243713.1,MULTISPECIES: IMP cyclohydrolase [Mediterraneibacter],Bin 4,29
WP_009243723.1,MULTISPECIES: 50S ribosomal protein L13 [Mediterraneibacter],Bin 4,29
WP_009319940.1,MULTISPECIES: UDP-N-acetylmuramoyl-L-alanyl-D-glutamate--2 6-diaminopimelate ligase [Mediterraneibacter],Bin 4,29
WP_009320418.1,MULTISPECIES: DNA gyrase subunit A [Mediterraneibacter],Bin 4,29
WP_009320478.1,MULTISPECIES: DegV family protein [Mediterraneibacter],Bin 4,29
WP_009320597.1,MULTISPECIES: 50S ribosomal protein L28 [Clostridia],Bin 4,29
WP_009320674.1,MULTISPECIES: hypoxanthine phosphoribosyltransferase [Mediterraneibacter],Bin 4,29
WP_009321095.1,MULTISPECIES: redox-sensing transcriptional repressor Rex [Mediterraneibacter],Bin 4,29
WP_015527809.1,MULTISPECIES: hypothetical protein [Mediterraneibacter],Bin 4,29
WP_015527958.1,MULTISPECIES: 5-(carboxyamino)imidazole ribonucleotide mutase [Mediterraneibacter],Bin 4,29
WP_015528715.1,MULTISPECIES: molecular chaperone DnaJ [Mediterraneibacter],Bin 4,29
WP_015528742.1,MULTISPECIES: tRNA uracil 4-sulfurtransferase ThiI [Mediterraneibacter],Bin 4,29
WP_015528782.1,MULTISPECIES: YerC/YecD family TrpR-related protein [Mediterraneibacter],Bin 4,29
WP_015528892.1,MULTISPECIES: recombinase RecA [Mediterraneibacter],Bin 4,29
WP_015528927.1,MULTISPECIES: acyl carrier protein [Mediterraneibacter],Bin 4,29
WP_015529028.1,MULTISPECIES: RNA polymerase sigma factor RpoD [Mediterraneibacter],Bin 4,29
WP_015529141.1,MULTISPECIES: MurR/RpiR family transcriptional regulator [Mediterraneibacter],Bin 4,29
WP_015529342.1,MULTISPECIES: GTPase Era [Mediterraneibacter],Bin 4,29
WP_015529601.1,MULTISPECIES: ribosome hibernation-promoting factor  HPF/YfiA family [Mediterraneibacter],Bin 4,29
WP_015530004.1,MULTISPECIES: DUF6145 family protein [Lachnospiraceae],Bin 4,29
WP_020436200.1,MULTISPECIES: Mrp/NBP35 family ATP-binding protein [Mediterraneibacter],Bin 4,29
WP_020436222.1,MULTISPECIES: stage V sporulation protein AE [Mediterraneibacter],Bin 4,29
WP_020436259.1,MULTISPECIES: polyribonucleotide nucleotidyltransferase [Mediterraneibacter],Bin 4,29
WP_020436273.1,MULTISPECIES: glycogen synthase GlgA [Mediterraneibacter],Bin 4,29
WP_020436274.1,MULTISPECIES: 4Fe-4S dicluster domain-containing protein [Mediterraneibacter],Bin 4,29
WP_020436331.1,citrate/2-methylcitrate synthase [[Ruminococcus] torques],Bin 4,29
WP_020436385.1,MULTISPECIES: redox-regulated ATPase YchF [Mediterraneibacter],Bin 4,29
WP_020436405.1,NAD-dependent protein deacylase [[Ruminococcus] torques],Bin 4,29
WP_020436444.1,MULTISPECIES: excinuclease ABC subunit UvrC [Mediterraneibacter],Bin 4,29
WP_020436483.1,MULTISPECIES: bifunctional acetaldehyde-CoA/alcohol dehydrogenase [Mediterraneibacter],Bin 4,29
WP_020436484.1,MULTISPECIES: aminoglycoside phosphotransferase family protein [Mediterraneibacter],Bin 4,29
WP_020436530.1,MULTISPECIES: valine--tRNA ligase [Mediterraneibacter],Bin 4,29
WP_020436556.1,MULTISPECIES: RNA-binding S4 domain-containing protein [Mediterraneibacter],Bin 4,29
WP_020436563.1,MULTISPECIES: methionyl aminopeptidase [Mediterraneibacter],Bin 4,29
WP_020436571.1,MULTISPECIES: ornithine carbamoyltransferase [Mediterraneibacter],Bin 4,29
WP_020436663.1,MULTISPECIES: phosphatidate cytidylyltransferase [Mediterraneibacter],Bin 4,29
WP_020436719.1,MULTISPECIES: acetate kinase [Mediterraneibacter],Bin 4,29
WP_020436760.1,MULTISPECIES: glycogen/starch/alpha-glucan phosphorylase [Mediterraneibacter],Bin 4,29
WP_020436800.1,MULTISPECIES: 6-phosphofructokinase [Mediterraneibacter],Bin 4,29
WP_020436804.1,MULTISPECIES: cardiolipin synthase [Mediterraneibacter],Bin 4,29
WP_020436817.1,MULTISPECIES: histidine--tRNA ligase [Mediterraneibacter],Bin 4,29
WP_020436828.1,MULTISPECIES: magnesium transporter [Mediterraneibacter],Bin 4,29
WP_020436868.1,MULTISPECIES: KH domain-containing protein [Mediterraneibacter],Bin 4,29
WP_020436872.1,MULTISPECIES: ribosome biogenesis GTPase YlqF [Mediterraneibacter],Bin 4,29
WP_020436959.1,MULTISPECIES: 6-phosphofructokinase [Mediterraneibacter],Bin 4,29
WP_020436999.1,MULTISPECIES: xanthine dehydrogenase family protein molybdopterin-binding subunit [Mediterraneibacter],Bin 4,29
WP_020437007.1,MULTISPECIES: endonuclease MutS2 [Mediterraneibacter],Bin 4,29
WP_020437011.1,MULTISPECIES: replicative DNA helicase [Mediterraneibacter],Bin 4,29
WP_020437200.1,MULTISPECIES: septation regulator SpoVG [Mediterraneibacter],Bin 4,29
WP_020437229.1,MULTISPECIES: glutamine synthetase III [Mediterraneibacter],Bin 4,29
WP_020437235.1,RNase adapter RapZ [[Ruminococcus] torques],Bin 4,29
WP_020437293.1,MULTISPECIES: ABC transporter ATP-binding protein [Mediterraneibacter],Bin 4,29
WP_022003012.1,Holliday junction resolvase RuvX [[Ruminococcus] torques],Bin 4,29
WP_022003052.1,formate--tetrahydrofolate ligase [[Ruminococcus] torques],Bin 4,29
WP_022003128.1,aminoacyl-tRNA hydrolase [[Ruminococcus] torques],Bin 4,29
WP_022003190.1,uracil-xanthine permease family protein [[Ruminococcus] torques],Bin 4,29
WP_022003238.1,insulinase family protein [[Ruminococcus] torques],Bin 4,29
WP_044929522.1,MULTISPECIES: DUF951 domain-containing protein [Mediterraneibacter],Bin 4,29
WP_054751025.1,MULTISPECIES: cysteine desulfurase NifS [Mediterraneibacter],Bin 4,29
WP_054752330.1,MULTISPECIES: ATP-dependent Clp protease ATP-binding subunit ClpX [Mediterraneibacter],Bin 4,29
WP_054753561.1,MULTISPECIES: elongation factor G [Mediterraneibacter],Bin 4,29
WP_055144445.1,NAD(P)-dependent malic enzyme [[Ruminococcus] torques],Bin 4,29
WP_055144460.1,MULTISPECIES: UDP-glucose--hexose-1-phosphate uridylyltransferase [Mediterraneibacter],Bin 4,29
WP_055144641.1,MULTISPECIES: triose-phosphate isomerase [Mediterraneibacter],Bin 4,29
WP_055144717.1,MULTISPECIES: phospho-N-acetylmuramoyl-pentapeptide-transferase [Mediterraneibacter],Bin 4,29
WP_055144856.1,MULTISPECIES: aspartate--ammonia ligase [Mediterraneibacter],Bin 4,29
WP_055144900.1,MULTISPECIES: peptidase U32 family protein [Mediterraneibacter],Bin 4,29
WP_055144906.1,50S ribosomal protein L11 methyltransferase [[Ruminococcus] torques],Bin 4,29
WP_055145107.1,MULTISPECIES: recombination mediator RecR [Mediterraneibacter],Bin 4,29
WP_055145489.1,GTPase ObgE [[Ruminococcus] torques],Bin 4,29
WP_055145498.1,TIGR03960 family B12-binding radical SAM protein [[Ruminococcus] torques],Bin 4,29
WP_055145790.1,DNA primase [[Ruminococcus] torques],Bin 4,29
WP_055145793.1,DegV family protein [[Ruminococcus] torques],Bin 4,29
WP_055145851.1,type II toxin-antitoxin system PemK/MazF family toxin [[Ruminococcus] torques],Bin 4,29
WP_055145881.1,MULTISPECIES: tRNA guanosine(34) transglycosylase Tgt [Mediterraneibacter],Bin 4,29
WP_055146074.1,tryptophan--tRNA ligase [[Ruminococcus] torques],Bin 4,29
WP_055146121.1,50S ribosomal protein L6 [[Ruminococcus] torques],Bin 4,29
WP_055146226.1,SsrA-binding protein SmpB [[Ruminococcus] torques],Bin 4,29
WP_055146392.1,glutamate-5-semialdehyde dehydrogenase [[Ruminococcus] torques],Bin 4,29
WP_055146859.1,GTP-binding protein [[Ruminococcus] torques],Bin 4,29
WP_055147355.1,ABC transporter ATP-binding protein [[Ruminococcus] torques],Bin 4,29
WP_055147645.1,MULTISPECIES: ribose 5-phosphate isomerase B [Mediterraneibacter],Bin 4,29
WP_055147748.1,MULTISPECIES: 30S ribosomal protein S9 [Lachnospiraceae],Bin 4,29
WP_055147962.1,MULTISPECIES: phosphoglucosamine mutase [Mediterraneibacter],Bin 4,29
WP_055148094.1,3-deoxy-7-phosphoheptulonate synthase [[Ruminococcus] torques],Bin 4,29
WP_055148103.1,MULTISPECIES: ribosome biogenesis GTPase Der [Lachnospiraceae],Bin 4,29
WP_055148113.1,MULTISPECIES: UDP-N-acetylglucosamine pyrophosphorylase [Mediterraneibacter],Bin 4,29
WP_055148133.1,MULTISPECIES: UDP-glucose 4-epimerase GalE [Mediterraneibacter],Bin 4,29
WP_055148202.1,MULTISPECIES: acetylglutamate kinase [Mediterraneibacter],Bin 4,29
WP_055148206.1,N-acetyl-gamma-glutamyl-phosphate reductase [[Ruminococcus] torques],Bin 4,29
WP_055148214.1,leucine--tRNA ligase [[Ruminococcus] torques],Bin 4,29
WP_055148264.1,MULTISPECIES: preprotein translocase subunit SecA [Mediterraneibacter],Bin 4,29
WP_055148272.1,MULTISPECIES: trigger factor [Mediterraneibacter],Bin 4,29
WP_055148296.1,MULTISPECIES: diaminopimelate dehydrogenase [Mediterraneibacter],Bin 4,29
WP_055148317.1,1-deoxy-D-xylulose-5-phosphate reductoisomerase [[Ruminococcus] torques],Bin 4,29
WP_055148339.1,MULTISPECIES: DNA polymerase III subunit delta' [Mediterraneibacter],Bin 4,29
WP_055148460.1,response regulator transcription factor [[Ruminococcus] torques],Bin 4,29
WP_055148466.1,MULTISPECIES: XTP/dITP diphosphatase [Mediterraneibacter],Bin 4,29
WP_055148636.1,orotidine-5'-phosphate decarboxylase [[Ruminococcus] torques],Bin 4,29
WP_055148762.1,MULTISPECIES: 3-phosphoshikimate 1-carboxyvinyltransferase [Mediterraneibacter],Bin 4,29
WP_055148807.1,MULTISPECIES: phosphoribosylaminoimidazolecarboxamide formyltransferase [Mediterraneibacter],Bin 4,29
WP_055156191.1,phosphoribosylformylglycinamidine synthase [[Ruminococcus] torques],Bin 4,29
WP_055156197.1,phosphoenolpyruvate--protein phosphotransferase [[Ruminococcus] torques],Bin 4,29
WP_055156212.1,replication-associated recombination protein A [[Ruminococcus] torques],Bin 4,29
WP_055156217.1,MULTISPECIES: GreA/GreB family elongation factor [Mediterraneibacter],Bin 4,29
WP_055156219.1,MULTISPECIES: 2 3-bisphosphoglycerate-independent phosphoglycerate mutase [Mediterraneibacter],Bin 4,29
WP_055156223.1,tRNA 2-thiouridine(34) synthase MnmA [[Ruminococcus] torques],Bin 4,29
WP_055156526.1,aminotransferase class I/II-fold pyridoxal phosphate-dependent enzyme [[Ruminococcus] torques],Bin 4,29
WP_055156549.1,MULTISPECIES: 23S rRNA (pseudouridine(1915)-N(3))-methyltransferase RlmH [Mediterraneibacter],Bin 4,29
WP_055156553.1,sulfide/dihydroorotate dehydrogenase-like FAD/NAD-binding protein [[Ruminococcus] torques],Bin 4,29
WP_055156559.1,O-acetylhomoserine aminocarboxypropyltransferase/cysteine synthase family protein [[Ruminococcus] torques],Bin 4,29
WP_055156634.1,MULTISPECIES: CinA family protein [Mediterraneibacter],Bin 4,29
WP_055156665.1,NAD(P)-dependent oxidoreductase [[Ruminococcus] torques],Bin 4,29
WP_055156725.1,MULTISPECIES: aspartate aminotransferase family protein [Mediterraneibacter],Bin 4,29
WP_055156729.1,MULTISPECIES: GNAT family N-acetyltransferase [Mediterraneibacter],Bin 4,29
WP_055156731.1,argininosuccinate synthase [[Ruminococcus] torques],Bin 4,29
WP_055157053.1,MULTISPECIES: UDP-N-acetylglucosamine 1-carboxyvinyltransferase [Mediterraneibacter],Bin 4,29
WP_055157210.1,MULTISPECIES: single-stranded DNA-binding protein [Mediterraneibacter],Bin 4,29
WP_055157240.1,MULTISPECIES: DUF1846 domain-containing protein [Mediterraneibacter],Bin 4,29
WP_055157579.1,MULTISPECIES: class I SAM-dependent methyltransferase [Mediterraneibacter],Bin 4,29
WP_055157626.1,MULTISPECIES: biosynthetic-type acetolactate synthase large subunit [Mediterraneibacter],Bin 4,29
WP_055157630.1,MULTISPECIES: ABC transporter ATP-binding protein [Mediterraneibacter],Bin 4,29
WP_055157756.1,ribose-phosphate pyrophosphokinase [[Ruminococcus] torques],Bin 4,29
WP_055157764.1,MULTISPECIES: 50S ribosomal protein L1 [Mediterraneibacter],Bin 4,29
WP_055157766.1,MULTISPECIES: 50S ribosomal protein L11 [Mediterraneibacter],Bin 4,29
WP_055157990.1,MULTISPECIES: uracil-DNA glycosylase [Mediterraneibacter],Bin 4,29
WP_055158361.1,MULTISPECIES: PSP1 domain-containing protein [Mediterraneibacter],Bin 4,29
WP_055158397.1,nicotinate phosphoribosyltransferase [[Ruminococcus] torques],Bin 4,29
WP_055158571.1,MULTISPECIES: undecaprenyldiphospho-muramoylpentapeptide beta-N-acetylglucosaminyltransferase [Mediterraneibacter],Bin 4,29
WP_055158586.1,NADH peroxidase [[Ruminococcus] torques],Bin 4,29
WP_055158716.1,MULTISPECIES: UDP-N-acetylmuramate--L-alanine ligase [Mediterraneibacter],Bin 4,29
WP_055170655.1,MULTISPECIES: phosphate acyltransferase PlsX [Mediterraneibacter],Bin 4,29
WP_055172666.1,cation-translocating P-type ATPase [[Ruminococcus] torques],Bin 4,29
WP_117542355.1,MULTISPECIES: 23S rRNA pseudouridine(2604) synthase RluF [Mediterraneibacter],Bin 4,29
WP_117890212.1,MULTISPECIES: ribosome biogenesis GTP-binding protein YihA/YsxC [Mediterraneibacter],Bin 4,29
WP_117890359.1,MULTISPECIES: DUF4317 domain-containing protein [Mediterraneibacter],Bin 4,29
WP_117890391.1,MULTISPECIES: 30S ribosomal protein S2 [Mediterraneibacter],Bin 4,29
WP_118188451.1,30S ribosome-binding factor RbfA [[Ruminococcus] torques],Bin 4,29
WP_118188506.1,16S rRNA (cytosine(1402)-N(4))-methyltransferase RsmH [[Ruminococcus] torques],Bin 4,29
WP_118188610.1,MULTISPECIES: 16S rRNA (adenine(1518)-N(6)/adenine(1519)-N(6))-dimethyltransferase RsmA [Mediterraneibacter],Bin 4,29
WP_118188696.1,transcription termination/antitermination protein NusG [[Ruminococcus] torques],Bin 4,29
WP_118188747.1,3-phosphoserine/phosphohydroxythreonine transaminase [[Ruminococcus] torques],Bin 4,29
WP_118188751.1,cation-translocating P-type ATPase [[Ruminococcus] torques],Bin 4,29
WP_238094758.1,GTP cyclohydrolase I FolE [[Ruminococcus] torques],Bin 4,29
WP_238094798.1,imidazoleglycerol-phosphate dehydratase HisB [[Ruminococcus] torques],Bin 4,29
WP_270187142.1,toxic anion resistance protein [[Ruminococcus] torques],Bin 4,29
WP_270620939.1,phosphate acetyltransferase [[Ruminococcus] torques],Bin 4,29
WP_270621123.1,transketolase family protein [[Ruminococcus] torques],Bin 4,29
WP_278918788.1,ribosome maturation factor RimP [[Ruminococcus] torques],Bin 4,29
WP_278918794.1,ribosome assembly RNA-binding protein YhbY [[Ruminococcus] torques],Bin 4,29
WP_278918897.1,adenylate kinase [[Ruminococcus] torques],Bin 4,29
WP_278918996.1,bifunctional phosphoribosyl-AMP cyclohydrolase/phosphoribosyl-ATP diphosphatase HisIE [[Ruminococcus] torques],Bin 4,29
WP_282928132.1,DNA polymerase III subunit gamma/tau [[Ruminococcus] torques],Bin 4,29
WP_282928220.1,extracellular solute-binding protein [[Ruminococcus] torques],Bin 4,29
WP_306542201.1,exodeoxyribonuclease III [[Ruminococcus] torques],Bin 4,29
WP_306542277.1,NAD(P)/FAD-dependent oxidoreductase [[Ruminococcus] torques],Bin 4,29
WP_306542339.1,transcription elongation factor GreA [[Ruminococcus] torques],Bin 4,29
WP_306542407.1,proline--tRNA ligase [[Ruminococcus] torques],Bin 4,29
WP_306542411.1,molecular chaperone DnaK [[Ruminococcus] torques],Bin 4,29
WP_370791570.1,MULTISPECIES: peptide chain release factor 2 [Mediterraneibacter],Bin 4,29
WP_412208095.1,DAK2 domain-containing protein [[Ruminococcus] torques],Bin 4,29
WP_412208203.1,methionine--tRNA ligase [[Ruminococcus] torques],Bin 4,29
WP_412208222.1,thioether cross-link-forming SCIFF peptide maturase [[Ruminococcus] torques],Bin 4,29
WP_412224450.1,hydratase [[Ruminococcus] torques],Bin 4,29
WP_412224455.1,glutamate--tRNA ligase [[Ruminococcus] torques],Bin 4,29
WP_412224465.1,nucleotidyltransferase family protein [[Ruminococcus] torques],Bin 4,29
WP_412224493.1,orotate phosphoribosyltransferase [[Ruminococcus] torques],Bin 4,29
WP_412224518.1,acetolactate synthase small subunit [[Ruminococcus] torques],Bin 4,29
WP_412224601.1,YebC/PmpR family DNA-binding transcriptional regulator [[Ruminococcus] torques],Bin 4,29
WP_412224670.1,ABC transporter permease [[Ruminococcus] torques],Bin 4,29
WP_412224675.1,acyl-CoA carboxylase subunit beta [[Ruminococcus] torques],Bin 4,29
WP_412224741.1,ATP phosphoribosyltransferase [[Ruminococcus] torques],Bin 4,29
WP_412224748.1,peptide chain release factor 3 [[Ruminococcus] torques],Bin 4,29
WP_412224768.1,aspartate kinase [[Ruminococcus] torques],Bin 4,29
WP_412224776.1,methylenetetrahydrofolate reductase [NAD(P)H] [[Ruminococcus] torques],Bin 4,29
WP_004841262.1,MULTISPECIES: DNA topoisomerase (ATP-hydrolyzing) subunit B [Mediterraneibacter],Bin 4,28
WP_004844949.1,MULTISPECIES: ATP-dependent zinc metalloprotease FtsH [Mediterraneibacter],Bin 4,28
WP_004845130.1,MULTISPECIES: cell division protein SepF [Mediterraneibacter],Bin 4,28
WP_004845157.1,MULTISPECIES: transcription termination factor NusA [Mediterraneibacter],Bin 4,28
WP_004845222.1,MULTISPECIES: PHP-associated domain-containing protein [Mediterraneibacter],Bin 4,28
WP_004845356.1,MULTISPECIES: DNA repair protein RadA [Lachnospiraceae],Bin 4,28
WP_004845770.1,MULTISPECIES: peptide chain release factor 1 [Mediterraneibacter],Bin 4,28
WP_004846204.1,MULTISPECIES: 50S ribosomal protein L32 [Clostridia],Bin 4,28
WP_004846453.1,MULTISPECIES: DUF5716 family protein [Mediterraneibacter],Bin 4,28
WP_004847107.1,MULTISPECIES: glycine--tRNA ligase [Mediterraneibacter],Bin 4,28
WP_004847143.1,MULTISPECIES: aspartate-semialdehyde dehydrogenase [Mediterraneibacter],Bin 4,28
WP_004847161.1,MULTISPECIES: threonine synthase [Mediterraneibacter],Bin 4,28
WP_004847385.1,MULTISPECIES: DNA polymerase III subunit alpha [Mediterraneibacter],Bin 4,28
WP_004847505.1,MULTISPECIES: 30S ribosomal protein S8 [Mediterraneibacter],Bin 4,28
WP_004847556.1,MULTISPECIES: tRNA (adenosine(37)-N6)-threonylcarbamoyltransferase complex transferase subunit TsaD [Mediterraneibacter],Bin 4,28
WP_004847584.1,MULTISPECIES: alpha-amylase family glycosyl hydrolase [Mediterraneibacter],Bin 4,28
WP_004847679.1,MULTISPECIES: ribonuclease P protein component [Clostridia],Bin 4,28
WP_004848054.1,MULTISPECIES: ABC transporter ATP-binding protein [Mediterraneibacter],Bin 4,28
WP_004848095.1,MULTISPECIES: O-methyltransferase [Mediterraneibacter],Bin 4,28
WP_004848328.1,MULTISPECIES: response regulator transcription factor [Mediterraneibacter],Bin 4,28
WP_004848467.1,MULTISPECIES: V-type ATP synthase subunit F [Mediterraneibacter],Bin 4,28
WP_004848475.1,MULTISPECIES: V-type ATP synthase subunit D [Mediterraneibacter],Bin 4,28
WP_004848546.1,MULTISPECIES: V-type ATP synthase subunit K [Mediterraneibacter],Bin 4,28
WP_009242213.1,MULTISPECIES: serine hydroxymethyltransferase [Mediterraneibacter],Bin 4,28
WP_009242477.1,MULTISPECIES: methionine adenosyltransferase [Mediterraneibacter],Bin 4,28
WP_009242599.1,MULTISPECIES: NADP-dependent isocitrate dehydrogenase [Mediterraneibacter],Bin 4,28
WP_009242652.1,MULTISPECIES: methylglyoxal synthase [Mediterraneibacter],Bin 4,28
WP_009242967.1,MULTISPECIES: membrane protein insertion efficiency factor YidD [Clostridia],Bin 4,28
WP_009243473.1,MULTISPECIES: RelA/SpoT family protein [Mediterraneibacter],Bin 4,28
WP_009244500.1,MULTISPECIES: thymidylate synthase [Mediterraneibacter],Bin 4,28
WP_009320326.1,MULTISPECIES: 30S ribosomal protein S18 [Mediterraneibacter],Bin 4,28
WP_009320459.1,MULTISPECIES: NUDIX hydrolase [Mediterraneibacter],Bin 4,28
WP_009320664.1,MULTISPECIES: glutamine-hydrolyzing GMP synthase [Mediterraneibacter],Bin 4,28
WP_015527969.1,MULTISPECIES: V-type ATP synthase subunit B [Mediterraneibacter],Bin 4,28
WP_015527987.1,MULTISPECIES: F0F1 ATP synthase subunit beta [Mediterraneibacter],Bin 4,28
WP_015527988.1,MULTISPECIES: ATP synthase F1 subunit gamma [Mediterraneibacter],Bin 4,28
WP_015529128.1,MULTISPECIES: 3-isopropylmalate dehydrogenase [Mediterraneibacter],Bin 4,28
WP_015529249.1,MULTISPECIES: DNA mismatch repair protein MutS [Mediterraneibacter],Bin 4,28
WP_020436250.1,MULTISPECIES: DNA gyrase/topoisomerase IV subunit B [Mediterraneibacter],Bin 4,28
WP_020436474.1,MULTISPECIES: serine--tRNA ligase [Mediterraneibacter],Bin 4,28
WP_020436477.1,MULTISPECIES: ParA family protein [Mediterraneibacter],Bin 4,28
WP_020436608.1,MULTISPECIES: electron transport complex protein RnfA [Mediterraneibacter],Bin 4,28
WP_020436761.1,MULTISPECIES: isoleucine--tRNA ligase [Mediterraneibacter],Bin 4,28
WP_020436818.1,MULTISPECIES: aspartate--tRNA ligase [Mediterraneibacter],Bin 4,28
WP_020436832.1,MULTISPECIES: Hsp33 family molecular chaperone HslO [Mediterraneibacter],Bin 4,28
WP_020437085.1,MULTISPECIES: asparagine synthase (glutamine-hydrolyzing) [Mediterraneibacter],Bin 4,28
WP_020437292.1,MULTISPECIES: molecular chaperone HtpG [Mediterraneibacter],Bin 4,28
WP_022003092.1,MULTISPECIES: RnfABCDGE type electron transport complex subunit D [Mediterraneibacter],Bin 4,28
WP_022003114.1,V-type ATP synthase subunit I [[Ruminococcus] torques],Bin 4,28
WP_054752991.1,MULTISPECIES: ribonuclease Y [Mediterraneibacter],Bin 4,28
WP_054753277.1,MULTISPECIES: V-type ATP synthase subunit F [Mediterraneibacter],Bin 4,28
WP_055145216.1,MULTISPECIES: DNA replication/repair protein RecF [Mediterraneibacter],Bin 4,28
WP_055146091.1,amino acid ABC transporter ATP-binding protein [[Ruminococcus] torques],Bin 4,28
WP_055148308.1,MULTISPECIES: 3-deoxy-7-phosphoheptulonate synthase [Mediterraneibacter],Bin 4,28
WP_055148381.1,MULTISPECIES: ATP synthase subunit C [Mediterraneibacter],Bin 4,28
WP_055156169.1,MULTISPECIES: spore germination protein [Mediterraneibacter],Bin 4,28
WP_055156636.1,MULTISPECIES: 30S ribosomal protein S12 methylthiotransferase RimO [Mediterraneibacter],Bin 4,28
WP_055156653.1,NAD(P)H-dependent glycerol-3-phosphate dehydrogenase [[Ruminococcus] torques],Bin 4,28
WP_055156673.1,ABC-F family ATP-binding cassette domain-containing protein [[Ruminococcus] torques],Bin 4,28
WP_055156727.1,bifunctional glutamate N-acetyltransferase/amino-acid acetyltransferase ArgJ [[Ruminococcus] torques],Bin 4,28
WP_055156784.1,MULTISPECIES: phosphoenolpyruvate carboxykinase (ATP) [Mediterraneibacter],Bin 4,28
WP_055173144.1,MULTISPECIES: F0F1 ATP synthase subunit A [Mediterraneibacter],Bin 4,28
WP_117579227.1,MULTISPECIES: sensor histidine kinase [Mediterraneibacter],Bin 4,28
WP_117825334.1,MULTISPECIES: V-type ATP synthase subunit D [Mediterraneibacter],Bin 4,28
WP_117891017.1,MULTISPECIES: GntR family transcriptional regulator [Mediterraneibacter],Bin 4,28
WP_118188818.1,tRNA uridine-5-carboxymethylaminomethyl(34) synthesis enzyme MnmG [[Ruminococcus] torques],Bin 4,28
WP_227070158.1,phosphoribosylformylglycinamidine cyclo-ligase [[Ruminococcus] torques],Bin 4,28
WP_227077081.1,V-type ATP synthase subunit B [[Ruminococcus] torques],Bin 4,28
WP_270186914.1,Tex family protein [[Ruminococcus] torques],Bin 4,28
WP_306542350.1,argininosuccinate lyase [[Ruminococcus] torques],Bin 4,28
WP_306542355.1,carboxylating nicotinate-nucleotide diphosphorylase [[Ruminococcus] torques],Bin 4,28
WP_306542424.1,ATP-dependent Clp protease ATP-binding subunit ClpX [[Ruminococcus] torques],Bin 4,28
WP_378961671.1,MULTISPECIES: biosynthetic-type acetolactate synthase large subunit [Mediterraneibacter],Bin 4,28
WP_412224466.1,PolC-type DNA polymerase III [[Ruminococcus] torques],Bin 4,28
WP_412224523.1,tyrosine-type recombinase/integrase [[Ruminococcus] torques],Bin 4,28
WP_412224746.1,diaminopimelate decarboxylase [[Ruminococcus] torques],Bin 4,28
WP_412224754.1,phosphoglycerate kinase [[Ruminococcus] torques],Bin 4,28
WP_413081738.1,single-stranded DNA-binding protein [[Ruminococcus] torques],Bin 4,28
WP_420341506.1,branched-chain amino acid aminotransferase [[Ruminococcus] torques],Bin 4,28
WP_004845351.1,MULTISPECIES: winged helix-turn-helix domain-containing protein [Lachnospiraceae],Bin 4,27
WP_004848535.1,MULTISPECIES: tRNA (cytidine(34)-2'-O)-methyltransferase [Mediterraneibacter],Bin 4,27
WP_004848555.1,MULTISPECIES: V-type ATP synthase subunit A [Mediterraneibacter],Bin 4,27
WP_022002987.1,phosphoribosylamine--glycine ligase [[Ruminococcus] torques],Bin 4,27
WP_055148576.1,MULTISPECIES: D-alanine--D-alanine ligase family protein [Mediterraneibacter],Bin 4,27
WP_207642157.1,F0F1 ATP synthase subunit alpha [[Ruminococcus] torques],Bin 4,27
WP_009319953.1,MULTISPECIES: alpha/beta fold hydrolase [Bacillota],Bin 5,2
WP_009319964.1,MULTISPECIES: hypothetical protein [Bacillota],Bin 5,2
WP_066733266.1,MULTISPECIES: YdbC family protein [Clostridia],Bin 5,2
WP_129794824.1,helix-turn-helix transcriptional regulator [[Ruminococcus] torques],Bin 5,2
WP_129794825.1,hypothetical protein [[Ruminococcus] torques],Bin 5,2
WP_129794829.1,hypothetical protein [[Ruminococcus] torques],Bin 5,2
WP_129794831.1,four helix bundle protein [[Ruminococcus] torques],Bin 5,2
WP_129794835.1,hypothetical protein [[Ruminococcus] torques],Bin 5,2
WP_129794836.1,hypothetical protein [[Ruminococcus] torques],Bin 5,2
WP_129795009.1,NAD-dependent epimerase/dehydratase family protein [[Ruminococcus] torques],Bin 5,2
WP_129795010.1,glycosyltransferase family 2 protein [[Ruminococcus] torques],Bin 5,2
WP_129795011.1,glycosyltransferase family 4 protein [[Ruminococcus] torques],Bin 5,2
WP_129795013.1,glycosyltransferase [[Ruminococcus] torques],Bin 5,2
WP_129795014.1,acyltransferase [[Ruminococcus] torques],Bin 5,2
WP_129795015.1,glycosyltransferase [[Ruminococcus] torques],Bin 5,2
WP_129795016.1,acyltransferase [[Ruminococcus] torques],Bin 5,2
WP_129795017.1,glycosyltransferase [[Ruminococcus] torques],Bin 5,2
WP_129795018.1,glycosyltransferase [[Ruminococcus] torques],Bin 5,2
WP_129795019.1,polysaccharide pyruvyl transferase family protein [[Ruminococcus] torques],Bin 5,2
WP_155236538.1,hypothetical protein [[Ruminococcus] torques],Bin 5,2
WP_173019901.1,O-antigen ligase family protein [[Ruminococcus] torques],Bin 5,2
WP_173020521.1,oligosaccharide flippase family protein [[Ruminococcus] torques],Bin 5,2
WP_195301588.1,MULTISPECIES: hypothetical protein [Lachnospiraceae],Bin 5,2
WP_202975533.1,glycosyltransferase family 4 protein [[Ruminococcus] torques],Bin 5,2
WP_227077255.1,phage portal protein [[Ruminococcus] torques],Bin 5,2
WP_227077260.1,hypothetical protein [[Ruminococcus] torques],Bin 5,2
WP_227077320.1,hypothetical protein [[Ruminococcus] torques],Bin 5,2
WP_227077321.1,helix-turn-helix domain-containing protein [[Ruminococcus] torques],Bin 5,2
WP_227077322.1,hypothetical protein [[Ruminococcus] torques],Bin 5,2
WP_238095039.1,hypothetical protein [[Ruminococcus] torques],Bin 5,2
WP_238095043.1,phage major capsid protein [[Ruminococcus] torques],Bin 5,2
WP_238095044.1,hypothetical protein [[Ruminococcus] torques],Bin 5,2
WP_238095045.1,HK97-gp10 family putative phage morphogenesis protein [[Ruminococcus] torques],Bin 5,2
WP_238095046.1,hypothetical protein [[Ruminococcus] torques],Bin 5,2
WP_238095047.1,major tail protein [[Ruminococcus] torques],Bin 5,2
WP_238095048.1,major tail protein [[Ruminococcus] torques],Bin 5,2
WP_238095049.1,hypothetical protein [[Ruminococcus] torques],Bin 5,2
WP_256126936.1,hypothetical protein [[Ruminococcus] torques],Bin 5,2
WP_276691336.1,MULTISPECIES: excisionase [Clostridia],Bin 5,2
WP_276691357.1,MULTISPECIES: helix-turn-helix domain-containing protein [Clostridia],Bin 5,2
WP_279185658.1,sugar transferase [[Ruminococcus] torques],Bin 5,2
WP_302013345.1,hypothetical protein [[Ruminococcus] torques],Bin 5,2
WP_302013347.1,hypothetical protein [[Ruminococcus] torques],Bin 5,2
WP_302013348.1,helix-turn-helix domain-containing protein [[Ruminococcus] torques],Bin 5,2
WP_302013499.1,hypothetical protein [[Ruminococcus] torques],Bin 5,2
WP_302013500.1,hypothetical protein [[Ruminococcus] torques],Bin 5,2
WP_302013501.1,hypothetical protein [[Ruminococcus] torques],Bin 5,2
WP_302013503.1,hypothetical protein [[Ruminococcus] torques],Bin 5,2
WP_302013504.1,hypothetical protein [[Ruminococcus] torques],Bin 5,2
WP_302013506.1,hypothetical protein [[Ruminococcus] torques],Bin 5,2
WP_302013508.1,hypothetical protein [[Ruminococcus] torques],Bin 5,2
WP_302013509.1,hypothetical protein [[Ruminococcus] torques],Bin 5,2
WP_302013511.1,hypothetical protein [[Ruminococcus] torques],Bin 5,2
WP_302013519.1,hypothetical protein [[Ruminococcus] torques],Bin 5,2
WP_302013520.1,major capsid protein [[Ruminococcus] torques],Bin 5,2
WP_302013526.1,helix-turn-helix domain-containing protein [[Ruminococcus] torques],Bin 5,2
WP_302241696.1,phage antirepressor KilAC domain-containing protein [[Ruminococcus] torques],Bin 5,2
WP_302241710.1,transglycosylase SLT domain-containing protein [[Ruminococcus] torques],Bin 5,2
WP_302241714.1,hypothetical protein [[Ruminococcus] torques],Bin 5,2
WP_302241718.1,HK97 gp10 family phage protein [[Ruminococcus] torques],Bin 5,2
WP_302241725.1,hypothetical protein [[Ruminococcus] torques],Bin 5,2
WP_302241727.1,hypothetical protein [[Ruminococcus] torques],Bin 5,2
WP_302241744.1,hypothetical protein [[Ruminococcus] torques],Bin 5,2
WP_337490338.1,MULTISPECIES: hypothetical protein [Clostridia],Bin 5,2
WP_349095918.1,MULTISPECIES: hypothetical protein [Lachnospiraceae],Bin 5,2
WP_349095919.1,MULTISPECIES: AAA family ATPase [Lachnospiraceae],Bin 5,2
WP_349095920.1,MULTISPECIES: plasmid recombination protein [Lachnospiraceae],Bin 5,2
WP_349096736.1,MULTISPECIES: TnpV protein [Lachnospiraceae],Bin 5,2
WP_349160218.1,helix-turn-helix domain-containing protein [[Ruminococcus] torques],Bin 5,2
WP_349160221.1,AAA family ATPase [[Ruminococcus] torques],Bin 5,2
WP_349160222.1,hypothetical protein [[Ruminococcus] torques],Bin 5,2
WP_349160223.1,hypothetical protein [[Ruminococcus] torques],Bin 5,2
WP_349160224.1,hypothetical protein [[Ruminococcus] torques],Bin 5,2
WP_349160225.1,hypothetical protein [[Ruminococcus] torques],Bin 5,2
WP_349160227.1,hypothetical protein [[Ruminococcus] torques],Bin 5,2
WP_349160228.1,RecT family recombinase [[Ruminococcus] torques],Bin 5,2
WP_349160230.1,hypothetical protein [[Ruminococcus] torques],Bin 5,2
WP_349160231.1,hypothetical protein [[Ruminococcus] torques],Bin 5,2
WP_349160234.1,hypothetical protein [[Ruminococcus] torques],Bin 5,2
WP_349160317.1,hypothetical protein [[Ruminococcus] torques],Bin 5,2
WP_349160318.1,phage portal protein [[Ruminococcus] torques],Bin 5,2
WP_350308122.1,phage tail protein [[Ruminococcus] torques],Bin 5,2
WP_370810203.1,hypothetical protein [[Ruminococcus] torques],Bin 5,2
WP_370810211.1,hypothetical protein [[Ruminococcus] torques],Bin 5,2
WP_370810214.1,DUF6906 family protein [[Ruminococcus] torques],Bin 5,2
WP_370810243.1,hypothetical protein [[Ruminococcus] torques],Bin 5,2
WP_412420472.1,AAA family ATPase [[Ruminococcus] torques],Bin 5,2
WP_412420473.1,hypothetical protein [[Ruminococcus] torques],Bin 5,2
WP_412420474.1,hypothetical protein [[Ruminococcus] torques],Bin 5,2
WP_412420475.1,class I SAM-dependent DNA methyltransferase [[Ruminococcus] torques],Bin 5,2
WP_412420476.1,hypothetical protein [[Ruminococcus] torques],Bin 5,2
WP_412420477.1,helix-turn-helix domain-containing protein [[Ruminococcus] torques],Bin 5,2
WP_412420478.1,DUF3847 domain-containing protein [[Ruminococcus] torques],Bin 5,2
WP_412420496.1,hypothetical protein [[Ruminococcus] torques],Bin 5,2
WP_412420504.1,LLM class flavin-dependent oxidoreductase [[Ruminococcus] torques],Bin 5,2
WP_412420505.1,MobQ family relaxase [[Ruminococcus] torques],Bin 5,2
WP_412420529.1,recombinase family protein [[Ruminococcus] torques],Bin 5,2
WP_412420547.1,hypothetical protein [[Ruminococcus] torques],Bin 5,2
WP_412420548.1,hypothetical protein [[Ruminococcus] torques],Bin 5,2
WP_412420551.1,hypothetical protein [[Ruminococcus] torques],Bin 5,2
WP_412420552.1,hypothetical protein [[Ruminococcus] torques],Bin 5,2
WP_412420554.1,phage head-tail connector protein [[Ruminococcus] torques],Bin 5,2
WP_412420558.1,hypothetical protein [[Ruminococcus] torques],Bin 5,2
WP_412420597.1,GT-D fold domain-containing glycosyltransferase [[Ruminococcus] torques],Bin 5,2
WP_412420647.1,reverse transcriptase domain-containing protein [[Ruminococcus] torques],Bin 5,2
WP_412420648.1,DUF6273 domain-containing protein [[Ruminococcus] torques],Bin 5,2
WP_412420650.1,GIY-YIG nuclease family protein [[Ruminococcus] torques],Bin 5,2
WP_412420652.1,single-stranded DNA-binding protein [[Ruminococcus] torques],Bin 5,2
WP_412420653.1,hypothetical protein [[Ruminococcus] torques],Bin 5,2
WP_412420654.1,MBL fold metallo-hydrolase [[Ruminococcus] torques],Bin 5,2
WP_412420655.1,DNA cytosine methyltransferase [[Ruminococcus] torques],Bin 5,2
WP_412420657.1,DNA (cytosine-5-)-methyltransferase [[Ruminococcus] torques],Bin 5,2
WP_412420658.1,hypothetical protein [[Ruminococcus] torques],Bin 5,2
WP_412577867.1,terminase large subunit [[Ruminococcus] torques],Bin 5,2
WP_412577870.1,head maturation protease  ClpP-related [[Ruminococcus] torques],Bin 5,2
WP_412577875.1,phage tail tape measure protein [[Ruminococcus] torques],Bin 5,2
WP_412577902.1,tyrosine-type recombinase/integrase [[Ruminococcus] torques],Bin 5,2
WP_412577903.1,CHC2 zinc finger domain-containing protein [[Ruminococcus] torques],Bin 5,2
WP_412577937.1,VapE domain-containing protein [[Ruminococcus] torques],Bin 5,2
WP_412578051.1,hypothetical protein [[Ruminococcus] torques],Bin 5,2
WP_412578060.1,hypothetical protein [[Ruminococcus] torques],Bin 5,2
WP_004613243.1,MULTISPECIES: Crp/Fnr family transcriptional regulator [Lachnospiraceae],Bin 6,3
WP_004613244.1,MULTISPECIES: hypothetical protein [Lachnospiraceae],Bin 6,3
WP_009244745.1,MULTISPECIES: cupin domain-containing protein [Lachnospiraceae],Bin 6,3
WP_009244748.1,MULTISPECIES: hypothetical protein [Lachnospiraceae],Bin 6,3
WP_054751448.1,MULTISPECIES: carbohydrate ABC transporter permease [Mediterraneibacter],Bin 6,3
WP_054751468.1,MULTISPECIES: bacteriohemerythrin [Mediterraneibacter],Bin 6,3
WP_054751623.1,MULTISPECIES: hypothetical protein [Mediterraneibacter],Bin 6,3
WP_054751629.1,MULTISPECIES: hypothetical protein [Mediterraneibacter],Bin 6,3
WP_054751798.1,MULTISPECIES: DUF6219 family protein [Mediterraneibacter],Bin 6,3
WP_054753682.1,MULTISPECIES: 6-phospho-alpha-glucosidase [Mediterraneibacter],Bin 6,3
WP_055039886.1,MULTISPECIES: sensor histidine kinase [Lachnospiraceae],Bin 6,3
WP_055160884.1,MULTISPECIES: ABC transporter substrate-binding protein [Mediterraneibacter],Bin 6,3
WP_055160890.1,MULTISPECIES: glycoside hydrolase family 172 protein [Mediterraneibacter],Bin 6,3
WP_101871488.1,MULTISPECIES: DUF6171 family protein [Lachnospiraceae],Bin 6,3
WP_109273677.1,MULTISPECIES: LytTR family DNA-binding domain-containing protein [Clostridia],Bin 6,3
WP_117540293.1,MULTISPECIES: helix-turn-helix domain-containing protein [Mediterraneibacter],Bin 6,3
WP_117540737.1,MULTISPECIES: type I-C CRISPR-associated endonuclease Cas1c [Mediterraneibacter],Bin 6,3
WP_117540764.1,MULTISPECIES: SdpI family protein [Mediterraneibacter],Bin 6,3
WP_117540766.1,MULTISPECIES: Cof-type HAD-IIB family hydrolase [Mediterraneibacter],Bin 6,3
WP_117541094.1,MULTISPECIES: asparaginase [Mediterraneibacter],Bin 6,3
WP_117541096.1,MULTISPECIES: helix-turn-helix domain-containing protein [Lachnospiraceae],Bin 6,3
WP_117541758.1,MULTISPECIES: MurR/RpiR family transcriptional regulator [Mediterraneibacter],Bin 6,3
WP_117541838.1,MULTISPECIES: M48 family metallopeptidase [Mediterraneibacter],Bin 6,3
WP_117542542.1,MULTISPECIES: response regulator transcription factor [Mediterraneibacter],Bin 6,3
WP_117542543.1,MULTISPECIES: extracellular solute-binding protein [Mediterraneibacter],Bin 6,3
WP_117542544.1,MULTISPECIES: sugar ABC transporter permease [Mediterraneibacter],Bin 6,3
WP_117542545.1,MULTISPECIES: carbohydrate ABC transporter permease [Mediterraneibacter],Bin 6,3
WP_117542553.1,MULTISPECIES: class I SAM-dependent methyltransferase [Mediterraneibacter],Bin 6,3
WP_117568543.1,MULTISPECIES: class I SAM-dependent methyltransferase [Lachnospiraceae],Bin 6,3
WP_117826263.1,MULTISPECIES: response regulator transcription factor [Mediterraneibacter],Bin 6,3
WP_117826758.1,MULTISPECIES: peroxide stress protein YaaA [Mediterraneibacter],Bin 6,3
WP_117826780.1,MULTISPECIES: carbohydrate ABC transporter permease [Mediterraneibacter],Bin 6,3
WP_117836649.1,MULTISPECIES: endo-1 4-beta-xylanase [Mediterraneibacter],Bin 6,3
WP_117861264.1,MULTISPECIES: hypothetical protein [Mediterraneibacter],Bin 6,3
WP_117889846.1,MULTISPECIES: Fic family protein [Mediterraneibacter],Bin 6,3
WP_117889857.1,MULTISPECIES: nitroreductase family protein [Mediterraneibacter],Bin 6,3
WP_117890072.1,MULTISPECIES: YbaN family protein [Mediterraneibacter],Bin 6,3
WP_117890185.1,MULTISPECIES: CRISPR-associated endonuclease Cas2 [Mediterraneibacter],Bin 6,3
WP_117890187.1,MULTISPECIES: CRISPR-associated protein Cas4 [Mediterraneibacter],Bin 6,3
WP_117890188.1,MULTISPECIES: type I-C CRISPR-associated protein Cas7/Csd2 [Mediterraneibacter],Bin 6,3
WP_117890189.1,MULTISPECIES: type I-C CRISPR-associated protein Cas8c/Csd1 [Mediterraneibacter],Bin 6,3
WP_117890190.1,MULTISPECIES: type I-C CRISPR-associated protein Cas5c [Mediterraneibacter],Bin 6,3
WP_117890191.1,MULTISPECIES: CRISPR-associated helicase Cas3' [Mediterraneibacter],Bin 6,3
WP_117890205.1,MULTISPECIES: hypothetical protein [Mediterraneibacter],Bin 6,3
WP_117890361.1,MULTISPECIES: [citrate (pro-3S)-lyase] ligase [Mediterraneibacter],Bin 6,3
WP_117890484.1,MULTISPECIES: AraC family transcriptional regulator [Mediterraneibacter],Bin 6,3
WP_117890520.1,MULTISPECIES: acetyl-CoA carboxylase biotin carboxyl carrier protein [Mediterraneibacter],Bin 6,3
WP_117890527.1,MULTISPECIES: thioredoxin-dependent thiol peroxidase [Mediterraneibacter],Bin 6,3
WP_117890528.1,MULTISPECIES: Fur family transcriptional regulator [Mediterraneibacter],Bin 6,3
WP_117890540.1,MULTISPECIES: sensor histidine kinase [Mediterraneibacter],Bin 6,3
WP_117890541.1,MULTISPECIES: response regulator [Mediterraneibacter],Bin 6,3
WP_117890569.1,MULTISPECIES: DUF438 domain-containing protein [Mediterraneibacter],Bin 6,3
WP_117890580.1,MULTISPECIES: TnpV protein [Mediterraneibacter],Bin 6,3
WP_117890712.1,MULTISPECIES: glycoside hydrolase 43 family protein [Mediterraneibacter],Bin 6,3
WP_117890714.1,MULTISPECIES: alpha-N-arabinofuranosidase [Mediterraneibacter],Bin 6,3
WP_117890718.1,MULTISPECIES: glycoside hydrolase family 3 C-terminal domain-containing protein [Mediterraneibacter],Bin 6,3
WP_117890720.1,MULTISPECIES: sensor histidine kinase [Mediterraneibacter],Bin 6,3
WP_117890722.1,MULTISPECIES: sialate O-acetylesterase [Mediterraneibacter],Bin 6,3
WP_117890786.1,MULTISPECIES: LysR family transcriptional regulator [Mediterraneibacter],Bin 6,3
WP_117890793.1,MULTISPECIES: helix-turn-helix domain-containing protein [Mediterraneibacter],Bin 6,3
WP_117890832.1,MULTISPECIES: RNA-guided endonuclease TnpB family protein [Mediterraneibacter],Bin 6,3
WP_117890838.1,MULTISPECIES: sodium-dependent transporter [Mediterraneibacter],Bin 6,3
WP_117890941.1,MULTISPECIES: hypothetical protein [Mediterraneibacter],Bin 6,3
WP_117890942.1,MULTISPECIES: fluoride efflux transporter CrcB [Mediterraneibacter],Bin 6,3
WP_117890962.1,MULTISPECIES: P1 family peptidase [Mediterraneibacter],Bin 6,3
WP_117890965.1,MULTISPECIES: helix-turn-helix domain-containing protein [Mediterraneibacter],Bin 6,3
WP_117891031.1,MULTISPECIES: AAA family ATPase [Mediterraneibacter],Bin 6,3
WP_117891091.1,MULTISPECIES: hypothetical protein [Mediterraneibacter],Bin 6,3
WP_117891092.1,MULTISPECIES: hypothetical protein [Lachnospiraceae],Bin 6,3
WP_117891094.1,MULTISPECIES: type II toxin-antitoxin system HipA family toxin [Mediterraneibacter],Bin 6,3
WP_117891119.1,MULTISPECIES: DUF134 domain-containing protein [Mediterraneibacter],Bin 6,3
WP_118110014.1,MULTISPECIES: PD-(D/E)XK nuclease family transposase [Mediterraneibacter],Bin 6,3
WP_147342865.1,MULTISPECIES: sensor histidine kinase [Mediterraneibacter],Bin 6,3
WP_147342953.1,MULTISPECIES: extracellular solute-binding protein [Mediterraneibacter],Bin 6,3
WP_181982393.1,MULTISPECIES: hypothetical protein [Mediterraneibacter],Bin 6,3
WP_181983030.1,MULTISPECIES: YesL family protein [Mediterraneibacter],Bin 6,3
WP_207659778.1,MULTISPECIES: hypothetical protein [Mediterraneibacter],Bin 6,3
WP_226871718.1,MULTISPECIES: hypothetical protein [Mediterraneibacter],Bin 6,3
WP_242991419.1,MULTISPECIES: hypothetical protein [Mediterraneibacter],Bin 6,3
WP_242991494.1,MULTISPECIES: Crp/Fnr family transcriptional regulator [Mediterraneibacter],Bin 6,3
WP_243132227.1,MULTISPECIES: hypothetical protein [Lachnospiraceae],Bin 6,3
WP_243132237.1,MULTISPECIES: sigma-70 family RNA polymerase sigma factor [Mediterraneibacter],Bin 6,3
WP_270364156.1,MULTISPECIES: alpha-glucoside-specific PTS transporter subunit IIBC [Mediterraneibacter],Bin 6,3
WP_373108265.1,helix-turn-helix transcriptional regulator  partial [[Ruminococcus] torques],Bin 6,3
WP_373108513.1,transposase  partial [[Ruminococcus] torques],Bin 6,3
WP_020435721.1,MULTISPECIES: type II toxin-antitoxin system HicA family toxin [Lachnospiraceae],Bin 7,3
WP_020435734.1,MULTISPECIES: sugar transferase [Mediterraneibacter],Bin 7,3
WP_020435735.1,MULTISPECIES: glycosyltransferase family 4 protein [Mediterraneibacter],Bin 7,3
WP_020435737.1,MULTISPECIES: glycosyltransferase [Mediterraneibacter],Bin 7,3
WP_020435738.1,MULTISPECIES: nucleotide sugar dehydrogenase [Mediterraneibacter],Bin 7,3
WP_020435739.1,MULTISPECIES: Gfo/Idh/MocA family protein [Mediterraneibacter],Bin 7,3
WP_020435740.1,MULTISPECIES: acyltransferase [Mediterraneibacter],Bin 7,3
WP_020435741.1,MULTISPECIES: DegT/DnrJ/EryC1/StrS family aminotransferase [Mediterraneibacter],Bin 7,3
WP_020435743.1,oligosaccharide repeat unit polymerase [[Ruminococcus] torques],Bin 7,3
WP_020435748.1,MULTISPECIES: GerMN domain-containing protein [Mediterraneibacter],Bin 7,3
WP_020435754.1,MULTISPECIES: acyltransferase [Mediterraneibacter],Bin 7,3
WP_020435815.1,MULTISPECIES: hypothetical protein [Mediterraneibacter],Bin 7,3
WP_020436079.1,class C sortase [[Ruminococcus] torques],Bin 7,3
WP_020436190.1,MULTISPECIES: Rpn family recombination-promoting nuclease/putative transposase [Mediterraneibacter],Bin 7,3
WP_020437173.1,MULTISPECIES: MATE family efflux transporter [Mediterraneibacter],Bin 7,3
WP_020437263.1,glycosyltransferase family 39 protein [[Ruminococcus] torques],Bin 7,3
WP_020437264.1,RraA family protein [[Ruminococcus] torques],Bin 7,3
WP_020437266.1,MULTISPECIES: glycosyltransferase family 2 protein [Mediterraneibacter],Bin 7,3
WP_020437267.1,MULTISPECIES: acetyltransferase [Mediterraneibacter],Bin 7,3
WP_020437268.1,MULTISPECIES: dTDP-4-amino-4 6-dideoxygalactose transaminase [Mediterraneibacter],Bin 7,3
WP_020437269.1,hypothetical protein [[Ruminococcus] torques],Bin 7,3
WP_020437270.1,MULTISPECIES: flippase [Mediterraneibacter],Bin 7,3
WP_020437271.1,MULTISPECIES: glycosyltransferase family 2 protein [Mediterraneibacter],Bin 7,3
WP_020437272.1,MULTISPECIES: glycosyltransferase family 2 protein [Mediterraneibacter],Bin 7,3
WP_020437273.1,MULTISPECIES: glycosyltransferase family 2 protein [Mediterraneibacter],Bin 7,3
WP_020437274.1,MULTISPECIES: glycosyltransferase [Mediterraneibacter],Bin 7,3
WP_020437277.1,MULTISPECIES: glycosyltransferase family 2 protein [Mediterraneibacter],Bin 7,3
WP_022075166.1,MULTISPECIES: fructoselysine 6-kinase [Bacillota],Bin 7,3
WP_044987901.1,MULTISPECIES: carbohydrate ABC transporter permease [Bacillota],Bin 7,3
WP_054752152.1,MULTISPECIES: BtpA/SgcQ family protein [Bacillota],Bin 7,3
WP_054752161.1,MULTISPECIES: secondary thiamine-phosphate synthase enzyme YjbQ [Bacillota],Bin 7,3
WP_055144739.1,N-acetylmuramoyl-L-alanine amidase [[Ruminococcus] torques],Bin 7,3
WP_055144744.1,MULTISPECIES: VanW family protein [Mediterraneibacter],Bin 7,3
WP_055144747.1,MULTISPECIES: O-antigen polysaccharide polymerase Wzy family protein [Mediterraneibacter],Bin 7,3
WP_055144751.1,glycosyltransferase family 2 protein [[Ruminococcus] torques],Bin 7,3
WP_055144753.1,oligosaccharide flippase family protein [[Ruminococcus] torques],Bin 7,3
WP_055144762.1,glycosyltransferase [[Ruminococcus] torques],Bin 7,3
WP_055144764.1,DegT/DnrJ/EryC1/StrS family aminotransferase [[Ruminococcus] torques],Bin 7,3
WP_055144765.1,MULTISPECIES: polysaccharide biosynthesis protein [Mediterraneibacter],Bin 7,3
WP_055146566.1,MULTISPECIES: sortase [Mediterraneibacter],Bin 7,3
WP_055146622.1,MULTISPECIES: carbohydrate ABC transporter permease [Mediterraneibacter],Bin 7,3
WP_055146625.1,MULTISPECIES: beta-galactosidase [Mediterraneibacter],Bin 7,3
WP_055146628.1,MULTISPECIES: YitT family protein [Mediterraneibacter],Bin 7,3
WP_055146631.1,MULTISPECIES: hypothetical protein [Mediterraneibacter],Bin 7,3
WP_055146646.1,MULTISPECIES: Na+/H+ antiporter NhaC family protein [Mediterraneibacter],Bin 7,3
WP_055146649.1,MULTISPECIES: Cof-type HAD-IIB family hydrolase [Mediterraneibacter],Bin 7,3
WP_055146652.1,MULTISPECIES: fructoselysine 6-kinase [Bacillota],Bin 7,3
WP_055146655.1,MULTISPECIES: amidohydrolase family protein [Bacillota],Bin 7,3
WP_055146661.1,MULTISPECIES: GntR family transcriptional regulator [Mediterraneibacter],Bin 7,3
WP_055146664.1,MULTISPECIES: GntR family transcriptional regulator [Mediterraneibacter],Bin 7,3
WP_055146667.1,FGGY-family carbohydrate kinase [[Ruminococcus] torques],Bin 7,3
WP_055146670.1,MULTISPECIES: amidohydrolase [Mediterraneibacter],Bin 7,3
WP_055146673.1,MULTISPECIES: fructoselysine 3-epimerase [Mediterraneibacter],Bin 7,3
WP_055146679.1,GntR family transcriptional regulator [[Ruminococcus] torques],Bin 7,3
WP_055146688.1,MULTISPECIES: SIS domain-containing protein [Bacillota],Bin 7,3
WP_055147483.1,MULTISPECIES: hypothetical protein [Mediterraneibacter],Bin 7,3
WP_055147582.1,MULTISPECIES: bifunctional metallophosphatase/5'-nucleotidase [Mediterraneibacter],Bin 7,3
WP_055147688.1,glycosyltransferase family 4 protein [[Ruminococcus] torques],Bin 7,3
WP_055147725.1,MULTISPECIES: GH25 family lysozyme [Mediterraneibacter],Bin 7,3
WP_055147728.1,MULTISPECIES: lipopolysaccharide biosynthesis protein [Mediterraneibacter],Bin 7,3
WP_055147732.1,MULTISPECIES: dTDP-glucose 4 6-dehydratase [Mediterraneibacter],Bin 7,3
WP_055147738.1,MULTISPECIES: DUF3048 domain-containing protein [Mediterraneibacter],Bin 7,3
WP_055147744.1,MULTISPECIES: AMP-binding protein [Mediterraneibacter],Bin 7,3
WP_055147832.1,MULTISPECIES: glucose-1-phosphate thymidylyltransferase RfbA [Mediterraneibacter],Bin 7,3
WP_055156808.1,MULTISPECIES: hypothetical protein [Mediterraneibacter],Bin 7,3
WP_055157707.1,O-antigen ligase family protein [[Ruminococcus] torques],Bin 7,3
WP_055157711.1,ATP-grasp domain-containing protein [[Ruminococcus] torques],Bin 7,3
WP_055157713.1,hypothetical protein [[Ruminococcus] torques],Bin 7,3
WP_055157715.1,hypothetical protein [[Ruminococcus] torques],Bin 7,3
WP_055158204.1,MULTISPECIES: sugar phosphate isomerase/epimerase family protein [Bacillota],Bin 7,3
WP_055158212.1,MULTISPECIES: amino acid permease [Mediterraneibacter],Bin 7,3
WP_055158215.1,GntR family transcriptional regulator [[Ruminococcus] torques],Bin 7,3
WP_055158290.1,MULTISPECIES: signal peptidase I [Mediterraneibacter],Bin 7,3
WP_055158292.1,MULTISPECIES: hypothetical protein [Mediterraneibacter],Bin 7,3
WP_055170555.1,MULTISPECIES: leucine-rich repeat domain-containing protein [Mediterraneibacter],Bin 7,3
WP_055173200.1,MULTISPECIES: Cna B-type domain-containing protein [Mediterraneibacter],Bin 7,3
WP_081021346.1,MULTISPECIES: LCP family protein [Mediterraneibacter],Bin 7,3
WP_155203521.1,MULTISPECIES: hypothetical protein [Mediterraneibacter],Bin 7,3
WP_170962631.1,DUF4179 domain-containing protein [[Ruminococcus] torques],Bin 7,3
WP_207643094.1,alpha/beta hydrolase [[Ruminococcus] torques],Bin 7,3
WP_226862092.1,MULTISPECIES: MATE family efflux transporter [Mediterraneibacter],Bin 7,3
WP_318270280.1,MULTISPECIES: transporter substrate-binding domain-containing protein [Bacillota],Bin 7,3
WP_004845132.1,MULTISPECIES: signal peptidase II [Mediterraneibacter],Bin 8,21
WP_004845133.1,MULTISPECIES: RluA family pseudouridine synthase [Mediterraneibacter],Bin 8,21
WP_004845140.1,MULTISPECIES: LysM peptidoglycan-binding domain-containing protein [Mediterraneibacter],Bin 8,21
WP_004845141.1,MULTISPECIES: transcriptional repressor LexA [Mediterraneibacter],Bin 8,21
WP_004845142.1,MULTISPECIES: NAD(P)/FAD-dependent oxidoreductase [Mediterraneibacter],Bin 8,21
WP_004845274.1,MULTISPECIES: PadR family transcriptional regulator [Mediterraneibacter],Bin 8,21
WP_004845275.1,MULTISPECIES: DUF1700 domain-containing protein [Mediterraneibacter],Bin 8,21
WP_004845378.1,MULTISPECIES: YlxM family DNA-binding protein [Mediterraneibacter],Bin 8,21
WP_004845439.1,MULTISPECIES: aminoacyl-histidine dipeptidase [Mediterraneibacter],Bin 8,21
WP_004845490.1,MULTISPECIES: energy-coupling factor ABC transporter ATP-binding protein [Mediterraneibacter],Bin 8,21
WP_004845491.1,MULTISPECIES: sirohydrochlorin cobaltochelatase [Mediterraneibacter],Bin 8,21
WP_004845565.1,MULTISPECIES: gamma-glutamyl-gamma-aminobutyrate hydrolase family protein [Mediterraneibacter],Bin 8,21
WP_004845570.1,MULTISPECIES: PTS galactosamine transporter subunit IIB [Mediterraneibacter],Bin 8,21
WP_004845571.1,MULTISPECIES: PTS mannose/fructose/sorbose/N-acetylgalactosamine transporter subunit IIC [Mediterraneibacter],Bin 8,21
WP_004845572.1,MULTISPECIES: PTS system mannose/fructose/sorbose family transporter subunit IID [Mediterraneibacter],Bin 8,21
WP_004845574.1,MULTISPECIES: PTS galactosamine/N-acetylgalactosamine transporter subunit IIA [Mediterraneibacter],Bin 8,21
WP_004845723.1,MULTISPECIES: serine dehydratase subunit alpha family protein [Mediterraneibacter],Bin 8,21
WP_004845944.1,MULTISPECIES: DUF6465 family protein [Mediterraneibacter],Bin 8,21
WP_004846083.1,DUF6449 domain-containing protein [[Ruminococcus] torques],Bin 8,21
WP_004846097.1,MULTISPECIES: hypothetical protein [Mediterraneibacter],Bin 8,21
WP_004846398.1,MULTISPECIES: hypothetical protein [Mediterraneibacter],Bin 8,21
WP_004846451.1,MULTISPECIES: transporter substrate-binding domain-containing protein [Mediterraneibacter],Bin 8,21
WP_004846455.1,MULTISPECIES: GNAT family N-acetyltransferase [Mediterraneibacter],Bin 8,21
WP_004847273.1,MULTISPECIES: TrkH family potassium uptake protein [Mediterraneibacter],Bin 8,21
WP_004847575.1,MULTISPECIES: hypothetical protein [Mediterraneibacter],Bin 8,21
WP_004847669.1,MULTISPECIES: DUF4446 family protein [Clostridia],Bin 8,21
WP_004847672.1,MULTISPECIES: hypothetical protein [Clostridia],Bin 8,21
WP_004847673.1,MULTISPECIES: 16S rRNA (guanine(527)-N(7))-methyltransferase RsmG [Clostridia],Bin 8,21
WP_004847730.1,MULTISPECIES: RluA family pseudouridine synthase [Mediterraneibacter],Bin 8,21
WP_004847801.1,MULTISPECIES: FtsK/SpoIIIE family DNA translocase [Mediterraneibacter],Bin 8,21
WP_004848106.1,N-acetylmuramoyl-L-alanine amidase [[Ruminococcus] torques],Bin 8,21
WP_004848108.1,MULTISPECIES: serine hydrolase [Mediterraneibacter],Bin 8,21
WP_004848110.1,MULTISPECIES: DUF2752 domain-containing protein [Mediterraneibacter],Bin 8,21
WP_004848111.1,MULTISPECIES: hypothetical protein [Mediterraneibacter],Bin 8,21
WP_009242249.1,MULTISPECIES: polyphosphate kinase 1 [Mediterraneibacter],Bin 8,21
WP_009242266.1,class C sortase [[Ruminococcus] torques],Bin 8,21
WP_009242279.1,MULTISPECIES: hypothetical protein [Mediterraneibacter],Bin 8,21
WP_009242397.1,MULTISPECIES: precorrin-6A reductase [Mediterraneibacter],Bin 8,21
WP_009242697.1,MULTISPECIES: aminopeptidase P family protein [Mediterraneibacter],Bin 8,21
WP_009242968.1,MULTISPECIES: YidC/Oxa1 family membrane protein insertase [Clostridia],Bin 8,21
WP_009242973.1,MULTISPECIES: DUF3881 family protein [Clostridia],Bin 8,21
WP_009243064.1,hypothetical protein [[Ruminococcus] torques],Bin 8,21
WP_009243334.1,MULTISPECIES: signal peptidase II [Mediterraneibacter],Bin 8,21
WP_009319832.1,MULTISPECIES: DNA polymerase III subunit delta [Mediterraneibacter],Bin 8,21
WP_009319851.1,MULTISPECIES: bifunctional folylpolyglutamate synthase/dihydrofolate synthase [Mediterraneibacter],Bin 8,21
WP_009320419.1,MULTISPECIES: RNA-binding cell elongation regulator Jag/EloR [Clostridia],Bin 8,21
WP_009320420.1,MULTISPECIES: tRNA uridine-5-carboxymethylaminomethyl(34) synthesis GTPase MnmE [Clostridia],Bin 8,21
WP_009320425.1,MULTISPECIES: ParB/RepB/Spo0J family partition protein [Clostridia],Bin 8,21
WP_009320430.1,MULTISPECIES: Spy0128 family protein [Mediterraneibacter],Bin 8,21
WP_009320585.1,MULTISPECIES: RNase P modulator RnpM [Mediterraneibacter],Bin 8,21
WP_022003066.1,tRNA lysidine(34) synthetase [[Ruminococcus] torques],Bin 8,21
WP_022003074.1,ribonuclease HII [[Ruminococcus] torques],Bin 8,21
WP_022003170.1,aminotransferase class V-fold PLP-dependent enzyme [[Ruminococcus] torques],Bin 8,21
WP_044929579.1,MULTISPECIES: L7Ae/L30e/S12e/Gadd45 family ribosomal protein [Mediterraneibacter],Bin 8,21
WP_044998224.1,hypothetical protein [[Ruminococcus] torques],Bin 8,21
WP_118188452.1,DNA mismatch repair endonuclease MutL [[Ruminococcus] torques],Bin 8,21
WP_147607168.1,MULTISPECIES: hypothetical protein [Mediterraneibacter],Bin 8,21
WP_187305836.1,hypothetical protein [[Ruminococcus] torques],Bin 8,21
WP_227182484.1,MULTISPECIES: selenide  water dikinase SelD [Mediterraneibacter],Bin 8,21
WP_270187054.1,beta-N-acetylglucosaminidase domain-containing protein [[Ruminococcus] torques],Bin 8,21
WP_270188321.1,DUF4234 domain-containing protein [[Ruminococcus] torques],Bin 8,21
WP_270620994.1,helicase-exonuclease AddAB subunit AddA [[Ruminococcus] torques],Bin 8,21
WP_270621017.1,MBL fold metallo-hydrolase RNA specificity domain-containing protein [[Ruminococcus] torques],Bin 8,21
WP_270621198.1,S1C family serine protease [[Ruminococcus] torques],Bin 8,21
WP_282928168.1,EFR1 family ferrodoxin [[Ruminococcus] torques],Bin 8,21
WP_282928189.1,TIGR02677 family protein [[Ruminococcus] torques],Bin 8,21
WP_282928277.1,peptide ABC transporter substrate-binding protein [[Ruminococcus] torques],Bin 8,21
WP_282928483.1,MATE family efflux transporter [[Ruminococcus] torques],Bin 8,21
WP_330360054.1,ABC transporter ATP-binding protein [[Ruminococcus] torques],Bin 8,21
WP_330668905.1,hypothetical protein [[Ruminococcus] torques],Bin 8,21
WP_330669050.1,YARHG domain-containing protein [[Ruminococcus] torques],Bin 8,21
WP_412224437.1,iron-containing alcohol dehydrogenase [[Ruminococcus] torques],Bin 8,21
WP_412224449.1,type VII secretion protein EssC [[Ruminococcus] torques],Bin 8,21
WP_412224526.1,FtsW/RodA/SpoVE family cell cycle protein [[Ruminococcus] torques],Bin 8,21
WP_412224546.1,hypothetical protein [[Ruminococcus] torques],Bin 8,21
WP_412224757.1,NmrA family NAD(P)-binding protein [[Ruminococcus] torques],Bin 8,21
WP_413081502.1,nucleotide exchange factor GrpE [[Ruminococcus] torques],Bin 8,21
WP_004845959.1,MULTISPECIES: VOC family protein [Mediterraneibacter],Bin 8,20
WP_004845961.1,hypothetical protein [[Ruminococcus] torques],Bin 8,20
WP_004845962.1,MULTISPECIES: dihydrofolate reductase family protein [Bacillota],Bin 8,20
WP_004845963.1,MULTISPECIES: GNAT family N-acetyltransferase [Bacillota],Bin 8,20
WP_004846395.1,MULTISPECIES: glucosaminidase domain-containing protein [Mediterraneibacter],Bin 8,20
WP_002587820.1,MULTISPECIES: helix-turn-helix domain-containing protein [Bacteria],Bin 9,2
WP_002594687.1,MULTISPECIES: hypothetical protein [Bacteria],Bin 9,2
WP_015527950.1,hypothetical protein [[Ruminococcus] torques],Bin 9,2
WP_015528321.1,glycosyl hydrolase family 95 catalytic domain-containing protein [[Ruminococcus] torques],Bin 9,2
WP_015528589.1,MULTISPECIES: PTS sugar transporter subunit IIA [Mediterraneibacter],Bin 9,2
WP_015528620.1,MULTISPECIES: cytidylate kinase-like family protein [Mediterraneibacter],Bin 9,2
WP_015528623.1,hypothetical protein [[Ruminococcus] torques],Bin 9,2
WP_015529945.1,MULTISPECIES: AAA family ATPase [Mediterraneibacter],Bin 9,2
WP_015530044.1,helix-turn-helix transcriptional regulator [[Ruminococcus] torques],Bin 9,2
WP_015530129.1,Cna B-type domain-containing protein [[Ruminococcus] torques],Bin 9,2
WP_055039927.1,MULTISPECIES: DUF4315 family protein [Lachnospiraceae],Bin 9,2
WP_055162966.1,MULTISPECIES: SPFH domain-containing protein [Mediterraneibacter],Bin 9,2
WP_117827355.1,MULTISPECIES: APC family permease [Mediterraneibacter],Bin 9,2
WP_117827356.1,MULTISPECIES: iron-containing alcohol dehydrogenase [Mediterraneibacter],Bin 9,2
WP_117889835.1,MULTISPECIES: aspartate aminotransferase family protein [Mediterraneibacter],Bin 9,2
WP_117889854.1,MULTISPECIES: hypothetical protein [Mediterraneibacter],Bin 9,2
WP_117889864.1,MULTISPECIES: TraX family protein [Mediterraneibacter],Bin 9,2
WP_117889865.1,MULTISPECIES: ethanolamine utilization protein EutH [Mediterraneibacter],Bin 9,2
WP_117889867.1,MULTISPECIES: PTS mannose/fructose/sorbose/N-acetylgalactosamine transporter subunit IIC [Mediterraneibacter],Bin 9,2
WP_117889868.1,MULTISPECIES: PTS sugar transporter subunit IIB [Mediterraneibacter],Bin 9,2
WP_117889869.1,MULTISPECIES: SIS domain-containing protein [Mediterraneibacter],Bin 9,2
WP_117889870.1,MULTISPECIES: GntR family transcriptional regulator [Mediterraneibacter],Bin 9,2
WP_117889871.1,MULTISPECIES: winged helix-turn-helix domain-containing protein [Mediterraneibacter],Bin 9,2
WP_117889907.1,MULTISPECIES: TOTE conflict system archaeo-eukaryotic primase domain-containing protein [Mediterraneibacter],Bin 9,2
WP_117889943.1,MULTISPECIES: AAA-like domain-containing protein [Mediterraneibacter],Bin 9,2
WP_117890015.1,MULTISPECIES: IS4 family transposase [Mediterraneibacter],Bin 9,2
WP_117890029.1,MULTISPECIES: DegT/DnrJ/EryC1/StrS family aminotransferase [Mediterraneibacter],Bin 9,2
WP_117890114.1,MULTISPECIES: hypothetical protein [Mediterraneibacter],Bin 9,2
WP_117890123.1,MULTISPECIES: nucleotidyltransferase domain-containing protein [Mediterraneibacter],Bin 9,2
WP_117890124.1,MULTISPECIES: DUF2828 family protein [Mediterraneibacter],Bin 9,2
WP_117890125.1,MULTISPECIES: hypothetical protein [Mediterraneibacter],Bin 9,2
WP_117890126.1,MULTISPECIES: RtcB family protein [Mediterraneibacter],Bin 9,2
WP_117890127.1,MULTISPECIES: WYL domain-containing protein [Mediterraneibacter],Bin 9,2
WP_117890233.1,MULTISPECIES: alpha-L-rhamnosidase [Mediterraneibacter],Bin 9,2
WP_117890234.1,MULTISPECIES: MFS transporter [Mediterraneibacter],Bin 9,2
WP_117890235.1,MULTISPECIES: glycoside hydrolase family 3 C-terminal domain-containing protein [Mediterraneibacter],Bin 9,2
WP_117890236.1,MULTISPECIES: helix-turn-helix domain-containing protein [Mediterraneibacter],Bin 9,2
WP_117890238.1,MULTISPECIES: GDSL-type esterase/lipase family protein [Mediterraneibacter],Bin 9,2
WP_117890284.1,MULTISPECIES: acyltransferase [Mediterraneibacter],Bin 9,2
WP_117890285.1,MULTISPECIES: CDP-glycerol glycerophosphotransferase family protein [Mediterraneibacter],Bin 9,2
WP_117890286.1,MULTISPECIES: lipopolysaccharide biosynthesis protein [Mediterraneibacter],Bin 9,2
WP_117890287.1,MULTISPECIES: hypothetical protein [Mediterraneibacter],Bin 9,2
WP_117890290.1,MULTISPECIES: glycosyltransferase family 4 protein [Mediterraneibacter],Bin 9,2
WP_117890291.1,MULTISPECIES: WecB/TagA/CpsF family glycosyltransferase [Mediterraneibacter],Bin 9,2
WP_117890293.1,MULTISPECIES: HAD-IIIA family hydrolase [Mediterraneibacter],Bin 9,2
WP_117890559.1,MULTISPECIES: ATP-binding protein [Mediterraneibacter],Bin 9,2
WP_117890869.1,MULTISPECIES: signal peptidase I [Clostridia],Bin 9,2
WP_117890870.1,MULTISPECIES: hypothetical protein [Mediterraneibacter],Bin 9,2
WP_117890871.1,MULTISPECIES: class B sortase [Mediterraneibacter],Bin 9,2
WP_117890872.1,MULTISPECIES: class B sortase [Mediterraneibacter],Bin 9,2
WP_117890889.1,helix-turn-helix domain-containing protein [[Ruminococcus] torques],Bin 9,2
WP_117890893.1,MULTISPECIES: site-specific tyrosine recombinase/integron integrase [Mediterraneibacter],Bin 9,2
WP_117891054.1,MULTISPECIES: tyrosine-type recombinase/integrase [Mediterraneibacter],Bin 9,2
WP_117891106.1,MULTISPECIES: SpaH/EbpB family LPXTG-anchored major pilin [Mediterraneibacter],Bin 9,2
WP_117891107.1,MULTISPECIES: pilin N-terminal domain-containing protein [Mediterraneibacter],Bin 9,2
WP_147342861.1,MULTISPECIES: acyltransferase [Mediterraneibacter],Bin 9,2
WP_147342866.1,MULTISPECIES: hypothetical protein [Mediterraneibacter],Bin 9,2
WP_181966612.1,MULTISPECIES: DNA gyrase subunit A [Mediterraneibacter],Bin 9,2
WP_181986641.1,MULTISPECIES: class C sortase [Mediterraneibacter],Bin 9,2
WP_226861300.1,MULTISPECIES: HAD family hydrolase [Mediterraneibacter],Bin 9,2
WP_243005337.1,MULTISPECIES: PF20097 family protein [Mediterraneibacter],Bin 9,2
WP_243132231.1,MULTISPECIES: WYL domain-containing protein [Mediterraneibacter],Bin 9,2
WP_243132242.1,MULTISPECIES: serine O-acetyltransferase [Mediterraneibacter],Bin 9,2
WP_243132248.1,MULTISPECIES: GGDEF domain-containing protein [Mediterraneibacter],Bin 9,2
WP_243132281.1,MULTISPECIES: hypothetical protein [Mediterraneibacter],Bin 9,2
WP_243441213.1,Rpn family recombination-promoting nuclease/putative transposase [[Ruminococcus] torques],Bin 9,2
WP_270364126.1,MULTISPECIES: potassium-transporting ATPase subunit C [Mediterraneibacter],Bin 9,2
WP_008374212.1,MULTISPECIES: TnpV protein [Bacillota],Bin 10,2
WP_008374214.1,MULTISPECIES: DUF6262 family protein [Bacillota],Bin 10,2
WP_008374249.1,MULTISPECIES: helix-turn-helix domain-containing protein [Bacillota],Bin 10,2
WP_008707461.1,MULTISPECIES: response regulator transcription factor [Bacillota],Bin 10,2
WP_008707470.1,MULTISPECIES: ABC transporter ATP-binding protein [Bacillota],Bin 10,2
WP_013976760.1,MULTISPECIES: helix-turn-helix domain-containing protein [Bacillota],Bin 10,2
WP_015521696.1,MULTISPECIES: hypothetical protein [Bacillota],Bin 10,2
WP_015521697.1,MULTISPECIES: ABC transporter ATP-binding protein [Bacillota],Bin 10,2
WP_022037030.1,MULTISPECIES: ABC transporter permease [Bacillota],Bin 10,2
WP_025580964.1,MULTISPECIES: HAMP domain-containing sensor histidine kinase [Bacillota],Bin 10,2
WP_025580965.1,MULTISPECIES: response regulator transcription factor [Bacillota],Bin 10,2
WP_044999283.1,MULTISPECIES: hypothetical protein [Bacteria],Bin 10,2
WP_054753043.1,MULTISPECIES: nucleoside phosphorylase [Mediterraneibacter],Bin 10,2
WP_054753524.1,MULTISPECIES: hypothetical protein [Mediterraneibacter],Bin 10,2
WP_054753526.1,MULTISPECIES: YccF domain-containing protein [Mediterraneibacter],Bin 10,2
WP_055057201.1,MULTISPECIES: hypothetical protein [Bacillota],Bin 10,2
WP_055066700.1,MULTISPECIES: sensor histidine kinase [Clostridia],Bin 10,2
WP_055145164.1,MULTISPECIES: helix-turn-helix domain-containing protein [Lachnospiraceae],Bin 10,2
WP_055145183.1,MULTISPECIES: hypothetical protein [Bacillati],Bin 10,2
WP_055145187.1,MULTISPECIES: recombinase family protein [Bacillota],Bin 10,2
WP_055145192.1,MULTISPECIES: hypothetical protein [Bacillota],Bin 10,2
WP_055145197.1,MULTISPECIES: hypothetical protein [Bacillota],Bin 10,2
WP_055145200.1,MULTISPECIES: DUF6551 family protein [Lachnospiraceae],Bin 10,2
WP_055145439.1,class I adenylate-forming enzyme family protein [[Ruminococcus] torques],Bin 10,2
WP_055146008.1,MULTISPECIES: L-rhamnose mutarotase [Mediterraneibacter],Bin 10,2
WP_055146011.1,MULTISPECIES: rhamnose ABC transporter substrate-binding protein [Mediterraneibacter],Bin 10,2
WP_055146014.1,MULTISPECIES: ABC transporter permease [Mediterraneibacter],Bin 10,2
WP_055146017.1,MULTISPECIES: ABC transporter permease [Mediterraneibacter],Bin 10,2
WP_055146020.1,MULTISPECIES: sugar ABC transporter ATP-binding protein [Mediterraneibacter],Bin 10,2
WP_055146023.1,MULTISPECIES: response regulator transcription factor [Mediterraneibacter],Bin 10,2
WP_055146026.1,MULTISPECIES: sensor histidine kinase [Mediterraneibacter],Bin 10,2
WP_055146374.1,MULTISPECIES: DUF58 domain-containing protein [Mediterraneibacter],Bin 10,2
WP_055146377.1,MULTISPECIES: AAA family ATPase [Mediterraneibacter],Bin 10,2
WP_055146559.1,MULTISPECIES: class C sortase [Mediterraneibacter],Bin 10,2
WP_055146912.1,ABC transporter permease [[Ruminococcus] torques],Bin 10,2
WP_055147228.1,amino acid adenylation domain-containing protein [[Ruminococcus] torques],Bin 10,2
WP_055147243.1,MULTISPECIES: FAD-dependent oxidoreductase [Mediterraneibacter],Bin 10,2
WP_055147246.1,MULTISPECIES: MerR family transcriptional regulator [Mediterraneibacter],Bin 10,2
WP_055148019.1,MULTISPECIES: ribokinase [Mediterraneibacter],Bin 10,2
WP_055148022.1,ABC transporter permease [[Ruminococcus] torques],Bin 10,2
WP_055148025.1,ABC transporter ATP-binding protein [[Ruminococcus] torques],Bin 10,2
WP_055148413.1,MULTISPECIES: hypothetical protein [Mediterraneibacter],Bin 10,2
WP_055148500.1,MULTISPECIES: metallophosphoesterase [Mediterraneibacter],Bin 10,2
WP_055148502.1,MULTISPECIES: hypothetical protein [Mediterraneibacter],Bin 10,2
WP_055148503.1,MULTISPECIES: 8-oxoguanine deaminase [Mediterraneibacter],Bin 10,2
WP_055148845.1,MULTISPECIES: CpXC domain-containing protein [Clostridia],Bin 10,2
WP_055148849.1,ParB/RepB/Spo0J family partition protein [[Ruminococcus] torques],Bin 10,2
WP_055148851.1,MULTISPECIES: ParB/RepB/Spo0J family partition protein [Lachnospiraceae],Bin 10,2
WP_055172365.1,MULTISPECIES: SpaA isopeptide-forming pilin-related protein [Mediterraneibacter],Bin 10,2
WP_070103771.1,hypothetical protein [[Ruminococcus] torques],Bin 10,2
WP_070103775.1,MULTISPECIES: class C sortase [Mediterraneibacter],Bin 10,2
WP_081016844.1,MULTISPECIES: transglutaminaseTgpA domain-containing protein [Mediterraneibacter],Bin 10,2
WP_155492252.1,MULTISPECIES: hypothetical protein [Mediterraneibacter],Bin 10,2
WP_195937051.1,MULTISPECIES: hypothetical protein [Mediterraneibacter],Bin 10,2
WP_195937052.1,MULTISPECIES: hypothetical protein [Mediterraneibacter],Bin 10,2
WP_207643079.1,hypothetical protein [[Ruminococcus] torques],Bin 10,2
WP_226865832.1,MULTISPECIES: ABC transporter permease [Mediterraneibacter],Bin 10,2
WP_242849348.1,MULTISPECIES: tyrosine-type recombinase/integrase [Lachnospiraceae],Bin 10,2
WP_242849362.1,hypothetical protein [[Ruminococcus] torques],Bin 10,2
WP_242857181.1,MULTISPECIES: hypothetical protein [Lachnospiraceae],Bin 10,2
WP_242863962.1,MULTISPECIES: LCP family protein [Mediterraneibacter],Bin 10,2
WP_015528463.1,MULTISPECIES: nitroreductase family protein [Clostridia],Bin 11,4
WP_015528464.1,MULTISPECIES: helix-turn-helix domain-containing protein [Clostridia],Bin 11,4
WP_015528465.1,MULTISPECIES: cupin domain-containing protein [Lachnospiraceae],Bin 11,4
WP_015528469.1,MULTISPECIES: LytR/AlgR family response regulator transcription factor [Clostridia],Bin 11,4
WP_015528470.1,MULTISPECIES: dicarboxylate/amino acid:cation symporter [Clostridia],Bin 11,4
WP_015528472.1,MULTISPECIES: 4'-phosphopantetheinyl transferase superfamily protein [Lachnospiraceae],Bin 11,4
WP_015528473.1,MULTISPECIES: AMP-binding protein [Clostridia],Bin 11,4
WP_015528476.1,MULTISPECIES: Gfo/Idh/MocA family oxidoreductase [Clostridia],Bin 11,4
WP_015528478.1,MULTISPECIES: helix-turn-helix transcriptional regulator [Clostridia],Bin 11,4
WP_015528480.1,MULTISPECIES: heavy-metal-associated domain-containing protein [Clostridia],Bin 11,4
WP_015528484.1,MULTISPECIES: MATE family efflux transporter [Clostridia],Bin 11,4
WP_015528485.1,MULTISPECIES: FeoA domain-containing protein [Clostridia],Bin 11,4
WP_015528486.1,MULTISPECIES: ferrous iron transport protein B [Clostridia],Bin 11,4
WP_015528487.1,MULTISPECIES: FeoB-associated Cys-rich membrane protein [Clostridia],Bin 11,4
WP_015528488.1,MULTISPECIES: AraC family transcriptional regulator [Clostridia],Bin 11,4
WP_015528491.1,MULTISPECIES: cyclic lactone autoinducer peptide [Bacillota],Bin 11,4
WP_015528492.1,MULTISPECIES: accessory gene regulator ArgB-like protein [Bacillota],Bin 11,4
WP_015528493.1,MULTISPECIES: hypothetical protein [Clostridia],Bin 11,4
WP_015528848.1,MULTISPECIES: BCCT family transporter [Mediterraneibacter],Bin 11,4
WP_015529038.1,hypothetical protein [[Ruminococcus] torques],Bin 11,4
WP_055039887.1,MULTISPECIES: LytTR family DNA-binding domain-containing protein [Clostridia],Bin 11,4
WP_055039891.1,MULTISPECIES: metal-sensing transcriptional repressor [Clostridia],Bin 11,4
WP_055039892.1,MULTISPECIES: heavy metal translocating P-type ATPase [Clostridia],Bin 11,4
WP_055039893.1,MULTISPECIES: helix-turn-helix transcriptional regulator [Clostridia],Bin 11,4
WP_092073430.1,MULTISPECIES: Cof-type HAD-IIB family hydrolase [Lachnospiraceae],Bin 11,4
WP_109273668.1,MULTISPECIES: thioesterase II family protein [Lachnospiraceae],Bin 11,4
WP_109273673.1,MULTISPECIES: radical SAM protein [Clostridia],Bin 11,4
WP_109273678.1,MULTISPECIES: ATP-binding protein [Lachnospiraceae],Bin 11,4
WP_117498652.1,MULTISPECIES: hypothetical protein [Mediterraneibacter],Bin 11,4
WP_117541810.1,MULTISPECIES: Uma2 family endonuclease [Mediterraneibacter],Bin 11,4
WP_117542644.1,MULTISPECIES: type II toxin-antitoxin system HicA family toxin [Mediterraneibacter],Bin 11,4
WP_117568170.1,MULTISPECIES: RNA polymerase sigma factor [Mediterraneibacter],Bin 11,4
WP_117569038.1,MULTISPECIES: MurR/RpiR family transcriptional regulator [Mediterraneibacter],Bin 11,4
WP_117804417.1,MULTISPECIES: non-ribosomal peptide synthetase [Lachnospiraceae],Bin 11,4
WP_117804418.1,MULTISPECIES: non-ribosomal peptide synthetase [Lachnospiraceae],Bin 11,4
WP_117804419.1,MULTISPECIES: hypothetical protein [Lachnospiraceae],Bin 11,4
WP_117805351.1,MULTISPECIES: ABC transporter ATP-binding protein [Lachnospiraceae],Bin 11,4
WP_117861228.1,MULTISPECIES: ABC transporter permease subunit [Mediterraneibacter],Bin 11,4
WP_117861368.1,MULTISPECIES: kinase [Mediterraneibacter],Bin 11,4
WP_117890027.1,MULTISPECIES: dTDP-glucose 4 6-dehydratase [Mediterraneibacter],Bin 11,4
WP_117890044.1,MULTISPECIES: hypothetical protein [Mediterraneibacter],Bin 11,4
WP_117890099.1,MULTISPECIES: NCS2 family permease [Mediterraneibacter],Bin 11,4
WP_117890431.1,MULTISPECIES: phosphotransferase [Mediterraneibacter],Bin 11,4
WP_117890432.1,MULTISPECIES: NTP transferase domain-containing protein [Mediterraneibacter],Bin 11,4
WP_117890648.1,MULTISPECIES: ABC transporter ATP-binding protein [Mediterraneibacter],Bin 11,4
WP_117890649.1,MULTISPECIES: hypothetical protein [Mediterraneibacter],Bin 11,4
WP_117890814.1,MULTISPECIES: DNA methylase [Mediterraneibacter],Bin 11,4
WP_117890940.1,MULTISPECIES: helix-turn-helix domain-containing protein [Mediterraneibacter],Bin 11,4
WP_117890943.1,MULTISPECIES: PTS transporter subunit EIIC [Mediterraneibacter],Bin 11,4
WP_117890944.1,MULTISPECIES: glycosyl hydrolase family 95 catalytic domain-containing protein [Mediterraneibacter],Bin 11,4
WP_117890963.1,MULTISPECIES: hypothetical protein [Mediterraneibacter],Bin 11,4
WP_117890964.1,MULTISPECIES: type II toxin-antitoxin system HicB family antitoxin [Mediterraneibacter],Bin 11,4
WP_117891096.1,MULTISPECIES: DUF4179 domain-containing protein [Mediterraneibacter],Bin 11,4
WP_118113823.1,MULTISPECIES: SdpI family protein [Mediterraneibacter],Bin 11,4
WP_155203109.1,MULTISPECIES: hypothetical protein [Lachnospiraceae],Bin 11,4
WP_181974474.1,ABC transporter [[Ruminococcus] torques],Bin 11,4
WP_181974484.1,MULTISPECIES: SufD family Fe-S cluster assembly protein [Lachnospiraceae],Bin 11,4
WP_181986590.1,MULTISPECIES: radical SAM protein [Lachnospiraceae],Bin 11,4
WP_181986623.1,MULTISPECIES: metallophosphoesterase [Mediterraneibacter],Bin 11,4
WP_207646721.1,MULTISPECIES: maltose acetyltransferase domain-containing protein [Lachnospiraceae],Bin 11,4
WP_004845176.1,hypothetical protein [[Ruminococcus] torques],Bin 12,4
WP_004846167.1,MULTISPECIES: DUF6431 domain-containing protein [Lachnospiraceae],Bin 12,4
WP_004846238.1,MULTISPECIES: hypothetical protein [Lachnospiraceae],Bin 12,4
WP_004846246.1,MULTISPECIES: hypothetical protein [Lachnospiraceae],Bin 12,4
WP_004846249.1,MULTISPECIES: hypothetical protein [Lachnospiraceae],Bin 12,4
WP_004846250.1,MULTISPECIES: hypothetical protein [Lachnospiraceae],Bin 12,4
WP_004846256.1,MULTISPECIES: DUF3310 domain-containing protein [Lachnospiraceae],Bin 12,4
WP_004846259.1,MULTISPECIES: hypothetical protein [Lachnospiraceae],Bin 12,4
WP_004846264.1,DUF5906 domain-containing protein [[Ruminococcus] torques],Bin 12,4
WP_004846967.1,MULTISPECIES: hypothetical protein [Lachnospiraceae],Bin 12,4
WP_004846969.1,MULTISPECIES: phage holin family protein [Lachnospiraceae],Bin 12,4
WP_004846970.1,MULTISPECIES: hypothetical protein [Lachnospiraceae],Bin 12,4
WP_004846974.1,MULTISPECIES: hypothetical protein [Lachnospiraceae],Bin 12,4
WP_004846985.1,MULTISPECIES: hypothetical protein [Lachnospiraceae],Bin 12,4
WP_004846987.1,MULTISPECIES: hypothetical protein [Lachnospiraceae],Bin 12,4
WP_004846988.1,MULTISPECIES: DUF7253 family protein [Lachnospiraceae],Bin 12,4
WP_004847004.1,MULTISPECIES: DUF2800 domain-containing protein [Lachnospiraceae],Bin 12,4
WP_004847005.1,MULTISPECIES: hypothetical protein [Lachnospiraceae],Bin 12,4
WP_004847017.1,hypothetical protein [[Ruminococcus] torques],Bin 12,4
WP_004847024.1,MULTISPECIES: hypothetical protein [Lachnospiraceae],Bin 12,4
WP_007868901.1,MULTISPECIES: hypothetical protein [Lachnospiraceae],Bin 12,4
WP_009320503.1,tyrosine-type recombinase/integrase [[Ruminococcus] torques],Bin 12,4
WP_009320510.1,MULTISPECIES: hypothetical protein [Lachnospiraceae],Bin 12,4
WP_009320517.1,hypothetical protein [[Ruminococcus] torques],Bin 12,4
WP_009320524.1,DUF6273 domain-containing protein [[Ruminococcus] torques],Bin 12,4
WP_009320526.1,MULTISPECIES: hypothetical protein [Lachnospiraceae],Bin 12,4
WP_009320529.1,hypothetical protein [[Ruminococcus] torques],Bin 12,4
WP_009320537.1,hypothetical protein [[Ruminococcus] torques],Bin 12,4
WP_009320540.1,MULTISPECIES: hypothetical protein [Lachnospiraceae],Bin 12,4
WP_009320542.1,hypothetical protein [[Ruminococcus] torques],Bin 12,4
WP_009320547.1,N-6 DNA methylase [[Ruminococcus] torques],Bin 12,4
WP_009320549.1,DEAD/DEAH box helicase family protein [[Ruminococcus] torques],Bin 12,4
WP_009320559.1,MULTISPECIES: hypothetical protein [Lachnospiraceae],Bin 12,4
WP_009320562.1,MULTISPECIES: hypothetical protein [Lachnospiraceae],Bin 12,4
WP_009320564.1,hypothetical protein [[Ruminococcus] torques],Bin 12,4
WP_009320567.1,helix-turn-helix transcriptional regulator [[Ruminococcus] torques],Bin 12,4
WP_009320568.1,MULTISPECIES: hypothetical protein [Lachnospiraceae],Bin 12,4
WP_009320575.1,GH25 family lysozyme [[Ruminococcus] torques],Bin 12,4
WP_009320577.1,tape measure protein [[Ruminococcus] torques],Bin 12,4
WP_009320578.1,phage distal tail protein [[Ruminococcus] torques],Bin 12,4
WP_009320580.1,hypothetical protein [[Ruminococcus] torques],Bin 12,4
WP_009320582.1,reverse transcriptase domain-containing protein [[Ruminococcus] torques],Bin 12,4
WP_044929584.1,MULTISPECIES: hypothetical protein [Lachnospiraceae],Bin 12,4
WP_044929587.1,MULTISPECIES: hypothetical protein [Lachnospiraceae],Bin 12,4
WP_044998028.1,cell wall hydrolase [[Ruminococcus] torques],Bin 12,4
WP_129794698.1,hypothetical protein [[Ruminococcus] torques],Bin 12,4
WP_129794700.1,DUF6906 family protein [[Ruminococcus] torques],Bin 12,4
WP_162776432.1,hypothetical protein [[Ruminococcus] torques],Bin 12,4
WP_177533831.1,hypothetical protein [[Ruminococcus] torques],Bin 12,4
WP_227182376.1,hypothetical protein [[Ruminococcus] torques],Bin 12,4
WP_227190517.1,MULTISPECIES: hypothetical protein [Lachnospiraceae],Bin 12,4
WP_270188194.1,hypothetical protein [[Ruminococcus] torques],Bin 12,4
WP_270188198.1,hypothetical protein [[Ruminococcus] torques],Bin 12,4
WP_270188283.1,DUF6353 family protein [[Ruminococcus] torques],Bin 12,4
WP_270620945.1,hypothetical protein [[Ruminococcus] torques],Bin 12,4
WP_270620947.1,DUF6353 family protein [[Ruminococcus] torques],Bin 12,4
WP_270620952.1,hypothetical protein [[Ruminococcus] torques],Bin 12,4
WP_270620953.1,siphovirus ReqiPepy6 Gp37-like family protein [[Ruminococcus] torques],Bin 12,4
WP_412208558.1,DUF5662 family protein [[Ruminococcus] torques],Bin 12,4
WP_004614154.1,MULTISPECIES: GntR family transcriptional regulator [Mediterraneibacter],Bin 13,2
WP_020436943.1,MULTISPECIES: DUF1848 domain-containing protein [Mediterraneibacter],Bin 13,2
WP_026649394.1,MULTISPECIES: hypothetical protein [Lachnospiraceae],Bin 13,2
WP_028088187.1,MULTISPECIES: response regulator transcription factor [Lachnospiraceae],Bin 13,2
WP_055055120.1,MULTISPECIES: response regulator transcription factor [Lachnospiraceae],Bin 13,2
WP_055055122.1,MULTISPECIES: ABC transporter ATP-binding protein [Lachnospiraceae],Bin 13,2
WP_055156395.1,MULTISPECIES: DUF6664 family protein [Clostridia],Bin 13,2
WP_055156409.1,MULTISPECIES: hypothetical protein [Lachnospiraceae],Bin 13,2
WP_055156818.1,YhgE/Pip domain-containing protein [[Ruminococcus] torques],Bin 13,2
WP_055157286.1,MULTISPECIES: hypothetical protein [Mediterraneibacter],Bin 13,2
WP_055157288.1,MULTISPECIES: SGNH/GDSL hydrolase family protein [Mediterraneibacter],Bin 13,2
WP_055157525.1,MULTISPECIES: helix-turn-helix transcriptional regulator [Clostridia],Bin 13,2
WP_055157527.1,MULTISPECIES: helix-turn-helix domain-containing protein [Clostridia],Bin 13,2
WP_055157529.1,MULTISPECIES: response regulator transcription factor [Clostridia],Bin 13,2
WP_055157531.1,MULTISPECIES: sensor histidine kinase [Clostridia],Bin 13,2
WP_055157533.1,MULTISPECIES: ABC transporter ATP-binding protein [Clostridia],Bin 13,2
WP_055157535.1,MULTISPECIES: ABC transporter permease [Clostridia],Bin 13,2
WP_055157537.1,MULTISPECIES: cysteine-rich KTR domain-containing protein [Bacteria],Bin 13,2
WP_055157539.1,MULTISPECIES: RNA polymerase sigma factor [Clostridia],Bin 13,2
WP_055157542.1,MULTISPECIES: helix-turn-helix domain-containing protein [Bacteria],Bin 13,2
WP_055157972.1,MULTISPECIES: helix-turn-helix domain-containing protein [Mediterraneibacter],Bin 13,2
WP_055157974.1,MULTISPECIES: glycoside hydrolase family 2 TIM barrel-domain containing protein [Mediterraneibacter],Bin 13,2
WP_055157980.1,4Fe-4S binding protein [[Ruminococcus] torques],Bin 13,2
WP_055157982.1,MULTISPECIES: radical SAM/SPASM domain protein  ACGX system [Mediterraneibacter],Bin 13,2
WP_055157986.1,MULTISPECIES: winged helix-turn-helix transcriptional regulator [Mediterraneibacter],Bin 13,2
WP_055158004.1,MULTISPECIES: hypothetical protein [Mediterraneibacter],Bin 13,2
WP_055158150.1,MULTISPECIES: helix-turn-helix domain-containing protein [Mediterraneibacter],Bin 13,2
WP_055158152.1,MULTISPECIES: hypothetical protein [Mediterraneibacter],Bin 13,2
WP_055158191.1,MULTISPECIES: IS66 family insertion sequence element accessory protein TnpB [Bacillota],Bin 13,2
WP_055158193.1,MULTISPECIES: GntR family transcriptional regulator [Mediterraneibacter],Bin 13,2
WP_055158198.1,MULTISPECIES: ABC transporter substrate-binding protein [Mediterraneibacter],Bin 13,2
WP_055158423.1,MULTISPECIES: ATP-binding cassette domain-containing protein [Bacillota],Bin 13,2
WP_055158425.1,MULTISPECIES: hypothetical protein [Mediterraneibacter],Bin 13,2
WP_055158427.1,MULTISPECIES: hypothetical protein [Bacillota],Bin 13,2
WP_055158433.1,MULTISPECIES: sensor histidine kinase [Lachnospiraceae],Bin 13,2
WP_055158435.1,MULTISPECIES: ABC transporter ATP-binding protein [Lachnospiraceae],Bin 13,2
WP_055158437.1,MULTISPECIES: ABC transporter permease [Lachnospiraceae],Bin 13,2
WP_055158574.1,MULTISPECIES: DUF4367 domain-containing protein [Mediterraneibacter],Bin 13,2
WP_055158600.1,MULTISPECIES: hypothetical protein [Mediterraneibacter],Bin 13,2
WP_055158602.1,MULTISPECIES: class I SAM-dependent methyltransferase [Mediterraneibacter],Bin 13,2
WP_055171466.1,MULTISPECIES: ketopantoate reductase family protein [Mediterraneibacter],Bin 13,2
WP_055171469.1,MULTISPECIES: hypothetical protein [Mediterraneibacter],Bin 13,2
WP_055171605.1,hypothetical protein [[Ruminococcus] torques],Bin 13,2
WP_055171800.1,MULTISPECIES: YjdF family protein [Mediterraneibacter],Bin 13,2
WP_055172388.1,MULTISPECIES: autorepressor SdpR family transcription factor [Bacillota],Bin 13,2
WP_055173585.1,hypothetical protein [[Ruminococcus] torques],Bin 13,2
WP_064773983.1,MULTISPECIES: LytR/AlgR family response regulator transcription factor [Mediterraneibacter],Bin 13,2
WP_194205068.1,MULTISPECIES: hypothetical protein [Mediterraneibacter],Bin 13,2
WP_207643073.1,hypothetical protein [[Ruminococcus] torques],Bin 13,2
WP_233447195.1,MULTISPECIES: IS66 family insertion sequence element accessory protein TnpA [Mediterraneibacter],Bin 13,2
WP_242864007.1,MULTISPECIES: helix-turn-helix domain-containing protein [Mediterraneibacter],Bin 13,2
WP_242864014.1,hypothetical protein [[Ruminococcus] torques],Bin 13,2
WP_319017066.1,MULTISPECIES: DUF5412 family protein [Mediterraneibacter],Bin 13,2
WP_004843272.1,MULTISPECIES: hypothetical protein [Clostridia],Bin 14,2
WP_004843274.1,MULTISPECIES: HNH endonuclease [Clostridia],Bin 14,2
WP_004845623.1,hypothetical protein [[Ruminococcus] torques],Bin 14,2
WP_004845624.1,hypothetical protein [[Ruminococcus] torques],Bin 14,2
WP_004845631.1,MULTISPECIES: DUF4406 domain-containing protein [Lachnospiraceae],Bin 14,2
WP_004845632.1,hypothetical protein [[Ruminococcus] torques],Bin 14,2
WP_004845633.1,hypothetical protein [[Ruminococcus] torques],Bin 14,2
WP_004845634.1,DUF2800 domain-containing protein [[Ruminococcus] torques],Bin 14,2
WP_004845635.1,DUF2815 family protein [[Ruminococcus] torques],Bin 14,2
WP_004845636.1,hypothetical protein [[Ruminococcus] torques],Bin 14,2
WP_004845637.1,DNA polymerase [[Ruminococcus] torques],Bin 14,2
WP_004845638.1,virulence-associated E family protein [[Ruminococcus] torques],Bin 14,2
WP_004845640.1,SNF2-related protein [[Ruminococcus] torques],Bin 14,2
WP_004845641.1,hypothetical protein [[Ruminococcus] torques],Bin 14,2
WP_004845642.1,MULTISPECIES: type II toxin-antitoxin system PemK/MazF family toxin [Lachnospiraceae],Bin 14,2
WP_004845646.1,DNA cytosine methyltransferase [[Ruminococcus] torques],Bin 14,2
WP_004845650.1,MULTISPECIES: gamma-glutamylcyclotransferase family protein [Mediterraneibacter],Bin 14,2
WP_004845654.1,MULTISPECIES: head maturation protease  ClpP-related [Lachnospiraceae],Bin 14,2
WP_004845655.1,MULTISPECIES: phage major capsid protein [Lachnospiraceae],Bin 14,2
WP_004845656.1,MULTISPECIES: head-tail connector protein [Lachnospiraceae],Bin 14,2
WP_004845657.1,MULTISPECIES: phage head closure protein [Lachnospiraceae],Bin 14,2
WP_004845659.1,MULTISPECIES: HK97 gp10 family phage protein [Lachnospiraceae],Bin 14,2
WP_004845660.1,MULTISPECIES: hypothetical protein [Clostridia],Bin 14,2
WP_004845661.1,MULTISPECIES: major tail protein [Clostridia],Bin 14,2
WP_004845662.1,MULTISPECIES: hypothetical protein [Lachnospiraceae],Bin 14,2
WP_004845663.1,MULTISPECIES: hypothetical protein [Lachnospiraceae],Bin 14,2
WP_004845664.1,MULTISPECIES: hypothetical protein [Lachnospiraceae],Bin 14,2
WP_004845665.1,hypothetical protein [[Ruminococcus] torques],Bin 14,2
WP_004845667.1,MULTISPECIES: hypothetical protein [Lachnospiraceae],Bin 14,2
WP_004845668.1,MULTISPECIES: phage tail spike protein [Lachnospiraceae],Bin 14,2
WP_004845672.1,MULTISPECIES: phage baseplate protein [Lachnospiraceae],Bin 14,2
WP_004845674.1,glucosaminidase domain-containing protein [[Ruminococcus] torques],Bin 14,2
WP_004845681.1,hypothetical protein [[Ruminococcus] torques],Bin 14,2
WP_004847528.1,CAT RNA binding domain-containing protein [[Ruminococcus] torques],Bin 14,2
WP_008117754.1,MULTISPECIES: DUF4314 domain-containing protein [Clostridia],Bin 14,2
WP_021943358.1,MULTISPECIES: HTH domain-containing protein [Clostridia],Bin 14,2
WP_044997918.1,VRR-NUC domain-containing protein [[Ruminococcus] torques],Bin 14,2
WP_044997922.1,MULTISPECIES: amidoligase family protein [Mediterraneibacter],Bin 14,2
WP_044997923.1,MULTISPECIES: hypothetical protein [Mediterraneibacter],Bin 14,2
WP_044997926.1,phage tail tape measure protein [[Ruminococcus] torques],Bin 14,2
WP_044997927.1,MULTISPECIES: hypothetical protein [Clostridia],Bin 14,2
WP_044997928.1,MULTISPECIES: hypothetical protein [Clostridia],Bin 14,2
WP_044997959.1,MULTISPECIES: helix-turn-helix domain-containing protein [Clostridia],Bin 14,2
WP_055291112.1,MULTISPECIES: SymE family type I addiction module toxin [Clostridia],Bin 14,2
WP_055297929.1,MULTISPECIES: phage portal protein [Lachnospiraceae],Bin 14,2
WP_227076974.1,MULTISPECIES: helix-turn-helix domain-containing protein [Lachnospiraceae],Bin 14,2
WP_227076976.1,MULTISPECIES: recombinase family protein [Lachnospiraceae],Bin 14,2
WP_227076980.1,MULTISPECIES: recombinase family protein [Lachnospiraceae],Bin 14,2
WP_242647676.1,ImmA/IrrE family metallo-endopeptidase [[Ruminococcus] torques],Bin 14,2
WP_242647678.1,hypothetical protein [[Ruminococcus] torques],Bin 14,2
WP_330651948.1,MULTISPECIES: DUF6551 family protein [Lachnospiraceae],Bin 14,2
WP_337461307.1,MULTISPECIES: hypothetical protein [Lachnospiraceae],Bin 14,2
WP_002594682.1,MULTISPECIES: DUF6075 family protein [Bacteria],Bin 15,2
WP_006858428.1,MULTISPECIES: response regulator transcription factor [Bacillota],Bin 15,2
WP_014080783.1,MULTISPECIES: DUF3847 domain-containing protein [Lachnospiraceae],Bin 15,2
WP_015527830.1,ATP-binding protein [[Ruminococcus] torques],Bin 15,2
WP_015528529.1,MULTISPECIES: replication initiator protein A [Bacillota],Bin 15,2
WP_015528541.1,tetratricopeptide repeat protein [[Ruminococcus] torques],Bin 15,2
WP_015528543.1,recombinase family protein [[Ruminococcus] torques],Bin 15,2
WP_015529045.1,glycosyltransferase [[Ruminococcus] torques],Bin 15,2
WP_015529803.1,MULTISPECIES: hypothetical protein [Mediterraneibacter],Bin 15,2
WP_015530024.1,MULTISPECIES: hypothetical protein [Bacteria],Bin 15,2
WP_015530148.1,LysE family transporter [[Ruminococcus] torques],Bin 15,2
WP_015560111.1,MULTISPECIES: hypothetical protein [Clostridia],Bin 15,2
WP_020436278.1,MULTISPECIES: collagenase-like protease [Mediterraneibacter],Bin 15,2
WP_020436949.1,hypothetical protein [[Ruminococcus] torques],Bin 15,2
WP_020436950.1,MULTISPECIES: hypothetical protein [Mediterraneibacter],Bin 15,2
WP_020436954.1,MULTISPECIES: HAD domain-containing protein [Mediterraneibacter],Bin 15,2
WP_055152358.1,MULTISPECIES: helix-turn-helix domain-containing protein [Bacillota],Bin 15,2
WP_055156235.1,glycoside hydrolase family 25 protein [[Ruminococcus] torques],Bin 15,2
WP_055156254.1,phage tail tip lysozyme [[Ruminococcus] torques],Bin 15,2
WP_055156266.1,major tail protein [[Ruminococcus] torques],Bin 15,2
WP_055156273.1,MULTISPECIES: phage major capsid protein [Mediterraneibacter],Bin 15,2
WP_055156275.1,head maturation protease  ClpP-related [[Ruminococcus] torques],Bin 15,2
WP_055156279.1,terminase TerL endonuclease subunit [[Ruminococcus] torques],Bin 15,2
WP_055156281.1,MULTISPECIES: HNH endonuclease [Mediterraneibacter],Bin 15,2
WP_055156283.1,MULTISPECIES: DUF1492 domain-containing protein [Mediterraneibacter],Bin 15,2
WP_055156290.1,hypothetical protein [[Ruminococcus] torques],Bin 15,2
WP_055156305.1,rolling circle replication-associated protein [[Ruminococcus] torques],Bin 15,2
WP_055156307.1,hypothetical protein [[Ruminococcus] torques],Bin 15,2
WP_055156758.1,MULTISPECIES: hypothetical protein [Mediterraneibacter],Bin 15,2
WP_055156992.1,hypothetical protein [[Ruminococcus] torques],Bin 15,2
WP_055156994.1,lysozyme family protein [[Ruminococcus] torques],Bin 15,2
WP_055157000.1,VirB4-like conjugal transfer ATPase  CD1110 family [[Ruminococcus] torques],Bin 15,2
WP_055157002.1,MULTISPECIES: PrgI family protein [Clostridia],Bin 15,2
WP_055157010.1,hypothetical protein [[Ruminococcus] torques],Bin 15,2
WP_055157016.1,MULTISPECIES: plasmid mobilization protein [Clostridia],Bin 15,2
WP_055157029.1,ParB/RepB/Spo0J family partition protein [[Ruminococcus] torques],Bin 15,2
WP_055157031.1,MULTISPECIES: ParA family protein [Bacillota],Bin 15,2
WP_055157112.1,ATP-binding protein [[Ruminococcus] torques],Bin 15,2
WP_055157115.1,TnpV protein [[Ruminococcus] torques],Bin 15,2
WP_055157768.1,MULTISPECIES: ATP-binding protein [Mediterraneibacter],Bin 15,2
WP_055158112.1,MULTISPECIES: ABC transporter ATP-binding protein [Clostridia],Bin 15,2
WP_055158407.1,sensor histidine kinase [[Ruminococcus] torques],Bin 15,2
WP_070103489.1,hypothetical protein [[Ruminococcus] torques],Bin 15,2
WP_081019600.1,MULTISPECIES: cysteine-rich VLP domain-containing protein [Lachnospiraceae],Bin 15,2
WP_155203848.1,MULTISPECIES: hypothetical protein [Mediterraneibacter],Bin 15,2
WP_170962584.1,helix-turn-helix domain-containing protein [[Ruminococcus] torques],Bin 15,2
WP_170962585.1,MULTISPECIES: hypothetical protein [Mediterraneibacter],Bin 15,2
WP_208913318.1,hypothetical protein [[Ruminococcus] torques],Bin 15,2
WP_208913323.1,hypothetical protein [[Ruminococcus] torques],Bin 15,2
WP_208913324.1,phage tail tape measure protein [[Ruminococcus] torques],Bin 15,2
WP_208913338.1,PcfB family protein [[Ruminococcus] torques],Bin 15,2
WP_002578893.1,MULTISPECIES: GntR family transcriptional regulator [Terrabacteria group],Bin 16,3
WP_005344281.1,MULTISPECIES: sporulation initiation factor Spo0A C-terminal domain-containing protein [Bacillota],Bin 16,3
WP_005361189.1,MULTISPECIES: DUF6870 family protein [Bacillota],Bin 16,3
WP_012744263.1,MULTISPECIES: hypothetical protein [Bacillota],Bin 16,3
WP_015542934.1,MULTISPECIES: ABC-2 transporter permease [Terrabacteria group],Bin 16,3
WP_020436102.1,MULTISPECIES: transketolase [Mediterraneibacter],Bin 16,3
WP_020436105.1,MULTISPECIES: HIT family protein [Mediterraneibacter],Bin 16,3
WP_020436107.1,MULTISPECIES: TRAP transporter small permease [Mediterraneibacter],Bin 16,3
WP_020436109.1,MULTISPECIES: aldo/keto reductase [Mediterraneibacter],Bin 16,3
WP_020437114.1,MULTISPECIES: glycoside hydrolase family 1 protein [Mediterraneibacter],Bin 16,3
WP_020437115.1,MULTISPECIES: MurR/RpiR family transcriptional regulator [Mediterraneibacter],Bin 16,3
WP_020437116.1,MULTISPECIES: PTS transporter subunit EIIC [Mediterraneibacter],Bin 16,3
WP_020437117.1,MULTISPECIES: FAD-dependent oxidoreductase [Mediterraneibacter],Bin 16,3
WP_020437118.1,MULTISPECIES: ATP-binding protein [Mediterraneibacter],Bin 16,3
WP_020437120.1,MULTISPECIES: Nramp family divalent metal transporter [Mediterraneibacter],Bin 16,3
WP_020437242.1,MULTISPECIES: IS66 family insertion sequence element accessory protein TnpB [Mediterraneibacter],Bin 16,3
WP_025580950.1,MULTISPECIES: VanZ family protein [Terrabacteria group],Bin 16,3
WP_025580951.1,MULTISPECIES: hypothetical protein [Clostridia],Bin 16,3
WP_035403278.1,MULTISPECIES: ABC transporter ATP-binding protein [Bacillota],Bin 16,3
WP_054335623.1,MULTISPECIES: helix-turn-helix domain-containing protein [Clostridia],Bin 16,3
WP_055157380.1,MULTISPECIES: hypothetical protein [Mediterraneibacter],Bin 16,3
WP_055157388.1,MULTISPECIES: KilA-N domain-containing protein [Mediterraneibacter],Bin 16,3
WP_055157656.1,MULTISPECIES: hypothetical protein [Mediterraneibacter],Bin 16,3
WP_055157679.1,MULTISPECIES: L-arabinose isomerase [Mediterraneibacter],Bin 16,3
WP_055158181.1,MULTISPECIES: dihydrodipicolinate synthase family protein [Mediterraneibacter],Bin 16,3
WP_055158183.1,MULTISPECIES: sensor histidine kinase [Mediterraneibacter],Bin 16,3
WP_055158185.1,MULTISPECIES: ABC transporter permease [Mediterraneibacter],Bin 16,3
WP_055158187.1,MULTISPECIES: ABC transporter permease [Lachnospiraceae],Bin 16,3
WP_055158189.1,MULTISPECIES: response regulator transcription factor [Mediterraneibacter],Bin 16,3
WP_055158294.1,MULTISPECIES: 6-phospho-beta-glucosidase [Mediterraneibacter],Bin 16,3
WP_055158445.1,MULTISPECIES: DUF3791 domain-containing protein [Mediterraneibacter],Bin 16,3
WP_055158447.1,MULTISPECIES: DUF3990 domain-containing protein [Lachnospiraceae],Bin 16,3
WP_055158449.1,MULTISPECIES: hypothetical protein [Clostridia],Bin 16,3
WP_055158455.1,MULTISPECIES: RNA polymerase sigma factor [Mediterraneibacter],Bin 16,3
WP_055158457.1,MULTISPECIES: DUF4179 domain-containing protein [Mediterraneibacter],Bin 16,3
WP_055158592.1,MULTISPECIES: IS66 family transposase [Mediterraneibacter],Bin 16,3
WP_074021989.1,MULTISPECIES: cysteine-rich KTR domain-containing protein [Terrabacteria group],Bin 16,3
WP_117568368.1,MULTISPECIES: HpcH/HpaI aldolase/citrate lyase family protein [Mediterraneibacter],Bin 16,3
WP_117568369.1,MULTISPECIES: C-terminal binding protein [Mediterraneibacter],Bin 16,3
WP_117568370.1,MULTISPECIES: TRAP transporter large permease [Mediterraneibacter],Bin 16,3
WP_117568371.1,MULTISPECIES: TRAP transporter substrate-binding protein [Mediterraneibacter],Bin 16,3
WP_117568372.1,MULTISPECIES: GntR family transcriptional regulator [Mediterraneibacter],Bin 16,3
WP_173724898.1,MULTISPECIES: citrate/2-methylcitrate synthase [Mediterraneibacter],Bin 16,3
WP_173791098.1,MULTISPECIES: hypothetical protein [Lachnospiraceae],Bin 16,3
WP_181966558.1,MULTISPECIES: transketolase family protein [Mediterraneibacter],Bin 16,3
WP_181966559.1,MULTISPECIES: sugar phosphate isomerase/epimerase [Mediterraneibacter],Bin 16,3
WP_226875726.1,MULTISPECIES: sensor histidine kinase [Mediterraneibacter],Bin 16,3
WP_274422797.1,MULTISPECIES: ABC transporter ATP-binding protein [Lachnospiraceae],Bin 16,3
WP_055297212.1,PcfB family protein [[Ruminococcus] torques],Bin 17,2
WP_055297214.1,hypothetical protein [[Ruminococcus] torques],Bin 17,2
WP_055297218.1,sigma-70 family RNA polymerase sigma factor [[Ruminococcus] torques],Bin 17,2
WP_055297220.1,hypothetical protein [[Ruminococcus] torques],Bin 17,2
WP_055297224.1,helix-turn-helix domain-containing protein [[Ruminococcus] torques],Bin 17,2
WP_055297226.1,CpXC domain-containing protein [[Ruminococcus] torques],Bin 17,2
WP_055297230.1,VOC family protein [[Ruminococcus] torques],Bin 17,2
WP_055297232.1,DUF1349 domain-containing protein [[Ruminococcus] torques],Bin 17,2
WP_055297234.1,IS91 family transposase [[Ruminococcus] torques],Bin 17,2
WP_055297237.1,hypothetical protein [[Ruminococcus] torques],Bin 17,2
WP_055297239.1,hypothetical protein [[Ruminococcus] torques],Bin 17,2
WP_055297241.1,ParB/RepB/Spo0J family partition protein [[Ruminococcus] torques],Bin 17,2
WP_055297255.1,SpaA isopeptide-forming pilin-related protein [[Ruminococcus] torques],Bin 17,2
WP_055297257.1,hypothetical protein [[Ruminococcus] torques],Bin 17,2
WP_055297693.1,hypothetical protein [[Ruminococcus] torques],Bin 17,2
WP_055297701.1,hypothetical protein [[Ruminococcus] torques],Bin 17,2
WP_055297702.1,cysteine desulfurase family protein [[Ruminococcus] torques],Bin 17,2
WP_055297703.1,DNA sulfur modification protein DndE [[Ruminococcus] torques],Bin 17,2
WP_055297705.1,GNAT family N-acetyltransferase [[Ruminococcus] torques],Bin 17,2
WP_055297706.1,DUF4316 domain-containing protein [[Ruminococcus] torques],Bin 17,2
WP_055297707.1,transposon-transfer assisting family protein [[Ruminococcus] torques],Bin 17,2
WP_055297708.1,YodL domain-containing protein [[Ruminococcus] torques],Bin 17,2
WP_055297709.1,DNA topoisomerase 3 [[Ruminococcus] torques],Bin 17,2
WP_055297710.1,CD1107 family mobile element protein [[Ruminococcus] torques],Bin 17,2
WP_055297711.1,CD1108 family mobile element protein [[Ruminococcus] torques],Bin 17,2
WP_055297712.1,hypothetical protein [[Ruminococcus] torques],Bin 17,2
WP_055297715.1,DUF4315 family protein [[Ruminococcus] torques],Bin 17,2
WP_055297723.1,hypothetical protein [[Ruminococcus] torques],Bin 17,2
WP_055297725.1,PrgI family protein [[Ruminococcus] torques],Bin 17,2
WP_155236665.1,DNA sulfur modification protein DndD [[Ruminococcus] torques],Bin 17,2
WP_155236666.1,DNA phosphorothioation system sulfurtransferase DndC [[Ruminococcus] torques],Bin 17,2
WP_155236667.1,DNA sulfur modification protein DndB [[Ruminococcus] torques],Bin 17,2
WP_155236668.1,hypothetical protein [[Ruminococcus] torques],Bin 17,2
WP_155236669.1,hypothetical protein [[Ruminococcus] torques],Bin 17,2
WP_155236670.1,hypothetical protein [[Ruminococcus] torques],Bin 17,2
WP_155236672.1,DNA-directed RNA polymerase subunit alpha C-terminal domain-containing protein [[Ruminococcus] torques],Bin 17,2
WP_155236673.1,3'-5' exonuclease [[Ruminococcus] torques],Bin 17,2
WP_155236674.1,HIRAN domain-containing protein [[Ruminococcus] torques],Bin 17,2
WP_155236676.1,hypothetical protein [[Ruminococcus] torques],Bin 17,2
WP_155236680.1,MerR family transcriptional regulator [[Ruminococcus] torques],Bin 17,2
WP_155236682.1,VirB4-like conjugal transfer ATPase  CD1110 family [[Ruminococcus] torques],Bin 17,2
WP_155236687.1,DNA repair protein [[Ruminococcus] torques],Bin 17,2
WP_242859509.1,DUF5688 family protein [[Ruminococcus] torques],Bin 17,2
WP_330583968.1,WYL domain-containing protein [[Ruminococcus] torques],Bin 17,2
WP_412226174.1,VirB6/TrbL-like conjugal transfer protein  CD1112 family [[Ruminococcus] torques],Bin 17,2
WP_412226180.1,tyrosine-type recombinase/integrase [[Ruminococcus] torques],Bin 17,2
WP_004844932.1,MULTISPECIES: polyprenyl synthetase family protein [Mediterraneibacter],Bin 18,21
WP_004844933.1,MULTISPECIES: 1-deoxy-D-xylulose-5-phosphate synthase [Mediterraneibacter],Bin 18,21
WP_004844943.1,MULTISPECIES: vitamin B12 dependent-methionine synthase activation domain-containing protein [Mediterraneibacter],Bin 18,21
WP_004845014.1,MULTISPECIES: SMC-Scp complex subunit ScpB [Mediterraneibacter],Bin 18,21
WP_004845070.1,MULTISPECIES: ATP-dependent DNA helicase RecG [Mediterraneibacter],Bin 18,21
WP_004845077.1,MULTISPECIES: UPF0175 family protein [Mediterraneibacter],Bin 18,21
WP_004845231.1,MULTISPECIES: DUF1294 domain-containing protein [Mediterraneibacter],Bin 18,21
WP_004845554.1,MULTISPECIES: endopeptidase La [Mediterraneibacter],Bin 18,21
WP_004845796.1,MULTISPECIES: substrate-binding domain-containing protein [Mediterraneibacter],Bin 18,21
WP_004845820.1,MULTISPECIES: phenylacetate--CoA ligase family protein [Mediterraneibacter],Bin 18,21
WP_004846429.1,MULTISPECIES: peptidylprolyl isomerase [Mediterraneibacter],Bin 18,21
WP_004846441.1,MULTISPECIES: substrate-binding domain-containing protein [Mediterraneibacter],Bin 18,21
WP_004847532.1,MULTISPECIES: copper homeostasis protein CutC [Mediterraneibacter],Bin 18,21
WP_004847533.1,MULTISPECIES: glucosamine-6-phosphate deaminase [Mediterraneibacter],Bin 18,21
WP_004847536.1,MULTISPECIES: energy-coupling factor transporter transmembrane component T family protein [Mediterraneibacter],Bin 18,21
WP_004847541.1,MULTISPECIES: DnaJ C-terminal domain-containing protein [Mediterraneibacter],Bin 18,21
WP_004848052.1,MULTISPECIES: ABC transporter ATP-binding protein [Mediterraneibacter],Bin 18,21
WP_009242161.1,MULTISPECIES: SpoIIIAH-like family protein [Mediterraneibacter],Bin 18,21
WP_009242165.1,MULTISPECIES: stage III sporulation protein AB [Mediterraneibacter],Bin 18,21
WP_009242243.1,MULTISPECIES: ABC transporter ATP-binding protein [Mediterraneibacter],Bin 18,21
WP_009242276.1,MULTISPECIES: iron-containing alcohol dehydrogenase [Mediterraneibacter],Bin 18,21
WP_009242554.1,MULTISPECIES: ATP-dependent helicase [Mediterraneibacter],Bin 18,21
WP_009242585.1,MULTISPECIES: sodium-dependent transporter [Mediterraneibacter],Bin 18,21
WP_009242632.1,MULTISPECIES: lysylphosphatidylglycerol synthase transmembrane domain-containing protein [Mediterraneibacter],Bin 18,21
WP_009242698.1,MULTISPECIES: OadG family transporter subunit [Mediterraneibacter],Bin 18,21
WP_009243103.1,[FeFe] hydrogenase H-cluster maturation GTPase HydF [[Ruminococcus] torques],Bin 18,21
WP_009243388.1,MULTISPECIES: hypothetical protein [Mediterraneibacter],Bin 18,21
WP_009243418.1,MULTISPECIES: DUF3793 family protein [Mediterraneibacter],Bin 18,21
WP_044929385.1,MULTISPECIES: NADH-quinone oxidoreductase subunit NuoF [Mediterraneibacter],Bin 18,21
WP_118188650.1,AAA family ATPase [[Ruminococcus] torques],Bin 18,21
WP_129794729.1,tRNA pseudouridine(38-40) synthase TruA [[Ruminococcus] torques],Bin 18,21
WP_129794730.1,MULTISPECIES: YitT family protein [Mediterraneibacter],Bin 18,21
WP_155236700.1,MULTISPECIES: penicillin-binding transpeptidase domain-containing protein [Mediterraneibacter],Bin 18,21
WP_227077302.1,sugar kinase [[Ruminococcus] torques],Bin 18,21
WP_278604213.1,LCP family protein [[Ruminococcus] torques],Bin 18,21
WP_303145383.1,glucosaminidase domain-containing protein [[Ruminococcus] torques],Bin 18,21
WP_306542344.1,GTP 3' 8-cyclase MoaA [[Ruminococcus] torques],Bin 18,21
WP_412208204.1,anthranilate synthase component I [[Ruminococcus] torques],Bin 18,21
WP_004846559.1,MULTISPECIES: glycosyltransferase family 2 protein [Mediterraneibacter],Bin 18,20
WP_004846560.1,MULTISPECIES: DUF6020 family protein [Mediterraneibacter],Bin 18,20
WP_004846594.1,MULTISPECIES: hypothetical protein [Mediterraneibacter],Bin 18,20
WP_009242823.1,MULTISPECIES: HPr family phosphocarrier protein [Mediterraneibacter],Bin 18,20
WP_009320760.1,MULTISPECIES: YbbR-like domain-containing protein [Mediterraneibacter],Bin 18,20
WP_227182371.1,MULTISPECIES: double zinc ribbon domain-containing protein [Mediterraneibacter],Bin 18,20
WP_015528624.1,MULTISPECIES: aldo/keto reductase [Mediterraneibacter],Bin 19,5
WP_015529948.1,MULTISPECIES: MBL fold metallo-hydrolase [Mediterraneibacter],Bin 19,5
WP_020436279.1,MULTISPECIES: hypothetical protein [Mediterraneibacter],Bin 19,5
WP_020436295.1,MULTISPECIES: SIR2 family NAD-dependent protein deacylase [Mediterraneibacter],Bin 19,5
WP_020436438.1,MULTISPECIES: metallophosphoesterase [Mediterraneibacter],Bin 19,5
WP_020436725.1,MULTISPECIES: galactokinase [Mediterraneibacter],Bin 19,5
WP_020437057.1,MULTISPECIES: TetR/AcrR family transcriptional regulator [Mediterraneibacter],Bin 19,5
WP_020437135.1,MULTISPECIES: P-II family nitrogen regulator [Mediterraneibacter],Bin 19,5
WP_054754242.1,MULTISPECIES: acyl carrier protein [Mediterraneibacter],Bin 19,5
WP_055145814.1,MULTISPECIES: hypothetical protein [Mediterraneibacter],Bin 19,5
WP_055145955.1,ABC transporter permease [[Ruminococcus] torques],Bin 19,5
WP_055146508.1,DNA-deoxyinosine glycosylase [[Ruminococcus] torques],Bin 19,5
WP_055146702.1,MULTISPECIES: acetate--CoA ligase family protein [Mediterraneibacter],Bin 19,5
WP_055146705.1,TetR/AcrR family transcriptional regulator [[Ruminococcus] torques],Bin 19,5
WP_055146971.1,MULTISPECIES: SCP2 sterol-binding domain-containing protein [Lachnospiraceae],Bin 19,5
WP_055147212.1,bifunctional phosphopantothenoylcysteine decarboxylase/phosphopantothenate--cysteine ligase CoaBC [[Ruminococcus] torques],Bin 19,5
WP_055147304.1,MULTISPECIES: alpha/beta hydrolase [Mediterraneibacter],Bin 19,5
WP_055147552.1,MULTISPECIES: tryptophan synthase subunit alpha [Mediterraneibacter],Bin 19,5
WP_055147555.1,indole-3-glycerol phosphate synthase TrpC [[Ruminococcus] torques],Bin 19,5
WP_055147558.1,MULTISPECIES: anthranilate phosphoribosyltransferase [Mediterraneibacter],Bin 19,5
WP_055147561.1,anthranilate synthase component II [[Ruminococcus] torques],Bin 19,5
WP_055148835.1,DUF917 domain-containing protein [[Ruminococcus] torques],Bin 19,5
WP_055148837.1,MULTISPECIES: cytosine permease [Mediterraneibacter],Bin 19,5
WP_055148839.1,PucR family transcriptional regulator [[Ruminococcus] torques],Bin 19,5
WP_055156496.1,MULTISPECIES: branched-chain amino acid transporter permease [Mediterraneibacter],Bin 19,5
WP_055156595.1,MULTISPECIES: alpha/beta hydrolase [Mediterraneibacter],Bin 19,5
WP_055156615.1,MULTISPECIES: GNAT family N-acetyltransferase [Mediterraneibacter],Bin 19,5
WP_055156707.1,MATE family efflux transporter [[Ruminococcus] torques],Bin 19,5
WP_055156709.1,MATE family efflux transporter [[Ruminococcus] torques],Bin 19,5
WP_055156799.1,ammonium transporter [[Ruminococcus] torques],Bin 19,5
WP_055156878.1,MULTISPECIES: SdpI family protein [Mediterraneibacter],Bin 19,5
WP_055157043.1,MULTISPECIES: AMP-binding protein [Mediterraneibacter],Bin 19,5
WP_055157045.1,MULTISPECIES: TetR/AcrR family transcriptional regulator [Mediterraneibacter],Bin 19,5
WP_055157162.1,MULTISPECIES: condensation domain-containing protein [Mediterraneibacter],Bin 19,5
WP_055157194.1,CoA-transferase [[Ruminococcus] torques],Bin 19,5
WP_055157274.1,MULTISPECIES: ABC transporter substrate-binding protein [Mediterraneibacter],Bin 19,5
WP_055158411.1,MULTISPECIES: CPBP family intramembrane glutamic endopeptidase [Clostridia],Bin 19,5
WP_055158546.1,MULTISPECIES: anthranilate synthase component I [Mediterraneibacter],Bin 19,5
WP_055170530.1,MULTISPECIES: AraC family transcriptional regulator [Mediterraneibacter],Bin 19,5
WP_055173388.1,MULTISPECIES: phosphoribosylanthranilate isomerase [Mediterraneibacter],Bin 19,5
WP_117498834.1,MULTISPECIES: autorepressor SdpR family transcription factor [Bacillota],Bin 19,5
WP_117861149.1,MULTISPECIES: DUF6440 family protein [Mediterraneibacter],Bin 19,5
WP_117891123.1,MULTISPECIES: AsnC family transcriptional regulator [Mediterraneibacter],Bin 19,5
WP_196021879.1,MULTISPECIES: HD domain-containing protein [Mediterraneibacter],Bin 19,5
WP_204907429.1,MULTISPECIES: helix-turn-helix domain-containing protein [Clostridia],Bin 20,3
WP_205155841.1,MULTISPECIES: VRR-NUC domain-containing protein [Lachnospiraceae],Bin 20,3
WP_205155851.1,MULTISPECIES: ATP-binding protein [Lachnospiraceae],Bin 20,3
WP_205155855.1,MULTISPECIES: phage head closure protein [Lachnospiraceae],Bin 20,3
WP_205155856.1,MULTISPECIES: HK97-gp10 family putative phage morphogenesis protein [Lachnospiraceae],Bin 20,3
WP_205155857.1,MULTISPECIES: hypothetical protein [Lachnospiraceae],Bin 20,3
WP_205155864.1,MULTISPECIES: SymE family type I addiction module toxin [Lachnospiraceae],Bin 20,3
WP_205155865.1,MULTISPECIES: hypothetical protein [Lachnospiraceae],Bin 20,3
WP_205155867.1,MULTISPECIES: SHOCT domain-containing protein [Lachnospiraceae],Bin 20,3
WP_238102322.1,hypothetical protein [[Ruminococcus] torques],Bin 20,3
WP_238102326.1,restriction endonuclease subunit S [[Ruminococcus] torques],Bin 20,3
WP_238102328.1,helix-turn-helix domain-containing protein [[Ruminococcus] torques],Bin 20,3
WP_238102329.1,ImmA/IrrE family metallo-endopeptidase [[Ruminococcus] torques],Bin 20,3
WP_238102330.1,hypothetical protein [[Ruminococcus] torques],Bin 20,3
WP_238102331.1,sigma-70 family RNA polymerase sigma factor [[Ruminococcus] torques],Bin 20,3
WP_238102332.1,DNA ligase [[Ruminococcus] torques],Bin 20,3
WP_238102335.1,hypothetical protein [[Ruminococcus] torques],Bin 20,3
WP_238102338.1,hypothetical protein [[Ruminococcus] torques],Bin 20,3
WP_238102343.1,HNH endonuclease [[Ruminococcus] torques],Bin 20,3
WP_238102344.1,P27 family phage terminase small subunit [[Ruminococcus] torques],Bin 20,3
WP_238102345.1,site-specific DNA-methyltransferase [[Ruminococcus] torques],Bin 20,3
WP_238102346.1,virulence protein [[Ruminococcus] torques],Bin 20,3
WP_238102347.1,DUF4314 domain-containing protein [[Ruminococcus] torques],Bin 20,3
WP_238102348.1,hypothetical protein [[Ruminococcus] torques],Bin 20,3
WP_238102349.1,hypothetical protein [[Ruminococcus] torques],Bin 20,3
WP_238102352.1,major tail protein [[Ruminococcus] torques],Bin 20,3
WP_238102353.1,hypothetical protein [[Ruminococcus] torques],Bin 20,3
WP_238102354.1,phage tail tape measure protein [[Ruminococcus] torques],Bin 20,3
WP_238102355.1,hypothetical protein [[Ruminococcus] torques],Bin 20,3
WP_238102356.1,cysteine hydrolase family protein [[Ruminococcus] torques],Bin 20,3
WP_238102357.1,hypothetical protein [[Ruminococcus] torques],Bin 20,3
WP_238102358.1,hypothetical protein [[Ruminococcus] torques],Bin 20,3
WP_238102359.1,SPOR domain-containing protein [[Ruminococcus] torques],Bin 20,3
WP_238102361.1,recombinase family protein [[Ruminococcus] torques],Bin 20,3
WP_238102363.1,phospholipase D-like domain-containing protein [[Ruminococcus] torques],Bin 20,3
WP_330628109.1,head-tail connector protein [[Ruminococcus] torques],Bin 20,3
WP_412208123.1,DUF4268 domain-containing protein [[Ruminococcus] torques],Bin 20,3
WP_412208124.1,type I restriction endonuclease subunit R [[Ruminococcus] torques],Bin 20,3
WP_412208125.1,type I restriction-modification system subunit M [[Ruminococcus] torques],Bin 20,3
WP_412208126.1,DNA polymerase [[Ruminococcus] torques],Bin 20,3
WP_412208127.1,hypothetical protein [[Ruminococcus] torques],Bin 20,3
WP_412208129.1,RNA polymerase subunit sigma-70 [[Ruminococcus] torques],Bin 20,3
WP_412208131.1,recombinase family protein [[Ruminococcus] torques],Bin 20,3
WP_004845084.1,MULTISPECIES: RsmF rRNA methyltransferase first C-terminal domain-containing protein [Mediterraneibacter],Bin 21,21
WP_004845129.1,MULTISPECIES: YggS family pyridoxal phosphate-dependent enzyme [Mediterraneibacter],Bin 21,21
WP_004845931.1,MULTISPECIES: Gldg family protein [Mediterraneibacter],Bin 21,21
WP_004847338.1,MULTISPECIES: HPr family phosphocarrier protein [Mediterraneibacter],Bin 21,21
WP_004847883.1,MULTISPECIES: helix-turn-helix domain-containing protein [Mediterraneibacter],Bin 21,21
WP_004847925.1,MULTISPECIES: YveK family protein [Mediterraneibacter],Bin 21,21
WP_004847930.1,MULTISPECIES: LCP family protein [Mediterraneibacter],Bin 21,21
WP_004847932.1,MULTISPECIES: class B sortase [Mediterraneibacter],Bin 21,21
WP_004848480.1,MULTISPECIES: hypothetical protein [Mediterraneibacter],Bin 21,21
WP_004848489.1,MULTISPECIES: ATP synthase F0 subunit C [Mediterraneibacter],Bin 21,21
WP_004848491.1,MULTISPECIES: F0F1 ATP synthase subunit B [Mediterraneibacter],Bin 21,21
WP_004848501.1,MULTISPECIES: ATP synthase F1 subunit epsilon [Mediterraneibacter],Bin 21,21
WP_004848504.1,MULTISPECIES: GGDEF domain-containing protein [Mediterraneibacter],Bin 21,21
WP_004848514.1,MULTISPECIES: deoxyguanosinetriphosphate triphosphohydrolase [Mediterraneibacter],Bin 21,21
WP_004848523.1,MULTISPECIES: tRNA adenosine(34) deaminase TadA [Lachnospiraceae],Bin 21,21
WP_004848529.1,MULTISPECIES: AIR synthase-related protein [Mediterraneibacter],Bin 21,21
WP_004848531.1,MULTISPECIES: Lrp/AsnC family transcriptional regulator [Mediterraneibacter],Bin 21,21
WP_004848534.1,MULTISPECIES: aminotransferase class I/II-fold pyridoxal phosphate-dependent enzyme [Mediterraneibacter],Bin 21,21
WP_004848548.1,MULTISPECIES: V-type ATP synthase subunit E [Mediterraneibacter],Bin 21,21
WP_009242466.1,MULTISPECIES: GNAT family N-acetyltransferase [Mediterraneibacter],Bin 21,21
WP_009242467.1,MULTISPECIES: MerR family transcriptional regulator [Mediterraneibacter],Bin 21,21
WP_009243682.1,MULTISPECIES: V0D/AC39 family V-type ATPase subunit [Mediterraneibacter],Bin 21,21
WP_009243765.1,MULTISPECIES: DDE-type integrase/transposase/recombinase [Bacteria],Bin 21,21
WP_009320138.1,MULTISPECIES: V-type ATP synthase subunit E [Mediterraneibacter],Bin 21,21
WP_022003038.1,response regulator transcription factor [[Ruminococcus] torques],Bin 21,21
WP_022003156.1,LPXTG cell wall anchor domain-containing protein [[Ruminococcus] torques],Bin 21,21
WP_118188632.1,hypothetical protein [[Ruminococcus] torques],Bin 21,21
WP_227077082.1,hypothetical protein [[Ruminococcus] torques],Bin 21,21
WP_242854654.1,serine/threonine-protein kinase [[Ruminococcus] torques],Bin 21,21
WP_270186961.1,ATP synthase F1 subunit delta [[Ruminococcus] torques],Bin 21,21
WP_282928083.1,chromate transporter [[Ruminococcus] torques],Bin 21,21
WP_282928369.1,tRNA (guanosine(46)-N7)-methyltransferase TrmB [[Ruminococcus] torques],Bin 21,21
WP_302773122.1,V-type ATP synthase subunit I [[Ruminococcus] torques],Bin 21,21
WP_302773125.1,4'-phosphopantetheinyl transferase family protein [[Ruminococcus] torques],Bin 21,21
WP_303145222.1,chromate transporter [[Ruminococcus] torques],Bin 21,21
WP_412208122.1,V0D/AC39 family V-type ATPase subunit [[Ruminococcus] torques],Bin 21,21
WP_412224607.1,aminotransferase class I/II-fold pyridoxal phosphate-dependent enzyme [[Ruminococcus] torques],Bin 21,21
WP_004845138.1,MULTISPECIES: YitT family protein [Mediterraneibacter],Bin 21,20
WP_004847928.1,MULTISPECIES: CpsD/CapB family tyrosine-protein kinase [Mediterraneibacter],Bin 21,20
WP_004848508.1,MULTISPECIES: D-Ala-D-Ala carboxypeptidase VanY [Mediterraneibacter],Bin 21,20
WP_002591245.1,MULTISPECIES: hypothetical protein [Bacillota],Bin 22,2
WP_002591246.1,MULTISPECIES: hypothetical protein [Bacillota],Bin 22,2
WP_002591249.1,MULTISPECIES: hypothetical protein [Bacillota],Bin 22,2
WP_002591257.1,MULTISPECIES: hypothetical protein [Bacillota],Bin 22,2
WP_002591261.1,MULTISPECIES: single-stranded DNA-binding protein [Bacillota],Bin 22,2
WP_002591264.1,MULTISPECIES: HNH endonuclease [Bacillota],Bin 22,2
WP_002591274.1,MULTISPECIES: hypothetical protein [Bacillota],Bin 22,2
WP_002591275.1,MULTISPECIES: major tail protein [Bacillota],Bin 22,2
WP_002591281.1,MULTISPECIES: hypothetical protein [Bacillota],Bin 22,2
WP_002591284.1,MULTISPECIES: diversity-generating retroelement protein Avd [Bacillota],Bin 22,2
WP_003023324.1,MULTISPECIES: phage tail family protein [Bacillota],Bin 22,2
WP_003023388.1,MULTISPECIES: VRR-NUC domain-containing protein [Bacillota],Bin 22,2
WP_003023394.1,MULTISPECIES: hypothetical protein [Bacillota],Bin 22,2
WP_022279748.1,MULTISPECIES: hypothetical protein [Bacillota],Bin 22,2
WP_022279754.1,MULTISPECIES: hypothetical protein [Bacillota],Bin 22,2
WP_055272300.1,MULTISPECIES: phage holin family protein [Bacillota],Bin 22,2
WP_055272302.1,MULTISPECIES: hypothetical protein [Bacillota],Bin 22,2
WP_055272304.1,MULTISPECIES: reverse transcriptase/maturase family protein [Bacillota],Bin 22,2
WP_055272338.1,MULTISPECIES: hypothetical protein [Clostridia],Bin 22,2
WP_055272398.1,MULTISPECIES: phage tail tip lysozyme [Bacillota],Bin 22,2
WP_118019557.1,MULTISPECIES: HK97 family phage prohead protease [Bacillota],Bin 22,2
WP_154253358.1,MULTISPECIES: hypothetical protein [Bacillota],Bin 22,2
WP_172679464.1,MULTISPECIES: hypothetical protein [Bacillota],Bin 22,2
WP_227129905.1,MULTISPECIES: hypothetical protein [Clostridia],Bin 22,2
WP_243010026.1,MULTISPECIES: DNA-binding protein [Lachnospiraceae],Bin 22,2
WP_262530285.1,MULTISPECIES: hypothetical protein [Lachnospiraceae],Bin 22,2
WP_270743964.1,hypothetical protein [[Ruminococcus] torques],Bin 22,2
WP_270743965.1,MULTISPECIES: ParA family protein [Lachnospiraceae],Bin 22,2
WP_270743966.1,ParB/RepB/Spo0J family partition protein [[Ruminococcus] torques],Bin 22,2
WP_373595413.1,toxin PIN [Dorea longicatena],Bin 22,2
WP_412616142.1,hypothetical protein [[Ruminococcus] torques],Bin 22,2
WP_412616147.1,terminase large subunit [[Ruminococcus] torques],Bin 22,2
WP_412616149.1,phage portal protein [[Ruminococcus] torques],Bin 22,2
WP_412616155.1,hypothetical protein [[Ruminococcus] torques],Bin 22,2
WP_412616161.1,siphovirus ReqiPepy6 Gp37-like family protein [[Ruminococcus] torques],Bin 22,2
WP_412616163.1,hypothetical protein [[Ruminococcus] torques],Bin 22,2
WP_412616165.1,hypothetical protein [[Ruminococcus] torques],Bin 22,2
WP_055159206.1,hypothetical protein [[Ruminococcus] torques],Bin 23,3
WP_055159208.1,hypothetical protein [[Ruminococcus] torques],Bin 23,3
WP_055159210.1,hypothetical protein [[Ruminococcus] torques],Bin 23,3
WP_055159212.1,DUF3991 and TOPRIM domain-containing protein [[Ruminococcus] torques],Bin 23,3
WP_055159214.1,hypothetical protein [[Ruminococcus] torques],Bin 23,3
WP_055159216.1,hypothetical protein [[Ruminococcus] torques],Bin 23,3
WP_055159218.1,MULTISPECIES: hypothetical protein [Clostridia],Bin 23,3
WP_055159220.1,ImmA/IrrE family metallo-endopeptidase [[Ruminococcus] torques],Bin 23,3
WP_055159226.1,hypothetical protein [[Ruminococcus] torques],Bin 23,3
WP_055159230.1,single-stranded DNA-binding protein [[Ruminococcus] torques],Bin 23,3
WP_055159232.1,hypothetical protein [[Ruminococcus] torques],Bin 23,3
WP_055159234.1,DUF5688 family protein [[Ruminococcus] torques],Bin 23,3
WP_055159236.1,JAB domain-containing protein [[Ruminococcus] torques],Bin 23,3
WP_055159240.1,type II toxin-antitoxin system Phd/YefM family antitoxin [[Ruminococcus] torques],Bin 23,3
WP_055159244.1,hypothetical protein [[Ruminococcus] torques],Bin 23,3
WP_055159246.1,hypothetical protein [[Ruminococcus] torques],Bin 23,3
WP_055159250.1,MULTISPECIES: hypothetical protein [Clostridia],Bin 23,3
WP_055159254.1,type II toxin-antitoxin system Phd/YefM family antitoxin [[Ruminococcus] torques],Bin 23,3
WP_055159256.1,ParA family protein [[Ruminococcus] torques],Bin 23,3
WP_055159258.1,ParB/RepB/Spo0J family partition protein [[Ruminococcus] torques],Bin 23,3
WP_055159264.1,recombinase family protein [[Ruminococcus] torques],Bin 23,3
WP_055159276.1,hypothetical protein [[Ruminococcus] torques],Bin 23,3
WP_055159278.1,type IV secretory system conjugative DNA transfer family protein [[Ruminococcus] torques],Bin 23,3
WP_055159282.1,MULTISPECIES: DUF5592 family protein [Clostridia],Bin 23,3
WP_055159284.1,hypothetical protein [[Ruminococcus] torques],Bin 23,3
WP_055159288.1,glucosaminidase domain-containing protein [[Ruminococcus] torques],Bin 23,3
WP_070100409.1,Fic family protein [[Ruminococcus] torques],Bin 23,3
WP_081017353.1,MULTISPECIES: replication initiation protein [Clostridia],Bin 23,3
WP_118188702.1,pLS20_p028 family conjugation system transmembrane protein [[Ruminococcus] torques],Bin 23,3
WP_118188706.1,MULTISPECIES: hypothetical protein [Clostridia],Bin 23,3
WP_118188716.1,type II toxin-antitoxin system RelE/ParE family toxin [[Ruminococcus] torques],Bin 23,3
WP_207642137.1,hypothetical protein [[Ruminococcus] torques],Bin 23,3
WP_242854689.1,type II toxin-antitoxin system RelE family toxin [[Ruminococcus] torques],Bin 23,3
WP_302241923.1,VirB4 family type IV secretion system protein [[Ruminococcus] torques],Bin 23,3
WP_412420668.1,hypothetical protein [[Ruminococcus] torques],Bin 23,3
WP_022002993.1,site-specific DNA-methyltransferase [[Ruminococcus] torques],Bin 24,2
WP_022003048.1,hypothetical protein [[Ruminococcus] torques],Bin 24,2
WP_022003049.1,hypothetical protein [[Ruminococcus] torques],Bin 24,2
WP_022003050.1,DUF4314 domain-containing protein [[Ruminococcus] torques],Bin 24,2
WP_022003051.1,hypothetical protein [[Ruminococcus] torques],Bin 24,2
WP_022003200.1,phage major capsid protein [[Ruminococcus] torques],Bin 24,2
WP_022003201.1,head-tail connector protein [[Ruminococcus] torques],Bin 24,2
WP_022003202.1,phage head closure protein [[Ruminococcus] torques],Bin 24,2
WP_022003203.1,HK97 gp10 family phage protein [[Ruminococcus] torques],Bin 24,2
WP_022003204.1,hypothetical protein [[Ruminococcus] torques],Bin 24,2
WP_022003205.1,major tail protein [[Ruminococcus] torques],Bin 24,2
WP_022003206.1,hypothetical protein [[Ruminococcus] torques],Bin 24,2
WP_022003208.1,LytTR family DNA-binding domain-containing protein [[Ruminococcus] torques],Bin 24,2
WP_022003209.1,DUF3021 domain-containing protein [[Ruminococcus] torques],Bin 24,2
WP_022003210.1,phage tail tape measure protein [[Ruminococcus] torques],Bin 24,2
WP_022003211.1,hypothetical protein [[Ruminococcus] torques],Bin 24,2
WP_022003212.1,phage tail spike protein [[Ruminococcus] torques],Bin 24,2
WP_022003213.1,hypothetical protein [[Ruminococcus] torques],Bin 24,2
WP_022003214.1,hypothetical protein [[Ruminococcus] torques],Bin 24,2
WP_022003215.1,holin family protein [[Ruminococcus] torques],Bin 24,2
WP_022003216.1,N-acetylmuramoyl-L-alanine amidase [[Ruminococcus] torques],Bin 24,2
WP_022003218.1,recombinase family protein [[Ruminococcus] torques],Bin 24,2
WP_022003219.1,MULTISPECIES: recombinase family protein [Mediterraneibacter],Bin 24,2
WP_022003220.1,MULTISPECIES: recombinase family protein [Mediterraneibacter],Bin 24,2
WP_022003221.1,MULTISPECIES: TetR/AcrR family transcriptional regulator [Mediterraneibacter],Bin 24,2
WP_022003222.1,MULTISPECIES: ABC transporter ATP-binding protein [Mediterraneibacter],Bin 24,2
WP_022003223.1,MULTISPECIES: ABC transporter ATP-binding protein [Mediterraneibacter],Bin 24,2
WP_022003224.1,MULTISPECIES: MptD family putative ECF transporter S component [Mediterraneibacter],Bin 24,2
WP_022003225.1,MULTISPECIES: energy-coupling factor transporter transmembrane component T [Mediterraneibacter],Bin 24,2
WP_022003226.1,MULTISPECIES: ABC transporter ATP-binding protein [Mediterraneibacter],Bin 24,2
WP_303394193.1,SHOCT domain-containing protein [[Ruminococcus] torques],Bin 24,2
WP_412208700.1,RNA polymerase subunit sigma-70 [[Ruminococcus] torques],Bin 24,2
WP_412208711.1,head maturation protease  ClpP-related [[Ruminococcus] torques],Bin 24,2
WP_412208715.1,DNA cytosine methyltransferase [[Ruminococcus] torques],Bin 24,2
WP_004845261.1,MULTISPECIES: peptidylprolyl isomerase [Mediterraneibacter],Bin 25,28
WP_004846036.1,MULTISPECIES: asparagine--tRNA ligase [Mediterraneibacter],Bin 25,28
WP_004846898.1,DNA-directed RNA polymerase subunit beta' [[Ruminococcus] torques],Bin 25,28
WP_004847500.1,MULTISPECIES: 50S ribosomal protein L15 [Mediterraneibacter],Bin 25,28
WP_004847501.1,MULTISPECIES: 50S ribosomal protein L30 [Mediterraneibacter],Bin 25,28
WP_004847531.1,tyrosine--tRNA ligase [[Ruminococcus] torques],Bin 25,28
WP_009242622.1,MULTISPECIES: iron-sulfur cluster assembly scaffold protein [Mediterraneibacter],Bin 25,28
WP_015529686.1,MULTISPECIES: response regulator transcription factor [Mediterraneibacter],Bin 25,28
WP_020436276.1,MULTISPECIES: NADP-specific glutamate dehydrogenase [Mediterraneibacter],Bin 25,28
WP_022003177.1,MULTISPECIES: asparagine synthase (glutamine-hydrolyzing) [Mediterraneibacter],Bin 25,28
WP_054337290.1,MULTISPECIES: DNA polymerase III subunit beta [Mediterraneibacter],Bin 25,28
WP_055144808.1,MULTISPECIES: translation elongation factor Ts [Mediterraneibacter],Bin 25,28
WP_055145596.1,MULTISPECIES: phosphoglycerate dehydrogenase [Mediterraneibacter],Bin 25,28
WP_055146124.1,MULTISPECIES: 50S ribosomal protein L24 [Mediterraneibacter],Bin 25,28
WP_055156225.1,MULTISPECIES: Fe-S cluster assembly scaffold protein NifU [Mediterraneibacter],Bin 25,28
WP_117890464.1,MULTISPECIES: pyridoxal phosphate-dependent aminotransferase [Mediterraneibacter],Bin 25,28
WP_278279383.1,MULTISPECIES: isoprenyl transferase [Mediterraneibacter],Bin 25,28
WP_306542396.1,GGGtGRT protein [[Ruminococcus] torques],Bin 25,28
WP_412208195.1,energy-coupling factor transporter ATPase [[Ruminococcus] torques],Bin 25,28
WP_004845215.1,MULTISPECIES: glycerol kinase GlpK [Mediterraneibacter],Bin 25,27
WP_004845841.1,MULTISPECIES: 23S rRNA (guanosine(2251)-2'-O)-methyltransferase RlmB [Mediterraneibacter],Bin 25,27
WP_004846397.1,MULTISPECIES: pyruvate kinase [Mediterraneibacter],Bin 25,27
WP_004846399.1,MULTISPECIES: 2-hydroxyacyl-CoA dehydratase [Mediterraneibacter],Bin 25,27
WP_004847502.1,MULTISPECIES: 30S ribosomal protein S5 [Mediterraneibacter],Bin 25,27
WP_004847546.1,MULTISPECIES: 30S ribosomal protein S12 [Clostridia],Bin 25,27
WP_009243127.1,MULTISPECIES: 30S ribosomal protein S7 [Clostridia],Bin 25,27
WP_055148092.1,aspartate carbamoyltransferase [[Ruminococcus] torques],Bin 25,27
WP_055157211.1,MULTISPECIES: translational GTPase TypA [Mediterraneibacter],Bin 25,27
WP_055158416.1,MULTISPECIES: pyruvate  phosphate dikinase [Mediterraneibacter],Bin 25,27
WP_270621157.1,formate C-acetyltransferase [[Ruminococcus] torques],Bin 25,27
WP_270621289.1,30S ribosomal protein S1 [[Ruminococcus] torques],Bin 25,27
WP_004846599.1,MULTISPECIES: rod shape-determining protein [Mediterraneibacter],Bin 25,26
WP_015528579.1,MULTISPECIES: VanZ family protein [Bacillota],Bin 26,6
WP_015528774.1,MULTISPECIES: VOC family protein [Mediterraneibacter],Bin 26,6
WP_015529419.1,MULTISPECIES: L(+)-tartrate dehydratase subunit alpha [Mediterraneibacter],Bin 26,6
WP_015529965.1,MULTISPECIES: PTS sugar transporter subunit IIB [Mediterraneibacter],Bin 26,6
WP_020435935.1,MULTISPECIES: sensor histidine kinase [Mediterraneibacter],Bin 26,6
WP_020435936.1,MULTISPECIES: LacI family DNA-binding transcriptional regulator [Mediterraneibacter],Bin 26,6
WP_020435938.1,MULTISPECIES: carbohydrate ABC transporter permease [Mediterraneibacter],Bin 26,6
WP_020435939.1,MULTISPECIES: carbohydrate ABC transporter permease [Mediterraneibacter],Bin 26,6
WP_020435940.1,MULTISPECIES: creatininase family protein [Mediterraneibacter],Bin 26,6
WP_020436344.1,MULTISPECIES: helix-turn-helix domain-containing protein [Mediterraneibacter],Bin 26,6
WP_020436347.1,MULTISPECIES: adenosylmethionine--8-amino-7-oxononanoate transaminase [Mediterraneibacter],Bin 26,6
WP_020436361.1,MULTISPECIES: flavodoxin family protein [Mediterraneibacter],Bin 26,6
WP_020436520.1,MULTISPECIES: thiolase family protein [Mediterraneibacter],Bin 26,6
WP_020436782.1,MULTISPECIES: SLC13 family permease [Mediterraneibacter],Bin 26,6
WP_020437256.1,MULTISPECIES: hypothetical protein [Mediterraneibacter],Bin 26,6
WP_054753447.1,MULTISPECIES: VOC family protein [Mediterraneibacter],Bin 26,6
WP_055146699.1,aldo/keto reductase [[Ruminococcus] torques],Bin 26,6
WP_055147256.1,ABC transporter substrate-binding protein [[Ruminococcus] torques],Bin 26,6
WP_055148419.1,ABC-2 transporter permease [[Ruminococcus] torques],Bin 26,6
WP_055148560.1,VOC family protein [[Ruminococcus] torques],Bin 26,6
WP_055148739.1,MULTISPECIES: dethiobiotin synthase [Mediterraneibacter],Bin 26,6
WP_055148741.1,MULTISPECIES: 8-amino-7-oxononanoate synthase [Mediterraneibacter],Bin 26,6
WP_055156735.1,MULTISPECIES: hypothetical protein [Mediterraneibacter],Bin 26,6
WP_055156747.1,MULTISPECIES: DUF3990 domain-containing protein [Mediterraneibacter],Bin 26,6
WP_055156833.1,MULTISPECIES: helix-turn-helix transcriptional regulator [Mediterraneibacter],Bin 26,6
WP_055158296.1,MULTISPECIES: 6-phospho-beta-glucosidase [Mediterraneibacter],Bin 26,6
WP_055158367.1,L(+)-tartrate dehydratase subunit beta [[Ruminococcus] torques],Bin 26,6
WP_055173433.1,MULTISPECIES: acyl CoA:acetate/3-ketoacid CoA transferase [Mediterraneibacter],Bin 26,6
WP_070103495.1,hypothetical protein [[Ruminococcus] torques],Bin 26,6
WP_226861454.1,MULTISPECIES: MurR/RpiR family transcriptional regulator [Mediterraneibacter],Bin 26,6
WP_347991710.1,MULTISPECIES: Rpn family recombination-promoting nuclease/putative transposase [Mediterraneibacter],Bin 26,6
WP_055158934.1,type I restriction endonuclease subunit R [[Ruminococcus] torques],Bin 27,2
WP_055158936.1,restriction endonuclease subunit S [[Ruminococcus] torques],Bin 27,2
WP_055158938.1,MULTISPECIES: GIY-YIG nuclease family protein [Clostridia],Bin 27,2
WP_055158940.1,MULTISPECIES: DEAD/DEAH box helicase family protein [Clostridia],Bin 27,2
WP_055158942.1,DNA methyltransferase [[Ruminococcus] torques],Bin 27,2
WP_055158944.1,MULTISPECIES: DEAD/DEAH box helicase [Clostridia],Bin 27,2
WP_055158946.1,DUF1837 domain-containing protein [[Ruminococcus] torques],Bin 27,2
WP_055158947.1,MULTISPECIES: helix-turn-helix domain-containing protein [Clostridia],Bin 27,2
WP_055158951.1,hypothetical protein [[Ruminococcus] torques],Bin 27,2
WP_055158954.1,hypothetical protein [[Ruminococcus] torques],Bin 27,2
WP_055158956.1,hypothetical protein [[Ruminococcus] torques],Bin 27,2
WP_055158958.1,DUF2800 domain-containing protein [[Ruminococcus] torques],Bin 27,2
WP_055158960.1,MULTISPECIES: hypothetical protein [Clostridia],Bin 27,2
WP_055158964.1,MULTISPECIES: DUF4406 domain-containing protein [Clostridia],Bin 27,2
WP_055158966.1,MULTISPECIES: virulence-associated E family protein [Clostridia],Bin 27,2
WP_055158968.1,MULTISPECIES: VRR-NUC domain-containing protein [Clostridia],Bin 27,2
WP_055158970.1,MULTISPECIES: DEAD/DEAH box helicase [Clostridia],Bin 27,2
WP_055158972.1,MULTISPECIES: hypothetical protein [Clostridia],Bin 27,2
WP_055158974.1,MULTISPECIES: hypothetical protein [Bacillota],Bin 27,2
WP_055158976.1,HNH endonuclease [[Ruminococcus] torques],Bin 27,2
WP_055158978.1,MULTISPECIES: S-adenosylmethionine synthetase N-terminal domain-containing protein [Clostridia],Bin 27,2
WP_055158980.1,site-specific DNA-methyltransferase [Anaerotruncus colihominis],Bin 27,2
WP_055158984.1,MULTISPECIES: hypothetical protein [Clostridia],Bin 27,2
WP_055158986.1,MULTISPECIES: DUF4314 domain-containing protein [Clostridia],Bin 27,2
WP_055158988.1,MULTISPECIES: amidoligase family protein [Clostridia],Bin 27,2
WP_055158990.1,MULTISPECIES: gamma-glutamylcyclotransferase family protein [Clostridia],Bin 27,2
WP_055158995.1,head-tail connector protein [[Ruminococcus] torques],Bin 27,2
WP_207642133.1,hypothetical protein [[Ruminococcus] torques],Bin 27,2
WP_412208718.1,P27 family phage terminase small subunit [[Ruminococcus] torques],Bin 27,2
WP_412208777.1,hypothetical protein [[Ruminococcus] torques],Bin 27,2
WP_412208798.1,class I SAM-dependent DNA methyltransferase [[Ruminococcus] torques],Bin 27,2
WP_002576226.1,MULTISPECIES: transposon-transfer assisting family protein [Bacteria],Bin 28,2
WP_007886614.1,MULTISPECIES: PcfB family protein [Bacillota],Bin 28,2
WP_008728385.1,MULTISPECIES: DUF5720 family protein [Bacillota],Bin 28,2
WP_008728422.1,MULTISPECIES: helix-turn-helix domain-containing protein [Bacteria],Bin 28,2
WP_014078512.1,MULTISPECIES: ParA family protein [Clostridia],Bin 28,2
WP_015527537.1,type IA DNA topoisomerase [[Ruminococcus] torques],Bin 28,2
WP_015527913.1,DUF6017 domain-containing protein [[Ruminococcus] torques],Bin 28,2
WP_015528643.1,MULTISPECIES: PTS mannose/fructose/sorbose/N-acetylgalactosamine transporter subunit IIC [Mediterraneibacter],Bin 28,2
WP_015528644.1,MULTISPECIES: PTS system mannose/fructose/sorbose family transporter subunit IID [Mediterraneibacter],Bin 28,2
WP_015528645.1,MULTISPECIES: hypothetical protein [Mediterraneibacter],Bin 28,2
WP_015528646.1,MULTISPECIES: glycoside hydrolase family 172 protein [Lachnospiraceae],Bin 28,2
WP_015528647.1,MULTISPECIES: RNA polymerase factor sigma-54 [Mediterraneibacter],Bin 28,2
WP_015529503.1,MULTISPECIES: HipA domain-containing protein [Mediterraneibacter],Bin 28,2
WP_015529504.1,MULTISPECIES: recombinase family protein [Lachnospiraceae],Bin 28,2
WP_015530086.1,MULTISPECIES: type II toxin-antitoxin system prevent-host-death family antitoxin [Mediterraneibacter],Bin 28,2
WP_015535783.1,MULTISPECIES: hypothetical protein [Clostridia],Bin 28,2
WP_055146569.1,MULTISPECIES: type II toxin-antitoxin system RelE/ParE family toxin [Mediterraneibacter],Bin 28,2
WP_055147754.1,MULTISPECIES: DUF5720 family protein [Lachnospiraceae],Bin 28,2
WP_055147757.1,hypothetical protein [[Ruminococcus] torques],Bin 28,2
WP_055147763.1,DUF4368 domain-containing protein [[Ruminococcus] torques],Bin 28,2
WP_055147778.1,helix-turn-helix domain-containing protein [[Ruminococcus] torques],Bin 28,2
WP_055147799.1,MULTISPECIES: ATP-binding protein [Lachnospiraceae],Bin 28,2
WP_055147806.1,MULTISPECIES: helix-turn-helix domain-containing protein [Clostridia],Bin 28,2
WP_055147937.1,MULTISPECIES: sigma 54-interacting transcriptional regulator [Mediterraneibacter],Bin 28,2
WP_055147940.1,MULTISPECIES: PTS sugar transporter subunit IIB [Mediterraneibacter],Bin 28,2
WP_055147943.1,MULTISPECIES: PTS sugar transporter subunit IIA [Mediterraneibacter],Bin 28,2
WP_055148787.1,MULTISPECIES: tyrosine-type recombinase/integrase [Lachnospiraceae],Bin 28,2
WP_081016878.1,hypothetical protein [[Ruminococcus] torques],Bin 28,2
WP_081016879.1,MULTISPECIES: TnpV protein [Bacillota],Bin 28,2
WP_118753550.1,MULTISPECIES: ParB/RepB/Spo0J family partition protein [Bacillota],Bin 28,2
WP_208913225.1,TraM recognition domain-containing protein  partial [[Ruminococcus] torques],Bin 28,2
WP_003022996.1,MULTISPECIES: helix-turn-helix domain-containing protein [Lachnospiraceae],Bin 29,3
WP_016304801.1,MULTISPECIES: HAD family hydrolase [Bacillota],Bin 29,3
WP_016304802.1,MULTISPECIES: sugar O-acetyltransferase [Bacillota],Bin 29,3
WP_016304805.1,MULTISPECIES: hypothetical protein [Bacillota],Bin 29,3
WP_016304806.1,MULTISPECIES: AraC family transcriptional regulator [Bacillota],Bin 29,3
WP_019162948.1,MULTISPECIES: HDOD domain-containing protein [Bacillota],Bin 29,3
WP_040351214.1,MULTISPECIES: hypothetical protein [Bacillota],Bin 29,3
WP_064786825.1,MULTISPECIES: tyrosine-type recombinase/integrase [Bacillota],Bin 29,3
WP_117570247.1,MULTISPECIES: helix-turn-helix domain-containing protein [Bacillota],Bin 29,3
WP_117570251.1,MULTISPECIES: TnpV protein [Bacillota],Bin 29,3
WP_118188568.1,DNA-binding protein [[Ruminococcus] torques],Bin 29,3
WP_118188569.1,type II toxin-antitoxin system death-on-curing family toxin [[Ruminococcus] torques],Bin 29,3
WP_118188570.1,helix-turn-helix domain-containing protein [[Ruminococcus] torques],Bin 29,3
WP_118188571.1,very short patch repair endonuclease [[Ruminococcus] torques],Bin 29,3
WP_118188573.1,hypothetical protein [[Ruminococcus] torques],Bin 29,3
WP_118188574.1,hypothetical protein [[Ruminococcus] torques],Bin 29,3
WP_118188575.1,DUF6339 family protein [[Ruminococcus] torques],Bin 29,3
WP_118188577.1,DNA (cytosine-5-)-methyltransferase [[Ruminococcus] torques],Bin 29,3
WP_118188673.1,hypothetical protein [[Ruminococcus] torques],Bin 29,3
WP_118188683.1,MULTISPECIES: hypothetical protein [Lachnospiraceae],Bin 29,3
WP_118188684.1,MULTISPECIES: DUF2188 domain-containing protein [Lachnospiraceae],Bin 29,3
WP_118188685.1,MULTISPECIES: AAA family ATPase [Lachnospiraceae],Bin 29,3
WP_118188688.1,MULTISPECIES: hypothetical protein [Lachnospiraceae],Bin 29,3
WP_118188778.1,MULTISPECIES: hypothetical protein [Lachnospiraceae],Bin 29,3
WP_148708049.1,hypothetical protein [[Ruminococcus] torques],Bin 29,3
WP_187305821.1,hypothetical protein [[Ruminococcus] torques],Bin 29,3
WP_187305822.1,Z1 domain-containing protein [[Ruminococcus] torques],Bin 29,3
WP_187305823.1,PD-(D/E)XK motif protein [[Ruminococcus] torques],Bin 29,3
WP_187305824.1,HNH endonuclease signature motif containing protein [[Ruminococcus] torques],Bin 29,3
WP_243035254.1,MULTISPECIES: hypothetical protein [Lachnospiraceae],Bin 29,3
WP_243035259.1,toll/interleukin-1 receptor domain-containing protein [[Ruminococcus] torques],Bin 29,3
WP_002578444.1,MULTISPECIES: hypothetical protein [Bacillota],Bin 30,2
WP_005946862.1,MULTISPECIES: helix-turn-helix domain-containing protein [Bacillati],Bin 30,2
WP_007037474.1,MULTISPECIES: hypothetical protein [Bacillota],Bin 30,2
WP_008728836.1,MULTISPECIES: TetR/AcrR family transcriptional regulator [Bacteria],Bin 30,2
WP_008728841.1,MULTISPECIES: RNA polymerase sigma factor [Bacillati],Bin 30,2
WP_009255079.1,MULTISPECIES: helix-turn-helix domain-containing protein [Bacillota],Bin 30,2
WP_011861916.1,MULTISPECIES: lysozyme family protein [Bacillota],Bin 30,2
WP_077715683.1,MULTISPECIES: conjugal transfer protein [Bacillota],Bin 30,2
WP_118516146.1,MULTISPECIES: hypothetical protein [Bacillota],Bin 30,2
WP_118731136.1,MULTISPECIES: antirestriction protein ArdA [Clostridia],Bin 30,2
WP_144092067.1,MULTISPECIES: ATP-binding cassette domain-containing protein [Clostridia],Bin 30,2
WP_147576935.1,MULTISPECIES: sensor histidine kinase [Clostridia],Bin 30,2
WP_208320043.1,MULTISPECIES: tyrosine recombinase XerC [Clostridia],Bin 30,2
WP_208320046.1,MULTISPECIES: helix-turn-helix domain-containing protein [Lachnospiraceae],Bin 30,2
WP_208320087.1,MULTISPECIES: helix-turn-helix domain-containing protein [Clostridia],Bin 30,2
WP_208320088.1,MULTISPECIES: hypothetical protein [Clostridia],Bin 30,2
WP_208320089.1,MULTISPECIES: ABC transporter permease [Clostridia],Bin 30,2
WP_223380606.1,MULTISPECIES: class I SAM-dependent methyltransferase [Bacteria],Bin 30,2
WP_270621043.1,MULTISPECIES: YdcP family protein [Lachnospiraceae],Bin 30,2
WP_270621044.1,MULTISPECIES: YdcP family protein [Lachnospiraceae],Bin 30,2
WP_270621046.1,FtsK/SpoIIIE domain-containing protein [[Ruminococcus] torques],Bin 30,2
WP_270621049.1,MULTISPECIES: ATP-binding protein [Lachnospiraceae],Bin 30,2
WP_270621051.1,MULTISPECIES: conjugal transfer protein [Lachnospiraceae],Bin 30,2
WP_270621053.1,response regulator transcription factor [[Ruminococcus] torques],Bin 30,2
WP_270621067.1,MULTISPECIES: RNA polymerase sigma factor [Clostridia],Bin 30,2
WP_412616115.1,antirestriction protein ArdA  partial [[Ruminococcus] torques],Bin 30,2
WP_412616189.1,MobT family relaxase [[Ruminococcus] torques],Bin 30,2
WP_412616191.1,CD3337/EF1877 family mobilome membrane protein [[Ruminococcus] torques],Bin 30,2
WP_020436084.1,MULTISPECIES: hypothetical protein [Lachnospiraceae],Bin 31,2
WP_020436139.1,MULTISPECIES: SDR family NAD(P)-dependent oxidoreductase [Mediterraneibacter],Bin 31,2
WP_055148386.1,MULTISPECIES: hypothetical protein [Mediterraneibacter],Bin 31,2
WP_055148395.1,MULTISPECIES: APC family permease [Mediterraneibacter],Bin 31,2
WP_055148397.1,MULTISPECIES: M20 metallopeptidase family protein [Mediterraneibacter],Bin 31,2
WP_055148399.1,MULTISPECIES: MalY/PatB family protein [Mediterraneibacter],Bin 31,2
WP_055148400.1,MULTISPECIES: helix-turn-helix domain-containing protein [Mediterraneibacter],Bin 31,2
WP_055148401.1,MULTISPECIES: hypothetical protein [Mediterraneibacter],Bin 31,2
WP_055148640.1,MULTISPECIES: transposase [Mediterraneibacter],Bin 31,2
WP_055148867.1,HipA domain-containing protein [[Ruminococcus] torques],Bin 31,2
WP_055148871.1,MULTISPECIES: glycoside hydrolase family 3 C-terminal domain-containing protein [Mediterraneibacter],Bin 31,2
WP_055148881.1,MULTISPECIES: MFS transporter [Mediterraneibacter],Bin 31,2
WP_055156237.1,hypothetical protein [[Ruminococcus] torques],Bin 31,2
WP_055156311.1,helix-turn-helix domain-containing protein [[Ruminococcus] torques],Bin 31,2
WP_055157033.1,MULTISPECIES: class I SAM-dependent methyltransferase [Clostridia],Bin 31,2
WP_055157035.1,class I SAM-dependent methyltransferase [[Ruminococcus] torques],Bin 31,2
WP_055157685.1,MULTISPECIES: glycoside hydrolase family 2 protein [Mediterraneibacter],Bin 31,2
WP_055157687.1,helix-turn-helix domain-containing protein [[Ruminococcus] torques],Bin 31,2
WP_055157689.1,MULTISPECIES: glycoside hydrolase family 3 protein [Mediterraneibacter],Bin 31,2
WP_055157691.1,MULTISPECIES: alpha-L-rhamnosidase [Mediterraneibacter],Bin 31,2
WP_055157905.1,MULTISPECIES: AraC family transcriptional regulator [Mediterraneibacter],Bin 31,2
WP_055158401.1,MULTISPECIES: hypothetical protein [Mediterraneibacter],Bin 31,2
WP_070103539.1,MULTISPECIES: AraC family transcriptional regulator [Mediterraneibacter],Bin 31,2
WP_070103783.1,MULTISPECIES: hypothetical protein [Mediterraneibacter],Bin 31,2
WP_081016911.1,MULTISPECIES: transposase [Mediterraneibacter],Bin 31,2
WP_144366189.1,MULTISPECIES: hypothetical protein [Lachnospiraceae],Bin 31,2
WP_226875762.1,MULTISPECIES: GH32 C-terminal domain-containing protein [Mediterraneibacter],Bin 31,2
WP_226875928.1,MULTISPECIES: hypothetical protein [Mediterraneibacter],Bin 31,2
WP_129794988.1,AbrB/MazE/SpoVT family DNA-binding domain-containing protein [[Ruminococcus] torques],Bin 32,3
WP_129794995.1,hypothetical protein [[Ruminococcus] torques],Bin 32,3
WP_129794996.1,hypothetical protein [[Ruminococcus] torques],Bin 32,3
WP_129794997.1,peptidoglycan DD-metalloendopeptidase family protein [[Ruminococcus] torques],Bin 32,3
WP_129794998.1,hypothetical protein [[Ruminococcus] torques],Bin 32,3
WP_129794999.1,hypothetical protein [[Ruminococcus] torques],Bin 32,3
WP_129795001.1,hypothetical protein [[Ruminococcus] torques],Bin 32,3
WP_178069246.1,hypothetical protein [[Ruminococcus] torques],Bin 32,3
WP_178069281.1,ParA family protein [[Ruminococcus] torques],Bin 32,3
WP_227070063.1,hypothetical protein [[Ruminococcus] torques],Bin 32,3
WP_227070209.1,hypothetical protein [[Ruminococcus] torques],Bin 32,3
WP_227070210.1,hypothetical protein [[Ruminococcus] torques],Bin 32,3
WP_227070216.1,hypothetical protein [[Ruminococcus] torques],Bin 32,3
WP_227070230.1,TrbC/VirB2 family protein [[Ruminococcus] torques],Bin 32,3
WP_227070231.1,VirD4-like conjugal transfer protein  CD1115 family [[Ruminococcus] torques],Bin 32,3
WP_227070301.1,Fic family protein [[Ruminococcus] torques],Bin 32,3
WP_227071244.1,hypothetical protein [[Ruminococcus] torques],Bin 32,3
WP_227077185.1,hypothetical protein [[Ruminococcus] torques],Bin 32,3
WP_227077192.1,hypothetical protein [[Ruminococcus] torques],Bin 32,3
WP_256126808.1,hypothetical protein [[Ruminococcus] torques],Bin 32,3
WP_412190221.1,hypothetical protein [[Ruminococcus] torques],Bin 32,3
WP_412190226.1,helix-turn-helix domain-containing protein [[Ruminococcus] torques],Bin 32,3
WP_412190230.1,ParB/RepB/Spo0J family partition protein [[Ruminococcus] torques],Bin 32,3
WP_412190233.1,DUF3991 domain-containing protein [[Ruminococcus] torques],Bin 32,3
WP_412190235.1,hypothetical protein [[Ruminococcus] torques],Bin 32,3
WP_412190238.1,DUF5592 family protein [[Ruminococcus] torques],Bin 32,3
WP_412190239.1,pLS20_p028 family conjugation system transmembrane protein [[Ruminococcus] torques],Bin 32,3
WP_412190251.1,DUF5688 family protein [[Ruminococcus] torques],Bin 32,3
WP_004845251.1,MULTISPECIES: hypothetical protein [Mediterraneibacter],Bin 33,21
WP_004845390.1,MULTISPECIES: signal peptidase I [Mediterraneibacter],Bin 33,21
WP_004845536.1,2-amino-4-hydroxy-6-hydroxymethyldihydropteridine diphosphokinase [[Ruminococcus] torques],Bin 33,21
WP_004846003.1,MULTISPECIES: uridine phosphorylase [Mediterraneibacter],Bin 33,21
WP_004846420.1,MULTISPECIES: ABC transporter ATP-binding protein [Mediterraneibacter],Bin 33,21
WP_004846467.1,MULTISPECIES: threonine--tRNA ligase [Mediterraneibacter],Bin 33,21
WP_004846809.1,MULTISPECIES: ABC transporter ATP-binding protein [Mediterraneibacter],Bin 33,21
WP_004846859.1,MULTISPECIES: fructose-specific PTS transporter subunit EIIC [Mediterraneibacter],Bin 33,21
WP_004847310.1,MULTISPECIES: DUF4190 domain-containing protein [Mediterraneibacter],Bin 33,21
WP_009242408.1,MULTISPECIES: sensor histidine kinase [Mediterraneibacter],Bin 33,21
WP_009319972.1,MULTISPECIES: acetyl-CoA carboxylase  carboxyltransferase subunit beta [Mediterraneibacter],Bin 33,21
WP_009320668.1,MULTISPECIES: alcohol dehydrogenase [Mediterraneibacter],Bin 33,21
WP_022003240.1,alpha-N-acetylglucosaminidase TIM-barrel domain-containing protein [[Ruminococcus] torques],Bin 33,21
WP_044953258.1,alanine/glycine:cation symporter family protein [[Ruminococcus] torques],Bin 33,21
WP_118188806.1,endo-alpha-N-acetylgalactosaminidase family protein [[Ruminococcus] torques],Bin 33,21
WP_270186909.1,sensor histidine kinase [[Ruminococcus] torques],Bin 33,21
WP_270186935.1,endonuclease Q family protein [[Ruminococcus] torques],Bin 33,21
WP_270621266.1,Wadjet anti-phage system protein JetD domain-containing protein [[Ruminococcus] torques],Bin 33,21
WP_282928497.1,peptidoglycan editing factor PgeF [[Ruminococcus] torques],Bin 33,21
WP_412208198.1,helix-turn-helix domain-containing protein [[Ruminococcus] torques],Bin 33,21
WP_412224548.1,peptidoglycan D D-transpeptidase FtsI family protein [[Ruminococcus] torques],Bin 33,21
WP_412224552.1,ATP-dependent zinc metalloprotease FtsH [[Ruminococcus] torques],Bin 33,21
WP_412224690.1,stage IV sporulation protein A [[Ruminococcus] torques],Bin 33,21
WP_412224692.1,amidohydrolase family protein [[Ruminococcus] torques],Bin 33,21
WP_412578122.1,NAD(+) synthase [[Ruminococcus] torques],Bin 33,21
WP_004845377.1,MULTISPECIES: S8 family peptidase [Mediterraneibacter],Bin 33,20
WP_004848060.1,MULTISPECIES: FAD-dependent oxidoreductase [Mediterraneibacter],Bin 33,20
WP_005330974.1,MULTISPECIES: arsenate reductase ArsC [Lachnospiraceae],Bin 34,3
WP_015528461.1,MULTISPECIES: type II toxin-antitoxin system RelB/DinJ family antitoxin [Clostridia],Bin 34,3
WP_015528462.1,MULTISPECIES: type II toxin-antitoxin system YafQ family toxin [Clostridia],Bin 34,3
WP_117497129.1,MULTISPECIES: DUF2075 domain-containing protein [Mediterraneibacter],Bin 34,3
WP_117570071.1,MULTISPECIES: hypothetical protein [Mediterraneibacter],Bin 34,3
WP_117579763.1,MULTISPECIES: ABC transporter ATP-binding protein [Mediterraneibacter],Bin 34,3
WP_117579765.1,MULTISPECIES: hypothetical protein [Mediterraneibacter],Bin 34,3
WP_117861364.1,MULTISPECIES: dTDP-4-dehydrorhamnose reductase [Mediterraneibacter],Bin 34,3
WP_117861365.1,MULTISPECIES: dTDP-4-dehydrorhamnose 3 5-epimerase [Mediterraneibacter],Bin 34,3
WP_117861418.1,glucose-1-phosphate thymidylyltransferase RfbA [[Ruminococcus] torques],Bin 34,3
WP_117907914.1,ParB/RepB/Spo0J family partition protein [[Ruminococcus] torques],Bin 34,3
WP_117961232.1,MULTISPECIES: AAA family ATPase [Mediterraneibacter],Bin 34,3
WP_118113600.1,sugar transferase [[Ruminococcus] torques],Bin 34,3
WP_155203107.1,MULTISPECIES: aspartate/glutamate racemase family protein [Clostridia],Bin 34,3
WP_195937536.1,MULTISPECIES: BglG family transcription antiterminator [Mediterraneibacter],Bin 34,3
WP_195941465.1,MULTISPECIES: glycosyltransferase family 2 protein [Mediterraneibacter],Bin 34,3
WP_195942047.1,MULTISPECIES: nucleotide pyrophosphohydrolase [Mediterraneibacter],Bin 34,3
WP_227156255.1,MULTISPECIES: M15 family metallopeptidase [Mediterraneibacter],Bin 34,3
WP_227189488.1,MULTISPECIES: hypothetical protein [Mediterraneibacter],Bin 34,3
WP_278734178.1,MULTISPECIES: RNA polymerase sigma factor [Mediterraneibacter],Bin 34,3
WP_347991284.1,MULTISPECIES: hypothetical protein [Mediterraneibacter],Bin 34,3
WP_373107071.1,NAD(P)H-dependent oxidoreductase [[Ruminococcus] torques],Bin 34,3
WP_373107157.1,DegT/DnrJ/EryC1/StrS family aminotransferase [[Ruminococcus] torques],Bin 34,3
WP_373108039.1,DUF4367 domain-containing protein [[Ruminococcus] torques],Bin 34,3
WP_373108043.1,hypothetical protein [[Ruminococcus] torques],Bin 34,3
WP_373108403.1,hypothetical protein [[Ruminococcus] torques],Bin 34,3
WP_020436536.1,MULTISPECIES: stage V sporulation protein AB [Mediterraneibacter],Bin 35,6
WP_020436646.1,MULTISPECIES: pyridoxamine 5'-phosphate oxidase family protein [Mediterraneibacter],Bin 35,6
WP_020436677.1,MULTISPECIES: N-acetylmuramoyl-L-alanine amidase family protein [Mediterraneibacter],Bin 35,6
WP_020436766.1,MULTISPECIES: LacI family DNA-binding transcriptional regulator [Mediterraneibacter],Bin 35,6
WP_020436767.1,MULTISPECIES: PTS transporter subunit EIIC [Mediterraneibacter],Bin 35,6
WP_020437089.1,MULTISPECIES: FadR/GntR family transcriptional regulator [Mediterraneibacter],Bin 35,6
WP_020437102.1,class B sortase [[Ruminococcus] torques],Bin 35,6
WP_020437111.1,MULTISPECIES: trans-sulfuration enzyme family protein [Mediterraneibacter],Bin 35,6
WP_020437192.1,MULTISPECIES: LytR/AlgR family response regulator transcription factor [Mediterraneibacter],Bin 35,6
WP_054751607.1,MULTISPECIES: LacI family DNA-binding transcriptional regulator [Mediterraneibacter],Bin 35,6
WP_054751609.1,MULTISPECIES: galactitol-1-phosphate 5-dehydrogenase [Mediterraneibacter],Bin 35,6
WP_055145980.1,MULTISPECIES: xylulokinase [Mediterraneibacter],Bin 35,6
WP_055145983.1,MULTISPECIES: class II fructose-bisphosphate aldolase [Mediterraneibacter],Bin 35,6
WP_055145992.1,MULTISPECIES: RNA polymerase sporulation sigma factor SigF [Mediterraneibacter],Bin 35,6
WP_055156576.1,L-lactate dehydrogenase [[Ruminococcus] torques],Bin 35,6
WP_055157601.1,MULTISPECIES: stage V sporulation protein AA [Mediterraneibacter],Bin 35,6
WP_055157950.1,MULTISPECIES: ABC transporter ATP-binding protein [Mediterraneibacter],Bin 35,6
WP_055158219.1,MULTISPECIES: hypothetical protein [Mediterraneibacter],Bin 35,6
WP_055158357.1,MULTISPECIES: sucrose-6-phosphate hydrolase [Mediterraneibacter],Bin 35,6
WP_055158417.1,MULTISPECIES: hypothetical protein [Mediterraneibacter],Bin 35,6
WP_117890077.1,MULTISPECIES: PTS fructose transporter subunit IIABC [Mediterraneibacter],Bin 35,6
WP_117890312.1,MULTISPECIES: FMN-binding protein [Mediterraneibacter],Bin 35,6
WP_117890313.1,MULTISPECIES: FAD:protein FMN transferase [Mediterraneibacter],Bin 35,6
WP_330378342.1,DUF6070 family protein [[Ruminococcus] torques],Bin 35,6
WP_003693048.1,MULTISPECIES: response regulator transcription factor [Bacillota],Bin 36,4
WP_006858455.1,MULTISPECIES: MarR family winged helix-turn-helix transcriptional regulator [Bacteria],Bin 36,4
WP_015528240.1,MULTISPECIES: flavodoxin family protein [Mediterraneibacter],Bin 36,4
WP_015528250.1,MULTISPECIES: zinc-binding dehydrogenase [Mediterraneibacter],Bin 36,4
WP_020436242.1,MULTISPECIES: VOC family protein [Mediterraneibacter],Bin 36,4
WP_020436243.1,MULTISPECIES: sensor histidine kinase [Mediterraneibacter],Bin 36,4
WP_020436511.1,IclR family transcriptional regulator [[Ruminococcus] torques],Bin 36,4
WP_020436512.1,MULTISPECIES: thiamine pyrophosphate-dependent enzyme [Mediterraneibacter],Bin 36,4
WP_020436513.1,MULTISPECIES: xanthine dehydrogenase family protein subunit M [Mediterraneibacter],Bin 36,4
WP_020436514.1,DASS family sodium-coupled anion symporter [[Ruminococcus] torques],Bin 36,4
WP_020436515.1,MULTISPECIES: RpiB/LacA/LacB family sugar-phosphate isomerase [Mediterraneibacter],Bin 36,4
WP_020436517.1,MULTISPECIES: 3-oxoacyl-ACP reductase FabG [Mediterraneibacter],Bin 36,4
WP_020436518.1,MULTISPECIES: class I adenylate-forming enzyme family protein [Mediterraneibacter],Bin 36,4
WP_020437243.1,MULTISPECIES: hypothetical protein [Mediterraneibacter],Bin 36,4
WP_055053943.1,MULTISPECIES: CDP-alcohol phosphatidyltransferase family protein [Lachnospiraceae],Bin 36,4
WP_055157595.1,MULTISPECIES: glucose 1-dehydrogenase [Mediterraneibacter],Bin 36,4
WP_055157878.1,MULTISPECIES: phospholipase D family protein [Mediterraneibacter],Bin 36,4
WP_055157880.1,HAMP domain-containing sensor histidine kinase [[Ruminococcus] torques],Bin 36,4
WP_055157947.1,alpha/beta hydrolase [[Ruminococcus] torques],Bin 36,4
WP_055166963.1,MULTISPECIES: FUSC family protein [Lachnospiraceae],Bin 36,4
WP_181980112.1,MULTISPECIES: hypothetical protein [Mediterraneibacter],Bin 36,4
WP_208913286.1,LytR/AlgR family response regulator transcription factor  partial [[Ruminococcus] torques],Bin 36,4
WP_227188943.1,MULTISPECIES: molybdopterin cofactor-binding domain-containing protein [Mediterraneibacter],Bin 36,4
WP_242863988.1,hypothetical protein [[Ruminococcus] torques],Bin 36,4
WP_071144368.1,MULTISPECIES: ParM/StbA family protein [Lachnospiraceae],Bin 37,2
WP_071144372.1,MULTISPECIES: DUF3847 domain-containing protein [Lachnospiraceae],Bin 37,2
WP_071144373.1,MULTISPECIES: carbohydrate binding domain-containing protein [Lachnospiraceae],Bin 37,2
WP_071144374.1,MULTISPECIES: alpha-amylase family glycosyl hydrolase [Lachnospiraceae],Bin 37,2
WP_071144375.1,MULTISPECIES: deoxyribose-phosphate aldolase [Lachnospiraceae],Bin 37,2
WP_071144376.1,MULTISPECIES: Gfo/Idh/MocA family protein [Lachnospiraceae],Bin 37,2
WP_071144377.1,MULTISPECIES: alcohol dehydrogenase catalytic domain-containing protein [Lachnospiraceae],Bin 37,2
WP_071144378.1,MULTISPECIES: Gfo/Idh/MocA family oxidoreductase [Lachnospiraceae],Bin 37,2
WP_071144383.1,MULTISPECIES: hypothetical protein [Lachnospiraceae],Bin 37,2
WP_071144385.1,MULTISPECIES: ABC transporter ATP-binding protein [Lachnospiraceae],Bin 37,2
WP_071144758.1,MULTISPECIES: MobQ family relaxase [Lachnospiraceae],Bin 37,2
WP_071144759.1,MULTISPECIES: uroporphyrinogen decarboxylase family protein [Lachnospiraceae],Bin 37,2
WP_071144760.1,MULTISPECIES: ABC transporter permease [Lachnospiraceae],Bin 37,2
WP_083382833.1,MULTISPECIES: helix-turn-helix transcriptional regulator [Lachnospiraceae],Bin 37,2
WP_118227568.1,MULTISPECIES: DeoR/GlpR family DNA-binding transcription regulator [Mediterraneibacter],Bin 37,2
WP_118227569.1,MULTISPECIES: xylulokinase [Mediterraneibacter],Bin 37,2
WP_118227570.1,MULTISPECIES: ABC transporter permease [Mediterraneibacter],Bin 37,2
WP_118227571.1,MULTISPECIES: ABC transporter substrate-binding protein [Mediterraneibacter],Bin 37,2
WP_162841123.1,MULTISPECIES: hypothetical protein [Lachnospiraceae],Bin 37,2
WP_207744723.1,MULTISPECIES: hypothetical protein [Lachnospiraceae],Bin 37,2
WP_227077107.1,MULTISPECIES: ATP-binding protein [Lachnospiraceae],Bin 37,2
WP_270621381.1,MULTISPECIES: replication initiator protein A [Mediterraneibacter],Bin 37,2
WP_413081717.1,tetratricopeptide repeat protein [[Ruminococcus] torques],Bin 37,2
WP_015527711.1,MULTISPECIES: type II toxin-antitoxin system RelE/ParE family toxin [Bacteria],Bin 38,4
WP_015527712.1,MULTISPECIES: type II toxin-antitoxin system RelB/DinJ family antitoxin [Bacillota],Bin 38,4
WP_015528346.1,MULTISPECIES: acetyl-CoA carboxylase biotin carboxyl carrier protein [Mediterraneibacter],Bin 38,4
WP_015529695.1,MULTISPECIES: metal-dependent transcriptional regulator [Mediterraneibacter],Bin 38,4
WP_020436296.1,MULTISPECIES: helix-turn-helix domain-containing protein [Mediterraneibacter],Bin 38,4
WP_055061814.1,MULTISPECIES: DUF1847 domain-containing protein [Lachnospiraceae],Bin 38,4
WP_055145952.1,MULTISPECIES: hypothetical protein [Mediterraneibacter],Bin 38,4
WP_055146640.1,MULTISPECIES: sugar O-acetyltransferase [Mediterraneibacter],Bin 38,4
WP_055147359.1,MULTISPECIES: polyphosphate kinase 1 [Mediterraneibacter],Bin 38,4
WP_055147522.1,MULTISPECIES: nitroreductase [Mediterraneibacter],Bin 38,4
WP_055147589.1,HD domain-containing protein [[Ruminococcus] torques],Bin 38,4
WP_055147592.1,MULTISPECIES: PhoH family protein [Mediterraneibacter],Bin 38,4
WP_055148725.1,M48 family metallopeptidase [[Ruminococcus] torques],Bin 38,4
WP_055156880.1,MULTISPECIES: MerR family transcriptional regulator [Mediterraneibacter],Bin 38,4
WP_055158316.1,MULTISPECIES: hypothetical protein [Mediterraneibacter],Bin 38,4
WP_055158322.1,cation:proton antiporter [[Ruminococcus] torques],Bin 38,4
WP_055170963.1,MULTISPECIES: MarR family winged helix-turn-helix transcriptional regulator [Mediterraneibacter],Bin 38,4
WP_055173165.1,MULTISPECIES: TetR/AcrR family transcriptional regulator [Mediterraneibacter],Bin 38,4
WP_207642162.1,MULTISPECIES: DUF1254 domain-containing protein [Mediterraneibacter],Bin 38,4
WP_208913220.1,MULTISPECIES: hypothetical protein [Mediterraneibacter],Bin 38,4
WP_226861416.1,MULTISPECIES: MerR family transcriptional regulator [Mediterraneibacter],Bin 38,4
WP_226901264.1,MULTISPECIES: hypothetical protein [Mediterraneibacter],Bin 38,4
WP_002349498.1,MULTISPECIES: SHOCT domain-containing protein [Bacillota],Bin 39,3
WP_002349512.1,MULTISPECIES: major tail protein [Bacillota],Bin 39,3
WP_009320819.1,MULTISPECIES: hypothetical protein [Bacillota],Bin 39,3
WP_055158998.1,phage head closure protein [[Ruminococcus] torques],Bin 39,3
WP_055159000.1,MULTISPECIES: HK97-gp10 family putative phage morphogenesis protein [Clostridia],Bin 39,3
WP_055159002.1,MULTISPECIES: hypothetical protein [Clostridia],Bin 39,3
WP_055159006.1,phage tail protein [[Ruminococcus] torques],Bin 39,3
WP_055159008.1,MULTISPECIES: distal tail protein Dit [Clostridia],Bin 39,3
WP_055159010.1,phage tail spike protein [[Ruminococcus] torques],Bin 39,3
WP_055159012.1,MULTISPECIES: hypothetical protein [Bacillota],Bin 39,3
WP_055159014.1,glycosyl hydrolase family 18 protein [[Ruminococcus] torques],Bin 39,3
WP_055159016.1,N-acetylmuramoyl-L-alanine amidase [[Ruminococcus] torques],Bin 39,3
WP_055159019.1,MULTISPECIES: RNA polymerase subunit sigma-70 [Clostridia],Bin 39,3
WP_055159023.1,helix-turn-helix domain-containing protein [[Ruminococcus] torques],Bin 39,3
WP_055159025.1,hypothetical protein [[Ruminococcus] torques],Bin 39,3
WP_055159032.1,MULTISPECIES: phage holin family protein [Clostridia],Bin 39,3
WP_055159447.1,hypothetical protein [[Ruminococcus] torques],Bin 39,3
WP_242854679.1,N-6 DNA methylase [[Ruminococcus] torques],Bin 39,3
WP_412224614.1,recombinase family protein [[Ruminococcus] torques],Bin 39,3
WP_412224615.1,recombinase family protein [[Ruminococcus] torques],Bin 39,3
WP_004847614.1,MULTISPECIES: RrF2 family transcriptional regulator [Mediterraneibacter],Bin 40,21
WP_004847616.1,MULTISPECIES: hypothetical protein [Clostridia],Bin 40,21
WP_004847618.1,MULTISPECIES: iron-containing alcohol dehydrogenase [Clostridia],Bin 40,21
WP_004847619.1,MULTISPECIES: MerR family transcriptional regulator [Clostridia],Bin 40,21
WP_004847626.1,MULTISPECIES: secondary thiamine-phosphate synthase enzyme YjbQ [Clostridia],Bin 40,21
WP_004847628.1,MULTISPECIES: amidohydrolase family protein [Clostridia],Bin 40,21
WP_004847643.1,MULTISPECIES: SIS domain-containing protein [Clostridia],Bin 40,21
WP_009242988.1,MULTISPECIES: fructoselysine 6-kinase [Mediterraneibacter],Bin 40,21
WP_009242989.1,MULTISPECIES: hypothetical protein [Clostridia],Bin 40,21
WP_009242990.1,MULTISPECIES: HAD family hydrolase [Clostridia],Bin 40,21
WP_022003027.1,class C sortase [[Ruminococcus] torques],Bin 40,21
WP_118188808.1,LPXTG cell wall anchor domain-containing protein [[Ruminococcus] torques],Bin 40,21
WP_227182399.1,MULTISPECIES: PfkB family carbohydrate kinase [Clostridia],Bin 40,21
WP_227182400.1,cyclase family protein [[Ruminococcus] torques],Bin 40,21
WP_306542294.1,sugar phosphate isomerase/epimerase family protein [[Ruminococcus] torques],Bin 40,21
WP_306542295.1,BtpA/SgcQ family protein [[Ruminococcus] torques],Bin 40,21
WP_412208142.1,anaerobic C4-dicarboxylate transporter family protein [[Ruminococcus] torques],Bin 40,21
WP_412224578.1,FGGY-family carbohydrate kinase [[Ruminococcus] torques],Bin 40,21
WP_412224580.1,MFS transporter [[Ruminococcus] torques],Bin 40,21
WP_004846125.1,MULTISPECIES: ABC transporter ATP-binding protein [Mediterraneibacter],Bin 40,20
WP_009242230.1,MULTISPECIES: YkgJ family cysteine cluster protein [Mediterraneibacter],Bin 41,21
WP_009242623.1,MULTISPECIES: hypothetical protein [Mediterraneibacter],Bin 41,21
WP_009242946.1,MULTISPECIES: Gfo/Idh/MocA family protein [Clostridia],Bin 41,21
WP_009243242.1,MULTISPECIES: phosphate ABC transporter permease subunit PstC [Mediterraneibacter],Bin 41,21
WP_009319829.1,MULTISPECIES: VanZ family protein [Mediterraneibacter],Bin 41,21
WP_009319845.1,MULTISPECIES: spore coat protein [Mediterraneibacter],Bin 41,21
WP_009320448.1,MULTISPECIES: N-acetylmuramoyl-L-alanine amidase family protein [Mediterraneibacter],Bin 41,21
WP_009320583.1,MULTISPECIES: ATP-binding cassette domain-containing protein [Mediterraneibacter],Bin 41,21
WP_009320646.1,MULTISPECIES: lysophospholipid acyltransferase family protein [Mediterraneibacter],Bin 41,21
WP_009320718.1,MULTISPECIES: tRNA dihydrouridine synthase [Mediterraneibacter],Bin 41,21
WP_009321001.1,MULTISPECIES: protein translocase subunit SecDF [Mediterraneibacter],Bin 41,21
WP_009321436.1,MULTISPECIES: carbohydrate ABC transporter permease [Mediterraneibacter],Bin 41,21
WP_022003054.1,MULTISPECIES: bifunctional ADP-dependent NAD(P)H-hydrate dehydratase/NAD(P)H-hydrate epimerase [Mediterraneibacter],Bin 41,21
WP_022037896.1,MULTISPECIES: RidA family protein [Mediterraneibacter],Bin 41,21
WP_118188505.1,peptidoglycan D D-transpeptidase FtsI family protein [[Ruminococcus] torques],Bin 41,21
WP_227070248.1,hypothetical protein  partial [[Ruminococcus] torques],Bin 41,21
WP_270621114.1,delta-lactam-biosynthetic de-N-acetylase [[Ruminococcus] torques],Bin 41,21
WP_270621212.1,TatD family hydrolase [[Ruminococcus] torques],Bin 41,21
WP_009243143.1,MULTISPECIES: hypothetical protein [Mediterraneibacter],Bin 41,20
WP_020436268.1,MULTISPECIES: 1-deoxy-D-xylulose-5-phosphate synthase [Mediterraneibacter],Bin 42,6
WP_020436695.1,MULTISPECIES: SDR family NAD(P)-dependent oxidoreductase [Mediterraneibacter],Bin 42,6
WP_055145375.1,ABC transporter permease [[Ruminococcus] torques],Bin 42,6
WP_055146481.1,MULTISPECIES: MarR family winged helix-turn-helix transcriptional regulator [Mediterraneibacter],Bin 42,6
WP_055146603.1,response regulator [[Ruminococcus] torques],Bin 42,6
WP_055146637.1,DUF6054 family protein [[Ruminococcus] torques],Bin 42,6
WP_055148407.1,MULTISPECIES: hypothetical protein [Mediterraneibacter],Bin 42,6
WP_055148718.1,5'-nucleotidase [[Ruminococcus] torques],Bin 42,6
WP_055156568.1,MULTISPECIES: ABC transporter ATP-binding protein [Mediterraneibacter],Bin 42,6
WP_055156607.1,damage-control phosphatase ARMT1 family protein [[Ruminococcus] torques],Bin 42,6
WP_055157378.1,glycerate kinase [[Ruminococcus] torques],Bin 42,6
WP_055157833.1,MULTISPECIES: ABC transporter substrate-binding protein [Mediterraneibacter],Bin 42,6
WP_055157915.1,MULTISPECIES: LacI family DNA-binding transcriptional regulator [Mediterraneibacter],Bin 42,6
WP_081021272.1,MULTISPECIES: FtsW/RodA/SpoVE family cell cycle protein [Mediterraneibacter],Bin 42,6
WP_117890428.1,MULTISPECIES: lipopolysaccharide biosynthesis protein [Mediterraneibacter],Bin 42,6
WP_117890630.1,MULTISPECIES: RsmF rRNA methyltransferase first C-terminal domain-containing protein [Mediterraneibacter],Bin 42,6
WP_117890828.1,MULTISPECIES: GtrA family protein [Mediterraneibacter],Bin 42,6
WP_117890833.1,MULTISPECIES: MATE family efflux transporter [Mediterraneibacter],Bin 42,6
WP_243132272.1,MULTISPECIES: RhuM family protein [Mediterraneibacter],Bin 42,6
WP_412208637.1,hypothetical protein [[Ruminococcus] torques],Bin 43,2
WP_412208640.1,ATP-binding cassette domain-containing protein [[Ruminococcus] torques],Bin 43,2
WP_412208794.1,bacteriophage abortive infection AbiH family protein [[Ruminococcus] torques],Bin 43,2
WP_412208864.1,hypothetical protein [[Ruminococcus] torques],Bin 43,2
WP_412208899.1,GDSL-type esterase/lipase family protein [[Ruminococcus] torques],Bin 43,2
WP_412208901.1,glycosyl hydrolase 115 family protein [[Ruminococcus] torques],Bin 43,2
WP_412208903.1,carbohydrate ABC transporter permease [[Ruminococcus] torques],Bin 43,2
WP_412208905.1,carbohydrate ABC transporter permease [[Ruminococcus] torques],Bin 43,2
WP_412208907.1,ABC transporter substrate-binding protein [[Ruminococcus] torques],Bin 43,2
WP_412208909.1,response regulator transcription factor [[Ruminococcus] torques],Bin 43,2
WP_412208911.1,sensor histidine kinase [[Ruminococcus] torques],Bin 43,2
WP_412208913.1,helix-turn-helix domain-containing protein [[Ruminococcus] torques],Bin 43,2
WP_412208915.1,mannonate dehydratase [[Ruminococcus] torques],Bin 43,2
WP_412208917.1,mannitol dehydrogenase family protein [[Ruminococcus] torques],Bin 43,2
WP_412208919.1,glucuronate isomerase [[Ruminococcus] torques],Bin 43,2
WP_412208921.1,bifunctional 4-hydroxy-2-oxoglutarate aldolase/2-dehydro-3-deoxy-phosphogluconate aldolase [[Ruminococcus] torques],Bin 43,2
WP_412208923.1,sugar kinase [[Ruminococcus] torques],Bin 43,2
WP_412208941.1,hypothetical protein  partial [[Ruminococcus] torques],Bin 43,2
WP_412208956.1,ABC transporter ATP-binding protein [[Ruminococcus] torques],Bin 43,2
WP_055156453.1,sugar transferase [[Ruminococcus] torques],Bin 44,6
WP_055156603.1,MULTISPECIES: transglutaminase-like domain-containing protein [Lachnospiraceae],Bin 44,6
WP_055156947.1,MULTISPECIES: DUF5688 family protein [Lachnospiraceae],Bin 44,6
WP_055156949.1,SpaA isopeptide-forming pilin-related protein [[Ruminococcus] torques],Bin 44,6
WP_055157082.1,MULTISPECIES: ABC transporter ATP-binding protein [Mediterraneibacter],Bin 44,6
WP_055157085.1,MULTISPECIES: RNA polymerase sigma factor [Mediterraneibacter],Bin 44,6
WP_055158391.1,guanosine polyphosphate pyrophosphohydrolase [[Ruminococcus] torques],Bin 44,6
WP_055158443.1,MULTISPECIES: GyrI-like domain-containing protein [Mediterraneibacter],Bin 44,6
WP_055172752.1,hypothetical protein [[Ruminococcus] torques],Bin 44,6
WP_081019552.1,cache domain-containing sensor histidine kinase [[Ruminococcus] torques],Bin 44,6
WP_117539254.1,MULTISPECIES: sporulation initiation factor Spo0A C-terminal domain-containing protein [Mediterraneibacter],Bin 44,6
WP_117579628.1,MULTISPECIES: NCS1 family nucleobase:cation symporter-1 [Mediterraneibacter],Bin 44,6
WP_117889844.1,MULTISPECIES: DUF554 domain-containing protein [Mediterraneibacter],Bin 44,6
WP_117890156.1,MULTISPECIES: BMP family protein [Mediterraneibacter],Bin 44,6
WP_117890158.1,MULTISPECIES: response regulator transcription factor [Mediterraneibacter],Bin 44,6
WP_117890449.1,regulatory protein RecX [[Ruminococcus] torques],Bin 44,6
WP_117890932.1,MULTISPECIES: peptidase T [Mediterraneibacter],Bin 44,6
WP_227182662.1,MULTISPECIES: hypothetical protein [Mediterraneibacter],Bin 44,6
WP_242865846.1,MULTISPECIES: PLP-dependent aminotransferase family protein [Mediterraneibacter],Bin 44,6
WP_004847983.1,MULTISPECIES: PqqD family protein [Mediterraneibacter],Bin 45,20
WP_004847991.1,MULTISPECIES: zinc dependent phospholipase C family protein [Mediterraneibacter],Bin 45,20
WP_004847995.1,MULTISPECIES: ABC transporter permease [Mediterraneibacter],Bin 45,20
WP_004848005.1,MULTISPECIES: inorganic diphosphatase [Mediterraneibacter],Bin 45,20
WP_004848007.1,MULTISPECIES: phasin family protein [Mediterraneibacter],Bin 45,20
WP_004848010.1,MULTISPECIES: diacylglycerol kinase family protein [Mediterraneibacter],Bin 45,20
WP_004848013.1,MULTISPECIES: SseB family protein [Mediterraneibacter],Bin 45,20
WP_004848015.1,MULTISPECIES: GNAT family N-acetyltransferase [Mediterraneibacter],Bin 45,20
WP_004848025.1,MULTISPECIES: AAA family ATPase [Mediterraneibacter],Bin 45,20
WP_004848033.1,MULTISPECIES: AAA family ATPase [Mediterraneibacter],Bin 45,20
WP_004848035.1,MULTISPECIES: hypothetical protein [Mediterraneibacter],Bin 45,20
WP_009320019.1,hypothetical protein [[Ruminococcus] torques],Bin 45,20
WP_022003014.1,MarR family winged helix-turn-helix transcriptional regulator [[Ruminococcus] torques],Bin 45,20
WP_118188492.1,MFS transporter [[Ruminococcus] torques],Bin 45,20
WP_118188493.1,Na/Pi cotransporter family protein [[Ruminococcus] torques],Bin 45,20
WP_278360784.1,type III toxin-antitoxin system ToxN/AbiQ family toxin [[Ruminococcus] torques],Bin 45,20
WP_278885144.1,S24/S26 family peptidase [[Ruminococcus] torques],Bin 45,20
WP_306542271.1,ABC1 kinase family protein [[Ruminococcus] torques],Bin 45,20
WP_412578140.1,ABC transporter permease [[Ruminococcus] torques],Bin 45,20
WP_006427785.1,MULTISPECIES: dihydrodipicolinate synthase family protein [Clostridia],Bin 46,3
WP_006858431.1,MULTISPECIES: FtsX-like permease family protein [Bacillota],Bin 46,3
WP_015528547.1,MULTISPECIES: DUF4825 domain-containing protein [Mediterraneibacter],Bin 46,3
WP_015529449.1,MULTISPECIES: sodium:solute symporter [Mediterraneibacter],Bin 46,3
WP_015529478.1,MULTISPECIES: Rpn family recombination-promoting nuclease/putative transposase [Mediterraneibacter],Bin 46,3
WP_055156737.1,MULTISPECIES: BspA family leucine-rich repeat surface protein [Mediterraneibacter],Bin 46,3
WP_055156739.1,MULTISPECIES: MATE family efflux transporter [Mediterraneibacter],Bin 46,3
WP_055156741.1,MULTISPECIES: zinc-ribbon domain-containing protein [Mediterraneibacter],Bin 46,3
WP_055157290.1,MULTISPECIES: N-acetylglucosamine-6-phosphate deacetylase [Mediterraneibacter],Bin 46,3
WP_055157292.1,MULTISPECIES: MurR/RpiR family transcriptional regulator [Lachnospiraceae],Bin 46,3
WP_055157296.1,MULTISPECIES: glucosamine-6-phosphate deaminase [Clostridia],Bin 46,3
WP_055157330.1,MULTISPECIES: ROK family protein [Lachnospiraceae],Bin 46,3
WP_055157809.1,MULTISPECIES: LytTR family transcriptional regulator DNA-binding domain-containing protein [Mediterraneibacter],Bin 46,3
WP_055157890.1,MULTISPECIES: DUF1016 N-terminal domain-containing protein [Mediterraneibacter],Bin 46,3
WP_055157976.1,SIR2 family NAD-dependent protein deacylase [[Ruminococcus] torques],Bin 46,3
WP_055158409.1,ABC transporter ATP-binding protein [[Ruminococcus] torques],Bin 46,3
WP_055171843.1,MULTISPECIES: N-acetylmannosamine-6-phosphate 2-epimerase [Mediterraneibacter],Bin 46,3
WP_055171845.1,MULTISPECIES: YhcH/YjgK/YiaL family protein [Mediterraneibacter],Bin 46,3
WP_242863979.1,hypothetical protein [[Ruminococcus] torques],Bin 46,3
WP_004845009.1,MULTISPECIES: J domain-containing protein [Mediterraneibacter],Bin 47,21
WP_004845874.1,MULTISPECIES: prolipoprotein diacylglyceryl transferase [Mediterraneibacter],Bin 47,21
WP_004846021.1,QueT transporter family protein [[Ruminococcus] torques],Bin 47,21
WP_004846055.1,MULTISPECIES: pyridoxamine kinase [Mediterraneibacter],Bin 47,21
WP_004846091.1,MULTISPECIES: TrkH family potassium uptake protein [Mediterraneibacter],Bin 47,21
WP_004846272.1,MULTISPECIES: LrgB family protein [Mediterraneibacter],Bin 47,21
WP_004846481.1,fructose-bisphosphatase class III [[Ruminococcus] torques],Bin 47,21
WP_009320699.1,MULTISPECIES: YigZ family protein [Mediterraneibacter],Bin 47,21
WP_118188543.1,tRNA pseudouridine(38-40) synthase TruA [[Ruminococcus] torques],Bin 47,21
WP_227182549.1,FAD-dependent oxidoreductase [[Ruminococcus] torques],Bin 47,21
WP_238094800.1,rod shape-determining protein MreC [[Ruminococcus] torques],Bin 47,21
WP_238102307.1,type II secretion system F family protein [[Ruminococcus] torques],Bin 47,21
WP_278607434.1,discoidin domain-containing protein [[Ruminococcus] torques],Bin 47,21
WP_278607473.1,hypothetical protein  partial [[Ruminococcus] torques],Bin 47,21
WP_302242058.1,Ig-like domain-containing protein [[Ruminococcus] torques],Bin 47,21
WP_317648655.1,glycosyl hydrolase family 95 catalytic domain-containing protein [[Ruminococcus] torques],Bin 47,21
WP_412208193.1,Ig-like domain-containing protein [[Ruminococcus] torques],Bin 47,21
WP_412578117.1,LTA synthase family protein [[Ruminococcus] torques],Bin 47,21
WP_004848272.1,MULTISPECIES: WXG100 family type VII secretion target [Mediterraneibacter],Bin 47,20
WP_009320769.1,DUF1837 domain-containing protein [[Ruminococcus] torques],Bin 48,9
WP_009320828.1,N-acetylmuramoyl-L-alanine amidase [[Ruminococcus] torques],Bin 48,9
WP_009320831.1,hypothetical protein [[Ruminococcus] torques],Bin 48,9
WP_009320832.1,hypothetical protein [[Ruminococcus] torques],Bin 48,9
WP_009320833.1,phage tail spike protein [[Ruminococcus] torques],Bin 48,9
WP_009320835.1,phage tail tape measure protein [[Ruminococcus] torques],Bin 48,9
WP_009320836.1,MULTISPECIES: hypothetical protein [Lachnospiraceae],Bin 48,9
WP_009320837.1,hypothetical protein [[Ruminococcus] torques],Bin 48,9
WP_009320838.1,major tail protein [[Ruminococcus] torques],Bin 48,9
WP_009320839.1,hypothetical protein [[Ruminococcus] torques],Bin 48,9
WP_009320840.1,hypothetical protein [[Ruminococcus] torques],Bin 48,9
WP_009320841.1,phage head closure protein [[Ruminococcus] torques],Bin 48,9
WP_009320842.1,head-tail connector protein [[Ruminococcus] torques],Bin 48,9
WP_118188729.1,holin family protein [[Ruminococcus] torques],Bin 48,9
WP_118188730.1,glycosyl hydrolase family 18 protein [[Ruminococcus] torques],Bin 48,9
WP_243035272.1,phage major capsid protein [[Ruminococcus] torques],Bin 48,9
WP_278607389.1,distal tail protein Dit [[Ruminococcus] torques],Bin 48,9
WP_412577835.1,recombinase family protein [[Ruminococcus] torques],Bin 48,9
WP_002590583.1,MULTISPECIES: helix-turn-helix domain-containing protein [Bacteria],Bin 49,2
WP_005933780.1,MULTISPECIES: DUF4315 family protein [Bacillota],Bin 49,2
WP_015528443.1,MULTISPECIES: helix-turn-helix domain-containing protein [Bacillota],Bin 49,2
WP_015528444.1,MULTISPECIES: energy-coupling factor transporter transmembrane component T [Clostridia],Bin 49,2
WP_015528449.1,MULTISPECIES: hypothetical protein [Bacillota],Bin 49,2
WP_015529201.1,relaxase/mobilization nuclease domain-containing protein [[Ruminococcus] torques],Bin 49,2
WP_015529211.1,hypothetical protein [[Ruminococcus] torques],Bin 49,2
WP_015535748.1,MULTISPECIES: MptD family putative ECF transporter S component [Bacillota],Bin 49,2
WP_032510607.1,MULTISPECIES: PrgI family protein [Clostridia],Bin 49,2
WP_055222064.1,MULTISPECIES: class I SAM-dependent methyltransferase [Bacillota],Bin 49,2
WP_055222066.1,MULTISPECIES: Gfo/Idh/MocA family oxidoreductase [Bacillota],Bin 49,2
WP_055238779.1,MULTISPECIES: ABC transporter ATP-binding protein [Lachnospiraceae],Bin 49,2
WP_074138976.1,MULTISPECIES: DUF4366 domain-containing protein [Clostridia],Bin 49,2
WP_118721479.1,MULTISPECIES: NmrA family NAD(P)-binding protein [Bacillota],Bin 49,2
WP_138344131.1,MULTISPECIES: amino acid adenylation domain-containing protein [Bacillota],Bin 49,2
WP_171030276.1,MULTISPECIES: non-ribosomal peptide synthetase [Bacillota],Bin 49,2
WP_412616317.1,DNA topoisomerase 3 [[Ruminococcus] torques],Bin 49,2
WP_412616335.1,CD1108 family mobile element protein [[Ruminococcus] torques],Bin 49,2
WP_009320286.1,MULTISPECIES: hypothetical protein [Clostridia],Bin 50,2
WP_009320287.1,MULTISPECIES: CatB-related O-acetyltransferase [Clostridia],Bin 50,2
WP_009320288.1,MULTISPECIES: CD3324 family protein [Bacillota],Bin 50,2
WP_009320289.1,helix-turn-helix transcriptional regulator [[Ruminococcus] torques],Bin 50,2
WP_009320290.1,MULTISPECIES: lysozyme family protein [Clostridia],Bin 50,2
WP_009320295.1,MULTISPECIES: DUF6075 family protein [Clostridia],Bin 50,2
WP_009320296.1,MULTISPECIES: DNA-methyltransferase [Clostridia],Bin 50,2
WP_009320298.1,PrgI family protein [[Ruminococcus] torques],Bin 50,2
WP_009320299.1,MULTISPECIES: hypothetical protein [Clostridia],Bin 50,2
WP_009320301.1,MULTISPECIES: MT-A70 family methyltransferase [Clostridia],Bin 50,2
WP_009320305.1,MULTISPECIES: hypothetical protein [Clostridia],Bin 50,2
WP_009320306.1,MULTISPECIES: DUF3991 and TOPRIM domain-containing protein [Clostridia],Bin 50,2
WP_009320307.1,MULTISPECIES: hypothetical protein [Clostridia],Bin 50,2
WP_009320308.1,MULTISPECIES: hypothetical protein [Clostridia],Bin 50,2
WP_009320309.1,MULTISPECIES: DUF6664 family protein [Clostridia],Bin 50,2
WP_009320318.1,MULTISPECIES: hypothetical protein [Clostridia],Bin 50,2
WP_370741841.1,class B sortase [[Ruminococcus] torques],Bin 50,2
WP_412594588.1,LPD25 domain-containing protein [[Ruminococcus] torques],Bin 50,2
WP_055157075.1,MULTISPECIES: glycoside hydrolase family 13 protein [Mediterraneibacter],Bin 51,2
WP_055157088.1,ABC transporter permease [[Ruminococcus] torques],Bin 51,2
WP_055157090.1,MULTISPECIES: ABC transporter ATP-binding protein [Lachnospiraceae],Bin 51,2
WP_055157092.1,MULTISPECIES: sensor histidine kinase [Bacillota],Bin 51,2
WP_055157094.1,MULTISPECIES: response regulator transcription factor [Mediterraneibacter],Bin 51,2
WP_055157811.1,MULTISPECIES: hypothetical protein [Mediterraneibacter],Bin 51,2
WP_055157813.1,MULTISPECIES: hypothetical protein [Mediterraneibacter],Bin 51,2
WP_055158266.1,MULTISPECIES: DUF4956 domain-containing protein [Lachnospiraceae],Bin 51,2
WP_055158271.1,MULTISPECIES: CotH kinase family protein [Mediterraneibacter],Bin 51,2
WP_055158272.1,MULTISPECIES: exopolysaccharide Pel transporter PelG [Mediterraneibacter],Bin 51,2
WP_055158274.1,MULTISPECIES: GT4 family glycosyltransferase PelF [Mediterraneibacter],Bin 51,2
WP_055158276.1,MULTISPECIES: hypothetical protein [Mediterraneibacter],Bin 51,2
WP_081019668.1,MULTISPECIES: polyphosphate polymerase domain-containing protein [Mediterraneibacter],Bin 51,2
WP_117889850.1,MULTISPECIES: hypothetical protein [Mediterraneibacter],Bin 51,2
WP_117889927.1,MULTISPECIES: family 43 glycosylhydrolase [Mediterraneibacter],Bin 51,2
WP_117890476.1,MULTISPECIES: DUF3791 domain-containing protein [Mediterraneibacter],Bin 51,2
WP_243132291.1,MULTISPECIES: DUF2194 domain-containing protein [Mediterraneibacter],Bin 51,2
WP_420341562.1,DEAD/DEAH box helicase family protein [[Ruminococcus] torques],Bin 51,2
WP_195942229.1,MULTISPECIES: zinc-binding dehydrogenase [Mediterraneibacter],Bin 52,21
WP_004845131.1,MULTISPECIES: YlmH/Sll1252 family protein [Mediterraneibacter],Bin 52,20
WP_004845134.1,MULTISPECIES: AAA family ATPase [Mediterraneibacter],Bin 52,20
WP_004845722.1,MULTISPECIES: FeoB-associated Cys-rich membrane protein [Mediterraneibacter],Bin 52,20
WP_004847650.1,MULTISPECIES: glycoside hydrolase family 1 protein [Clostridia],Bin 52,20
WP_004847651.1,MULTISPECIES: PTS glucose transporter subunit IIA [Clostridia],Bin 52,20
WP_004847652.1,MULTISPECIES: PTS transporter subunit EIIC [Clostridia],Bin 52,20
WP_004847655.1,MULTISPECIES: type II toxin-antitoxin system RelE/ParE family toxin [Mediterraneibacter],Bin 52,20
WP_004847656.1,MULTISPECIES: type II toxin-antitoxin system RelB/DinJ family antitoxin [Clostridia],Bin 52,20
WP_004847658.1,MULTISPECIES: RNA polymerase sigma factor [Mediterraneibacter],Bin 52,20
WP_004847868.1,helix-turn-helix domain-containing protein [[Ruminococcus] torques],Bin 52,20
WP_009319922.1,MULTISPECIES: 6-phospho-beta-glucosidase [Mediterraneibacter],Bin 52,20
WP_022003045.1,[FeFe] hydrogenase H-cluster radical SAM maturase HydE [[Ruminococcus] torques],Bin 52,20
WP_118188553.1,Trk system potassium transporter TrkA [[Ruminococcus] torques],Bin 52,20
WP_118188754.1,helix-turn-helix domain-containing protein [[Ruminococcus] torques],Bin 52,20
WP_227182472.1,SIS domain-containing protein [[Ruminococcus] torques],Bin 52,20
WP_238094759.1,MULTISPECIES: [Fe-Fe] hydrogenase large subunit C-terminal domain-containing protein [Mediterraneibacter],Bin 52,20
WP_412224577.1,PRD domain-containing protein [[Ruminococcus] torques],Bin 52,20
WP_009320884.1,MULTISPECIES: hypothetical protein [Lachnospiraceae],Bin 53,6
WP_009320886.1,MULTISPECIES: type II toxin-antitoxin system PemK/MazF family toxin [Lachnospiraceae],Bin 53,6
WP_009320890.1,MULTISPECIES: SNF2-related protein [Lachnospiraceae],Bin 53,6
WP_009320892.1,VRR-NUC domain-containing protein [[Ruminococcus] torques],Bin 53,6
WP_009320900.1,MULTISPECIES: NUMOD4 domain-containing protein [Lachnospiraceae],Bin 53,6
WP_009320902.1,MULTISPECIES: DUF2815 family protein [Lachnospiraceae],Bin 53,6
WP_009320904.1,MULTISPECIES: DUF2800 domain-containing protein [Lachnospiraceae],Bin 53,6
WP_009320906.1,hypothetical protein [[Ruminococcus] torques],Bin 53,6
WP_009320910.1,HTH domain-containing protein [[Ruminococcus] torques],Bin 53,6
WP_009320914.1,helix-turn-helix transcriptional regulator [[Ruminococcus] torques],Bin 53,6
WP_009320916.1,BlaI/MecI/CopY family transcriptional regulator [[Ruminococcus] torques],Bin 53,6
WP_009320917.1,MULTISPECIES: BlaR1 family beta-lactam sensor/signal transducer [Lachnospiraceae],Bin 53,6
WP_009320919.1,WD40/YVTN/BNR-like repeat-containing protein [[Ruminococcus] torques],Bin 53,6
WP_009320922.1,DUF6070 family protein [[Ruminococcus] torques],Bin 53,6
WP_055159347.1,MULTISPECIES: DNA polymerase [Lachnospiraceae],Bin 53,6
WP_178733622.1,virulence-associated E family protein [[Ruminococcus] torques],Bin 53,6
WP_242854692.1,DUF3825 domain-containing protein [[Ruminococcus] torques],Bin 53,6
WP_242854694.1,DUF4406 domain-containing protein [[Ruminococcus] torques],Bin 53,6
WP_005333775.1,MULTISPECIES: MptD family putative ECF transporter S component [Clostridia],Bin 54,3
WP_015540889.1,MULTISPECIES: ABC transporter ATP-binding protein [Lachnospiraceae],Bin 54,3
WP_015560978.1,MULTISPECIES: AlpA family phage regulatory protein [Clostridia],Bin 54,3
WP_055145763.1,MULTISPECIES: AP2 domain-containing protein [Mediterraneibacter],Bin 54,3
WP_055146343.1,MULTISPECIES: STAS-like domain-containing protein [Mediterraneibacter],Bin 54,3
WP_055146346.1,MULTISPECIES: hypothetical protein [Mediterraneibacter],Bin 54,3
WP_055146612.1,MULTISPECIES: helix-turn-helix domain-containing protein [Mediterraneibacter],Bin 54,3
WP_055146615.1,MULTISPECIES: site-specific integrase [Mediterraneibacter],Bin 54,3
WP_055146812.1,MULTISPECIES: helix-turn-helix domain-containing protein [Lachnospiraceae],Bin 54,3
WP_055146924.1,MobQ family relaxase [[Ruminococcus] torques],Bin 54,3
WP_055146933.1,MULTISPECIES: single-stranded DNA-binding protein [Lachnospiraceae],Bin 54,3
WP_055147289.1,AAA family ATPase [[Ruminococcus] torques],Bin 54,3
WP_172675351.1,MULTISPECIES: hypothetical protein [Lachnospiraceae],Bin 54,3
WP_177974558.1,MULTISPECIES: energy-coupling factor transporter transmembrane component T [Clostridia],Bin 54,3
WP_227159430.1,MULTISPECIES: hypothetical protein [Clostridia],Bin 54,3
WP_373107785.1,ABC-ATPase domain-containing protein [[Ruminococcus] torques],Bin 54,3
WP_373107847.1,methionyl-tRNA formyltransferase [[Ruminococcus] torques],Bin 54,3
WP_022250154.1,MULTISPECIES: plasmid mobilization protein [Clostridia],Bin 55,3
WP_117887968.1,MULTISPECIES: complexin-2 [Lachnospiraceae],Bin 55,3
WP_117887971.1,MULTISPECIES: restriction endonuclease [Mediterraneibacter],Bin 55,3
WP_118108003.1,MULTISPECIES: TIR domain-containing protein [Mediterraneibacter],Bin 55,3
WP_118347254.1,MULTISPECIES: hypothetical protein [Bacillota],Bin 55,3
WP_118347262.1,MULTISPECIES: cysteine-rich KTR domain-containing protein [Lachnospiraceae],Bin 55,3
WP_227077091.1,MULTISPECIES: SIR2 family protein [Mediterraneibacter],Bin 55,3
WP_227077092.1,MULTISPECIES: TIR domain-containing protein [Mediterraneibacter],Bin 55,3
WP_227077275.1,ABC transporter ATP-binding protein [[Ruminococcus] torques],Bin 55,3
WP_227077276.1,ABC transporter permease [[Ruminococcus] torques],Bin 55,3
WP_227077277.1,MULTISPECIES: D-alanyl-D-alanine carboxypeptidase family protein [Clostridia],Bin 55,3
WP_227188598.1,MULTISPECIES: toll/interleukin-1 receptor domain-containing protein [Mediterraneibacter],Bin 55,3
WP_306508475.1,MULTISPECIES: MobA/MobL family protein [Mediterraneibacter],Bin 55,3
WP_370782039.1,TnpV protein [[Ruminococcus] lactaris],Bin 55,3
WP_412420572.1,RNA polymerase sigma factor  partial [[Ruminococcus] torques],Bin 55,3
WP_412578020.1,AAA family ATPase [[Ruminococcus] torques],Bin 55,3
WP_009320846.1,MULTISPECIES: transposon-encoded TnpW family protein [Bacillati],Bin 56,8
WP_009320852.1,helix-turn-helix domain-containing protein [[Ruminococcus] torques],Bin 56,8
WP_009320854.1,head maturation protease  ClpP-related [[Ruminococcus] torques],Bin 56,8
WP_009320855.1,phage portal protein [[Ruminococcus] torques],Bin 56,8
WP_009320858.1,hypothetical protein [[Ruminococcus] torques],Bin 56,8
WP_009320859.1,hypothetical protein [[Ruminococcus] torques],Bin 56,8
WP_009320860.1,DUF5049 domain-containing protein [[Ruminococcus] torques],Bin 56,8
WP_009320861.1,hypothetical protein [[Ruminococcus] torques],Bin 56,8
WP_009320865.1,gamma-glutamylcyclotransferase family protein [[Ruminococcus] torques],Bin 56,8
WP_009320868.1,MULTISPECIES: amidoligase family protein [Lachnospiraceae],Bin 56,8
WP_009320869.1,hypothetical protein [[Ruminococcus] torques],Bin 56,8
WP_009320871.1,DNA (cytosine-5-)-methyltransferase [[Ruminococcus] torques],Bin 56,8
WP_009320876.1,hypothetical protein [[Ruminococcus] torques],Bin 56,8
WP_009320878.1,HNH endonuclease [[Ruminococcus] torques],Bin 56,8
WP_044929718.1,MULTISPECIES: DUF4314 domain-containing protein [Lachnospiraceae],Bin 56,8
WP_412226223.1,regulatory YrvL family protein [[Ruminococcus] torques],Bin 56,8
WP_227077164.1,acetyltransferase [[Ruminococcus] torques],Bin 57,4
WP_227077165.1,ATP-grasp domain-containing protein [[Ruminococcus] torques],Bin 57,4
WP_227077167.1,glycosyltransferase family 4 protein [[Ruminococcus] torques],Bin 57,4
WP_227077171.1,NAD-dependent epimerase/dehydratase family protein [[Ruminococcus] torques],Bin 57,4
WP_238102385.1,lipopolysaccharide biosynthesis protein [[Ruminococcus] torques],Bin 57,4
WP_238102386.1,glycosyltransferase family 4 protein [[Ruminococcus] torques],Bin 57,4
WP_238102387.1,glycosyltransferase [[Ruminococcus] torques],Bin 57,4
WP_238102388.1,HAD-IA family hydrolase [[Ruminococcus] torques],Bin 57,4
WP_238102389.1,glycosyltransferase family 2 protein [[Ruminococcus] torques],Bin 57,4
WP_238102390.1,glycosyltransferase [[Ruminococcus] torques],Bin 57,4
WP_238102391.1,hypothetical protein [[Ruminococcus] torques],Bin 57,4
WP_238102392.1,CDP-glycerol glycerophosphotransferase family protein [[Ruminococcus] torques],Bin 57,4
WP_238102394.1,DegT/DnrJ/EryC1/StrS family aminotransferase [[Ruminococcus] torques],Bin 57,4
WP_270186958.1,glycerol-3-phosphate cytidylyltransferase [[Ruminococcus] torques],Bin 57,4
WP_306514229.1,acyltransferase family protein [[Ruminococcus] torques],Bin 57,4
WP_412224629.1,EpsG family protein [[Ruminococcus] torques],Bin 57,4
WP_004845350.1,MULTISPECIES: phosphate signaling complex protein PhoU [Lachnospiraceae],Bin 58,21
WP_004845352.1,MULTISPECIES: ATP-binding protein [Lachnospiraceae],Bin 58,21
WP_004847099.1,MULTISPECIES: ATP-binding cassette domain-containing protein [Mediterraneibacter],Bin 58,21
WP_004847110.1,MULTISPECIES: PaaI family thioesterase [Mediterraneibacter],Bin 58,21
WP_004847111.1,MULTISPECIES: YhgE/Pip domain-containing protein [Mediterraneibacter],Bin 58,21
WP_004847117.1,MULTISPECIES: TetR/AcrR family transcriptional regulator [Mediterraneibacter],Bin 58,21
WP_004847140.1,MULTISPECIES: epoxyqueuosine reductase QueH [Mediterraneibacter],Bin 58,21
WP_004847150.1,MULTISPECIES: 3-isopropylmalate dehydratase small subunit [Mediterraneibacter],Bin 58,21
WP_004847159.1,MULTISPECIES: Na+/H+ antiporter NhaC family protein [Mediterraneibacter],Bin 58,21
WP_004847903.1,leucine-rich repeat protein [[Ruminococcus] torques],Bin 58,21
WP_009243168.1,MULTISPECIES: hypothetical protein [Lachnospiraceae],Bin 58,21
WP_009243701.1,MULTISPECIES: 3-isopropylmalate dehydratase large subunit [Mediterraneibacter],Bin 58,21
WP_270621403.1,RNA polymerase sigma factor [[Ruminococcus] torques],Bin 58,21
WP_306542351.1,ABC transporter ATP-binding protein [[Ruminococcus] torques],Bin 58,21
WP_306542352.1,ABC transporter permease [[Ruminococcus] torques],Bin 58,21
WP_004847136.1,MULTISPECIES: DEAD/DEAH box helicase family protein [Mediterraneibacter],Bin 58,20
WP_005361131.1,MULTISPECIES: plasmid mobilization relaxosome protein MobC [Clostridia],Bin 59,5
WP_015542941.1,MULTISPECIES: hypothetical protein [Bacillota],Bin 59,5
WP_025580944.1,MULTISPECIES: hypothetical protein [Bacillota],Bin 59,5
WP_025580945.1,MULTISPECIES: cysteine-rich VLP protein [Clostridia],Bin 59,5
WP_055158503.1,MULTISPECIES: SLOG family protein [Bacillota],Bin 59,5
WP_055158511.1,class B sortase [[Ruminococcus] torques],Bin 59,5
WP_055158517.1,MULTISPECIES: PrgI family protein [Mediterraneibacter],Bin 59,5
WP_064785837.1,MULTISPECIES: DUF4316 domain-containing protein [Clostridia],Bin 59,5
WP_064785871.1,MULTISPECIES: SpoVG family protein [Bacillota],Bin 59,5
WP_117442469.1,MULTISPECIES: hypothetical protein [Clostridia],Bin 59,5
WP_117567363.1,MULTISPECIES: CD1845 family protein [Bacillota],Bin 59,5
WP_256439197.1,MULTISPECIES: FAD-dependent thymidylate synthase [Lachnospiraceae],Bin 59,5
WP_373107510.1,DUF4366 domain-containing protein [[Ruminococcus] torques],Bin 59,5
WP_373107511.1,CD1108 family mobile element protein [[Ruminococcus] torques],Bin 59,5
WP_400091150.1,hypothetical protein [[Ruminococcus] torques],Bin 59,5
WP_009320030.1,MULTISPECIES: glycosyltransferase family 2 protein [Clostridia],Bin 60,2
WP_009320035.1,MULTISPECIES: lipopolysaccharide biosynthesis protein [Clostridia],Bin 60,2
WP_009320036.1,MULTISPECIES: polysaccharide pyruvyl transferase family protein [Clostridia],Bin 60,2
WP_009320037.1,MULTISPECIES: glycosyltransferase family 2 protein [Clostridia],Bin 60,2
WP_009320041.1,MULTISPECIES: glycosyltransferase family 2 protein [Clostridia],Bin 60,2
WP_009320048.1,glycosyltransferase [[Ruminococcus] torques],Bin 60,2
WP_009320050.1,MULTISPECIES: glycosyltransferase [Clostridia],Bin 60,2
WP_009320052.1,MULTISPECIES: glycosyltransferase family 32 protein [Clostridia],Bin 60,2
WP_009587569.1,MULTISPECIES: hypothetical protein [Bacillota],Bin 60,2
WP_118188477.1,hypothetical protein [[Ruminococcus] torques],Bin 60,2
WP_118188481.1,EpsG family protein [[Ruminococcus] torques],Bin 60,2
WP_118188483.1,hypothetical protein [[Ruminococcus] torques],Bin 60,2
WP_118188484.1,hypothetical protein [[Ruminococcus] torques],Bin 60,2
WP_118188486.1,glycosyltransferase family A protein [[Ruminococcus] torques],Bin 60,2
WP_302177893.1,acyltransferase family protein [[Ruminococcus] torques],Bin 60,2
WP_015527832.1,MULTISPECIES: hypothetical protein [Mediterraneibacter],Bin 61,3
WP_015529064.1,hypothetical protein [[Ruminococcus] torques],Bin 61,3
WP_020436277.1,MULTISPECIES: aP2 domain [Mediterraneibacter],Bin 61,3
WP_020436373.1,MULTISPECIES: Y-family DNA polymerase [Mediterraneibacter],Bin 61,3
WP_020436763.1,MULTISPECIES: AAA family ATPase [Mediterraneibacter],Bin 61,3
WP_020436764.1,MULTISPECIES: hypothetical protein [Mediterraneibacter],Bin 61,3
WP_055156754.1,MULTISPECIES: metallophosphoesterase [Mediterraneibacter],Bin 61,3
WP_055157650.1,MULTISPECIES: hypothetical protein [Mediterraneibacter],Bin 61,3
WP_117541658.1,MULTISPECIES: GNAT family N-acetyltransferase [Mediterraneibacter],Bin 61,3
WP_117889908.1,MULTISPECIES: hypothetical protein [Mediterraneibacter],Bin 61,3
WP_117890110.1,MULTISPECIES: metallophosphoesterase [Mediterraneibacter],Bin 61,3
WP_117890687.1,MULTISPECIES: helix-turn-helix domain-containing protein [Mediterraneibacter],Bin 61,3
WP_117890990.1,MULTISPECIES: phosphatidylserine decarboxylase [Mediterraneibacter],Bin 61,3
WP_170962606.1,hypothetical protein [[Ruminococcus] torques],Bin 61,3
WP_198425546.1,MULTISPECIES: metallophosphoesterase [Mediterraneibacter],Bin 61,3
WP_004845151.1,MULTISPECIES: tRNA pseudouridine(55) synthase TruB [Mediterraneibacter],Bin 62,20
WP_004845368.1,MULTISPECIES: ferrous iron transport protein B [Mediterraneibacter],Bin 62,20
WP_022003098.1,cobyrinate a c-diamide synthase [[Ruminococcus] torques],Bin 62,20
WP_155236782.1,A/G-specific adenine glycosylase [[Ruminococcus] torques],Bin 62,20
WP_004846570.1,MULTISPECIES: polysaccharide pyruvyl transferase family protein [Mediterraneibacter],Bin 62,19
WP_004846571.1,MULTISPECIES: ABC transporter ATP-binding protein [Mediterraneibacter],Bin 62,19
WP_004846573.1,MULTISPECIES: ABC transporter permease [Mediterraneibacter],Bin 62,19
WP_004846584.1,sulfatase-like hydrolase/transferase [[Ruminococcus] torques],Bin 62,19
WP_004846585.1,MULTISPECIES: LCP family protein [Mediterraneibacter],Bin 62,19
WP_004846587.1,MULTISPECIES: nucleotidyltransferase family protein [Mediterraneibacter],Bin 62,19
WP_009242817.1,MULTISPECIES: non-hydrolyzing UDP-N-acetylglucosamine 2-epimerase [Mediterraneibacter],Bin 62,19
WP_009242818.1,MULTISPECIES: glycosyltransferase family 1 protein [Mediterraneibacter],Bin 62,19
WP_009242819.1,MULTISPECIES: glycosyltransferase family 2 protein [Mediterraneibacter],Bin 62,19
WP_412208140.1,RICIN domain-containing protein [[Ruminococcus] torques],Bin 62,19
WP_020436024.1,MULTISPECIES: hypothetical protein [Lachnospiraceae],Bin 63,4
WP_020437119.1,MULTISPECIES: LacI family DNA-binding transcriptional regulator [Mediterraneibacter],Bin 63,4
WP_055156605.1,class I SAM-dependent methyltransferase [[Ruminococcus] torques],Bin 63,4
WP_055157933.1,glycoside hydrolase family 3 protein [[Ruminococcus] torques],Bin 63,4
WP_055157935.1,MULTISPECIES: carbohydrate ABC transporter permease [Mediterraneibacter],Bin 63,4
WP_055157937.1,carbohydrate ABC transporter permease [[Ruminococcus] torques],Bin 63,4
WP_055157939.1,ABC transporter substrate-binding protein [[Ruminococcus] torques],Bin 63,4
WP_055157941.1,MULTISPECIES: GH36-type glycosyl hydrolase domain-containing protein [Mediterraneibacter],Bin 63,4
WP_055157943.1,MULTISPECIES: GH36-type glycosyl hydrolase domain-containing protein [Mediterraneibacter],Bin 63,4
WP_055158439.1,MULTISPECIES: PF20097 family protein [Clostridia],Bin 63,4
WP_055163320.1,RNA polymerase sigma factor [[Ruminococcus] torques],Bin 63,4
WP_055173524.1,MULTISPECIES: hypothetical protein [Mediterraneibacter],Bin 63,4
WP_064773965.1,MULTISPECIES: PD-(D/E)XK nuclease family transposase [Mediterraneibacter],Bin 63,4
WP_227159331.1,MULTISPECIES: MmcQ/YjbR family DNA-binding protein [Mediterraneibacter],Bin 63,4
WP_004846240.1,MULTISPECIES: hypothetical protein [Lachnospiraceae],Bin 64,3
WP_004846995.1,MULTISPECIES: terminase TerL endonuclease subunit [Lachnospiraceae],Bin 64,3
WP_004846996.1,MULTISPECIES: DUF7211 domain-containing protein [Lachnospiraceae],Bin 64,3
WP_004846999.1,MULTISPECIES: hypothetical protein [Lachnospiraceae],Bin 64,3
WP_004847000.1,MULTISPECIES: hypothetical protein [Lachnospiraceae],Bin 64,3
WP_004847026.1,MULTISPECIES: hypothetical protein [Lachnospiraceae],Bin 64,3
WP_009320506.1,MULTISPECIES: hypothetical protein [Lachnospiraceae],Bin 64,3
WP_009320553.1,hypothetical protein [[Ruminococcus] torques],Bin 64,3
WP_009320563.1,hypothetical protein [[Ruminococcus] torques],Bin 64,3
WP_009320565.1,MULTISPECIES: PASTA domain-containing protein [Lachnospiraceae],Bin 64,3
WP_009320570.1,phage portal protein [[Ruminococcus] torques],Bin 64,3
WP_227190186.1,MULTISPECIES: structural protein [Lachnospiraceae],Bin 64,3
WP_270620951.1,caudovirus prohead protease [[Ruminococcus] torques],Bin 64,3
WP_227182336.1,phage tail tape measure protein [[Ruminococcus] torques],Bin 65,6
WP_227182338.1,hypothetical protein [[Ruminococcus] torques],Bin 65,6
WP_227182339.1,hypothetical protein [[Ruminococcus] torques],Bin 65,6
WP_227182341.1,HK97 gp10 family phage protein [[Ruminococcus] torques],Bin 65,6
WP_227182342.1,head-tail adaptor protein [[Ruminococcus] torques],Bin 65,6
WP_227182343.1,phage head-tail connector protein [[Ruminococcus] torques],Bin 65,6
WP_227182344.1,phage capsid protein [[Ruminococcus] torques],Bin 65,6
WP_227182345.1,phage scaffolding protein [[Ruminococcus] torques],Bin 65,6
WP_227182346.1,hypothetical protein [[Ruminococcus] torques],Bin 65,6
WP_227182349.1,PBSX family phage terminase large subunit [[Ruminococcus] torques],Bin 65,6
WP_227182350.1,terminase small subunit [[Ruminococcus] torques],Bin 65,6
WP_270743859.1,hypothetical protein [[Ruminococcus] torques],Bin 65,6
WP_412190594.1,phage portal protein [[Ruminococcus] torques],Bin 65,6
WP_004846342.1,MULTISPECIES: ABC transporter ATP-binding protein [Mediterraneibacter],Bin 66,21
WP_004846345.1,MULTISPECIES: ABC transporter ATP-binding protein [Mediterraneibacter],Bin 66,21
WP_004847439.1,MULTISPECIES: DUF3825 domain-containing protein [Mediterraneibacter],Bin 66,21
WP_004848123.1,Ig-like domain-containing protein [[Ruminococcus] torques],Bin 66,21
WP_009242391.1,MULTISPECIES: hypothetical protein [Mediterraneibacter],Bin 66,21
WP_009243427.1,MULTISPECIES: energy-coupling factor transporter transmembrane component T [Mediterraneibacter],Bin 66,21
WP_055159363.1,hypothetical protein [[Ruminococcus] torques],Bin 66,21
WP_118188840.1,penicillin-binding transpeptidase domain-containing protein [[Ruminococcus] torques],Bin 66,21
WP_302168589.1,MptD family putative ECF transporter S component [[Ruminococcus] torques],Bin 66,21
WP_306542275.1,helix-turn-helix domain-containing protein [[Ruminococcus] torques],Bin 66,21
WP_330377982.1,ABC transporter ATP-binding protein [[Ruminococcus] torques],Bin 66,21
WP_412224610.1,beta-galactosidase [[Ruminococcus] torques],Bin 66,21
WP_004845276.1,MULTISPECIES: DUF4097 domain-containing protein [Mediterraneibacter],Bin 66,20
WP_005924829.1,MULTISPECIES: type II toxin-antitoxin system RelB/DinJ family antitoxin [Bacteria],Bin 67,2
WP_015528452.1,MULTISPECIES: RNA polymerase sigma factor [Bacillota],Bin 67,2
WP_015533371.1,MULTISPECIES: transposon-encoded TnpW family protein [Clostridia],Bin 67,2
WP_054325781.1,MULTISPECIES: TnpV protein [Lachnospirales],Bin 67,2
WP_054325791.1,MULTISPECIES: phage replisome organizer N-terminal domain-containing protein [Lachnospirales],Bin 67,2
WP_062808218.1,MULTISPECIES: DUF3847 domain-containing protein [Clostridia],Bin 67,2
WP_066085052.1,MULTISPECIES: RNA polymerase sigma factor [Lachnospirales],Bin 67,2
WP_066085055.1,MULTISPECIES: RNA polymerase subunit sigma-24 [Lachnospirales],Bin 67,2
WP_066085058.1,MULTISPECIES: type II toxin-antitoxin system YafQ family toxin [Clostridia],Bin 67,2
WP_066085061.1,MULTISPECIES: cysteine-rich VLP domain-containing protein [Lachnospirales],Bin 67,2
WP_066085065.1,MULTISPECIES: ATP-binding protein [Lachnospirales],Bin 67,2
WP_083531840.1,MULTISPECIES: MobQ family relaxase [Lachnospirales],Bin 67,2
WP_238094809.1,recombinase family protein [[Ruminococcus] torques],Bin 67,2
WP_009242765.1,phage tail family protein [[Ruminococcus] torques],Bin 68,7
WP_009242769.1,hypothetical protein [[Ruminococcus] torques],Bin 68,7
WP_009242770.1,hypothetical protein [[Ruminococcus] torques],Bin 68,7
WP_009242771.1,hypothetical protein [[Ruminococcus] torques],Bin 68,7
WP_009242772.1,hypothetical protein [[Ruminococcus] torques],Bin 68,7
WP_009242774.1,phage major capsid protein [[Ruminococcus] torques],Bin 68,7
WP_009242775.1,DUF4355 domain-containing protein [[Ruminococcus] torques],Bin 68,7
WP_009242776.1,terminase [[Ruminococcus] torques],Bin 68,7
WP_009242777.1,YjcQ family protein [[Ruminococcus] torques],Bin 68,7
WP_055159492.1,DUF5361 domain-containing protein [[Ruminococcus] torques],Bin 68,7
WP_243147729.1,HNH endonuclease signature motif containing protein  partial [[Ruminococcus] torques],Bin 68,7
WP_270187132.1,hypothetical protein [[Ruminococcus] torques],Bin 68,7
WP_270187134.1,hypothetical protein [[Ruminococcus] torques],Bin 68,7
WP_004844969.1,MULTISPECIES: helix-turn-helix domain-containing protein [Clostridia],Bin 69,11
WP_004844981.1,MULTISPECIES: HAD family hydrolase [Clostridia],Bin 69,11
WP_004844986.1,MULTISPECIES: hypothetical protein [Lachnospiraceae],Bin 69,11
WP_004844995.1,MULTISPECIES: 4Fe-4S binding protein [Lachnospiraceae],Bin 69,11
WP_005426043.1,MULTISPECIES: pyridoxamine 5'-phosphate oxidase family protein [Lachnospiraceae],Bin 69,11
WP_005426052.1,MULTISPECIES: protein-ADP-ribose hydrolase [Clostridia],Bin 69,11
WP_009243642.1,MULTISPECIES: hypothetical protein [Lachnospiraceae],Bin 69,11
WP_009243644.1,MULTISPECIES: Rrf2 family transcriptional regulator [Clostridia],Bin 69,11
WP_009243648.1,MULTISPECIES: LysR family transcriptional regulator [Lachnospiraceae],Bin 69,11
WP_009243649.1,MULTISPECIES: hypothetical protein [Lachnospiraceae],Bin 69,11
WP_009243656.1,MULTISPECIES: TetR/AcrR family transcriptional regulator [Clostridia],Bin 69,11
WP_044953185.1,hypothetical protein [[Ruminococcus] torques],Bin 69,11
WP_400092443.1,Fic family protein [[Ruminococcus] torques],Bin 69,11
WP_270620955.1,hypothetical protein [[Ruminococcus] torques],Bin 70,2
WP_270620956.1,tyrosine-type recombinase/integrase [[Ruminococcus] torques],Bin 70,2
WP_270620957.1,helix-turn-helix domain-containing protein [[Ruminococcus] torques],Bin 70,2
WP_270620958.1,hypothetical protein [[Ruminococcus] torques],Bin 70,2
WP_270620959.1,hypothetical protein [[Ruminococcus] torques],Bin 70,2
WP_270620960.1,hypothetical protein [[Ruminococcus] torques],Bin 70,2
WP_270620961.1,VapE domain-containing protein [[Ruminococcus] torques],Bin 70,2
WP_270620962.1,MULTISPECIES: hypothetical protein [Mediterraneibacter],Bin 70,2
WP_270620963.1,MULTISPECIES: HNH endonuclease signature motif containing protein [Mediterraneibacter],Bin 70,2
WP_270620964.1,MULTISPECIES: hypothetical protein [Mediterraneibacter],Bin 70,2
WP_270620965.1,MULTISPECIES: hypothetical protein [Mediterraneibacter],Bin 70,2
WP_270620966.1,recombinase family protein [[Ruminococcus] torques],Bin 70,2
WP_270620967.1,sigma-70 family RNA polymerase sigma factor [[Ruminococcus] torques],Bin 70,2
WP_008703787.1,MULTISPECIES: hypothetical protein [Bacillota],Bin 71,3
WP_055148409.1,MULTISPECIES: DNA methylase [Mediterraneibacter],Bin 71,3
WP_055148660.1,MULTISPECIES: ArsR/SmtB family transcription factor [Mediterraneibacter],Bin 71,3
WP_055156285.1,MULTISPECIES: hypothetical protein [Mediterraneibacter],Bin 71,3
WP_055156582.1,FAD-binding protein [[Ruminococcus] torques],Bin 71,3
WP_055156585.1,MULTISPECIES: DUF6921 family protein [Mediterraneibacter],Bin 71,3
WP_055156587.1,MULTISPECIES: heavy metal translocating P-type ATPase [Mediterraneibacter],Bin 71,3
WP_055157218.1,hypothetical protein [[Ruminococcus] torques],Bin 71,3
WP_055157898.1,MULTISPECIES: YczE/YyaS/YitT family protein [Lachnospiraceae],Bin 71,3
WP_055157900.1,MULTISPECIES: alpha-galactosidase [Mediterraneibacter],Bin 71,3
WP_055157902.1,MULTISPECIES: melibiose:sodium transporter MelB [Mediterraneibacter],Bin 71,3
WP_170962601.1,MULTISPECIES: hypothetical protein [Lachnospiraceae],Bin 71,3
WP_235808645.1,MULTISPECIES: succinate dehydrogenase/fumarate reductase iron-sulfur subunit [Bacillota],Bin 71,3
WP_009243111.1,MULTISPECIES: NgoBV family restriction endonuclease [Mediterraneibacter],Bin 72,3
WP_009243112.1,MULTISPECIES: DNA (cytosine-5-)-methyltransferase [Bacillota],Bin 72,3
WP_009243114.1,MULTISPECIES: TnpV protein [Bacillota],Bin 72,3
WP_009243117.1,hypothetical protein [[Ruminococcus] torques],Bin 72,3
WP_009243119.1,MULTISPECIES: virulence-associated E family protein [Mediterraneibacter],Bin 72,3
WP_009243120.1,MULTISPECIES: CHC2 zinc finger domain-containing protein [Mediterraneibacter],Bin 72,3
WP_009243121.1,MULTISPECIES: hypothetical protein [Clostridia],Bin 72,3
WP_009243122.1,MULTISPECIES: site-specific integrase [Mediterraneibacter],Bin 72,3
WP_009243123.1,MULTISPECIES: helix-turn-helix domain-containing protein [Bacillota],Bin 72,3
WP_009243124.1,MULTISPECIES: helix-turn-helix domain-containing protein [Lachnospiraceae],Bin 72,3
WP_264292583.1,MULTISPECIES: very short patch repair endonuclease [Mediterraneibacter],Bin 72,3
WP_278604309.1,MULTISPECIES: plasmid recombination protein [Mediterraneibacter],Bin 72,3
WP_055297245.1,DUF6462 family protein [[Ruminococcus] torques],Bin 73,3
WP_055297247.1,DUF6462 family protein [[Ruminococcus] torques],Bin 73,3
WP_055297690.1,MULTISPECIES: DUF6462 family protein [Mediterraneibacter],Bin 73,3
WP_055297691.1,hypothetical protein [[Ruminococcus] torques],Bin 73,3
WP_055297692.1,MULTISPECIES: AAA family ATPase [Mediterraneibacter],Bin 73,3
WP_055297694.1,plasmid mobilization protein [[Ruminococcus] torques],Bin 73,3
WP_055297695.1,relaxase/mobilization nuclease domain-containing protein [[Ruminococcus] torques],Bin 73,3
WP_055297696.1,hypothetical protein [[Ruminococcus] torques],Bin 73,3
WP_055297697.1,FAD-dependent thymidylate synthase [[Ruminococcus] torques],Bin 73,3
WP_055297698.1,dUTP diphosphatase [[Ruminococcus] torques],Bin 73,3
WP_055297699.1,helix-turn-helix domain-containing protein [[Ruminococcus] torques],Bin 73,3
WP_055297700.1,methionyl-tRNA formyltransferase [[Ruminococcus] torques],Bin 73,3
WP_015527750.1,amino acid adenylation domain-containing protein [[Ruminococcus] torques],Bin 74,5
WP_015528429.1,MULTISPECIES: YodL domain-containing protein [Lachnospiraceae],Bin 74,5
WP_015528570.1,MULTISPECIES: hypothetical protein [Mediterraneibacter],Bin 74,5
WP_020436299.1,MULTISPECIES: EAL domain-containing protein [Mediterraneibacter],Bin 74,5
WP_020437123.1,MULTISPECIES: substrate-binding periplasmic protein [Mediterraneibacter],Bin 74,5
WP_055157917.1,MULTISPECIES: ATP-binding protein [Mediterraneibacter],Bin 74,5
WP_055157945.1,hypothetical protein [[Ruminococcus] torques],Bin 74,5
WP_117541660.1,MULTISPECIES: hypothetical protein [Mediterraneibacter],Bin 74,5
WP_117889972.1,MULTISPECIES: CpaF family protein [Mediterraneibacter],Bin 74,5
WP_195942222.1,MULTISPECIES: Rpn family recombination-promoting nuclease/putative transposase [Mediterraneibacter],Bin 74,5
WP_207642145.1,MULTISPECIES: hypothetical protein [Mediterraneibacter],Bin 74,5
WP_373108152.1,LCP family protein [[Ruminococcus] torques],Bin 74,5
WP_015513332.1,MULTISPECIES: plasmid mobilization protein [Bacteria],Bin 75,4
WP_015513333.1,MULTISPECIES: relaxase/mobilization nuclease domain-containing protein [Bacillota],Bin 75,4
WP_024852698.1,MULTISPECIES: ParM/StbA family protein [Lachnospiraceae],Bin 75,4
WP_055172977.1,MULTISPECIES: ArdC family protein [Lachnospiraceae],Bin 75,4
WP_117468885.1,MULTISPECIES: hypothetical protein [Clostridia],Bin 75,4
WP_117468888.1,MULTISPECIES: PcfB family protein [Clostridia],Bin 75,4
WP_117739216.1,MULTISPECIES: DUF4314 domain-containing protein [Lachnospiraceae],Bin 75,4
WP_118188557.1,MULTISPECIES: ATP-dependent DNA helicase [Lachnospiraceae],Bin 75,4
WP_118188558.1,MULTISPECIES: helix-turn-helix transcriptional regulator [Bacillota],Bin 75,4
WP_118188622.1,DUF3991 domain-containing protein [[Ruminococcus] torques],Bin 75,4
WP_118188623.1,MULTISPECIES: methionine adenosyltransferase [Lachnospiraceae],Bin 75,4
WP_118188625.1,MULTISPECIES: plasmid segregation centromere-binding protein ParR [Lachnospiraceae],Bin 75,4
WP_005334861.1,MULTISPECIES: hypothetical protein [Lachnospiraceae],Bin 76,3
WP_055171348.1,MULTISPECIES: hypothetical protein [Lachnospiraceae],Bin 76,3
WP_055171353.1,MULTISPECIES: IS66-like element ISRob1 family transposase [Lachnospiraceae],Bin 76,3
WP_055172862.1,MULTISPECIES: AraC family transcriptional regulator [Mediterraneibacter],Bin 76,3
WP_055173296.1,MULTISPECIES: recombinase family protein [Clostridia],Bin 76,3
WP_055173306.1,MULTISPECIES: plasmid recombination protein [Lachnospiraceae],Bin 76,3
WP_055173307.1,MULTISPECIES: transposase [Clostridia],Bin 76,3
WP_055173421.1,MULTISPECIES: AEC family transporter [Mediterraneibacter],Bin 76,3
WP_055173539.1,MULTISPECIES: Rpn family recombination-promoting nuclease/putative transposase [Mediterraneibacter],Bin 76,3
WP_158526524.1,MULTISPECIES: IS66 family insertion sequence element accessory protein TnpB [Clostridia],Bin 76,3
WP_181966500.1,MULTISPECIES: YitT family protein [Mediterraneibacter],Bin 76,3
WP_006426967.1,MULTISPECIES: hypothetical protein [Bacillota],Bin 77,2
WP_015513340.1,MULTISPECIES: LytTR family DNA-binding domain-containing protein [Bacillota],Bin 77,2
WP_022151127.1,MULTISPECIES: helix-turn-helix transcriptional regulator [Lachnospiraceae],Bin 77,2
WP_055158806.1,glycoside hydrolase domain-containing protein [[Ruminococcus] torques],Bin 77,2
WP_055158807.1,DUF4313 domain-containing protein [[Ruminococcus] torques],Bin 77,2
WP_055159115.1,DUF6674 family protein [[Ruminococcus] torques],Bin 77,2
WP_055159165.1,MULTISPECIES: tyrosine-type recombinase/integrase [Lachnospiraceae],Bin 77,2
WP_055159460.1,Abi family protein [[Ruminococcus] torques],Bin 77,2
WP_055159462.1,EcoAI/FtnUII family type I restriction enzme subunit R [[Ruminococcus] torques],Bin 77,2
WP_055159464.1,class I SAM-dependent DNA methyltransferase [[Ruminococcus] torques],Bin 77,2
WP_242854704.1,multidrug transporter [[Ruminococcus] torques],Bin 77,2
WP_020436034.1,hypothetical protein [[Ruminococcus] torques],Bin 78,5
WP_020436302.1,MULTISPECIES: hypothetical protein [Mediterraneibacter],Bin 78,5
WP_020436306.1,MULTISPECIES: sugar phosphate isomerase/epimerase family protein [Mediterraneibacter],Bin 78,5
WP_055157083.1,MULTISPECIES: hypothetical protein [Mediterraneibacter],Bin 78,5
WP_055157795.1,MULTISPECIES: LysR family transcriptional regulator [Mediterraneibacter],Bin 78,5
WP_055157846.1,MULTISPECIES: FAD-dependent oxidoreductase [Lachnospiraceae],Bin 78,5
WP_055158147.1,MULTISPECIES: hypothetical protein [Mediterraneibacter],Bin 78,5
WP_055158148.1,MULTISPECIES: DUF4867 family protein [Mediterraneibacter],Bin 78,5
WP_117889842.1,MULTISPECIES: MFS transporter [Mediterraneibacter],Bin 78,5
WP_117889843.1,MULTISPECIES: shikimate dehydrogenase [Mediterraneibacter],Bin 78,5
WP_117953991.1,MULTISPECIES: hypothetical protein [Mediterraneibacter],Bin 78,5
WP_015515114.1,MULTISPECIES: helix-turn-helix domain-containing protein [Clostridia],Bin 79,2
WP_015530153.1,MULTISPECIES: GMP synthase  PP-ATPase domain/subunit [Mediterraneibacter],Bin 79,2
WP_055170726.1,MULTISPECIES: hypothetical protein [Mediterraneibacter],Bin 79,2
WP_055171085.1,MULTISPECIES: hypothetical protein [Mediterraneibacter],Bin 79,2
WP_055171756.1,MULTISPECIES: ORF6N domain-containing protein [Mediterraneibacter],Bin 79,2
WP_055171757.1,MULTISPECIES: helix-turn-helix domain-containing protein [Lachnospiraceae],Bin 79,2
WP_055171759.1,MULTISPECIES: helix-turn-helix domain-containing protein [Mediterraneibacter],Bin 79,2
WP_081021311.1,MULTISPECIES: 23S rRNA methyltransferase [Lachnospiraceae],Bin 79,2
WP_081021312.1,MULTISPECIES: helix-turn-helix transcriptional regulator [Mediterraneibacter],Bin 79,2
WP_208913240.1,hypothetical protein [[Ruminococcus] torques],Bin 79,2
WP_226851847.1,MULTISPECIES: IS3 family transposase [Bacillota],Bin 79,2
WP_118444502.1,MULTISPECIES: RNA-binding domain-containing protein [Mediterraneibacter],Bin 80,2
WP_118444506.1,MULTISPECIES: recombinase family protein [Mediterraneibacter],Bin 80,2
WP_182440454.1,MULTISPECIES: restriction endonuclease subunit S [Mediterraneibacter],Bin 80,2
WP_182440455.1,MULTISPECIES: bacteriophage abortive infection AbiH family protein [Mediterraneibacter],Bin 80,2
WP_282928461.1,N-6 DNA methylase [[Ruminococcus] torques],Bin 80,2
WP_282928462.1,type I restriction-modification system subunit M [[Ruminococcus] torques],Bin 80,2
WP_282928502.1,type I restriction endonuclease subunit R [[Ruminococcus] torques],Bin 80,2
WP_303143768.1,UvrD-helicase domain-containing protein [[Ruminococcus] torques],Bin 80,2
WP_350308111.1,ATP-dependent nuclease [[Ruminococcus] torques],Bin 80,2
WP_412208202.1,DUF6040 family protein [[Ruminococcus] torques],Bin 80,2
WP_413081491.1,SpaA isopeptide-forming pilin-related protein [[Ruminococcus] torques],Bin 80,2
WP_118188437.1,hypothetical protein [[Ruminococcus] torques],Bin 81,4
WP_118188442.1,hypothetical protein [[Ruminococcus] torques],Bin 81,4
WP_118188443.1,hypothetical protein [[Ruminococcus] torques],Bin 81,4
WP_129794852.1,hypothetical protein [[Ruminococcus] torques],Bin 81,4
WP_129794853.1,hypothetical protein [[Ruminococcus] torques],Bin 81,4
WP_129794856.1,hypothetical protein [[Ruminococcus] torques],Bin 81,4
WP_155234432.1,hypothetical protein [[Ruminococcus] torques],Bin 81,4
WP_155234433.1,hypothetical protein [[Ruminococcus] torques],Bin 81,4
WP_302241751.1,hypothetical protein [[Ruminococcus] torques],Bin 81,4
WP_412224639.1,hypothetical protein [[Ruminococcus] torques],Bin 81,4
WP_412224642.1,hypothetical protein [[Ruminococcus] torques],Bin 81,4
WP_004847185.1,MULTISPECIES: co-chaperone GroES [Mediterraneibacter],Bin 82,28
WP_004847512.1,MULTISPECIES: 30S ribosomal protein S17 [Mediterraneibacter],Bin 82,28
WP_278884989.1,chaperonin GroEL [[Ruminococcus] torques],Bin 82,28
WP_004847511.1,MULTISPECIES: 50S ribosomal protein L14 [Lachnospiraceae],Bin 82,27
WP_020436723.1,MULTISPECIES: threonine ammonia-lyase [Mediterraneibacter],Bin 82,27
WP_022003034.1,excinuclease ABC subunit UvrB [[Ruminococcus] torques],Bin 82,27
WP_054751544.1,MULTISPECIES: 50S ribosomal protein L29 [Mediterraneibacter],Bin 82,27
WP_055144789.1,MULTISPECIES: excinuclease ABC subunit UvrA [Mediterraneibacter],Bin 82,27
WP_117568055.1,MULTISPECIES: diadenylate cyclase CdaA [Mediterraneibacter],Bin 82,27
WP_004846406.1,MULTISPECIES: type I glyceraldehyde-3-phosphate dehydrogenase [Mediterraneibacter],Bin 82,26
WP_412191130.1,30S ribosomal protein S10  partial [[Ruminococcus] torques],Bin 82,26
WP_004845325.1,MULTISPECIES: hypothetical protein [Lachnospiraceae],Bin 83,15
WP_004845326.1,MULTISPECIES: recombinase family protein [Lachnospiraceae],Bin 83,15
WP_004845331.1,MULTISPECIES: aspartate carbamoyltransferase regulatory subunit [Clostridia],Bin 83,15
WP_004845332.1,MULTISPECIES: PaaI family thioesterase [Clostridia],Bin 83,15
WP_009243212.1,MULTISPECIES: aspartate carbamoyltransferase [Clostridia],Bin 83,15
WP_009321374.1,MULTISPECIES: YoaK family protein [Lachnospiraceae],Bin 83,15
WP_055158743.1,MULTISPECIES: LysR family transcriptional regulator [Lachnospiraceae],Bin 83,15
WP_087018074.1,MULTISPECIES: argininosuccinate synthase [Clostridia],Bin 83,15
WP_155234399.1,MULTISPECIES: CHC2 zinc finger domain-containing protein [Mediterraneibacter],Bin 83,15
WP_270187053.1,virulence-associated E family protein [[Ruminococcus] torques],Bin 83,15
WP_270621070.1,adenylosuccinate synthase [[Ruminococcus] torques],Bin 83,15
WP_004845462.1,MULTISPECIES: ABC transporter permease [Mediterraneibacter],Bin 84,10
WP_004845463.1,MULTISPECIES: ABC transporter ATP-binding protein [Mediterraneibacter],Bin 84,10
WP_004845464.1,MULTISPECIES: MerR family transcriptional regulator [Mediterraneibacter],Bin 84,10
WP_004845465.1,MULTISPECIES: TetR/AcrR family transcriptional regulator [Mediterraneibacter],Bin 84,10
WP_004845468.1,MULTISPECIES: GrpB family protein [Mediterraneibacter],Bin 84,10
WP_009242368.1,MULTISPECIES: type II toxin-antitoxin system MqsA family antitoxin [Mediterraneibacter],Bin 84,10
WP_009242369.1,DUF4258 domain-containing protein [[Ruminococcus] torques],Bin 84,10
WP_009242370.1,MULTISPECIES: hypothetical protein [Mediterraneibacter],Bin 84,10
WP_412208205.1,ribosome small subunit-dependent GTPase A [[Ruminococcus] torques],Bin 84,10
WP_412208206.1,GNAT family N-acetyltransferase [[Ruminococcus] torques],Bin 84,10
WP_004846293.1,DUF1351 domain-containing protein [[Ruminococcus] torques],Bin 85,3
WP_004846296.1,ERCC4 domain-containing protein [[Ruminococcus] torques],Bin 85,3
WP_004846297.1,CHC2 zinc finger domain-containing protein [[Ruminococcus] torques],Bin 85,3
WP_004846298.1,DUF927 domain-containing protein [[Ruminococcus] torques],Bin 85,3
WP_004846300.1,hypothetical protein [[Ruminococcus] torques],Bin 85,3
WP_004846301.1,hypothetical protein [[Ruminococcus] torques],Bin 85,3
WP_044998037.1,hypothetical protein [[Ruminococcus] torques],Bin 85,3
WP_118188597.1,ERF family protein [[Ruminococcus] torques],Bin 85,3
WP_118188598.1,DUF3846 domain-containing protein [[Ruminococcus] torques],Bin 85,3
WP_118188604.1,single-stranded DNA-binding protein [[Ruminococcus] torques],Bin 85,3
WP_028087677.1,MULTISPECIES: GntR family transcriptional regulator [Lachnospirales],Bin 86,2
WP_055145009.1,ABC-2 transporter permease [[Ruminococcus] torques],Bin 86,2
WP_055145012.1,ABC transporter ATP-binding protein [[Ruminococcus] torques],Bin 86,2
WP_055145119.1,DUF4367 domain-containing protein [[Ruminococcus] torques],Bin 86,2
WP_055146739.1,MULTISPECIES: sigma-70 family RNA polymerase sigma factor [Mediterraneibacter],Bin 86,2
WP_055148571.1,MULTISPECIES: hypothetical protein [Clostridia],Bin 86,2
WP_117497759.1,MULTISPECIES: flavodoxin family protein [Lachnospiraceae],Bin 86,2
WP_181986585.1,MULTISPECIES: DUF4316 domain-containing protein [Mediterraneibacter],Bin 86,2
WP_207723276.1,MULTISPECIES: ISAs1 family transposase [Lachnospiraceae],Bin 86,2
WP_242849353.1,peptidase U32 family protein [[Ruminococcus] torques],Bin 86,2
WP_055158830.1,DUF6673 family protein [[Ruminococcus] torques],Bin 87,3
WP_055158831.1,hypothetical protein [[Ruminococcus] torques],Bin 87,3
WP_055158832.1,minor capsid protein [[Ruminococcus] torques],Bin 87,3
WP_055158833.1,DUF6751 family protein [[Ruminococcus] torques],Bin 87,3
WP_055158834.1,hypothetical protein [[Ruminococcus] torques],Bin 87,3
WP_055158839.1,PBSX family phage terminase large subunit [[Ruminococcus] torques],Bin 87,3
WP_118188592.1,Gp37-like protein [[Ruminococcus] torques],Bin 87,3
WP_118188594.1,hypothetical protein [[Ruminococcus] torques],Bin 87,3
WP_238095020.1,hypothetical protein [[Ruminococcus] torques],Bin 87,3
WP_238095023.1,phage capsid protein [[Ruminococcus] torques],Bin 87,3
WP_009248021.1,MULTISPECIES: DUF3991 and TOPRIM domain-containing protein [Clostridia],Bin 88,4
WP_009248022.1,MULTISPECIES: methionine adenosyltransferase [Clostridia],Bin 88,4
WP_055172773.1,MULTISPECIES: hypothetical protein [Clostridia],Bin 88,4
WP_055172775.1,MULTISPECIES: DUF5720 family protein [Clostridia],Bin 88,4
WP_055172826.1,MULTISPECIES: tyrosine-type recombinase/integrase [Clostridia],Bin 88,4
WP_055172828.1,MULTISPECIES: tyrosine-type recombinase/integrase [Lachnospiraceae],Bin 88,4
WP_055172830.1,tyrosine-type recombinase/integrase [[Ruminococcus] torques],Bin 88,4
WP_055172832.1,MULTISPECIES: DUF6262 family protein [Lachnospiraceae],Bin 88,4
WP_118188665.1,MULTISPECIES: relaxase/mobilization nuclease domain-containing protein [Lachnospiraceae],Bin 88,4
WP_005333764.1,MULTISPECIES: hypothetical protein [Bacillota],Bin 89,4
WP_020436342.1,MULTISPECIES: cytosine deaminase [Mediterraneibacter],Bin 89,4
WP_020436941.1,S8 family peptidase [[Ruminococcus] torques],Bin 89,4
WP_054752894.1,MULTISPECIES: DUF6219 family protein [Clostridia],Bin 89,4
WP_055145366.1,MULTISPECIES: hypothetical protein [Mediterraneibacter],Bin 89,4
WP_055156749.1,PucR family transcriptional regulator [[Ruminococcus] torques],Bin 89,4
WP_055157489.1,recombinase family protein [[Ruminococcus] torques],Bin 89,4
WP_055157603.1,MULTISPECIES: hypothetical protein [Mediterraneibacter],Bin 89,4
WP_373108343.1,hypothetical protein  partial [[Ruminococcus] torques],Bin 89,4
WP_009243093.1,ethanolamine ammonia-lyase subunit EutC [[Ruminococcus] torques],Bin 90,3
WP_009243094.1,ethanolamine ammonia-lyase reactivating factor EutA [[Ruminococcus] torques],Bin 90,3
WP_009243097.1,PTS mannose/fructose/sorbose/N-acetylgalactosamine transporter subunit IIC [[Ruminococcus] torques],Bin 90,3
WP_009243098.1,PTS sugar transporter subunit IIB [[Ruminococcus] torques],Bin 90,3
WP_009243099.1,PTS sugar transporter subunit IIA [[Ruminococcus] torques],Bin 90,3
WP_009243100.1,SIS domain-containing protein [[Ruminococcus] torques],Bin 90,3
WP_009243101.1,GntR family transcriptional regulator [[Ruminococcus] torques],Bin 90,3
WP_009243102.1,GntR family transcriptional regulator [[Ruminococcus] torques],Bin 90,3
WP_227069774.1,HAD family hydrolase [[Ruminococcus] torques],Bin 90,3
WP_002594808.1,MULTISPECIES: DUF3847 domain-containing protein [Bacteria],Bin 91,4
WP_009274451.1,MULTISPECIES: helix-turn-helix domain-containing protein [Bacillota],Bin 91,4
WP_069432587.1,MULTISPECIES: helix-turn-helix domain-containing protein [Clostridia],Bin 91,4
WP_073929947.1,MULTISPECIES: DeoR family transcriptional regulator [Clostridia],Bin 91,4
WP_099323099.1,MULTISPECIES: virulence-associated E family protein [Clostridia],Bin 91,4
WP_117685620.1,MULTISPECIES: TnpV protein [Clostridia],Bin 91,4
WP_117890578.1,MULTISPECIES: MobQ family relaxase [Lachnospiraceae],Bin 91,4
WP_119244351.1,MULTISPECIES: hypothetical protein [Lachnospiraceae],Bin 91,4
WP_270621228.1,CHC2 zinc finger domain-containing protein [[Ruminococcus] torques],Bin 91,4
WP_002604476.1,MULTISPECIES: C40 family peptidase [Bacteria],Bin 92,7
WP_003431220.1,MULTISPECIES: VirB6/TrbL-like conjugal transfer protein  CD1112 family [Bacillota],Bin 92,7
WP_003431252.1,MULTISPECIES: DUF4315 family protein [Bacillota],Bin 92,7
WP_044942453.1,MULTISPECIES: PrgI family protein [Bacillota],Bin 92,7
WP_044942455.1,MULTISPECIES: VirB4-like conjugal transfer ATPase  CD1110 family [Bacillota],Bin 92,7
WP_044942460.1,MULTISPECIES: DNA-methyltransferase [Bacillota],Bin 92,7
WP_044942468.1,MULTISPECIES: type IA DNA topoisomerase [Bacillota],Bin 92,7
WP_173018957.1,MULTISPECIES: hypothetical protein [Bacteria],Bin 92,7
WP_270187052.1,VirD4-like conjugal transfer protein  CD1115 family [[Ruminococcus] torques],Bin 92,7
WP_005345966.1,MULTISPECIES: hypothetical protein [Bacteria],Bin 93,4
WP_014080633.1,MULTISPECIES: hypothetical protein [Bacteria],Bin 93,4
WP_015518387.1,MULTISPECIES: DUF6040 family protein [Lachnospiraceae],Bin 93,4
WP_015529399.1,MULTISPECIES: PTS fructose transporter subunit IIC [Mediterraneibacter],Bin 93,4
WP_015529400.1,MULTISPECIES: PTS fructose transporter subunit IIB [Mediterraneibacter],Bin 93,4
WP_055170361.1,MULTISPECIES: MobA/MobL family protein [Lachnospiraceae],Bin 93,4
WP_055173423.1,MULTISPECIES: iron-containing alcohol dehydrogenase [Mediterraneibacter],Bin 93,4
WP_055173431.1,MULTISPECIES: class I adenylate-forming enzyme family protein [Mediterraneibacter],Bin 93,4
WP_207643093.1,MULTISPECIES: hypothetical protein [Mediterraneibacter],Bin 93,4
WP_055157351.1,hydroxyacid dehydrogenase [[Ruminococcus] torques],Bin 94,4
WP_055158465.1,MULTISPECIES: hypothetical protein [Mediterraneibacter],Bin 94,4
WP_055170934.1,hypothetical protein [[Ruminococcus] torques],Bin 94,4
WP_055173634.1,MULTISPECIES: trypsin-like serine peptidase [Mediterraneibacter],Bin 94,4
WP_117890042.1,MULTISPECIES: glycosyltransferase family 4 protein [Mediterraneibacter],Bin 94,4
WP_117890426.1,MULTISPECIES: glycosyltransferase family 1 protein [Mediterraneibacter],Bin 94,4
WP_117890427.1,MULTISPECIES: glycosyltransferase family 2 protein [Mediterraneibacter],Bin 94,4
WP_181986610.1,MULTISPECIES: glycosyltransferase family 4 protein [Mediterraneibacter],Bin 94,4
WP_207643088.1,hypothetical protein [[Ruminococcus] torques],Bin 94,4
WP_005361050.1,MULTISPECIES: DUF5720 family protein [Clostridia],Bin 95,4
WP_005361060.1,MULTISPECIES: DNA-binding transcriptional regulator [Bacillota],Bin 95,4
WP_005361068.1,MULTISPECIES: DUF3846 domain-containing protein [Bacillota],Bin 95,4
WP_005361076.1,MULTISPECIES: VirD4-like conjugal transfer protein  CD1115 family [Bacillota],Bin 95,4
WP_055156483.1,MULTISPECIES: DUF3991 domain-containing protein [Bacillota],Bin 95,4
WP_055156485.1,MULTISPECIES: hypothetical protein [Bacillota],Bin 95,4
WP_373107517.1,hypothetical protein [[Ruminococcus] torques],Bin 95,4
WP_373107518.1,hypothetical protein [[Ruminococcus] torques],Bin 95,4
WP_400092441.1,LPD1 domain-containing protein [[Ruminococcus] torques],Bin 95,4
WP_009242345.1,MULTISPECIES: DUF4373 domain-containing protein [Lachnospiraceae],Bin 96,3
WP_009242346.1,MULTISPECIES: RusA family crossover junction endodeoxyribonuclease [Lachnospiraceae],Bin 96,3
WP_009242347.1,MULTISPECIES: hypothetical protein [Mediterraneibacter],Bin 96,3
WP_009242349.1,MULTISPECIES: ATP-binding protein [Lachnospiraceae],Bin 96,3
WP_009242350.1,MULTISPECIES: PD-(D/E)XK nuclease-like domain-containing protein [Lachnospiraceae],Bin 96,3
WP_009242353.1,MULTISPECIES: hypothetical protein [Lachnospiraceae],Bin 96,3
WP_306542230.1,zinc ribbon domain-containing protein [[Ruminococcus] torques],Bin 96,3
WP_306542231.1,hypothetical protein [[Ruminococcus] torques],Bin 96,3
WP_055147188.1,MULTISPECIES: alpha-galactosidase [Mediterraneibacter],Bin 97,3
WP_055147323.1,AraC family transcriptional regulator [[Ruminococcus] torques],Bin 97,3
WP_117889939.1,MULTISPECIES: sucrose-specific PTS transporter subunit IIBC [Mediterraneibacter],Bin 97,3
WP_117889940.1,MULTISPECIES: glycoside hydrolase family 32 protein [Mediterraneibacter],Bin 97,3
WP_117890553.1,MULTISPECIES: sensor histidine kinase [Mediterraneibacter],Bin 97,3
WP_117891081.1,MULTISPECIES: hypothetical protein [Mediterraneibacter],Bin 97,3
WP_181986584.1,MULTISPECIES: Cof-type HAD-IIB family hydrolase [Mediterraneibacter],Bin 97,3
WP_207643070.1,nitroreductase family protein [[Ruminococcus] torques],Bin 97,3
WP_055158800.1,MULTISPECIES: hypothetical protein [Lachnospiraceae],Bin 98,5
WP_055158804.1,MULTISPECIES: MmcQ/YjbR family DNA-binding protein [Lachnospiraceae],Bin 98,5
WP_055172884.1,MULTISPECIES: FecCD family ABC transporter permease [Clostridia],Bin 98,5
WP_055172886.1,MULTISPECIES: heme ABC transporter substrate-binding protein IsdE [Clostridia],Bin 98,5
WP_055172891.1,MULTISPECIES: metal-dependent transcriptional regulator [Lachnospiraceae],Bin 98,5
WP_055172895.1,class B sortase [[Ruminococcus] torques],Bin 98,5
WP_117834940.1,MULTISPECIES: hypothetical protein [Mediterraneibacter],Bin 98,5
WP_229092161.1,MULTISPECIES: ABC transporter ATP-binding protein [Bacillota],Bin 98,5
WP_004614604.1,MULTISPECIES: hypothetical protein [Lachnospiraceae],Bin 99,4
WP_009320143.1,hypothetical protein [[Ruminococcus] torques],Bin 99,4
WP_009320144.1,Mov34/MPN/PAD-1 family protein [[Ruminococcus] torques],Bin 99,4
WP_009320145.1,ThiF family adenylyltransferase [[Ruminococcus] torques],Bin 99,4
WP_009320168.1,MULTISPECIES: RNA polymerase sigma factor [Lachnospiraceae],Bin 99,4
WP_009320169.1,MULTISPECIES: RNA polymerase sigma factor [Lachnospiraceae],Bin 99,4
WP_009320170.1,MULTISPECIES: metal-dependent transcriptional regulator [Lachnospiraceae],Bin 99,4
WP_238094911.1,CBASS cGAMP synthase [[Ruminococcus] torques],Bin 99,4
WP_004614026.1,MULTISPECIES: hypothetical protein [Bacillota],Bin 100,2
WP_042741426.1,MULTISPECIES: hypothetical protein [Bacillota],Bin 100,2
WP_044904653.1,MULTISPECIES: hypothetical protein [Clostridia],Bin 100,2
WP_044904654.1,MULTISPECIES: hypothetical protein [Clostridia],Bin 100,2
WP_054344485.1,MULTISPECIES: hypothetical protein [Bacillati],Bin 100,2
WP_117762184.1,MULTISPECIES: RNA polymerase sigma factor [Bacillota],Bin 100,2
WP_118106552.1,MULTISPECIES: SRPBCC family protein [Clostridia],Bin 100,2
WP_270621155.1,hypothetical protein [[Ruminococcus] torques],Bin 100,2
WP_000241709.1,MULTISPECIES: sigma-70 family RNA polymerase sigma factor [Bacteria],Bin 101,8
WP_000323521.1,MULTISPECIES: sigma factor-like helix-turn-helix DNA-binding protein [Bacillota],Bin 101,8
WP_000323895.1,MULTISPECIES: sigma-70 family RNA polymerase sigma factor [Bacteria],Bin 101,8
WP_001206986.1,MULTISPECIES: YdbC family protein [Bacteria],Bin 101,8
WP_001820668.1,MULTISPECIES: MobV family relaxase [Bacteria],Bin 101,8
WP_001820669.1,MULTISPECIES: hypothetical protein [Bacteria],Bin 101,8
WP_270188242.1,recombinase family protein [[Ruminococcus] torques],Bin 101,8
WP_270621039.1,ParB/RepB/Spo0J family partition protein [[Ruminococcus] torques],Bin 101,8
WP_129794838.1,hypothetical protein [[Ruminococcus] torques],Bin 102,3
WP_129794839.1,hypothetical protein [[Ruminococcus] torques],Bin 102,3
WP_129794841.1,hypothetical protein [[Ruminococcus] torques],Bin 102,3
WP_129794842.1,hypothetical protein [[Ruminococcus] torques],Bin 102,3
WP_129794846.1,hypothetical protein [[Ruminococcus] torques],Bin 102,3
WP_155234431.1,hypothetical protein [[Ruminococcus] torques],Bin 102,3
WP_302013524.1,hypothetical protein [[Ruminococcus] torques],Bin 102,3
WP_412224640.1,hypothetical protein [[Ruminococcus] torques],Bin 102,3
WP_055158501.1,DNA topoisomerase 3 [[Ruminococcus] torques],Bin 103,6
WP_177691421.1,MULTISPECIES: helix-turn-helix domain-containing protein [Clostridia],Bin 103,6
WP_177691423.1,MULTISPECIES: nucleotidyl transferase AbiEii/AbiGii toxin family protein [Clostridia],Bin 103,6
WP_177691425.1,MULTISPECIES: hypothetical protein [Clostridia],Bin 103,6
WP_177691429.1,MULTISPECIES: VirB4-like conjugal transfer ATPase  CD1110 family [Lachnospiraceae],Bin 103,6
WP_177691433.1,hypothetical protein [[Ruminococcus] torques],Bin 103,6
WP_257340625.1,MULTISPECIES: MT-A70 family methyltransferase [Clostridia],Bin 103,6
WP_373107501.1,relaxase/mobilization nuclease domain-containing protein [[Ruminococcus] torques],Bin 103,6
WP_270187065.1,ABC transporter permease [[Ruminococcus] torques],Bin 104,5
WP_270187066.1,ABC transporter ATP-binding protein [[Ruminococcus] torques],Bin 104,5
WP_270187067.1,hypothetical protein [[Ruminococcus] torques],Bin 104,5
WP_270187068.1,peptidase domain-containing ABC transporter [[Ruminococcus] torques],Bin 104,5
WP_270187069.1,hypothetical protein [[Ruminococcus] torques],Bin 104,5
WP_270187070.1,MULTISPECIES: BlaI/MecI/CopY family transcriptional regulator [Clostridia],Bin 104,5
WP_270187072.1,MULTISPECIES: hypothetical protein [Clostridia],Bin 104,5
WP_270621057.1,M56 family metallopeptidase [[Ruminococcus] torques],Bin 104,5
WP_020437185.1,MULTISPECIES: uracil-xanthine permease family protein [Mediterraneibacter],Bin 105,4
WP_055156898.1,XRE family transcriptional regulator [[Ruminococcus] torques],Bin 105,4
WP_055158414.1,MULTISPECIES: GGDEF domain-containing protein [Mediterraneibacter],Bin 105,4
WP_055158578.1,LacI family DNA-binding transcriptional regulator [[Ruminococcus] torques],Bin 105,4
WP_070103538.1,MULTISPECIES: V4R domain-containing protein [Mediterraneibacter],Bin 105,4
WP_101695379.1,MULTISPECIES: TnpV protein [Bacillota],Bin 105,4
WP_117836258.1,CobW family GTP-binding protein [[Ruminococcus] torques],Bin 105,4
WP_117890261.1,MULTISPECIES: DUF1648 domain-containing protein [Mediterraneibacter],Bin 105,4
WP_009242792.1,hypothetical protein [[Ruminococcus] torques],Bin 106,9
WP_009320729.1,hypothetical protein [[Ruminococcus] torques],Bin 106,9
WP_009320746.1,RNase H family protein [[Ruminococcus] torques],Bin 106,9
WP_227077250.1,DUF1492 domain-containing protein [[Ruminococcus] torques],Bin 106,9
WP_270187112.1,hypothetical protein [[Ruminococcus] torques],Bin 106,9
WP_270187114.1,hypothetical protein [[Ruminococcus] torques],Bin 106,9
WP_270187115.1,hypothetical protein [[Ruminococcus] torques],Bin 106,9
WP_270187121.1,recombinase family protein [[Ruminococcus] torques],Bin 106,9
WP_004845424.1,MULTISPECIES: anthranilate phosphoribosyltransferase [Mediterraneibacter],Bin 107,21
WP_004845425.1,indole-3-glycerol phosphate synthase TrpC [[Ruminococcus] torques],Bin 107,21
WP_004845426.1,MULTISPECIES: phosphoribosylanthranilate isomerase [Mediterraneibacter],Bin 107,21
WP_004845428.1,tryptophan synthase subunit alpha [[Ruminococcus] torques],Bin 107,21
WP_004845430.1,MULTISPECIES: sensor histidine kinase [Mediterraneibacter],Bin 107,21
WP_282928346.1,response regulator transcription factor [[Ruminococcus] torques],Bin 107,21
WP_412224664.1,aryl-sulfate sulfotransferase [[Ruminococcus] torques],Bin 107,21
WP_004845423.1,MULTISPECIES: anthranilate synthase component II [Mediterraneibacter],Bin 107,20
WP_055157644.1,MULTISPECIES: hypothetical protein [Bacillota],Bin 108,3
WP_055157646.1,MULTISPECIES: helix-turn-helix domain-containing protein [Mediterraneibacter],Bin 108,3
WP_055157978.1,MULTISPECIES: protein-ADP-ribose hydrolase [Mediterraneibacter],Bin 108,3
WP_055158320.1,MULTISPECIES: Fic family protein [Mediterraneibacter],Bin 108,3
WP_117890041.1,MULTISPECIES: acyltransferase [Mediterraneibacter],Bin 108,3
WP_117890483.1,MULTISPECIES: hypothetical protein [Clostridia],Bin 108,3
WP_117890684.1,MULTISPECIES: hypothetical protein [Mediterraneibacter],Bin 108,3
WP_181986577.1,MULTISPECIES: guanylate kinase [Mediterraneibacter],Bin 108,3
WP_009243190.1,DUF4118 domain-containing protein [[Ruminococcus] torques],Bin 109,4
WP_059066825.1,MULTISPECIES: potassium-transporting ATPase subunit KdpC [Lachnospiraceae],Bin 109,4
WP_118188473.1,potassium-transporting ATPase subunit KdpA [[Ruminococcus] torques],Bin 109,4
WP_302695246.1,response regulator [[Ruminococcus] torques],Bin 109,4
WP_303143581.1,sensor histidine kinase [[Ruminococcus] torques],Bin 109,4
WP_303143585.1,potassium channel family protein [[Ruminococcus] torques],Bin 109,4
WP_303143588.1,TrkH family potassium uptake protein [[Ruminococcus] torques],Bin 109,4
WP_303143593.1,potassium-transporting ATPase subunit KdpB [[Ruminococcus] torques],Bin 109,4
WP_004846309.1,type II toxin-antitoxin system HicA family toxin [[Ruminococcus] torques],Bin 110,4
WP_004846321.1,hypothetical protein [[Ruminococcus] torques],Bin 110,4
WP_044998040.1,type II toxin-antitoxin system HicB family antitoxin [[Ruminococcus] torques],Bin 110,4
WP_044998042.1,hypothetical protein [[Ruminococcus] torques],Bin 110,4
WP_055158827.1,hypothetical protein [[Ruminococcus] torques],Bin 110,4
WP_081017334.1,hypothetical protein [[Ruminococcus] torques],Bin 110,4
WP_118188593.1,bacteriophage Gp15 family protein [[Ruminococcus] torques],Bin 110,4
WP_207662719.1,phage tail tape measure protein [[Ruminococcus] torques],Bin 110,4
WP_004845852.1,MULTISPECIES: SEC-C metal-binding domain-containing protein [Mediterraneibacter],Bin 111,28
WP_015529010.1,MULTISPECIES: glutamine--tRNA ligase/YqeY domain fusion protein [Mediterraneibacter],Bin 111,28
WP_020436935.1,MULTISPECIES: glycosyltransferase family 2 protein [Mediterraneibacter],Bin 111,28
WP_055156171.1,MULTISPECIES: homoserine O-acetyltransferase MetA [Mediterraneibacter],Bin 111,28
WP_412224766.1,cysteine--tRNA ligase [[Ruminococcus] torques],Bin 111,28
WP_015528958.1,MULTISPECIES: serine O-acetyltransferase EpsC [Mediterraneibacter],Bin 111,27
WP_055146250.1,MULTISPECIES: pyruvate:ferredoxin (flavodoxin) oxidoreductase [Mediterraneibacter],Bin 111,27
WP_002602093.1,MULTISPECIES: relaxase/mobilization nuclease domain-containing protein [Bacteria],Bin 112,5
WP_002602095.1,MULTISPECIES: helix-turn-helix domain-containing protein [Bacteria],Bin 112,5
WP_002602096.1,MULTISPECIES: RNA polymerase sigma factor [Bacteria],Bin 112,5
WP_002602099.1,MULTISPECIES: tetracycline resistance ribosomal protection protein Tet(32) [Bacteria],Bin 112,5
WP_002605634.1,MULTISPECIES: transposon-encoded TnpW family protein [Bacteria],Bin 112,5
WP_002605635.1,MULTISPECIES: ATP-binding protein [Bacteria],Bin 112,5
WP_412578027.1,class I SAM-dependent methyltransferase [[Ruminococcus] torques],Bin 112,5
WP_004841258.1,MULTISPECIES: fumarate hydratase [Mediterraneibacter],Bin 113,8
WP_004841265.1,MULTISPECIES: RNA-binding S4 domain-containing protein [Mediterraneibacter],Bin 113,8
WP_020436838.1,MULTISPECIES: knotted carbamoyltransferase YgeW [Mediterraneibacter],Bin 113,8
WP_020436839.1,MULTISPECIES: diaminopropionate ammonia-lyase [Mediterraneibacter],Bin 113,8
WP_022037897.1,MULTISPECIES: carbamate kinase [Mediterraneibacter],Bin 113,8
WP_055157280.1,putative aminohydrolase SsnA [[Ruminococcus] torques],Bin 113,8
WP_268804402.1,YgeY family selenium metabolism-linked hydrolase [Mediterraneibacter gnavus],Bin 113,8
WP_055170526.1,MULTISPECIES: arsenate reductase family protein [Mediterraneibacter],Bin 114,2
WP_081021361.1,transposase [[Ruminococcus] torques],Bin 114,2
WP_117889859.1,MULTISPECIES: LURP-one-related/scramblase family protein [Mediterraneibacter],Bin 114,2
WP_117890038.1,MULTISPECIES: glycosyltransferase family 2 protein [Mediterraneibacter],Bin 114,2
WP_117890088.1,MULTISPECIES: helix-turn-helix domain-containing protein [Bacillota],Bin 114,2
WP_207643083.1,hypothetical protein [[Ruminococcus] torques],Bin 114,2
WP_243132289.1,MULTISPECIES: hypothetical protein [Mediterraneibacter],Bin 114,2
WP_055162950.1,MULTISPECIES: sucrose-specific PTS transporter subunit IIBC [Lachnospiraceae],Bin 115,3
WP_055171822.1,MULTISPECIES: helix-turn-helix domain-containing protein [Mediterraneibacter],Bin 115,3
WP_055172628.1,MULTISPECIES: S8 family peptidase [Mediterraneibacter],Bin 115,3
WP_117889860.1,MULTISPECIES: alpha-galactosidase [Mediterraneibacter],Bin 115,3
WP_117889862.1,MULTISPECIES: glycoside hydrolase family 13 protein [Mediterraneibacter],Bin 115,3
WP_117889863.1,MULTISPECIES: helix-turn-helix transcriptional regulator [Mediterraneibacter],Bin 115,3
WP_117889909.1,MULTISPECIES: ORF6N domain-containing protein [Mediterraneibacter],Bin 115,3
WP_004614566.1,MULTISPECIES: helix-turn-helix domain-containing protein [Clostridia],Bin 116,6
WP_004614572.1,MULTISPECIES: hypothetical protein [Bacillota],Bin 116,6
WP_009320153.1,MULTISPECIES: hypothetical protein [Lachnospiraceae],Bin 116,6
WP_009320161.1,MULTISPECIES: MmcQ/YjbR family DNA-binding protein [Clostridia],Bin 116,6
WP_044988093.1,MULTISPECIES: DNA-directed RNA polymerase subunit alpha C-terminal domain-containing protein [Lachnospiraceae],Bin 116,6
WP_117787421.1,MULTISPECIES: IS630 family transposase [Lachnospiraceae],Bin 116,6
WP_238094910.1,hypothetical protein [[Ruminococcus] torques],Bin 116,6
WP_004844934.1,MULTISPECIES: TlyA family RNA methyltransferase [Mediterraneibacter],Bin 117,20
WP_004845287.1,MULTISPECIES: hypothetical protein [Mediterraneibacter],Bin 117,20
WP_004845288.1,MULTISPECIES: UPF0175 family protein [Mediterraneibacter],Bin 117,20
WP_044929814.1,MULTISPECIES: ISNCY family transposase [Mediterraneibacter],Bin 117,20
WP_412594557.1,discoidin domain-containing protein [[Ruminococcus] torques],Bin 117,20
WP_412616081.1,discoidin domain-containing protein [[Ruminococcus] torques],Bin 117,20
WP_412208181.1,DUF5720 family protein [[Ruminococcus] torques],Bin 117,19
WP_055144997.1,MULTISPECIES: AzlC family ABC transporter permease [Mediterraneibacter],Bin 118,4
WP_055145924.1,MULTISPECIES: hypothetical protein [Mediterraneibacter],Bin 118,4
WP_055146267.1,helix-turn-helix domain-containing protein [[Ruminococcus] torques],Bin 118,4
WP_055146320.1,MULTISPECIES: putative hydroxymethylpyrimidine transporter CytX [Mediterraneibacter],Bin 118,4
WP_055146544.1,ATP-binding protein [[Ruminococcus] torques],Bin 118,4
WP_207643075.1,hypothetical protein  partial [[Ruminococcus] torques],Bin 118,4
WP_242849387.1,CD225/dispanin family protein [[Ruminococcus] torques],Bin 118,4
WP_118188607.1,hypothetical protein [[Ruminococcus] torques],Bin 119,3
WP_118188737.1,helix-turn-helix domain-containing protein [[Ruminococcus] torques],Bin 119,3
WP_118188738.1,hypothetical protein [[Ruminococcus] torques],Bin 119,3
WP_118188739.1,virulence-associated E family protein [[Ruminococcus] torques],Bin 119,3
WP_118188740.1,hypothetical protein [[Ruminococcus] torques],Bin 119,3
WP_118188741.1,hypothetical protein [[Ruminococcus] torques],Bin 119,3
WP_187305833.1,tyrosine-type recombinase/integrase [[Ruminococcus] torques],Bin 119,3
WP_009242348.1,MULTISPECIES: hypothetical protein [Lachnospiraceae],Bin 120,2
WP_009242359.1,hypothetical protein [[Ruminococcus] torques],Bin 120,2
WP_009242360.1,helix-turn-helix domain-containing protein [[Ruminococcus] torques],Bin 120,2
WP_009242361.1,ImmA/IrrE family metallo-endopeptidase [[Ruminococcus] torques],Bin 120,2
WP_009242363.1,MULTISPECIES: recombinase family protein [Lachnospiraceae],Bin 120,2
WP_009321060.1,MULTISPECIES: hypothetical protein [Mediterraneibacter],Bin 120,2
WP_044953002.1,MULTISPECIES: DNA cytosine methyltransferase [Mediterraneibacter],Bin 120,2
WP_005344271.1,MULTISPECIES: hypothetical protein [Bacillota],Bin 121,6
WP_012744297.1,MULTISPECIES: PrgI family protein [Bacillota],Bin 121,6
WP_027090294.1,MULTISPECIES: VirB6/TrbL-like conjugal transfer protein  CD1112 family [Bacillota],Bin 121,6
WP_055156894.1,MULTISPECIES: DNA-binding protein [Bacillota],Bin 121,6
WP_207642153.1,VirB4-like conjugal transfer ATPase  CD1110 family [[Ruminococcus] torques],Bin 121,6
WP_278279453.1,MULTISPECIES: DNA polymerase IV [Lachnospiraceae],Bin 121,6
WP_330411386.1,MULTISPECIES: CD1108 family mobile element protein [Mediterraneibacter],Bin 121,6
WP_004848017.1,MULTISPECIES: response regulator transcription factor [Mediterraneibacter],Bin 122,27
WP_004848027.1,MULTISPECIES: branched-chain amino acid ABC transporter permease [Mediterraneibacter],Bin 122,27
WP_004848031.1,MULTISPECIES: ABC transporter ATP-binding protein [Mediterraneibacter],Bin 122,27
WP_020436965.1,MULTISPECIES: ABC transporter ATP-binding protein [Mediterraneibacter],Bin 122,27
WP_020437312.1,ABC transporter ATP-binding protein [[Ruminococcus] torques],Bin 122,27
WP_055157831.1,MULTISPECIES: branched-chain amino acid ABC transporter permease [Mediterraneibacter],Bin 122,27
WP_412578138.1,ABC transporter ATP-binding protein [[Ruminococcus] torques],Bin 122,27
WP_025655065.1,MULTISPECIES: winged helix-turn-helix domain-containing protein [Clostridia],Bin 123,3
WP_025655066.1,MULTISPECIES: metal-dependent transcriptional regulator [Clostridia],Bin 123,3
WP_227183342.1,MULTISPECIES: hypothetical protein [Lachnospiraceae],Bin 123,3
WP_242854666.1,MULTISPECIES: hypothetical protein [Lachnospiraceae],Bin 123,3
WP_330377909.1,recombinase family protein [[Ruminococcus] torques],Bin 123,3
WP_347891464.1,MULTISPECIES: hypothetical protein [Lachnospiraceae],Bin 123,3
WP_373107559.1,DUF6040 family protein  partial [[Ruminococcus] torques],Bin 123,3
WP_004848366.1,MULTISPECIES: plasmid mobilization protein [Clostridia],Bin 124,4
WP_009320319.1,MULTISPECIES: hypothetical protein [Clostridia],Bin 124,4
WP_009320320.1,MULTISPECIES: SpaA isopeptide-forming pilin-related protein [Clostridia],Bin 124,4
WP_038671857.1,MULTISPECIES: hypothetical protein [Clostridia],Bin 124,4
WP_055156391.1,MULTISPECIES: relaxase/mobilization nuclease domain-containing protein [Clostridia],Bin 124,4
WP_055156405.1,ParB/RepB/Spo0J family partition protein [[Ruminococcus] torques],Bin 124,4
WP_055156407.1,ParA family protein [[Ruminococcus] torques],Bin 124,4
WP_004848338.1,MULTISPECIES: hypothetical protein [Clostridia],Bin 125,3
WP_004848347.1,MULTISPECIES: hypothetical protein [Clostridia],Bin 125,3
WP_004848348.1,MULTISPECIES: hypothetical protein [Bacillota],Bin 125,3
WP_004848352.1,MULTISPECIES: hypothetical protein [Clostridia],Bin 125,3
WP_004848371.1,MULTISPECIES: hypothetical protein [Clostridia],Bin 125,3
WP_004848373.1,MULTISPECIES: hypothetical protein [Bacillota],Bin 125,3
WP_009320304.1,MULTISPECIES: PcfB family protein [Clostridia],Bin 125,3
WP_015527882.1,MULTISPECIES: DUF3796 domain-containing protein [Bacillati],Bin 126,3
WP_055157184.1,MULTISPECIES: hypothetical protein [Bacteria],Bin 126,3
WP_055157501.1,VirB6/TrbL-like conjugal transfer protein  CD1112 family [[Ruminococcus] torques],Bin 126,3
WP_055157505.1,MULTISPECIES: VirB4-like conjugal transfer ATPase  CD1110 family [Clostridia],Bin 126,3
WP_055157523.1,MULTISPECIES: plasmid mobilization protein [Bacillati],Bin 126,3
WP_074139000.1,MULTISPECIES: DUF5348 domain-containing protein [Clostridia],Bin 126,3
WP_412616323.1,VirD4-like conjugal transfer protein  CD1115 family [[Ruminococcus] torques],Bin 126,3
WP_028088034.1,MULTISPECIES: hypothetical protein [Lachnospiraceae],Bin 127,3
WP_196002983.1,MULTISPECIES: CHC2 zinc finger domain-containing protein [Lachnospiraceae],Bin 127,3
WP_334306806.1,recombinase family protein [[Ruminococcus] torques],Bin 127,3
WP_373107094.1,MobV family relaxase [[Ruminococcus] torques],Bin 127,3
WP_373107096.1,helix-turn-helix domain-containing protein [[Ruminococcus] torques],Bin 127,3
WP_373107099.1,Abi family protein [[Ruminococcus] torques],Bin 127,3
WP_373107135.1,phage/plasmid primase  P4 family [[Ruminococcus] torques],Bin 127,3
WP_015513306.1,MULTISPECIES: hypothetical protein [Lachnospiraceae],Bin 128,2
WP_173864678.1,MULTISPECIES: hypothetical protein [Mediterraneibacter],Bin 128,2
WP_173864679.1,MULTISPECIES: DUF6339 family protein [Mediterraneibacter],Bin 128,2
WP_173864680.1,MULTISPECIES: HNH endonuclease [Mediterraneibacter],Bin 128,2
WP_173864681.1,MULTISPECIES: very short patch repair endonuclease [Mediterraneibacter],Bin 128,2
WP_173864690.1,MULTISPECIES: helix-turn-helix domain-containing protein [Mediterraneibacter],Bin 128,2
WP_173864691.1,MULTISPECIES: DNA cytosine methyltransferase [Mediterraneibacter],Bin 128,2
WP_129795003.1,IS30 family transposase [[Ruminococcus] torques],Bin 129,2
WP_227070065.1,ParB/RepB/Spo0J family partition protein [[Ruminococcus] torques],Bin 129,2
WP_227070077.1,hypothetical protein [[Ruminococcus] torques],Bin 129,2
WP_256126920.1,helix-turn-helix domain-containing protein [[Ruminococcus] torques],Bin 129,2
WP_412190223.1,hypothetical protein [[Ruminococcus] torques],Bin 129,2
WP_412208215.1,MobP2 family relaxase [[Ruminococcus] torques],Bin 129,2
WP_278885462.1,transketolase [[Ruminococcus] torques],Bin 130,2
WP_278885465.1,aldo/keto reductase [[Ruminococcus] torques],Bin 130,2
WP_278885467.1,sugar transferase [[Ruminococcus] torques],Bin 130,2
WP_400091313.1,P-loop ATPase  Sll1717 family [[Ruminococcus] torques],Bin 130,2
WP_400091344.1,transketolase family protein [[Ruminococcus] torques],Bin 130,2
WP_412594636.1,glycosyltransferase family 4 protein [[Ruminococcus] torques],Bin 130,2
WP_015528930.1,MULTISPECIES: signal recognition particle-docking protein FtsY [Mediterraneibacter],Bin 131,28
WP_044929531.1,MULTISPECIES: deoxycytidylate deaminase [Mediterraneibacter],Bin 131,28
WP_054751565.1,MULTISPECIES: GTP pyrophosphokinase [Mediterraneibacter],Bin 131,28
WP_055148256.1,4-hydroxy-tetrahydrodipicolinate reductase [[Ruminococcus] torques],Bin 131,28
WP_007888736.1,MULTISPECIES: 30S ribosomal protein S21 [Lachnospiraceae],Bin 131,27
WP_055156177.1,MULTISPECIES: adenylosuccinate synthase [Mediterraneibacter],Bin 131,27
WP_003019356.1,MULTISPECIES: hypothetical protein [Bacillota],Bin 132,2
WP_003019365.1,MULTISPECIES: hypothetical protein [Bacillota],Bin 132,2
WP_003019367.1,MULTISPECIES: helix-turn-helix domain-containing protein [Bacillota],Bin 132,2
WP_004223578.1,MULTISPECIES: AAA family ATPase [Bacillota],Bin 132,2
WP_009263188.1,MULTISPECIES: plasmid mobilization protein [Clostridia],Bin 132,2
WP_009263189.1,MULTISPECIES: site-specific integrase [Lachnospiraceae],Bin 132,2
WP_009243157.1,MULTISPECIES: hypothetical protein [Mediterraneibacter],Bin 133,21
WP_118188807.1,D-alanyl-D-alanine carboxypeptidase family protein [[Ruminococcus] torques],Bin 133,21
WP_317648756.1,hypothetical protein [[Ruminococcus] torques],Bin 133,21
WP_412190802.1,hypothetical protein  partial [[Ruminococcus] torques],Bin 133,21
WP_412224740.1,YgiQ family radical SAM protein [[Ruminococcus] torques],Bin 133,21
WP_412208184.1,NPCBM/NEW2 domain-containing protein [[Ruminococcus] torques],Bin 133,20
WP_020436591.1,ATP-binding protein [[Ruminococcus] torques],Bin 134,5
WP_020436592.1,MULTISPECIES: LytR/AlgR family response regulator transcription factor [Mediterraneibacter],Bin 134,5
WP_020436593.1,glycoside hydrolase family 3 C-terminal domain-containing protein [[Ruminococcus] torques],Bin 134,5
WP_055148387.1,MULTISPECIES: helix-turn-helix domain-containing protein [Mediterraneibacter],Bin 134,5
WP_055156570.1,sensor histidine kinase [[Ruminococcus] torques],Bin 134,5
WP_055156846.1,MULTISPECIES: response regulator transcription factor [Mediterraneibacter],Bin 134,5
WP_118188785.1,tyrosine-type recombinase/integrase [[Ruminococcus] torques],Bin 135,3
WP_118188787.1,N-6 DNA methylase [[Ruminococcus] torques],Bin 135,3
WP_118188788.1,type I restriction-modification system endonuclease [[Ruminococcus] torques],Bin 135,3
WP_118188790.1,Abi family protein [[Ruminococcus] torques],Bin 135,3
WP_412420627.1,GIY-YIG nuclease family protein [[Ruminococcus] torques],Bin 135,3
WP_412616237.1,restriction endonuclease subunit S  partial [[Ruminococcus] torques],Bin 135,3
WP_055247040.1,MULTISPECIES: DUF6262 family protein [Lachnospiraceae],Bin 136,3
WP_117604156.1,MULTISPECIES: hypothetical protein [Clostridia],Bin 136,3
WP_118188554.1,MULTISPECIES: tyrosine-type recombinase/integrase [Lachnospiraceae],Bin 136,3
WP_118188555.1,MULTISPECIES: tyrosine-type recombinase/integrase [Lachnospiraceae],Bin 136,3
WP_118188556.1,MULTISPECIES: tyrosine-type recombinase/integrase [Lachnospiraceae],Bin 136,3
WP_172790473.1,DUF5720 family protein [[Ruminococcus] torques],Bin 136,3
WP_015527769.1,YhgE/Pip domain-containing protein [[Ruminococcus] torques],Bin 137,5
WP_055144823.1,MULTISPECIES: response regulator [Bacillota],Bin 137,5
WP_055144826.1,sensor histidine kinase [[Ruminococcus] torques],Bin 137,5
WP_055144829.1,LysR family transcriptional regulator substrate-binding protein [[Ruminococcus] torques],Bin 137,5
WP_055144832.1,MULTISPECIES: potassium channel family protein [Mediterraneibacter],Bin 137,5
WP_055148556.1,MULTISPECIES: YhgE/Pip domain-containing protein [Mediterraneibacter],Bin 137,5
WP_004845313.1,MULTISPECIES: TnpV protein [Lachnospiraceae],Bin 138,14
WP_004845314.1,MULTISPECIES: DUF6809 family protein [Clostridia],Bin 138,14
WP_004845315.1,MULTISPECIES: helix-turn-helix domain-containing protein [Lachnospiraceae],Bin 138,14
WP_004845316.1,MULTISPECIES: hypothetical protein [Lachnospiraceae],Bin 138,14
WP_004845318.1,MULTISPECIES: hypothetical protein [Lachnospiraceae],Bin 138,14
WP_009243217.1,MULTISPECIES: hypothetical protein [Lachnospiraceae],Bin 138,14
WP_005334926.1,MULTISPECIES: helix-turn-helix domain-containing protein [Bacillota],Bin 139,3
WP_055195568.1,MULTISPECIES: sporulation initiation factor Spo0A C-terminal domain-containing protein [Lachnospiraceae],Bin 139,3
WP_062807153.1,MULTISPECIES: EF-Tu/IF-2/RF-3 family GTPase [Lachnospiraceae],Bin 139,3
WP_118285559.1,MULTISPECIES: hypothetical protein [Lachnospiraceae],Bin 139,3
WP_195413308.1,MULTISPECIES: sigma factor-like helix-turn-helix DNA-binding protein [Clostridia],Bin 139,3
WP_226814520.1,MULTISPECIES: helix-turn-helix domain-containing protein [Bacillota],Bin 139,3
WP_055156712.1,AEC family transporter [[Ruminococcus] torques],Bin 140,4
WP_055157080.1,MULTISPECIES: ABC transporter permease [Mediterraneibacter],Bin 140,4
WP_055157654.1,MULTISPECIES: helix-turn-helix domain-containing protein [Mediterraneibacter],Bin 140,4
WP_055157786.1,ABC-ATPase domain-containing protein [[Ruminococcus] torques],Bin 140,4
WP_117889892.1,MULTISPECIES: MATE family efflux transporter [Mediterraneibacter],Bin 140,4
WP_242865859.1,HdeD family acid-resistance protein [[Ruminococcus] torques],Bin 140,4
WP_022003068.1,glutamine-hydrolyzing carbamoyl-phosphate synthase small subunit [[Ruminococcus] torques],Bin 141,20
WP_278885039.1,CTP synthase [[Ruminococcus] torques],Bin 141,20
WP_412208145.1,LL-diaminopimelate aminotransferase [[Ruminococcus] torques],Bin 141,20
WP_412208146.1,amidophosphoribosyltransferase [[Ruminococcus] torques],Bin 141,20
WP_412224567.1,asparagine synthase B [[Ruminococcus] torques],Bin 141,20
WP_302957541.1,type II toxin-antitoxin system RelE/ParE family toxin [[Ruminococcus] torques],Bin 141,19
WP_015529851.1,MULTISPECIES: replication initiator protein A [Lachnospiraceae],Bin 142,5
WP_024720793.1,MULTISPECIES: PcfB family protein [Clostridia],Bin 142,5
WP_024720797.1,MULTISPECIES: ParB/RepB/Spo0J family partition protein [Bacillota],Bin 142,5
WP_055156959.1,MULTISPECIES: ParA family protein [Bacillota],Bin 142,5
WP_074108867.1,MULTISPECIES: single-stranded DNA-binding protein [Lachnospiraceae],Bin 142,5
WP_074108870.1,MULTISPECIES: hypothetical protein [Lachnospiraceae],Bin 142,5
WP_055159501.1,DNA-3-methyladenine glycosylase family protein [[Ruminococcus] torques],Bin 143,2
WP_055159503.1,helix-turn-helix domain-containing protein [[Ruminococcus] torques],Bin 143,2
WP_055159505.1,AAA family ATPase [[Ruminococcus] torques],Bin 143,2
WP_055159507.1,ABC-three component system middle component 2 [[Ruminococcus] torques],Bin 143,2
WP_270744098.1,Alw26I/Eco31I/Esp3I family type II restriction endonuclease [[Ruminococcus] torques],Bin 143,2
WP_330678703.1,ABC-three component system protein  partial [[Ruminococcus] torques],Bin 143,2
WP_009243285.1,excisionase [[Ruminococcus] torques],Bin 144,11
WP_009243286.1,MULTISPECIES: TlpA family protein disulfide reductase [Clostridia],Bin 144,11
WP_009243287.1,MULTISPECIES: 4Fe-4S binding protein [Clostridia],Bin 144,11
WP_009243288.1,MULTISPECIES: response regulator transcription factor [Clostridia],Bin 144,11
WP_009321141.1,MULTISPECIES: CD1871A family CXXC motif-containing protein [Clostridia],Bin 144,11
WP_055159351.1,MULTISPECIES: ATP-binding protein [Clostridia],Bin 144,11
WP_004614949.1,MULTISPECIES: hypothetical protein [Bacteria],Bin 145,4
WP_004849804.1,MULTISPECIES: hypothetical protein [Bacteria],Bin 145,4
WP_008816376.1,MULTISPECIES: DUF6076 domain-containing protein [Bacillota],Bin 145,4
WP_055171323.1,MULTISPECIES: helix-turn-helix domain-containing protein [Bacillota],Bin 145,4
WP_055171329.1,MULTISPECIES: DUF3847 domain-containing protein [Clostridia],Bin 145,4
WP_079746603.1,MULTISPECIES: MobQ family relaxase [Bacteria],Bin 145,4
WP_005344265.1,MULTISPECIES: helix-turn-helix transcriptional regulator [Bacillota],Bin 146,7
WP_015528499.1,MULTISPECIES: relaxase/mobilization nuclease domain-containing protein [Clostridia],Bin 146,7
WP_023922641.1,MULTISPECIES: CD1107 family mobile element protein [Clostridia],Bin 146,7
WP_055039885.1,MULTISPECIES: MmcQ/YjbR family DNA-binding protein [Clostridia],Bin 146,7
WP_055152309.1,MULTISPECIES: MobC family plasmid mobilization relaxosome protein [Lachnospiraceae],Bin 146,7
WP_117804412.1,MULTISPECIES: DNA topoisomerase 3 [Lachnospiraceae],Bin 146,7
WP_004614596.1,MULTISPECIES: energy-coupling factor transporter transmembrane component T family protein [Lachnospiraceae],Bin 147,7
WP_004614597.1,MULTISPECIES: ABC transporter ATP-binding protein [Lachnospiraceae],Bin 147,7
WP_009320171.1,MULTISPECIES: MptD family putative ECF transporter S component [Lachnospiraceae],Bin 147,7
WP_009320278.1,MULTISPECIES: ABC transporter ATP-binding protein [Lachnospiraceae],Bin 147,7
WP_118315809.1,MULTISPECIES: ABC transporter ATP-binding protein [Mediterraneibacter],Bin 147,7
WP_173863489.1,TetR/AcrR family transcriptional regulator [[Ruminococcus] torques],Bin 147,7
WP_008689709.1,MULTISPECIES: transcriptional repressor [Bacillota],Bin 148,9
WP_008689712.1,MULTISPECIES: ferrous iron transporter B [Bacillota],Bin 148,9
WP_008689714.1,MULTISPECIES: FeoA family protein [Bacillota],Bin 148,9
WP_008689717.1,MULTISPECIES: class I SAM-dependent methyltransferase [Bacillota],Bin 148,9
WP_008978797.1,MULTISPECIES: heavy-metal-associated domain-containing protein [Lachnospiraceae],Bin 148,9
WP_008978798.1,MULTISPECIES: hypothetical protein [Bacillota],Bin 148,9
WP_015529880.1,MULTISPECIES: ABC transporter ATP-binding protein [Bacillota],Bin 149,3
WP_015529882.1,MULTISPECIES: hypothetical protein [Bacillota],Bin 149,3
WP_015529886.1,MULTISPECIES: transposase [Bacillota],Bin 149,3
WP_015529887.1,MULTISPECIES: hypothetical protein [Bacillota],Bin 149,3
WP_055039879.1,MULTISPECIES: response regulator [Bacillota],Bin 149,3
WP_117805356.1,MULTISPECIES: hypothetical protein [Lachnospiraceae],Bin 149,3
WP_004845246.1,MULTISPECIES: TraX family protein [Mediterraneibacter],Bin 150,20
WP_004847114.1,MULTISPECIES: YhgE/Pip domain-containing protein [Mediterraneibacter],Bin 150,20
WP_004847122.1,class I SAM-dependent DNA methyltransferase [[Ruminococcus] torques],Bin 150,20
WP_022003191.1,dihydropyrimidinase [[Ruminococcus] torques],Bin 150,20
WP_270621409.1,sodium-dependent transporter [[Ruminococcus] torques],Bin 150,20
WP_302219875.1,alpha-L-fucosidase [[Ruminococcus] torques],Bin 150,20
WP_004845299.1,MULTISPECIES: TnpV protein [Clostridia],Bin 151,7
WP_015527905.1,MULTISPECIES: transposon-encoded TnpW family protein [Clostridia],Bin 151,7
WP_055147769.1,MULTISPECIES: DUF3847 domain-containing protein [Clostridia],Bin 151,7
WP_055158519.1,MULTISPECIES: AAA family ATPase [Mediterraneibacter],Bin 151,7
WP_055158521.1,MULTISPECIES: MobQ family relaxase [Mediterraneibacter],Bin 151,7
WP_002303261.1,MULTISPECIES: GyrI-like domain-containing protein [Bacillota],Bin 152,2
WP_002303262.1,MULTISPECIES: DUF3781 domain-containing protein [Bacteria],Bin 152,2
WP_117468201.1,MULTISPECIES: ABC-three component system middle component 1 [Clostridia],Bin 152,2
WP_243035279.1,MULTISPECIES: ABC-three component system protein [Lachnospiraceae],Bin 152,2
WP_270188187.1,MULTISPECIES: AAA family ATPase [Lachnospiraceae],Bin 152,2
WP_009242307.1,MULTISPECIES: heavy metal translocating P-type ATPase [Mediterraneibacter],Bin 153,20
WP_009243239.1,MULTISPECIES: phosphate ABC transporter ATP-binding protein PstB [Lachnospiraceae],Bin 153,20
WP_009243241.1,MULTISPECIES: phosphate ABC transporter permease PstA [Mediterraneibacter],Bin 153,20
WP_412224609.1,hemolysin family protein [[Ruminococcus] torques],Bin 153,20
WP_412224502.1,choice-of-anchor I family protein [[Ruminococcus] torques],Bin 153,19
WP_055147179.1,endonuclease/exonuclease/phosphatase family protein [[Ruminococcus] torques],Bin 154,5
WP_055148361.1,class II fructose-bisphosphate aldolase [[Ruminococcus] torques],Bin 154,5
WP_055148363.1,MULTISPECIES: nuclease-related domain-containing protein [Mediterraneibacter],Bin 154,5
WP_055148365.1,MULTISPECIES: LacI family DNA-binding transcriptional regulator [Mediterraneibacter],Bin 154,5
WP_055148368.1,MULTISPECIES: 3-hydroxyacyl-CoA dehydrogenase family protein [Mediterraneibacter],Bin 154,5
WP_004846622.1,MULTISPECIES: sensor histidine kinase [Mediterraneibacter],Bin 155,14
WP_004846623.1,MULTISPECIES: ABC transporter permease subunit [Mediterraneibacter],Bin 155,14
WP_004846624.1,MULTISPECIES: ATP-binding cassette domain-containing protein [Mediterraneibacter],Bin 155,14
WP_009242834.1,MULTISPECIES: response regulator transcription factor [Mediterraneibacter],Bin 155,14
WP_270187101.1,DUF7601 domain-containing protein [[Ruminococcus] torques],Bin 155,14
WP_278885421.1,MULTISPECIES: hypothetical protein [Bacillota],Bin 156,2
WP_282928587.1,glucose-1-phosphate thymidylyltransferase RfbA [[Ruminococcus] torques],Bin 156,2
WP_282928604.1,DegT/DnrJ/EryC1/StrS family aminotransferase [[Ruminococcus] torques],Bin 156,2
WP_303145171.1,dTDP-glucose 4 6-dehydratase [[Ruminococcus] torques],Bin 156,2
WP_306543519.1,lipopolysaccharide biosynthesis protein [[Ruminococcus] torques],Bin 156,2
WP_055156906.1,MULTISPECIES: ABC transporter ATP-binding protein [Clostridia],Bin 157,3
WP_055156908.1,MULTISPECIES: ABC transporter ATP-binding protein [Lachnospiraceae],Bin 157,3
WP_055156914.1,MULTISPECIES: energy-coupling factor transporter transmembrane component T family protein [Mediterraneibacter],Bin 157,3
WP_055156916.1,MULTISPECIES: MptD family putative ECF transporter S component [Lachnospiraceae],Bin 157,3
WP_066085038.1,MULTISPECIES: helix-turn-helix domain-containing protein [Lachnospirales],Bin 157,3
WP_004846493.1,MULTISPECIES: class II fructose-bisphosphate aldolase [Mediterraneibacter],Bin 158,23
WP_009320705.1,MFS transporter [[Ruminococcus] torques],Bin 158,23
WP_015529589.1,MULTISPECIES: Pentose-5-phosphate-3-epimerase [Mediterraneibacter],Bin 158,23
WP_015529594.1,MULTISPECIES: aldo/keto reductase [Mediterraneibacter],Bin 158,23
WP_004846494.1,MULTISPECIES: NAD(P)-dependent alcohol dehydrogenase [Mediterraneibacter],Bin 158,22
WP_021860392.1,MULTISPECIES: helix-turn-helix domain-containing protein [Lachnospiraceae],Bin 159,2
WP_055052947.1,MULTISPECIES: PrgI family protein [Bacillota],Bin 159,2
WP_055282534.1,MULTISPECIES: VirB4-like conjugal transfer ATPase  CD1110 family [Lachnospiraceae],Bin 159,2
WP_242859221.1,MULTISPECIES: TnpV protein [Lachnospiraceae],Bin 159,2
WP_416390702.1,Eco57I restriction-modification methylase domain-containing protein [[Ruminococcus] torques],Bin 159,2
WP_055146769.1,MULTISPECIES: ABC transporter permease [Mediterraneibacter],Bin 160,6
WP_055147835.1,MULTISPECIES: VanZ family protein [Mediterraneibacter],Bin 160,6
WP_055148444.1,acyl-CoA dehydratase activase [[Ruminococcus] torques],Bin 160,6
WP_117541668.1,MULTISPECIES: XRE family transcriptional regulator [Mediterraneibacter],Bin 160,6
WP_117889973.1,MULTISPECIES: type II secretion system F family protein [Mediterraneibacter],Bin 160,6
WP_004847178.1,MULTISPECIES: GTP-sensing pleiotropic transcriptional regulator CodY [Mediterraneibacter],Bin 161,27
WP_117890369.1,MULTISPECIES: type I DNA topoisomerase [Mediterraneibacter],Bin 161,27
WP_004847515.1,MULTISPECIES: 30S ribosomal protein S3 [Mediterraneibacter],Bin 161,26
WP_004847516.1,MULTISPECIES: 50S ribosomal protein L22 [Mediterraneibacter],Bin 161,26
WP_004847517.1,MULTISPECIES: 30S ribosomal protein S19 [Mediterraneibacter],Bin 161,26
WP_004846628.1,MULTISPECIES: hypothetical protein [Mediterraneibacter],Bin 162,17
WP_004846630.1,MULTISPECIES: DUF5688 family protein [Mediterraneibacter],Bin 162,17
WP_004846636.1,MULTISPECIES: N-acetylmuramoyl-L-alanine amidase family protein [Mediterraneibacter],Bin 162,17
WP_009242897.1,MULTISPECIES: shikimate kinase [Mediterraneibacter],Bin 162,17
WP_270744044.1,hypothetical protein  partial [[Ruminococcus] torques],Bin 162,17
WP_008689701.1,MULTISPECIES: hypothetical protein [Bacillota],Bin 163,8
WP_008689705.1,MULTISPECIES: heavy metal translocating P-type ATPase [Bacillota],Bin 163,8
WP_008689707.1,MULTISPECIES: DUF6110 family protein [Bacillota],Bin 163,8
WP_009243495.1,MULTISPECIES: recombinase family protein [Lachnospiraceae],Bin 163,8
WP_081745583.1,MULTISPECIES: ATP-binding protein [Lachnospiraceae],Bin 163,8
WP_005334864.1,MULTISPECIES: hypothetical protein [Clostridia],Bin 164,4
WP_054325472.1,MULTISPECIES: TnpV protein [Bacillota],Bin 164,4
WP_055146289.1,Y-family DNA polymerase [[Ruminococcus] torques],Bin 164,4
WP_055148429.1,phosphatidylserine decarboxylase [[Ruminococcus] torques],Bin 164,4
WP_055173304.1,MULTISPECIES: AAA family ATPase [Clostridia],Bin 164,4
WP_302220304.1,alpha-L-fucosidase [[Ruminococcus] torques],Bin 165,20
WP_009243231.1,MULTISPECIES: ABC-three component system middle component 6 [Lachnospiraceae],Bin 165,19
WP_009319921.1,MULTISPECIES: SMEK domain-containing protein [Mediterraneibacter],Bin 165,19
WP_270621320.1,hypothetical protein [[Ruminococcus] torques],Bin 165,19
WP_412578251.1,DUF2326 domain-containing protein [[Ruminococcus] torques],Bin 165,19
WP_055158849.1,DUF2800 domain-containing protein [[Ruminococcus] torques],Bin 166,4
WP_055158850.1,hypothetical protein [[Ruminococcus] torques],Bin 166,4
WP_055158902.1,DUF2815 family protein [[Ruminococcus] torques],Bin 166,4
WP_227182355.1,hypothetical protein [[Ruminococcus] torques],Bin 166,4
WP_270743876.1,DEAD/DEAH box helicase [[Ruminococcus] torques],Bin 166,4
WP_008689719.1,MULTISPECIES: flavodoxin [Bacillota],Bin 167,10
WP_008689720.1,MULTISPECIES: DUF3793 family protein [Bacillota],Bin 167,10
WP_008689721.1,MULTISPECIES: replication initiator protein A [Bacillota],Bin 167,10
WP_008689722.1,MULTISPECIES: ATP-binding protein [Bacillota],Bin 167,10
WP_008689723.1,MULTISPECIES: hypothetical protein [Bacillota],Bin 167,10
WP_002298631.1,MULTISPECIES: group II intron reverse transcriptase/maturase [Bacillota],Bin 168,3
WP_015541022.1,MULTISPECIES: DUF6560 family protein [Lachnospiraceae],Bin 168,3
WP_071143744.1,MULTISPECIES: DUF6560 family protein [Clostridia],Bin 168,3
WP_117909771.1,MULTISPECIES: hypothetical protein [Mediterraneibacter],Bin 168,3
WP_147338782.1,MULTISPECIES: hypothetical protein [Lachnospiraceae],Bin 168,3
WP_055145946.1,MULTISPECIES: 4-hydroxy-tetrahydrodipicolinate synthase [Mediterraneibacter],,28
WP_004845247.1,ATP-dependent chaperone ClpB [[Ruminococcus] torques],,27
WP_055145842.1,rubrerythrin [[Ruminococcus] torques],,27
WP_055148378.1,V-type ATP synthase subunit A [[Ruminococcus] torques],,27
WP_055157760.1,MULTISPECIES: DNA-directed RNA polymerase subunit beta [Mediterraneibacter],,27
WP_055158353.1,MULTISPECIES: energy-coupling factor transporter ATPase [Mediterraneibacter],,27
WP_302177914.1,50S ribosomal protein L2 [[Ruminococcus] torques],,27
WP_004847519.1,MULTISPECIES: 50S ribosomal protein L23 [Mediterraneibacter],,26
WP_004847520.1,MULTISPECIES: 50S ribosomal protein L4 [Mediterraneibacter],,26
WP_005613028.1,MULTISPECIES: 30S ribosomal protein S11 [Clostridia],,26
WP_009242826.1,MULTISPECIES: ATP-dependent RecD-like DNA helicase [Mediterraneibacter],,26
WP_009243082.1,MULTISPECIES: 30S ribosomal protein S13 [Mediterraneibacter],,26
WP_055144475.1,MULTISPECIES: YceD family protein [Mediterraneibacter],,26
WP_055146127.1,MULTISPECIES: 50S ribosomal protein L16 [Mediterraneibacter],,26
WP_055147876.1,MULTISPECIES: elongation factor G [Mediterraneibacter],,26
WP_004845427.1,MULTISPECIES: tryptophan synthase subunit beta [Mediterraneibacter],,25
WP_009243092.1,MULTISPECIES: 50S ribosomal protein L3 [Mediterraneibacter],,25
WP_055157746.1,MULTISPECIES: elongation factor Tu [Mediterraneibacter],,25
WP_004846631.1,MULTISPECIES: elongation factor P [Mediterraneibacter],,24
WP_004846637.1,MULTISPECIES: IMP dehydrogenase [Mediterraneibacter],,24
WP_055144888.1,MULTISPECIES: YqeG family HAD IIIA-type phosphatase [Mediterraneibacter],,24
WP_022003163.1,MULTISPECIES: hypothetical protein [Mediterraneibacter],,23
WP_177716184.1,transposase  partial [[Ruminococcus] torques],,23
WP_004845734.1,MULTISPECIES: S1 RNA-binding domain-containing protein [Mediterraneibacter],,22
WP_412224576.1,ATP-binding protein [[Ruminococcus] torques],,22
WP_009242630.1,MULTISPECIES: hypothetical protein [Mediterraneibacter],,21
WP_009243665.1,MULTISPECIES: ClbS/DfsB family four-helix bundle protein [Bacillota],,21
WP_118188444.1,Ig-like domain-containing protein [[Ruminococcus] torques],,21
WP_302545069.1,hypothetical protein [[Ruminococcus] torques],,21
WP_003505342.1,MULTISPECIES: DUF6061 family protein [Bacillota],,20
WP_004845168.1,MULTISPECIES: hypothetical protein [Mediterraneibacter],,20
WP_004845213.1,MULTISPECIES: ABC transporter ATP-binding protein [Mediterraneibacter],,20
WP_004845853.1,YdcF family protein [[Ruminococcus] torques],,20
WP_004846077.1,MULTISPECIES: DUF6560 family protein [Mediterraneibacter],,20
WP_004846427.1,MULTISPECIES: FprA family A-type flavoprotein [Mediterraneibacter],,20
WP_004847174.1,MULTISPECIES: YifB family Mg chelatase-like AAA ATPase [Mediterraneibacter],,20
WP_004847175.1,MULTISPECIES: DNA-processing protein DprA [Mediterraneibacter],,20
WP_004847181.1,MULTISPECIES: hypothetical protein [Mediterraneibacter],,20
WP_004847990.1,MULTISPECIES: helix-turn-helix domain-containing protein [Mediterraneibacter],,20
WP_009242196.1,MULTISPECIES: hypothetical protein [Mediterraneibacter],,20
WP_009242624.1,MULTISPECIES: hypothetical protein [Mediterraneibacter],,20
WP_009242984.1,MULTISPECIES: GntR family transcriptional regulator [Clostridia],,20
WP_009243628.1,MULTISPECIES: ABC transporter ATP-binding protein [Mediterraneibacter],,20
WP_009319853.1,MULTISPECIES: DUF6449 domain-containing protein [Mediterraneibacter],,20
WP_009320458.1,MULTISPECIES: regulatory protein RecX [Mediterraneibacter],,20
WP_009321367.1,MULTISPECIES: class B sortase [Mediterraneibacter],,20
WP_022003110.1,B12-binding domain-containing radical SAM protein [[Ruminococcus] torques],,20
WP_022003248.1,LXG domain-containing protein [[Ruminococcus] torques],,20
WP_044998228.1,FN3 domain-containing metallophosphoesterase family protein [[Ruminococcus] torques],,20
WP_118188414.1,DUF4340 domain-containing protein [[Ruminococcus] torques],,20
WP_118188446.1,nucleotidyltransferase family protein [[Ruminococcus] torques],,20
WP_118188533.1,ABC transporter ATP-binding protein [[Ruminococcus] torques],,20
WP_129794965.1,MULTISPECIES: sugar O-acetyltransferase [Clostridia],,20
WP_155492451.1,MULTISPECIES: hypothetical protein [Clostridia],,20
WP_227069817.1,hypothetical protein  partial [[Ruminococcus] torques],,20
WP_227070303.1,IS4 family transposase  partial [[Ruminococcus] torques],,20
WP_227182530.1,sensor histidine kinase [[Ruminococcus] torques],,20
WP_303056985.1,SpaA isopeptide-forming pilin-related protein [[Ruminococcus] torques],,20
WP_303145014.1,CD225/dispanin family protein [[Ruminococcus] torques],,20
WP_303145286.1,accessory gene regulator B family protein [[Ruminococcus] torques],,20
WP_306542214.1,ABC transporter permease [[Ruminococcus] torques],,20
WP_412208093.1,IS256 family transposase [[Ruminococcus] torques],,20
WP_412208103.1,ABC-F family ATP-binding cassette domain-containing protein [[Ruminococcus] torques],,20
WP_412224698.1,DUF1648 domain-containing protein [[Ruminococcus] torques],,20
WP_002341493.1,MULTISPECIES: excisionase [Bacillota],,19
WP_004845245.1,MULTISPECIES: helix-turn-helix domain-containing protein [Mediterraneibacter],,19
WP_004845342.1,MULTISPECIES: glutamine synthetase III [Lachnospiraceae],,19
WP_004845354.1,MULTISPECIES: ATP-dependent Clp protease ATP-binding subunit [Lachnospiraceae],,19
WP_004845590.1,MULTISPECIES: PTS ascorbate transporter subunit IIC [Mediterraneibacter],,19
WP_004845600.1,MULTISPECIES: prealbumin-like fold domain-containing protein [Mediterraneibacter],,19
WP_004845725.1,MULTISPECIES: ABC transporter ATP-binding protein [Mediterraneibacter],,19
WP_004846347.1,MULTISPECIES: class C sortase [Mediterraneibacter],,19
WP_004846593.1,MULTISPECIES: hypothetical protein [Mediterraneibacter],,19
WP_004847093.1,hypothetical protein [[Ruminococcus] torques],,19
WP_004847167.1,MULTISPECIES: type II toxin-antitoxin system Phd/YefM family antitoxin [Mediterraneibacter],,19
WP_004847436.1,zinc ribbon domain-containing protein [[Ruminococcus] torques],,19
WP_004847526.1,MULTISPECIES: PTS transporter subunit EIIC [Mediterraneibacter],,19
WP_004847529.1,MULTISPECIES: PTS glucose transporter subunit IIA [Mediterraneibacter],,19
WP_004847612.1,MULTISPECIES: SpaH/EbpB family LPXTG-anchored major pilin [Clostridia],,19
WP_009243171.1,MULTISPECIES: class II glutamine amidotransferase [Lachnospiraceae],,19
WP_009243276.1,MULTISPECIES: nucleotidyltransferase family protein [Mediterraneibacter],,19
WP_009321487.1,MULTISPECIES: pilin N-terminal domain-containing protein [Mediterraneibacter],,19
WP_022003006.1,sensor histidine kinase [[Ruminococcus] torques],,19
WP_022003295.1,MULTISPECIES: zinc ribbon domain-containing protein [Mediterraneibacter],,19
WP_035125020.1,MULTISPECIES: helix-turn-helix domain-containing protein [Clostridia],,19
WP_044929630.1,DUF2085 domain-containing protein [[Ruminococcus] torques],,19
WP_118188633.1,hypothetical protein [[Ruminococcus] torques],,19
WP_118188763.1,ribosomal protection-like ABC-F family protein [[Ruminococcus] torques],,19
WP_118188809.1,Cna B-type domain-containing protein [[Ruminococcus] torques],,19
WP_155234414.1,MULTISPECIES: PRD domain-containing protein [Mediterraneibacter],,19
WP_270621082.1,ABC transporter ATP-binding protein [[Ruminococcus] torques],,19
WP_270621098.1,lysine--tRNA ligase [[Ruminococcus] torques],,19
WP_302163740.1,carbamoyl-phosphate synthase large subunit [[Ruminococcus] torques],,19
WP_303144995.1,isopeptide-forming domain-containing fimbrial protein [[Ruminococcus] torques],,19
WP_303145289.1,DUF3502 domain-containing protein [[Ruminococcus] torques],,19
WP_303145300.1,hypothetical protein [[Ruminococcus] torques],,19
WP_303394152.1,hypothetical protein  partial [[Ruminococcus] torques],,19
WP_306508425.1,hypothetical protein [[Ruminococcus] torques],,19
WP_306529184.1,DNA internalization-related competence protein ComEC/Rec2 [[Ruminococcus] torques],,19
WP_306542204.1,cation:proton antiporter [[Ruminococcus] torques],,19
WP_306542338.1,zinc ribbon domain-containing protein [[Ruminococcus] torques],,19
WP_317648922.1,endo-alpha-N-acetylgalactosaminidase family protein [[Ruminococcus] torques],,19
WP_330677666.1,ATP-dependent zinc metalloprotease FtsH [[Ruminococcus] torques],,19
WP_370771448.1,IS110 family transposase [[Ruminococcus] torques],,19
WP_412224561.1,ANTAR domain-containing response regulator [[Ruminococcus] torques],,19
WP_412224563.1,glutamate synthase-related protein [[Ruminococcus] torques],,19
WP_412224628.1,SDR family NAD(P)-dependent oxidoreductase [[Ruminococcus] torques],,19
WP_412224645.1,YibE/F family protein [[Ruminococcus] torques],,19
WP_412578137.1,sensor histidine kinase [[Ruminococcus] torques],,19
WP_412578157.1,sialidase domain-containing protein [[Ruminococcus] torques],,19
WP_004842261.1,MULTISPECIES: ATP-binding protein [Lachnospiraceae],,18
WP_004845337.1,MULTISPECIES: glutamine synthetase family protein [Lachnospiraceae],,18
WP_004847125.1,MULTISPECIES: nucleotidyltransferase family protein [Mediterraneibacter],,18
WP_004847131.1,MULTISPECIES: hypothetical protein [Mediterraneibacter],,18
WP_004847365.1,MULTISPECIES: Crp/Fnr family transcriptional regulator [Clostridia],,18
WP_004847525.1,MULTISPECIES: FAD-dependent oxidoreductase [Mediterraneibacter],,18
WP_004848452.1,MULTISPECIES: FAD-dependent oxidoreductase [Mediterraneibacter],,18
WP_009242821.1,hypothetical protein [[Ruminococcus] torques],,18
WP_009243075.1,MULTISPECIES: glycoside hydrolase family 2 protein [Mediterraneibacter],,18
WP_009243409.1,MULTISPECIES: hypothetical protein [Mediterraneibacter],,18
WP_009320025.1,MULTISPECIES: hypothetical protein [Mediterraneibacter],,18
WP_009320944.1,MULTISPECIES: RNA polymerase sporulation sigma factor SigK [Mediterraneibacter],,18
WP_044998211.1,MULTISPECIES: glycoside hydrolase family 1 protein [Mediterraneibacter],,18
WP_055159329.1,23S rRNA (uracil(1939)-C(5))-methyltransferase RlmD [[Ruminococcus] torques],,18
WP_055159472.1,hypothetical protein [[Ruminococcus] torques],,18
WP_109257321.1,MULTISPECIES: IS110 family transposase [Lachnospiraceae],,18
WP_118188468.1,ammonium transporter [[Ruminococcus] torques],,18
WP_118188469.1,glutamate synthase [[Ruminococcus] torques],,18
WP_155236655.1,MULTISPECIES: hypothetical protein [Mediterraneibacter],,18
WP_155236820.1,5-bromo-4-chloroindolyl phosphate hydrolysis family protein [[Ruminococcus] torques],,18
WP_207642130.1,hypothetical protein [[Ruminococcus] torques],,18
WP_207662728.1,hypothetical protein  partial [[Ruminococcus] torques],,18
WP_238094795.1,transposase [[Ruminococcus] torques],,18
WP_270187145.1,YSIRK-targeted surface antigen transcriptional regulator [[Ruminococcus] torques],,18
WP_272108115.1,MULTISPECIES: sialidase domain-containing protein [Lachnospiraceae],,18
WP_302164142.1,hypothetical protein  partial [[Ruminococcus] torques],,18
WP_303057307.1,DUF961 family protein  partial [[Ruminococcus] torques],,18
WP_303394238.1,tetratricopeptide repeat protein [[Ruminococcus] torques],,18
WP_306542221.1,DUF6128 domain-containing protein [[Ruminococcus] torques],,18
WP_306542329.1,ABC transporter permease [[Ruminococcus] torques],,18
WP_306543725.1,hypothetical protein [[Ruminococcus] torques],,18
WP_334294325.1,hypothetical protein [[Ruminococcus] torques],,18
WP_412224451.1,Ig-like domain-containing protein [[Ruminococcus] torques],,18
WP_412226209.1,ZmpA/ZmpB/ZmpC family metallo-endopeptidase-related protein [[Ruminococcus] torques],,18
WP_004845295.1,ArdC-like ssDNA-binding domain-containing protein [[Ruminococcus] torques],,17
WP_004845296.1,hypothetical protein [[Ruminococcus] torques],,17
WP_004846540.1,manganese catalase family protein [[Ruminococcus] torques],,17
WP_004846615.1,hypothetical protein [[Ruminococcus] torques],,17
WP_004846616.1,MULTISPECIES: BlaI/MecI/CopY family transcriptional regulator [Mediterraneibacter],,17
WP_004846960.1,hypothetical protein [[Ruminococcus] torques],,17
WP_004847127.1,MULTISPECIES: HI0074 family nucleotidyltransferase substrate-binding subunit [Mediterraneibacter],,17
WP_004847129.1,MULTISPECIES: DUF3990 domain-containing protein [Mediterraneibacter],,17
WP_004847346.1,MULTISPECIES: plasmid mobilization protein [Mediterraneibacter],,17
WP_004848260.1,hypothetical protein [[Ruminococcus] torques],,17
WP_009243494.1,hypothetical protein [[Ruminococcus] torques],,17
WP_009320947.1,site-specific tyrosine recombinase/integron integrase [[Ruminococcus] torques],,17
WP_009320966.1,MULTISPECIES: SpaA isopeptide-forming pilin-related protein [Mediterraneibacter],,17
WP_009320974.1,MULTISPECIES: peptidoglycan-binding protein [Mediterraneibacter],,17
WP_009321385.1,MULTISPECIES: tyrosine-type recombinase/integrase [Lachnospiraceae],,17
WP_009321419.1,MULTISPECIES: helix-turn-helix domain-containing protein [Mediterraneibacter],,17
WP_011528003.1,MULTISPECIES: cysteine-rich KTR domain-containing protein [Clostridia],,17
WP_022003080.1,class I SAM-dependent methyltransferase [[Ruminococcus] torques],,17
WP_044929325.1,MULTISPECIES: DUF6262 family protein [Lachnospiraceae],,17
WP_044929440.1,MULTISPECIES: transglutaminase domain-containing protein [Mediterraneibacter],,17
WP_055173612.1,MULTISPECIES: hypothetical protein [Lachnospiraceae],,17
WP_118188445.1,hypothetical protein [[Ruminococcus] torques],,17
WP_118188517.1,cupin domain-containing protein [[Ruminococcus] torques],,17
WP_118188518.1,hydroxylamine reductase [[Ruminococcus] torques],,17
WP_118188634.1,dockerin type I repeat-containing protein [[Ruminococcus] torques],,17
WP_118188635.1,GNAT family N-acetyltransferase [[Ruminococcus] torques],,17
WP_238095069.1,MULTISPECIES: response regulator [Mediterraneibacter],,17
WP_270186960.1,MATE family efflux transporter [[Ruminococcus] torques],,17
WP_282928217.1,carbohydrate ABC transporter permease [[Ruminococcus] torques],,17
WP_306534816.1,beta-phosphoglucomutase [[Ruminococcus] torques],,17
WP_412190273.1,InlB B-repeat-containing protein [[Ruminococcus] torques],,17
WP_412416824.1,complexin-2 [[Ruminococcus] torques],,17
WP_412578029.1,MobA/MobL family protein [[Ruminococcus] torques],,17
WP_412578256.1,ATP-binding protein [[Ruminococcus] torques],,17
WP_002578307.1,MULTISPECIES: helix-turn-helix domain-containing protein [Bacillota],,16
WP_004845297.1,DUF4314 domain-containing protein [[Ruminococcus] torques],,16
WP_004845746.1,MULTISPECIES: PTS mannose/fructose/sorbose/N-acetylgalactosamine transporter subunit IIC [Mediterraneibacter],,16
WP_004846609.1,MULTISPECIES: hypothetical protein [Mediterraneibacter],,16
WP_004847345.1,MULTISPECIES: site-specific integrase [Clostridia],,16
WP_004847349.1,MULTISPECIES: helicase RepA family protein [Mediterraneibacter],,16
WP_004847359.1,MULTISPECIES: ferredoxin [Mediterraneibacter],,16
WP_004848443.1,MULTISPECIES: pirin family protein [Mediterraneibacter],,16
WP_009243195.1,MULTISPECIES: hypothetical protein [Lachnospiraceae],,16
WP_009243376.1,hypothetical protein [[Ruminococcus] torques],,16
WP_009243490.1,TetR/AcrR family transcriptional regulator [[Ruminococcus] torques],,16
WP_009319935.1,MULTISPECIES: hypothetical protein [Mediterraneibacter],,16
WP_009320282.1,MULTISPECIES: PadR family transcriptional regulator [Bacillota],,16
WP_009320284.1,MULTISPECIES: EFR1 family ferrodoxin [Clostridia],,16
WP_022003229.1,MarR family winged helix-turn-helix transcriptional regulator [[Ruminococcus] torques],,16
WP_055158405.1,MULTISPECIES: helix-turn-helix domain-containing protein [Clostridia],,16
WP_055158731.1,MULTISPECIES: hypothetical protein [Mediterraneibacter],,16
WP_055172792.1,MULTISPECIES: hypothetical protein [Clostridia],,16
WP_173689660.1,MULTISPECIES: hypothetical protein [Bacteria],,16
WP_238095055.1,MULTISPECIES: ATP-dependent DNA helicase [Lachnospiraceae],,16
WP_270187092.1,site-specific integrase [[Ruminococcus] torques],,16
WP_270621353.1,AAA domain-containing protein [[Ruminococcus] torques],,16
WP_278275377.1,MULTISPECIES: replication initiation factor domain-containing protein [Bacillota],,16
WP_282928320.1,SpaA isopeptide-forming pilin-related protein [[Ruminococcus] torques],,16
WP_306533453.1,ABC transporter permease [[Ruminococcus] torques],,16
WP_331612563.1,hypothetical protein [[Ruminococcus] torques],,16
WP_334303811.1,DUF6070 family protein [[Ruminococcus] torques],,16
WP_412190687.1,tyrosine-type recombinase/integrase [[Ruminococcus] torques],,16
WP_412208041.1,IS110 family transposase [[Ruminococcus] torques],,16
WP_412578258.1,excisionase [[Ruminococcus] torques],,16
WP_004846620.1,MULTISPECIES: helix-turn-helix domain-containing protein [Mediterraneibacter],,15
WP_009243196.1,MULTISPECIES: hypothetical protein [Lachnospiraceae],,15
WP_009243197.1,MULTISPECIES: MmcQ/YjbR family DNA-binding protein [Lachnospiraceae],,15
WP_009243198.1,MULTISPECIES: hypothetical protein [Lachnospiraceae],,15
WP_009243226.1,PcfB family protein [[Ruminococcus] torques],,15
WP_009243319.1,hypothetical protein [[Ruminococcus] torques],,15
WP_009243320.1,MULTISPECIES: hypothetical protein [Lachnospiraceae],,15
WP_009243321.1,MULTISPECIES: helix-turn-helix domain-containing protein [Lachnospiraceae],,15
WP_009243482.1,MULTISPECIES: PTS glucose transporter subunit IIA [Mediterraneibacter],,15
WP_009243483.1,sensor histidine kinase [[Ruminococcus] torques],,15
WP_009243485.1,ABC transporter permease [[Ruminococcus] torques],,15
WP_009319912.1,hypothetical protein [[Ruminococcus] torques],,15
WP_009320141.1,MULTISPECIES: TMEM175 family protein [Mediterraneibacter],,15
WP_009320163.1,DUF6674 family protein [[Ruminococcus] torques],,15
WP_009320167.1,DUF4313 domain-containing protein [[Ruminococcus] torques],,15
WP_009321377.1,MULTISPECIES: hypothetical protein [Clostridia],,15
WP_009321542.1,response regulator transcription factor [[Ruminococcus] torques],,15
WP_044929331.1,hypothetical protein [[Ruminococcus] torques],,15
WP_044929406.1,MULTISPECIES: tyrosine-type recombinase/integrase [Lachnospiraceae],,15
WP_055156461.1,tyrosine-type recombinase/integrase [[Ruminococcus] torques],,15
WP_055157190.1,MULTISPECIES: site-specific integrase [Clostridia],,15
WP_055159103.1,MurR/RpiR family transcriptional regulator [[Ruminococcus] torques],,15
WP_118188848.1,AIPR family protein [[Ruminococcus] torques],,15
WP_118188850.1,plasmid mobilization protein [[Ruminococcus] torques],,15
WP_243035195.1,restriction endonuclease subunit S [[Ruminococcus] torques],,15
WP_256126807.1,hypothetical protein  partial [[Ruminococcus] torques],,15
WP_270744002.1,hypothetical protein [[Ruminococcus] torques],,15
WP_303394211.1,hypothetical protein [[Ruminococcus] torques],,15
WP_306542476.1,InlB B-repeat-containing protein [[Ruminococcus] torques],,15
WP_412208137.1,terminase large subunit [[Ruminococcus] torques],,15
WP_413081745.1,hypothetical protein [[Ruminococcus] torques],,15
WP_004845292.1,hypothetical protein [[Ruminococcus] torques],,14
WP_004845964.1,MULTISPECIES: DUF3784 domain-containing protein [Bacillota],,14
WP_004846057.1,MULTISPECIES: IS110 family transposase [Bacteria][Archaea],,14
WP_004847068.1,MULTISPECIES: 3-methyl-2-oxobutanoate hydroxymethyltransferase [Bacteria],,14
WP_004847070.1,MULTISPECIES: pantoate--beta-alanine ligase [Bacteria],,14
WP_009242830.1,MULTISPECIES: BlaR1 family beta-lactam sensor/signal transducer [Mediterraneibacter],,14
WP_009243202.1,MULTISPECIES: PrgI family protein [Lachnospiraceae],,14
WP_009243207.1,MULTISPECIES: LysR family transcriptional regulator [Clostridia],,14
WP_009243209.1,MULTISPECIES: 5-methyltetrahydropteroyltriglutamate--homocysteine S-methyltransferase [Clostridia],,14
WP_009243421.1,RrF2 family transcriptional regulator [[Ruminococcus] torques],,14
WP_009243493.1,hypothetical protein [[Ruminococcus] torques],,14
WP_009243670.1,radical SAM mobile pair system MarR family transcriptional regulator [[Ruminococcus] torques],,14
WP_009243760.1,hypothetical protein [[Ruminococcus] torques],,14
WP_009320142.1,MULTISPECIES: alpha alpha-phosphotrehalase [Mediterraneibacter],,14
WP_009587591.1,MULTISPECIES: helix-turn-helix domain-containing protein [Bacillota],,14
WP_015530105.1,MULTISPECIES: sporulation transcriptional regulator SpoIIID [Mediterraneibacter],,14
WP_022003227.1,cysteine-rich KTR domain-containing protein [[Ruminococcus] torques],,14
WP_055156457.1,MULTISPECIES: radical SAM mobile pair protein B [Lachnospiraceae],,14
WP_055156459.1,radical SAM mobile pair protein A [[Ruminococcus] torques],,14
WP_055156572.1,Fic family protein [[Ruminococcus] torques],,14
WP_083804896.1,carcinine hydrolase/isopenicillin-N N-acyltransferase family protein [[Ruminococcus] torques],,14
WP_117739211.1,MULTISPECIES: VirB4-like conjugal transfer ATPase  CD1110 family [Clostridia],,14
WP_173019868.1,MULTISPECIES: cysteine-rich small domain-containing protein [Clostridia],,14
WP_227070244.1,MULTISPECIES: Rossmann-like and DUF2520 domain-containing protein [Lachnospiraceae],,14
WP_306542274.1,ABC transporter ATP-binding protein [[Ruminococcus] torques],,14
WP_412208801.1,hypothetical protein  partial [[Ruminococcus] torques],,14
WP_002317729.1,MULTISPECIES: hypothetical protein [Bacteria],,13
WP_002578306.1,MULTISPECIES: DUF3847 domain-containing protein [Bacteria],,13
WP_004614573.1,MULTISPECIES: TlpA disulfide reductase family protein [Lachnospiraceae],,13
WP_004614581.1,MULTISPECIES: CHAP domain-containing protein [Mediterraneibacter],,13
WP_004845968.1,MULTISPECIES: tyrosine-type recombinase/integrase [Bacillota],,13
WP_004846290.1,hypothetical protein [[Ruminococcus] torques],,13
WP_004847105.1,MULTISPECIES: 6-phospho-beta-glucosidase [Mediterraneibacter],,13
WP_004847972.1,MULTISPECIES: STING domain-containing protein [Lachnospiraceae],,13
WP_009243208.1,MULTISPECIES: 5-methyltetrahydropteroyltriglutamate--homocysteine S-methyltransferase [Clostridia],,13
WP_009319783.1,Eco47II family restriction endonuclease [[Ruminococcus] torques],,13
WP_009319784.1,DNA (cytosine-5-)-methyltransferase [[Ruminococcus] torques],,13
WP_009320000.1,MULTISPECIES: rolling circle replication-associated protein [Lachnospiraceae],,13
WP_055147259.1,MULTISPECIES: response regulator transcription factor [Mediterraneibacter],,13
WP_055158711.1,MULTISPECIES: beta-N-acetylglucosaminidase domain-containing protein [Mediterraneibacter],,13
WP_055158908.1,sensor histidine kinase [[Ruminococcus] torques],,13
WP_118188772.1,MULTISPECIES: 4Fe-4S binding protein [Lachnospiraceae],,13
WP_270186925.1,hypothetical protein [[Ruminococcus] torques],,13
WP_270743911.1,hypothetical protein  partial [[Ruminococcus] torques],,13
WP_282928449.1,N-acetylmuramoyl-L-alanine amidase [[Ruminococcus] torques],,13
WP_412224721.1,exo-alpha-sialidase [[Ruminococcus] torques],,13
WP_003061368.1,MULTISPECIES: conjugal transfer protein [Bacillati],,12
WP_004845453.1,MULTISPECIES: recombinase family protein [Mediterraneibacter],,12
WP_004845965.1,MULTISPECIES: helix-turn-helix domain-containing protein [Bacillota],,12
WP_004847334.1,recombinase family protein [[Ruminococcus] torques],,12
WP_005330993.1,MULTISPECIES: hypothetical protein [Clostridia],,12
WP_005424130.1,MULTISPECIES: helix-turn-helix domain-containing protein [Bacillota],,12
WP_009242901.1,leucine-rich repeat protein [[Ruminococcus] torques],,12
WP_009243284.1,site-specific integrase [[Ruminococcus] torques],,12
WP_009243309.1,hypothetical protein [[Ruminococcus] torques],,12
WP_009319908.1,MULTISPECIES: hypothetical protein [Lachnospiraceae],,12
WP_009320951.1,MULTISPECIES: beta-glucoside-specific PTS transporter subunit IIABC [Mediterraneibacter],,12
WP_009321143.1,excisionase [[Ruminococcus] torques],,12
WP_035290046.1,MULTISPECIES: Maff2 family mobile element protein [Bacillota],,12
WP_055157128.1,MULTISPECIES: lysozyme family protein [Lachnospiraceae],,12
WP_055158697.1,DUF4367 domain-containing protein [[Ruminococcus] torques],,12
WP_173019860.1,DUF6088 family protein [[Ruminococcus] torques],,12
WP_302241693.1,hypothetical protein [[Ruminococcus] torques],,12
WP_412224584.1,sugar-binding domain-containing protein [[Ruminococcus] torques],,12
WP_412578014.1,hypothetical protein [[Ruminococcus] torques],,12
WP_412578254.1,replication initiator protein A [[Ruminococcus] torques],,12
WP_412615980.1,tyrosine-type recombinase/integrase [[Ruminococcus] torques],,12
WP_002303255.1,MULTISPECIES: recombinase family protein [Bacillota],,11
WP_002604474.1,MULTISPECIES: sigma-70 family RNA polymerase sigma factor [Bacteria],,11
WP_009243281.1,IS66 family transposase [[Ruminococcus] torques],,11
WP_009243282.1,IS66 family insertion sequence element accessory protein TnpB [[Ruminococcus] torques],,11
WP_009243283.1,IS66 family insertion sequence element accessory protein TnpA [[Ruminococcus] torques],,11
WP_009243304.1,hypothetical protein [[Ruminococcus] torques],,11
WP_009243305.1,hypothetical protein [[Ruminococcus] torques],,11
WP_009243306.1,J domain-containing protein [[Ruminococcus] torques],,11
WP_009319910.1,MULTISPECIES: AAA family ATPase [Lachnospiraceae],,11
WP_009320065.1,aldolase/citrate lyase family protein [[Ruminococcus] torques],,11
WP_055148034.1,MULTISPECIES: AAA family ATPase [Mediterraneibacter],,11
WP_055157127.1,MULTISPECIES: conjugal transfer protein [Clostridia],,11
WP_055157186.1,helix-turn-helix domain-containing protein [[Ruminococcus] torques],,11
WP_118188479.1,NAD(P)-dependent oxidoreductase [[Ruminococcus] torques],,11
WP_118188528.1,5-methylcytosine-specific restriction endonuclease system specificity protein McrC [[Ruminococcus] torques],,11
WP_270621253.1,replication initiator protein A [[Ruminococcus] torques],,11
WP_400092381.1,DUF4368 domain-containing protein [[Ruminococcus] torques],,11
WP_412209030.1,hypothetical protein  partial [[Ruminococcus] torques],,11
WP_412420599.1,hypothetical protein [[Ruminococcus] torques],,11
WP_412616355.1,helix-turn-helix domain-containing protein [[Ruminococcus] torques],,11
WP_002322727.1,MULTISPECIES: helix-turn-helix domain-containing protein [Bacillati],,10
WP_002604471.1,MULTISPECIES: recombinase family protein [Bacteria],,10
WP_002604472.1,MULTISPECIES: transposon-encoded TnpW family protein [Bacteria],,10
WP_003431289.1,MULTISPECIES: cysteine-rich KTR domain-containing protein [Bacteria],,10
WP_004844968.1,MULTISPECIES: hypothetical protein [Bacteria],,10
WP_004844978.1,MULTISPECIES: riboflavin synthase [Clostridia],,10
WP_004844979.1,MULTISPECIES: bifunctional 3 4-dihydroxy-2-butanone-4-phosphate synthase/GTP cyclohydrolase II [Lachnospiraceae],,10
WP_004844980.1,MULTISPECIES: 6 7-dimethyl-8-ribityllumazine synthase [Clostridia],,10
WP_004845432.1,polyphosphate polymerase domain-containing protein [[Ruminococcus] torques],,10
WP_004845454.1,MULTISPECIES: hypothetical protein [Lachnospiraceae],,10
WP_004845457.1,MULTISPECIES: ATP-binding protein [Mediterraneibacter],,10
WP_008689726.1,MULTISPECIES: TnpV protein [Bacillota],,10
WP_009243652.1,MULTISPECIES: class I SAM-dependent methyltransferase [Clostridia],,10
WP_009320067.1,sugar transferase [[Ruminococcus] torques],,10
WP_009320857.1,phage terminase small subunit P27 family [[Ruminococcus] torques],,10
WP_009320873.1,site-specific DNA-methyltransferase [[Ruminococcus] torques],,10
WP_022003187.1,DUF4956 domain-containing protein [[Ruminococcus] torques],,10
WP_022003188.1,carbohydrate-binding domain-containing protein [[Ruminococcus] torques],,10
WP_039930522.1,hypothetical protein [[Ruminococcus] torques],,10
WP_055148357.1,MULTISPECIES: group II intron reverse transcriptase/maturase [Mediterraneibacter],,10
WP_055159353.1,hypothetical protein [[Ruminococcus] torques],,10
WP_055159437.1,terminase large subunit [[Ruminococcus] torques],,10
WP_055170572.1,MULTISPECIES: ATP-binding protein [Bacillota],,10
WP_081017356.1,P-loop NTPase fold protein [[Ruminococcus] torques],,10
WP_118188656.1,DUF4367 domain-containing protein [[Ruminococcus] torques],,10
WP_118188728.1,recombinase family protein [[Ruminococcus] torques],,10
WP_172675383.1,hypothetical protein [[Ruminococcus] torques],,10
WP_227077026.1,MULTISPECIES: hypothetical protein [Lachnospiraceae],,10
WP_242863983.1,MULTISPECIES: recombinase family protein [Mediterraneibacter],,10
WP_270621423.1,hypothetical protein [[Ruminococcus] torques],,10
WP_412616312.1,23S rRNA (adenine(2503)-C(2))-methyltransferase RlmN [[Ruminococcus] torques],,10
WP_002584958.1,MULTISPECIES: plasmid mobilization relaxosome protein MobC [Bacteria],,9
WP_004844974.1,MULTISPECIES: ABC transporter ATP-binding protein [Clostridia],,9
WP_004845455.1,MULTISPECIES: helix-turn-helix domain-containing protein [Bacillota],,9
WP_009242454.1,MULTISPECIES: hypothetical protein [Mediterraneibacter],,9
WP_009242457.1,MULTISPECIES: AAA family ATPase [Mediterraneibacter],,9
WP_009243292.1,hypothetical protein [[Ruminococcus] torques],,9
WP_009243299.1,MULTISPECIES: AAA domain-containing protein [Clostridia],,9
WP_009243486.1,MULTISPECIES: ABC transporter ATP-binding protein [Bacillota],,9
WP_009243645.1,MULTISPECIES: flavodoxin family protein [Lachnospiraceae],,9
WP_009243651.1,MULTISPECIES: bifunctional diaminohydroxyphosphoribosylaminopyrimidine deaminase/5-amino-6-(5-phosphoribosylamino)uracil reductase RibD [Clostridia],,9
WP_009319884.1,GTP pyrophosphokinase family protein [[Ruminococcus] torques],,9
WP_009320848.1,MULTISPECIES: phage replisome organizer N-terminal domain-containing protein [Clostridia],,9
WP_009321221.1,ATP-binding protein [[Ruminococcus] torques],,9
WP_010775385.1,MULTISPECIES: Type 1 glutamine amidotransferase-like domain-containing protein [Bacillota],,9
WP_022003261.1,TfoX/Sxy family protein [[Ruminococcus] torques],,9
WP_044942672.1,MULTISPECIES: helix-turn-helix transcriptional regulator [Bacillota],,9
WP_054704190.1,MULTISPECIES: tyrosine-type recombinase/integrase [Mediterraneibacter],,9
WP_055156716.1,MULTISPECIES: ABC transporter ATP-binding protein/permease [Mediterraneibacter],,9
WP_055157114.1,MULTISPECIES: MobQ family relaxase [Lachnospiraceae],,9
WP_055159133.1,TetR/AcrR family transcriptional regulator [[Ruminococcus] torques],,9
WP_113990460.1,MULTISPECIES: tRNA wybutosine-synthesizing protein 3-like protein [Bacillati],,9
WP_117861666.1,MULTISPECIES: DUF3847 domain-containing protein [Lachnospiraceae],,9
WP_117890070.1,MULTISPECIES: amino acid ABC transporter ATP-binding/permease protein [Mediterraneibacter],,9
WP_118188526.1,replication initiator protein A [[Ruminococcus] torques],,9
WP_206670751.1,hypothetical protein  partial [[Ruminococcus] torques],,9
WP_207642140.1,hypothetical protein  partial [[Ruminococcus] torques],,9
WP_227158959.1,MULTISPECIES: hypothetical protein [Bacillota],,9
WP_227182332.1,phage holin family protein [[Ruminococcus] torques],,9
WP_238095108.1,VanZ family protein [[Ruminococcus] torques],,9
WP_243121018.1,acyltransferase [[Ruminococcus] torques],,9
WP_270188343.1,hypothetical protein  partial [[Ruminococcus] torques],,9
WP_270621419.1,hypothetical protein  partial [[Ruminococcus] torques],,9
WP_306542398.1,type II toxin-antitoxin system Phd/YefM family antitoxin [[Ruminococcus] torques],,9
WP_412208744.1,hypothetical protein [[Ruminococcus] torques],,9
WP_412226224.1,ATP-binding protein [[Ruminococcus] torques],,9
WP_412578032.1,discoidin domain-containing protein [[Ruminococcus] torques],,9
WP_412615994.1,single-stranded DNA-binding protein [[Ruminococcus] torques],,9
WP_002584962.1,MULTISPECIES: cysteine-rich VLP domain-containing protein [Bacteria],,8
WP_002604484.1,MULTISPECIES: PcfB family protein [Bacteria],,8
WP_005424128.1,MULTISPECIES: hypothetical protein [Lachnospiraceae],,8
WP_005927784.1,MULTISPECIES: hypothetical protein [Bacteria],,8
WP_006859036.1,MULTISPECIES: DUF6061 family protein [Bacillota],,8
WP_007286202.1,MULTISPECIES: helix-turn-helix transcriptional regulator [Bacillota],,8
WP_009242341.1,hypothetical protein [[Ruminococcus] torques],,8
WP_009242459.1,MULTISPECIES: hypothetical protein [Mediterraneibacter],,8
WP_009243023.1,MULTISPECIES: DUF3784 domain-containing protein [Bacillota],,8
WP_009243293.1,MULTISPECIES: excisionase [Bacillota],,8
WP_009243531.1,MULTISPECIES: IS30 family transposase [Clostridia],,8
WP_009243643.1,MULTISPECIES: hypothetical protein [Lachnospiraceae],,8
WP_009243654.1,MULTISPECIES: ABC transporter ATP-binding protein [Clostridia],,8
WP_009319949.1,MULTISPECIES: YdcP family protein [Bacillota],,8
WP_009320586.1,beta-N-acetylglucosaminidase domain-containing protein [[Ruminococcus] torques],,8
WP_009320950.1,restriction endonuclease subunit S [[Ruminococcus] torques],,8
WP_009321356.1,ATP-binding protein [[Ruminococcus] torques],,8
WP_015513354.1,MULTISPECIES: nitrous oxide-stimulated promoter family protein [Clostridia],,8
WP_020436326.1,MULTISPECIES: ABC transporter ATP-binding protein [Mediterraneibacter],,8
WP_022003132.1,hypothetical protein [[Ruminococcus] torques],,8
WP_055062545.1,MULTISPECIES: YdcP family protein [Bacillati],,8
WP_055144954.1,MULTISPECIES: glutamine--fructose-6-phosphate transaminase (isomerizing) [Mediterraneibacter],,8
WP_055145964.1,MULTISPECIES: response regulator transcription factor [Mediterraneibacter],,8
WP_055156872.1,MULTISPECIES: DUF6040 family protein [Lachnospiraceae],,8
WP_055156900.1,MULTISPECIES: flavodoxin family protein [Mediterraneibacter],,8
WP_055157132.1,MULTISPECIES: antirestriction protein ArdA [Lachnospiraceae],,8
WP_055158469.1,MobA/MobL family protein [[Ruminococcus] torques],,8
WP_055286019.1,MULTISPECIES: hypothetical protein [Lachnospiraceae],,8
WP_058118388.1,MULTISPECIES: DUF6017 domain-containing protein [Bacillota],,8
WP_058692446.1,MULTISPECIES: hypothetical protein [Bacillota],,8
WP_071144561.1,MULTISPECIES: DUF5348 domain-containing protein [Lachnospiraceae],,8
WP_117557162.1,MULTISPECIES: SrtB-anchored collagen-binding adhesin [Bacillota],,8
WP_117891036.1,MULTISPECIES: site-specific integrase [Mediterraneibacter],,8
WP_118188463.1,MULTISPECIES: antirestriction protein ArdA [Lachnospiraceae],,8
WP_155234483.1,hypothetical protein [[Ruminococcus] torques],,8
WP_238095038.1,hypothetical protein [[Ruminococcus] torques],,8
WP_242859484.1,ImmA/IrrE family metallo-endopeptidase [[Ruminococcus] torques],,8
WP_243132263.1,MULTISPECIES: sensor histidine kinase [Mediterraneibacter],,8
WP_270187111.1,hypothetical protein [[Ruminococcus] torques],,8
WP_270187139.1,DNA-binding response regulator [[Ruminococcus] torques],,8
WP_412226116.1,ABC transporter substrate-binding protein [[Ruminococcus] torques],,8
WP_412577877.1,hypothetical protein [[Ruminococcus] torques],,8
WP_412615997.1,MobQ family relaxase [[Ruminococcus] torques],,8
WP_412615999.1,AAA family ATPase [[Ruminococcus] torques],,8
WP_412616344.1,4Fe-4S binding protein [[Ruminococcus] torques],,8
WP_000691758.1,MULTISPECIES: tetracycline resistance ribosomal protection protein Tet(O) [Bacteria],,7
WP_001129922.1,MULTISPECIES: TnpV protein [Bacteria],,7
WP_001170964.1,MULTISPECIES: AAA family ATPase [Bacteria],,7
WP_002303260.1,MULTISPECIES: XRE family transcriptional regulator [Bacillota],,7
WP_002322211.1,MULTISPECIES: trimethoprim-resistant dihydrofolate reductase DfrF [Bacteria],,7
WP_002569238.1,MULTISPECIES: plasmid mobilization protein [Bacteria],,7
WP_004614531.1,MULTISPECIES: helix-turn-helix domain-containing protein [Clostridia],,7
WP_004614559.1,MULTISPECIES: LuxR C-terminal-related transcriptional regulator [Lachnospiraceae],,7
WP_004614568.1,MULTISPECIES: choloylglycine hydrolase [Lachnospiraceae],,7
WP_004843525.1,MULTISPECIES: hypothetical protein [Bacillota],,7
WP_004847123.1,restriction endonuclease subunit S [[Ruminococcus] torques],,7
WP_005423181.1,MULTISPECIES: YdcP family protein [Bacillota],,7
WP_005428606.1,MULTISPECIES: hypothetical protein [Bacillota],,7
WP_009242451.1,MULTISPECIES: S8 family peptidase [Mediterraneibacter],,7
WP_009242452.1,MULTISPECIES: ATP-binding protein [Mediterraneibacter],,7
WP_009242755.1,type II toxin-antitoxin system HicB family antitoxin [[Ruminococcus] torques],,7
WP_009242756.1,MULTISPECIES: type II toxin-antitoxin system HicA family toxin [Mediterraneibacter],,7
WP_009242811.1,DNA damage-inducible protein D [[Ruminococcus] torques],,7
WP_009243667.1,MULTISPECIES: GNAT family N-acetyltransferase [Clostridia],,7
WP_009243742.1,MULTISPECIES: DUF6040 family protein [Bacillati],,7
WP_009319887.1,bifunctional glycosyltransferase family 2/GtrA family protein [[Ruminococcus] torques],,7
WP_009320850.1,MULTISPECIES: DUF6440 family protein [Clostridia],,7
WP_009320924.1,MULTISPECIES: DUF6070 family protein [Bacteria],,7
WP_009321575.1,restriction endonuclease subunit S [[Ruminococcus] torques],,7
WP_015529843.1,MULTISPECIES: hypothetical protein [Clostridia],,7
WP_022003189.1,phosphodiester glycosidase family protein [[Ruminococcus] torques],,7
WP_044929715.1,relaxase/mobilization nuclease domain-containing protein [[Ruminococcus] torques],,7
WP_044942473.1,MULTISPECIES: relaxase/mobilization nuclease domain-containing protein [Bacillota],,7
WP_049889967.1,MULTISPECIES: hypothetical protein [Clostridia],,7
WP_055145958.1,MULTISPECIES: ABC transporter ATP-binding protein [Mediterraneibacter],,7
WP_055156876.1,helix-turn-helix domain-containing protein [[Ruminococcus] torques],,7
WP_055157124.1,MULTISPECIES: hypothetical protein [Bacillota],,7
WP_055157129.1,MULTISPECIES: CD3337/EF1877 family mobilome membrane protein [Mediterraneibacter],,7
WP_055157134.1,MULTISPECIES: MobT family relaxase [Mediterraneibacter],,7
WP_055157550.1,helix-turn-helix domain-containing protein [[Ruminococcus] torques],,7
WP_055158237.1,ParM/StbA family protein [[Ruminococcus] torques],,7
WP_055158239.1,hypothetical protein [[Ruminococcus] torques],,7
WP_055158419.1,MULTISPECIES: DUF1430 domain-containing protein [Mediterraneibacter],,7
WP_055158421.1,MULTISPECIES: ATP-binding cassette domain-containing protein [Mediterraneibacter],,7
WP_055158491.1,MULTISPECIES: ABC transporter ATP-binding protein [Clostridia],,7
WP_055158495.1,MULTISPECIES: response regulator transcription factor [Clostridia],,7
WP_055158771.1,glycosyltransferase family 2 protein [[Ruminococcus] torques],,7
WP_055159086.1,ABC transporter ATP-binding protein [[Ruminococcus] torques],,7
WP_055159097.1,Rib/alpha-like domain-containing protein [[Ruminococcus] torques],,7
WP_055170575.1,MULTISPECIES: MobT family relaxase [Bacillota],,7
WP_055170582.1,MULTISPECIES: YdcP family protein [Bacillota],,7
WP_117541892.1,MULTISPECIES: amidoligase family protein [Lachnospiraceae],,7
WP_117541906.1,MULTISPECIES: DNA (cytosine-5-)-methyltransferase [Lachnospiraceae],,7
WP_117889953.1,MULTISPECIES: sensor histidine kinase [Mediterraneibacter],,7
WP_117890545.1,MULTISPECIES: winged helix-turn-helix transcriptional regulator [Mediterraneibacter],,7
WP_117890546.1,cupin domain-containing protein [[Ruminococcus] torques],,7
WP_118188591.1,carbohydrate-binding protein [[Ruminococcus] torques],,7
WP_129795057.1,non-hydrolyzing UDP-N-acetylglucosamine 2-epimerase [[Ruminococcus] torques],,7
WP_129795058.1,hypothetical protein [[Ruminococcus] torques],,7
WP_155492433.1,hypothetical protein [[Ruminococcus] torques],,7
WP_207662725.1,hypothetical protein  partial [[Ruminococcus] torques],,7
WP_270187050.1,PBECR2 nuclease fold domain-containing protein [[Ruminococcus] torques],,7
WP_270187117.1,hypothetical protein [[Ruminococcus] torques],,7
WP_270621283.1,penicillin-binding transpeptidase domain-containing protein [[Ruminococcus] torques],,7
WP_270744141.1,MobA/MobL family protein [[Ruminococcus] torques],,7
WP_302241918.1,hypothetical protein [[Ruminococcus] torques],,7
WP_330377900.1,VirD4-like conjugal transfer protein  CD1115 family [[Ruminococcus] torques],,7
WP_412208118.1,glycosyltransferase family 4 protein [[Ruminococcus] torques],,7
WP_412616050.1,hypothetical protein  partial [[Ruminococcus] torques],,7
WP_002349544.1,MULTISPECIES: DUF2815 family protein [Bacillota],,6
WP_002584960.1,MULTISPECIES: transposon-transfer assisting family protein [Bacillati],,6
WP_002602094.1,MULTISPECIES: plasmid mobilization protein [Bacteria],,6
WP_002605636.1,MULTISPECIES: phage replisome organizer N-terminal domain-containing protein [Bacteria],,6
WP_002779755.1,MULTISPECIES: cysteine-rich KTR domain-containing protein [Bacteria],,6
WP_003061887.1,MULTISPECIES: DUF6442 family protein [Bacillota],,6
WP_004610987.1,MULTISPECIES: XRE family transcriptional regulator [Bacillota],,6
WP_004845304.1,MULTISPECIES: ATP-binding cassette domain-containing protein [Bacteria],,6
WP_004845877.1,MULTISPECIES: excisionase [Mediterraneibacter],,6
WP_006858003.1,MULTISPECIES: helix-turn-helix domain-containing protein [Bacillota],,6
WP_008369875.1,MULTISPECIES: recombinase family protein [Lachnospiraceae],,6
WP_009242238.1,PTS sugar transporter subunit IIC [[Ruminococcus] torques],,6
WP_009242453.1,MULTISPECIES: DUF3892 domain-containing protein [Mediterraneibacter],,6
WP_009242757.1,hypothetical protein [[Ruminococcus] torques],,6
WP_009242758.1,branched-chain amino acid ABC transporter permease [[Ruminococcus] torques],,6
WP_009242773.1,phage Gp19/Gp15/Gp42 family protein [[Ruminococcus] torques],,6
WP_009243562.1,MULTISPECIES: hypothetical protein [Lachnospiraceae],,6
WP_009243564.1,MULTISPECIES: hypothetical protein [Clostridia],,6
WP_009243671.1,MULTISPECIES: CPBP family intramembrane glutamic endopeptidase [Bacillota],,6
WP_009248017.1,MULTISPECIES: hypothetical protein [Lachnospiraceae],,6
WP_009320736.1,phage portal protein [[Ruminococcus] torques],,6
WP_022002995.1,6-phospho-beta-glucosidase [[Ruminococcus] torques],,6
WP_022003015.1,hypothetical protein [[Ruminococcus] torques],,6
WP_023922642.1,MULTISPECIES: DUF4315 family protein [Clostridia],,6
WP_044997975.1,DUF6483 family protein [[Ruminococcus] torques],,6
WP_055059343.1,MULTISPECIES: tyrosine-type recombinase/integrase [Bacillota],,6
WP_055147662.1,MULTISPECIES: hypothetical protein [Lachnospiraceae],,6
WP_055148847.1,DUF6017 domain-containing protein [[Ruminococcus] torques],,6
WP_055156718.1,MULTISPECIES: YbaN family protein [Mediterraneibacter],,6
WP_055157136.1,MULTISPECIES: FtsK/SpoIIIE domain-containing protein [Mediterraneibacter],,6
WP_055157549.1,DUF6870 family protein [[Ruminococcus] torques],,6
WP_055158143.1,MULTISPECIES: DUF3173 domain-containing protein [Clostridia],,6
WP_055159055.1,type II toxin-antitoxin system PemK/MazF family toxin [[Ruminococcus] torques],,6
WP_117889922.1,MULTISPECIES: RNA-binding domain-containing protein [Mediterraneibacter],,6
WP_117891197.1,MULTISPECIES: group II intron reverse transcriptase/maturase [Mediterraneibacter],,6
WP_118188434.1,MULTISPECIES: hypothetical protein [Mediterraneibacter],,6
WP_118188596.1,hypothetical protein [[Ruminococcus] torques],,6
WP_118444507.1,MULTISPECIES: recombinase family protein [Mediterraneibacter],,6
WP_155492446.1,hypothetical protein [[Ruminococcus] torques],,6
WP_205155866.1,MULTISPECIES: holin family protein [Lachnospiraceae],,6
WP_215658971.1,MULTISPECIES: TnpV protein [Clostridia],,6
WP_227189369.1,MULTISPECIES: helix-turn-helix transcriptional regulator [Mediterraneibacter],,6
WP_238102384.1,nucleoside-diphosphate sugar epimerase/dehydratase [[Ruminococcus] torques],,6
WP_242849370.1,MULTISPECIES: relaxase/mobilization nuclease domain-containing protein [Lachnospiraceae],,6
WP_242854658.1,Abi family protein  partial [[Ruminococcus] torques],,6
WP_242854697.1,leucine-rich repeat domain-containing protein [[Ruminococcus] torques],,6
WP_243133464.1,hypothetical protein [[Ruminococcus] torques],,6
WP_270187131.1,phage tail protein [[Ruminococcus] torques],,6
WP_330414528.1,site-specific DNA-methyltransferase [[Ruminococcus] torques],,6
WP_370797279.1,hypothetical protein [[Ruminococcus] torques],,6
WP_373107042.1,FtsK/SpoIIIE domain-containing protein [[Ruminococcus] torques],,6
WP_412208610.1,IS256 family transposase [[Ruminococcus] torques],,6
WP_412420497.1,DUF551 domain-containing protein [[Ruminococcus] torques],,6
WP_412420607.1,Rib/alpha-like domain-containing protein [[Ruminococcus] torques],,6
WP_412420661.1,hypothetical protein [[Ruminococcus] torques],,6
WP_412616014.1,hypothetical protein [[Ruminococcus] torques],,6
WP_002303420.1,MULTISPECIES: hypothetical protein [Bacillati],,5
WP_002303421.1,MULTISPECIES: dihydrofolate reductase family protein [Bacteria],,5
WP_002322728.1,MULTISPECIES: excisionase [Bacillota],,5
WP_002604475.1,MULTISPECIES: phosphoadenosine phosphosulfate reductase family protein [Bacteria],,5
WP_002604480.1,MULTISPECIES: MT-A70 family methyltransferase [Bacteria],,5
WP_004614569.1,MULTISPECIES: hypothetical protein [Lachnospiraceae],,5
WP_004840636.1,MULTISPECIES: hypothetical protein [Clostridia],,5
WP_004846948.1,hypothetical protein [[Ruminococcus] torques],,5
WP_004847039.1,MULTISPECIES: RrF2 family transcriptional regulator [Mediterraneibacter],,5
WP_005423187.1,MULTISPECIES: antirestriction protein ArdA [Bacillota],,5
WP_005608346.1,MULTISPECIES: hypothetical protein [Bacillota],,5
WP_006857581.1,MULTISPECIES: conjugal transfer protein [Bacillota],,5
WP_006873181.1,MULTISPECIES: hypothetical protein [Bacillota],,5
WP_008688147.1,MULTISPECIES: hypothetical protein [Bacillota],,5
WP_008787613.1,MULTISPECIES: helix-turn-helix transcriptional regulator [Bacillota],,5
WP_008816383.1,MULTISPECIES: recombinase family protein [Clostridia],,5
WP_009242237.1,MULTISPECIES: immunoglobulin-like domain-containing protein [Bacillota],,5
WP_009242323.1,Gp37-like protein [[Ruminococcus] torques],,5
WP_009242324.1,hypothetical protein [[Ruminococcus] torques],,5
WP_009242340.1,DNA adenine methylase [[Ruminococcus] torques],,5
WP_009242761.1,hypothetical protein [[Ruminococcus] torques],,5
WP_009242810.1,MULTISPECIES: hypothetical protein [Mediterraneibacter],,5
WP_009243247.1,hypothetical protein [[Ruminococcus] torques],,5
WP_009243560.1,MULTISPECIES: DEAD/DEAH box helicase [Lachnospiraceae],,5
WP_009243561.1,MULTISPECIES: Hachiman antiphage defense system protein HamA [Lachnospiraceae],,5
WP_009243563.1,DNA methyltransferase [[Ruminococcus] torques],,5
WP_009243565.1,DEAD/DEAH box helicase family protein [[Ruminococcus] torques],,5
WP_009320147.1,transposase [[Ruminococcus] torques],,5
WP_009320159.1,IS630 family transposase [[Ruminococcus] torques],,5
WP_009320768.1,DEAD/DEAH box helicase [[Ruminococcus] torques],,5
WP_009320809.1,phage major capsid protein [[Ruminococcus] torques],,5
WP_009320888.1,MULTISPECIES: hypothetical protein [Lachnospiraceae],,5
WP_009321417.1,hypothetical protein [[Ruminococcus] torques],,5
WP_012744257.1,MULTISPECIES: recombinase family protein [Bacillota],,5
WP_012744258.1,MULTISPECIES: recombinase family protein [Clostridia],,5
WP_015528592.1,MULTISPECIES: PTS system mannose/fructose/sorbose family transporter subunit IID [Mediterraneibacter],,5
WP_015540886.1,MULTISPECIES: helix-turn-helix domain-containing protein [Bacillota],,5
WP_015568867.1,MULTISPECIES: type II toxin-antitoxin system PemK/MazF family toxin [Bacillota],,5
WP_017144663.1,MULTISPECIES: Maff2 family mobile element protein [Bacillota],,5
WP_021414682.1,MULTISPECIES: antirestriction protein ArdA [Clostridia],,5
WP_033654370.1,MULTISPECIES: phage portal protein [Bacillota],,5
WP_044921552.1,MULTISPECIES: hypothetical protein [Bacillota],,5
WP_044998125.1,hypothetical protein [[Ruminococcus] torques],,5
WP_049936209.1,polysaccharide pyruvyl transferase family protein [[Ruminococcus] torques],,5
WP_054344404.1,MULTISPECIES: response regulator transcription factor [Clostridia],,5
WP_054752756.1,MULTISPECIES: RNA polymerase sigma factor [Clostridia],,5
WP_055144526.1,Ig-like domain-containing protein [[Ruminococcus] torques],,5
WP_055144805.1,penicillin-binding transpeptidase domain-containing protein [[Ruminococcus] torques],,5
WP_055146541.1,MULTISPECIES: PTS sugar transporter subunit IIC [Mediterraneibacter],,5
WP_055146708.1,DMT family transporter [[Ruminococcus] torques],,5
WP_055147117.1,MULTISPECIES: site-specific integrase [Bacillota],,5
WP_055147504.1,MULTISPECIES: IS607 family transposase [Mediterraneibacter],,5
WP_055148854.1,MULTISPECIES: ParA family protein [Lachnospiraceae],,5
WP_055156578.1,Fur family transcriptional regulator [[Ruminococcus] torques],,5
WP_055157096.1,MULTISPECIES: ABC transporter permease [Mediterraneibacter],,5
WP_055157098.1,MULTISPECIES: ABC transporter ATP-binding protein [Mediterraneibacter],,5
WP_055157100.1,MULTISPECIES: sensor histidine kinase [Mediterraneibacter],,5
WP_055157103.1,MULTISPECIES: response regulator transcription factor [Mediterraneibacter],,5
WP_055157140.1,MULTISPECIES: ABC transporter ATP-binding protein [Mediterraneibacter],,5
WP_055157142.1,MULTISPECIES: ABC transporter ATP-binding protein [Mediterraneibacter],,5
WP_055158248.1,plasmid mobilization protein [[Ruminococcus] torques],,5
WP_055158384.1,hypothetical protein [[Ruminococcus] torques],,5
WP_055158389.1,MULTISPECIES: carbon starvation protein A [Mediterraneibacter],,5
WP_055158484.1,MULTISPECIES: hypothetical protein [Clostridia],,5
WP_055158493.1,sensor histidine kinase [[Ruminococcus] torques],,5
WP_055158525.1,DUF4368 domain-containing protein [[Ruminococcus] torques],,5
WP_055158770.1,EpsG family protein [[Ruminococcus] torques],,5
WP_055159266.1,hypothetical protein [[Ruminococcus] torques],,5
WP_055159395.1,hypothetical protein [[Ruminococcus] torques],,5
WP_055159397.1,GNAT family N-acetyltransferase [[Ruminococcus] torques],,5
WP_055159399.1,hypothetical protein [[Ruminococcus] torques],,5
WP_055159401.1,hypothetical protein [[Ruminococcus] torques],,5
WP_055163276.1,MULTISPECIES: hypothetical protein [Mediterraneibacter],,5
WP_055170586.1,MULTISPECIES: VaFE repeat-containing surface-anchored protein [Bacillota],,5
WP_055171313.1,MULTISPECIES: ABC transporter ATP-binding protein [Bacillota],,5
WP_055172777.1,MULTISPECIES: ParM/StbA family protein [Lachnospiraceae],,5
WP_055172784.1,gamma-glutamylcyclotransferase family protein [[Ruminococcus] torques],,5
WP_117579689.1,MULTISPECIES: hypothetical protein [Mediterraneibacter],,5
WP_117889911.1,MULTISPECIES: helix-turn-helix domain-containing protein [Mediterraneibacter],,5
WP_117890161.1,MULTISPECIES: pyridoxal 5'-phosphate synthase lyase subunit PdxS [Mediterraneibacter],,5
WP_117890206.1,MULTISPECIES: Rpn family recombination-promoting nuclease/putative transposase [Mediterraneibacter],,5
WP_117891037.1,MULTISPECIES: helix-turn-helix domain-containing protein [Mediterraneibacter],,5
WP_118188549.1,recombinase family protein [[Ruminococcus] torques],,5
WP_118188566.1,MULTISPECIES: helix-turn-helix domain-containing protein [Clostridia],,5
WP_118188599.1,hypothetical protein [[Ruminococcus] torques],,5
WP_118188675.1,MULTISPECIES: SpaA isopeptide-forming pilin-related protein [Lachnospiraceae],,5
WP_118188755.1,FAD-dependent oxidoreductase [[Ruminococcus] torques],,5
WP_147607166.1,hypothetical protein [[Ruminococcus] torques],,5
WP_155236738.1,YodL domain-containing protein [[Ruminococcus] torques],,5
WP_155492441.1,head maturation protease  ClpP-related [[Ruminococcus] torques],,5
WP_172677211.1,MULTISPECIES: sigma factor-like helix-turn-helix DNA-binding protein [Bacillota],,5
WP_173691714.1,MULTISPECIES: hypothetical protein [Bacillota],,5
WP_177691422.1,MULTISPECIES: dCTP deaminase domain-containing protein [Clostridia],,5
WP_187305835.1,SDR family oxidoreductase [[Ruminococcus] torques],,5
WP_242854683.1,PcfB family protein [[Ruminococcus] torques],,5
WP_242864009.1,TetR/AcrR family transcriptional regulator [[Ruminococcus] torques],,5
WP_242865862.1,DNA primase family protein [[Ruminococcus] torques],,5
WP_257340636.1,MULTISPECIES: helix-turn-helix domain-containing protein [Clostridia],,5
WP_270187135.1,hypothetical protein [[Ruminococcus] torques],,5
WP_270621085.1,hypothetical protein [[Ruminococcus] torques],,5
WP_270621230.1,recombinase family protein [[Ruminococcus] torques],,5
WP_270743867.1,minor capsid protein [[Ruminococcus] torques],,5
WP_306542291.1,PucR family transcriptional regulator [[Ruminococcus] torques],,5
WP_330677660.1,type IV secretory system conjugative DNA transfer family protein [[Ruminococcus] torques],,5
WP_373927776.1,MULTISPECIES: CD3337/EF1877 family mobilome membrane protein [Clostridia],,5
WP_412190243.1,hypothetical protein [[Ruminococcus] torques],,5
WP_412208084.1,ImmA/IrrE family metallo-endopeptidase [[Ruminococcus] torques],,5
WP_412208116.1,glycosyltransferase family 2 protein [[Ruminococcus] torques],,5
WP_412208117.1,HAD hydrolase-like protein [[Ruminococcus] torques],,5
WP_412226227.1,sigma-70 family RNA polymerase sigma factor [[Ruminococcus] torques],,5
WP_412416796.1,hypothetical protein  partial [[Ruminococcus] torques],,5
WP_412420517.1,hypothetical protein [[Ruminococcus] torques],,5
WP_412420642.1,DUF4366 domain-containing protein [[Ruminococcus] torques],,5
WP_002591290.1,MULTISPECIES: helix-turn-helix domain-containing protein [Bacillota],,4
WP_002591292.1,MULTISPECIES: IS30 family transposase [Bacillota],,4
WP_002602098.1,MULTISPECIES: helix-turn-helix domain-containing protein [Bacteria],,4
WP_003062094.1,MULTISPECIES: site-specific integrase [Bacillota],,4
WP_004840611.1,MULTISPECIES: type II toxin-antitoxin system PemK/MazF family toxin [Lachnospiraceae],,4
WP_004841353.1,MULTISPECIES: hypothetical protein [Bacillota],,4
WP_004847963.1,hypothetical protein [[Ruminococcus] torques],,4
WP_004847965.1,glycosyltransferase family A protein [[Ruminococcus] torques],,4
WP_004847966.1,lipopolysaccharide biosynthesis protein [[Ruminococcus] torques],,4
WP_004848407.1,UPF0175 family protein [[Ruminococcus] torques],,4
WP_005341250.1,MULTISPECIES: helix-turn-helix transcriptional regulator [Bacillota],,4
WP_005421581.1,MULTISPECIES: hypothetical protein [Clostridia],,4
WP_005423220.1,MULTISPECIES: hypothetical protein [Bacillota],,4
WP_008372095.1,MULTISPECIES: sensor histidine kinase [Clostridia],,4
WP_008392833.1,MULTISPECIES: DUF6219 family protein [Bacillota],,4
WP_009242314.1,hypothetical protein [[Ruminococcus] torques],,4
WP_009242335.1,MULTISPECIES: hypothetical protein [Lachnospiraceae],,4
WP_009319967.1,MULTISPECIES: DUF6870 family protein [Bacillota],,4
WP_009319968.1,MULTISPECIES: recombinase family protein [Bacillota],,4
WP_009320740.1,hypothetical protein [[Ruminococcus] torques],,4
WP_009320815.1,MULTISPECIES: hypothetical protein [Clostridia],,4
WP_009896527.1,MULTISPECIES: RNA polymerase sigma factor [Bacillota],,4
WP_010774379.1,MULTISPECIES: helix-turn-helix domain-containing protein [Bacillota],,4
WP_015529340.1,AAA family ATPase [[Ruminococcus] torques],,4
WP_015542925.1,MULTISPECIES: hypothetical protein [Bacillota],,4
WP_015568866.1,MULTISPECIES: DUF6870 family protein [Bacillota],,4
WP_024720794.1,MULTISPECIES: ATP-binding protein [Clostridia],,4
WP_044921519.1,MULTISPECIES: PD-(D/E)XK nuclease family transposase [Lachnospiraceae],,4
WP_044925118.1,MULTISPECIES: RNA polymerase sigma factor [Bacillota],,4
WP_055039906.1,MULTISPECIES: hypothetical protein [Lachnospiraceae],,4
WP_055144924.1,MULTISPECIES: helix-turn-helix transcriptional regulator [Mediterraneibacter],,4
WP_055144927.1,DUF3169 family protein [[Ruminococcus] torques],,4
WP_055145718.1,sugar phosphate nucleotidyltransferase [[Ruminococcus] torques],,4
WP_055146324.1,Crp/Fnr family transcriptional regulator [[Ruminococcus] torques],,4
WP_055148178.1,winged helix-turn-helix domain-containing protein [[Ruminococcus] torques],,4
WP_055148180.1,metal-dependent transcriptional regulator [[Ruminococcus] torques],,4
WP_055148638.1,IS200/IS605 family transposase [[Ruminococcus] torques],,4
WP_055155747.1,MULTISPECIES: helix-turn-helix domain-containing protein [Lachnospiraceae],,4
WP_055155848.1,MULTISPECIES: hypothetical protein [Lachnospiraceae],,4
WP_055156348.1,MULTISPECIES: virulence RhuM family protein [Mediterraneibacter],,4
WP_055156384.1,MULTISPECIES: hypothetical protein [Clostridia],,4
WP_055156955.1,MULTISPECIES: replication initiator protein A [Clostridia],,4
WP_055158006.1,recombinase family protein [[Ruminococcus] torques],,4
WP_055158008.1,recombinase family protein [[Ruminococcus] torques],,4
WP_055158012.1,MULTISPECIES: helix-turn-helix domain-containing protein [Mediterraneibacter],,4
WP_055158486.1,winged helix-turn-helix domain-containing protein [[Ruminococcus] torques],,4
WP_055158773.1,asparagine synthase-related protein [[Ruminococcus] torques],,4
WP_055158842.1,DUF551 domain-containing protein [[Ruminococcus] torques],,4
WP_055158854.1,helix-turn-helix domain-containing protein [[Ruminococcus] torques],,4
WP_055159078.1,MULTISPECIES: helix-turn-helix domain-containing protein [Lachnospiraceae],,4
WP_055159374.1,MULTISPECIES: 1-deoxy-D-xylulose-5-phosphate synthase [Lachnospiraceae],,4
WP_055159393.1,YopX family protein [[Ruminococcus] torques],,4
WP_055169977.1,MULTISPECIES: GNAT family N-acetyltransferase [Bacillota],,4
WP_055170924.1,MULTISPECIES: replication initiation factor domain-containing protein [Lachnospiraceae],,4
WP_055170927.1,MULTISPECIES: tyrosine-type recombinase/integrase [Lachnospiraceae],,4
WP_055171315.1,MULTISPECIES: ABC transporter permease [Bacillota],,4
WP_055171317.1,MULTISPECIES: sensor histidine kinase [Bacillota],,4
WP_055171319.1,MULTISPECIES: hypothetical protein [Bacillota],,4
WP_055172893.1,MULTISPECIES: hypothetical protein [Lachnospiraceae],,4
WP_055215139.1,MULTISPECIES: hypothetical protein [Lachnospiraceae],,4
WP_055297689.1,tyrosine-type recombinase/integrase [[Ruminococcus] torques],,4
WP_062304187.1,MULTISPECIES: ABC transporter ATP-binding protein [Clostridia],,4
WP_072447490.1,MULTISPECIES: transposon-encoded TnpW family protein [Clostridia],,4
WP_074108843.1,MULTISPECIES: recombinase family protein [Clostridia],,4
WP_081445676.1,MULTISPECIES: excisionase [Bacillota],,4
WP_117542050.1,MULTISPECIES: hypothetical protein [Mediterraneibacter],,4
WP_117569069.1,MULTISPECIES: response regulator transcription factor [Mediterraneibacter],,4
WP_117570248.1,MULTISPECIES: CHC2 zinc finger domain-containing protein [Bacillota],,4
WP_117570249.1,MULTISPECIES: phage/plasmid primase  P4 family [Lachnospiraceae],,4
WP_117762186.1,MULTISPECIES: recombinase family protein [Bacillota],,4
WP_117825916.1,MULTISPECIES: LytR/AlgR family response regulator transcription factor [Mediterraneibacter],,4
WP_117825920.1,MULTISPECIES: hypothetical protein [Mediterraneibacter],,4
WP_117860919.1,MULTISPECIES: tyrosine-type recombinase/integrase [Lachnospiraceae],,4
WP_117887970.1,MULTISPECIES: DNA cytosine methyltransferase [Mediterraneibacter],,4
WP_117888227.1,MULTISPECIES: DNA-binding protein [Mediterraneibacter],,4
WP_117891047.1,MULTISPECIES: type III toxin-antitoxin system CptIN family toxin [Mediterraneibacter],,4
WP_117891198.1,MULTISPECIES: alpha/beta hydrolase [Mediterraneibacter],,4
WP_118113800.1,FtsX-like permease family protein [[Ruminococcus] torques],,4
WP_118188564.1,MULTISPECIES: hypothetical protein [Mediterraneibacter],,4
WP_156791707.1,LPXTG cell wall anchor domain-containing protein [[Ruminococcus] torques],,4
WP_162149255.1,MULTISPECIES: hypothetical protein [Clostridia],,4
WP_172680790.1,MULTISPECIES: hypothetical protein [Lachnospiraceae],,4
WP_173807752.1,MULTISPECIES: ABC transporter permease [Lachnospiraceae],,4
WP_177312087.1,hypothetical protein [[Ruminococcus] torques],,4
WP_181966435.1,hypothetical protein [[Ruminococcus] torques],,4
WP_181986639.1,MULTISPECIES: sensor histidine kinase [Mediterraneibacter],,4
WP_207662727.1,hypothetical protein  partial [[Ruminococcus] torques],,4
WP_227164341.1,MULTISPECIES: 8-oxo-dGTP diphosphatase [Mediterraneibacter],,4
WP_227182609.1,site-specific integrase [[Ruminococcus] torques],,4
WP_235695189.1,MULTISPECIES: hypothetical protein [Clostridia],,4
WP_257340627.1,MULTISPECIES: VirB6/TrbL-like conjugal transfer protein  CD1112 family [Clostridia],,4
WP_269117101.1,DNA cytosine methyltransferase [[Ruminococcus] torques],,4
WP_270186990.1,phage/plasmid primase  P4 family [[Ruminococcus] torques],,4
WP_270187118.1,helix-turn-helix domain-containing protein [[Ruminococcus] torques],,4
WP_270187119.1,helix-turn-helix domain-containing protein [[Ruminococcus] torques],,4
WP_270187120.1,ImmA/IrrE family metallo-endopeptidase [[Ruminococcus] torques],,4
WP_270187140.1,hypothetical protein [[Ruminococcus] torques],,4
WP_270188218.1,hypothetical protein [[Ruminococcus] torques],,4
WP_270744060.1,GH25 family lysozyme [[Ruminococcus] torques],,4
WP_270744062.1,hypothetical protein [[Ruminococcus] torques],,4
WP_270744063.1,hypothetical protein [[Ruminococcus] torques],,4
WP_288558256.1,hypothetical protein [[Ruminococcus] torques],,4
WP_330378358.1,signal peptidase I [[Ruminococcus] torques],,4
WP_373107402.1,NEAT domain-containing protein [[Ruminococcus] torques],,4
WP_373157890.1,MULTISPECIES: replication initiation factor domain-containing protein [Lachnospiraceae],,4
WP_412190843.1,hypothetical protein [[Ruminococcus] torques],,4
WP_412208128.1,SNF2-related protein [[Ruminococcus] torques],,4
WP_412208132.1,recombinase family protein [[Ruminococcus] torques],,4
WP_412208210.1,hypothetical protein [[Ruminococcus] torques],,4
WP_412577859.1,ParB/RepB/Spo0J family partition protein [[Ruminococcus] torques],,4
WP_412578018.1,tyrosine-type recombinase/integrase [[Ruminococcus] torques],,4
WP_002322212.1,MULTISPECIES: MGMT family protein [Bacteria],,3
WP_002322983.1,MULTISPECIES: DUF523 domain-containing protein [Bacillota],,3
WP_002591239.1,MULTISPECIES: helix-turn-helix domain-containing protein [Bacillota],,3
WP_004612762.1,MULTISPECIES: hypothetical protein [Clostridia],,3
WP_004844994.1,MULTISPECIES: ECF transporter S component [Lachnospiraceae],,3
WP_004846074.1,MULTISPECIES: helix-turn-helix domain-containing protein [Clostridia],,3
WP_004846315.1,hypothetical protein [[Ruminococcus] torques],,3
WP_004847947.1,hypothetical protein [[Ruminococcus] torques],,3
WP_004847948.1,Na+/H+ antiporter NhaC family protein [[Ruminococcus] torques],,3
WP_004847969.1,acyltransferase [[Ruminococcus] torques],,3
WP_005423694.1,MULTISPECIES: class I SAM-dependent methyltransferase [Lachnospiraceae],,3
WP_006426970.1,MULTISPECIES: hypothetical protein [Bacillota],,3
WP_008393975.1,MULTISPECIES: alpha/beta hydrolase [Bacillati],,3
WP_008394619.1,MULTISPECIES: 6 7-dimethyl-8-ribityllumazine synthase [Bacillati],,3
WP_008394621.1,MULTISPECIES: bifunctional 3 4-dihydroxy-2-butanone-4-phosphate synthase/GTP cyclohydrolase II [Bacillati],,3
WP_008394622.1,MULTISPECIES: riboflavin synthase [Bacillati],,3
WP_008690020.1,MULTISPECIES: bifunctional diaminohydroxyphosphoribosylaminopyrimidine deaminase/5-amino-6-(5-phosphoribosylamino)uracil reductase RibD [Bacillati],,3
WP_009242791.1,DNA methyltransferase [[Ruminococcus] torques],,3
WP_009242808.1,helix-turn-helix domain-containing protein [[Ruminococcus] torques],,3
WP_009242809.1,helix-turn-helix domain-containing protein [[Ruminococcus] torques],,3
WP_009243182.1,sigma factor-like helix-turn-helix DNA-binding protein [[Ruminococcus] torques],,3
WP_009243592.1,DUF3990 domain-containing protein [[Ruminococcus] torques],,3
WP_009243593.1,hypothetical protein [[Ruminococcus] torques],,3
WP_009243707.1,restriction endonuclease subunit S [[Ruminococcus] torques],,3
WP_009243752.1,MULTISPECIES: CPBP family intramembrane glutamic endopeptidase [Bacillota],,3
WP_009247521.1,MULTISPECIES: nucleotidyltransferase domain-containing protein [Bacteria],,3
WP_009247522.1,MULTISPECIES: ATP-binding cassette domain-containing protein [Bacteria],,3
WP_009247523.1,MULTISPECIES: TnpV protein [Bacteria],,3
WP_009247524.1,MULTISPECIES: plasmid recombination protein [Bacillota],,3
WP_009319961.1,MULTISPECIES: hypothetical protein [Bacillota],,3
WP_009319965.1,MULTISPECIES: ABC transporter ATP-binding protein [Bacillota],,3
WP_009319994.1,MULTISPECIES: DUF3784 domain-containing protein [Clostridia],,3
WP_009320302.1,MULTISPECIES: hypothetical protein [Clostridia],,3
WP_009320303.1,MULTISPECIES: VirD4-like conjugal transfer protein  CD1115 family [Clostridia],,3
WP_009320539.1,hypothetical protein [[Ruminococcus] torques],,3
WP_009320546.1,MULTISPECIES: hypothetical protein [Lachnospiraceae],,3
WP_015528447.1,MULTISPECIES: ABC transporter ATP-binding protein [Bacillota],,3
WP_015529044.1,nucleotide sugar dehydrogenase [[Ruminococcus] torques],,3
WP_020436439.1,MULTISPECIES: metallophosphoesterase family protein [Mediterraneibacter],,3
WP_022002990.1,helix-turn-helix domain-containing protein [[Ruminococcus] torques],,3
WP_022002991.1,Alw26I/Eco31I/Esp3I family type II restriction adenine-specific DNA-methyltransferase [[Ruminococcus] torques],,3
WP_022003207.1,hypothetical protein [[Ruminococcus] torques],,3
WP_022621154.1,MULTISPECIES: transposon-encoded TnpW family protein [Bacteria],,3
WP_024720760.1,MULTISPECIES: metal-dependent transcriptional regulator [Bacillota],,3
WP_044920599.1,MULTISPECIES: helix-turn-helix domain-containing protein [Lachnospiraceae],,3
WP_055060394.1,MULTISPECIES: sensor histidine kinase [Bacillota],,3
WP_055062546.1,MULTISPECIES: DUF3796 domain-containing protein [Bacillati],,3
WP_055146444.1,MULTISPECIES: CobW family GTP-binding protein [Mediterraneibacter],,3
WP_055148785.1,MULTISPECIES: sigma-70 family RNA polymerase sigma factor [Clostridia],,3
WP_055155906.1,MULTISPECIES: gamma-glutamylcyclotransferase family protein [Lachnospiraceae],,3
WP_055156333.1,MULTISPECIES: RloB family protein [Mediterraneibacter],,3
WP_055156335.1,MULTISPECIES: AAA family ATPase [Mediterraneibacter],,3
WP_055156381.1,MULTISPECIES: VirB4-like conjugal transfer ATPase  CD1110 family [Lachnospiraceae],,3
WP_055157120.1,MULTISPECIES: tyrosine-type recombinase/integrase [Bacillota],,3
WP_055157546.1,MULTISPECIES: recombinase family protein [Bacteria],,3
WP_055157624.1,RNA-guided endonuclease InsQ/TnpB family protein [[Ruminococcus] torques],,3
WP_055157819.1,MULTISPECIES: hypothetical protein [Mediterraneibacter],,3
WP_055157821.1,MULTISPECIES: hypothetical protein [Mediterraneibacter],,3
WP_055158020.1,MULTISPECIES: S1 RNA-binding domain-containing protein [Lachnospiraceae],,3
WP_055158027.1,MULTISPECIES: hypothetical protein [Lachnospiraceae],,3
WP_055158029.1,MULTISPECIES: conjugal transfer protein TrbL family protein [Lachnospiraceae],,3
WP_055158813.1,MULTISPECIES: hypothetical protein [Lachnospiraceae],,3
WP_055158836.1,phage scaffolding protein [[Ruminococcus] torques],,3
WP_055158845.1,VRR-NUC domain-containing protein [[Ruminococcus] torques],,3
WP_055158846.1,hypothetical protein [[Ruminococcus] torques],,3
WP_055158848.1,DNA polymerase [[Ruminococcus] torques],,3
WP_055158859.1,hypothetical protein [[Ruminococcus] torques],,3
WP_055159059.1,MW1434 family type I TA system toxin [[Ruminococcus] torques],,3
WP_055159061.1,hypothetical protein [[Ruminococcus] torques],,3
WP_055172888.1,heme-binding Shp domain-containing protein [[Ruminococcus] torques],,3
WP_055172900.1,SpaA isopeptide-forming pilin-related protein [[Ruminococcus] torques],,3
WP_055261479.1,MULTISPECIES: hypothetical protein [Lachnospiraceae],,3
WP_055284203.1,MULTISPECIES: helix-turn-helix domain-containing protein [Clostridia],,3
WP_073962779.1,MULTISPECIES: helix-turn-helix domain-containing protein [Clostridia],,3
WP_108817235.1,MULTISPECIES: MarR family transcriptional regulator [Bacteria],,3
WP_109214827.1,MULTISPECIES: MATE family efflux transporter [Bacteria],,3
WP_117441171.1,MULTISPECIES: hypothetical protein [Clostridia],,3
WP_117536945.1,MULTISPECIES: sporulation initiation factor Spo0A C-terminal domain-containing protein [Bacillota],,3
WP_117739212.1,MULTISPECIES: PrgI family protein [Clostridia],,3
WP_117890386.1,MULTISPECIES: TrkH family potassium uptake protein [Mediterraneibacter],,3
WP_118113822.1,MULTISPECIES: helix-turn-helix domain-containing protein [Mediterraneibacter],,3
WP_118188435.1,hypothetical protein [[Ruminococcus] torques],,3
WP_118188439.1,hypothetical protein [[Ruminococcus] torques],,3
WP_118188471.1,hypothetical protein [[Ruminococcus] torques],,3
WP_118188523.1,RloB family protein [[Ruminococcus] torques],,3
WP_118188524.1,AAA family ATPase [[Ruminococcus] torques],,3
WP_118188527.1,AAA family ATPase [[Ruminococcus] torques],,3
WP_118188621.1,MULTISPECIES: lysozyme family protein [Lachnospiraceae],,3
WP_118188742.1,hypothetical protein [[Ruminococcus] torques],,3
WP_118188743.1,hypothetical protein [[Ruminococcus] torques],,3
WP_118536010.1,MULTISPECIES: virulence-associated E family protein [Bacillota],,3
WP_129794992.1,hypothetical protein [[Ruminococcus] torques],,3
WP_129795059.1,NAD-dependent epimerase/dehydratase family protein [[Ruminococcus] torques],,3
WP_155236816.1,DUF4041 domain-containing protein [[Ruminococcus] torques],,3
WP_195408796.1,MULTISPECIES: ABC transporter permease [Bacillota],,3
WP_226840949.1,MULTISPECIES: hypothetical protein [Clostridia],,3
WP_227077150.1,helix-turn-helix transcriptional regulator [[Ruminococcus] torques],,3
WP_227077166.1,GNAT family N-acetyltransferase [[Ruminococcus] torques],,3
WP_227077246.1,hypothetical protein [[Ruminococcus] torques],,3
WP_227077269.1,hypothetical protein [[Ruminococcus] torques],,3
WP_227159329.1,MULTISPECIES: hypothetical protein [Mediterraneibacter],,3
WP_242647671.1,IS30 family transposase [[Ruminococcus] torques],,3
WP_242647673.1,MULTISPECIES: hypothetical protein [Lachnospiraceae],,3
WP_242830808.1,MULTISPECIES: hypothetical protein [Lachnospiraceae],,3
WP_242849383.1,hypothetical protein [[Ruminococcus] torques],,3
WP_243035158.1,site-specific integrase [[Ruminococcus] torques],,3
WP_243035186.1,sugar-transfer associated ATP-grasp domain-containing protein [[Ruminococcus] torques],,3
WP_243040844.1,MULTISPECIES: FtsX-like permease family protein [Mediterraneibacter],,3
WP_270186967.1,InlB B-repeat-containing protein [[Ruminococcus] torques],,3
WP_270186968.1,InlB B-repeat-containing protein [[Ruminococcus] torques],,3
WP_270186984.1,DUF2800 domain-containing protein [[Ruminococcus] torques],,3
WP_270187003.1,phage portal protein [[Ruminococcus] torques],,3
WP_270187048.1,sigma-70 family RNA polymerase sigma factor [[Ruminococcus] torques],,3
WP_270187095.1,virulence-associated E family protein [[Ruminococcus] torques],,3
WP_270188280.1,hypothetical protein [[Ruminococcus] torques],,3
WP_270188306.1,hypothetical protein [[Ruminococcus] torques],,3
WP_270347595.1,MULTISPECIES: helix-turn-helix domain-containing protein [Mediterraneibacter],,3
WP_270621189.1,sugar transferase [[Ruminococcus] torques],,3
WP_270743952.1,hypothetical protein  partial [[Ruminococcus] torques],,3
WP_270744061.1,holin [[Ruminococcus] torques],,3
WP_303057175.1,PIN domain-containing protein [[Ruminococcus] torques],,3
WP_306800752.1,MULTISPECIES: TnpV protein [Clostridia],,3
WP_317648937.1,23S rRNA (adenine(2058)-N(6))-methyltransferase Erm(B) [[Ruminococcus] torques],,3
WP_330379412.1,winged helix-turn-helix domain-containing protein [[Ruminococcus] torques],,3
WP_330618476.1,MULTISPECIES: site-specific integrase [Bacillota],,3
WP_370810205.1,hypothetical protein [[Ruminococcus] torques],,3
WP_373108545.1,IS1380 family transposase  partial [[Ruminococcus] torques],,3
WP_373108557.1,transposase  partial [[Ruminococcus] torques],,3
WP_412190369.1,hypothetical protein [[Ruminococcus] torques],,3
WP_412208548.1,hypothetical protein [[Ruminococcus] torques],,3
WP_412208565.1,hypothetical protein [[Ruminococcus] torques],,3
WP_412208578.1,DUF6353 family protein [[Ruminococcus] torques],,3
WP_412615966.1,ABC transporter ATP-binding protein [[Ruminococcus] torques],,3
WP_003060053.1,MULTISPECIES: nuclear transport factor 2 family protein [Bacillota],,2
WP_004615306.1,MULTISPECIES: transposase [Bacteria],,2
WP_004846073.1,hypothetical protein [[Ruminococcus] torques],,2
WP_004846980.1,MULTISPECIES: HK97 gp10 family phage protein [Lachnospiraceae],,2
WP_004847014.1,MULTISPECIES: hypothetical protein [Lachnospiraceae],,2
WP_005333547.1,MULTISPECIES: hypothetical protein [Clostridia],,2
WP_005334884.1,MULTISPECIES: helix-turn-helix transcriptional regulator [Bacillota],,2
WP_005362406.1,MULTISPECIES: hypothetical protein [Clostridia],,2
WP_008791134.1,MULTISPECIES: AbrB/MazE/SpoVT family DNA-binding domain-containing protein [Bacillota],,2
WP_008816375.1,MULTISPECIES: ABC transporter permease [Clostridia],,2
WP_009242351.1,MULTISPECIES: hypothetical protein [Lachnospiraceae],,2
WP_009242479.1,hypothetical protein [[Ruminococcus] torques],,2
WP_009243377.1,IS1182 family transposase [[Ruminococcus] torques],,2
WP_009243548.1,hypothetical protein [[Ruminococcus] torques],,2
WP_009247525.1,MULTISPECIES: AAA family ATPase [Bacteria],,2
WP_009320551.1,MULTISPECIES: DUF7448 domain-containing protein [Lachnospiraceae],,2
WP_009320556.1,hypothetical protein [[Ruminococcus] torques],,2
WP_009320576.1,HK97 gp10 family phage protein [[Ruminococcus] torques],,2
WP_015513349.1,MULTISPECIES: hypothetical protein [Bacillota],,2
WP_015516227.1,MULTISPECIES: hypothetical protein [Bacillota],,2
WP_015535374.1,MULTISPECIES: hypothetical protein [Bacillota],,2
WP_015542939.1,MULTISPECIES: response regulator transcription factor [Bacillota],,2
WP_022003111.1,DUF6128 domain-containing protein [[Ruminococcus] torques],,2
WP_024407615.1,MULTISPECIES: tetracycline efflux MFS transporter Tet(40) [Bacillota],,2
WP_028086641.1,MULTISPECIES: excisionase [Lachnospiraceae],,2
WP_035110463.1,MULTISPECIES: DUF998 domain-containing protein [Bacillota],,2
WP_040415648.1,MULTISPECIES: hypothetical protein [Clostridia],,2
WP_044947442.1,MULTISPECIES: CHC2 zinc finger domain-containing protein [Clostridia],,2
WP_055039113.1,MULTISPECIES: hypothetical protein [Bacillota],,2
WP_055039880.1,MULTISPECIES: hypothetical protein [Bacillota],,2
WP_055146964.1,MULTISPECIES: DUF6462 family protein [Lachnospiraceae],,2
WP_055147292.1,MULTISPECIES: TnpV protein [Lachnospiraceae],,2
WP_055148482.1,hypothetical protein [[Ruminococcus] torques],,2
WP_055156953.1,VirD4-like conjugal transfer protein  CD1115 family [[Ruminococcus] torques],,2
WP_055157122.1,MULTISPECIES: FtsX-like permease family protein [Bacillota],,2
WP_055157172.1,MULTISPECIES: sensor histidine kinase [Lachnospiraceae],,2
WP_055157517.1,hypothetical protein [[Ruminococcus] torques],,2
WP_055158480.1,MULTISPECIES: response regulator [Lachnospiraceae],,2
WP_055158482.1,MULTISPECIES: ABC transporter permease [Lachnospiraceae],,2
WP_055158843.1,hypothetical protein [[Ruminococcus] torques],,2
WP_055158851.1,hypothetical protein [[Ruminococcus] torques],,2
WP_055158856.1,helix-turn-helix domain-containing protein [[Ruminococcus] torques],,2
WP_055159076.1,hypothetical protein [[Ruminococcus] torques],,2
WP_055159248.1,relaxase MobL [[Ruminococcus] torques],,2
WP_055159270.1,SpaA isopeptide-forming pilin-related protein [[Ruminococcus] torques],,2
WP_066085041.1,MULTISPECIES: ABC transporter ATP-binding protein [Lachnospirales],,2
WP_070100403.1,LexA family protein [[Ruminococcus] torques],,2
WP_070100404.1,helix-turn-helix transcriptional regulator [[Ruminococcus] torques],,2
WP_072447163.1,MULTISPECIES: serine/arginine repetitive matrix protein 2 [Clostridia],,2
WP_072447165.1,MULTISPECIES: recombinase family protein [Clostridia],,2
WP_117536947.1,MULTISPECIES: sensor histidine kinase [Bacillota],,2
WP_117536948.1,MULTISPECIES: ABC transporter permease [Bacillota],,2
WP_117536949.1,MULTISPECIES: ABC transporter ATP-binding protein [Bacillota],,2
WP_117568438.1,MULTISPECIES: ABC transporter ATP-binding protein [Mediterraneibacter],,2
WP_117739215.1,VirD4-like conjugal transfer protein  CD1115 family [Dorea sp.],,2
WP_117890200.1,MULTISPECIES: ABC transporter permease [Mediterraneibacter],,2
WP_117890201.1,MULTISPECIES: efflux RND transporter periplasmic adaptor subunit [Mediterraneibacter],,2
WP_117891127.1,MULTISPECIES: ABC transporter permease [Mediterraneibacter],,2
WP_117891146.1,MULTISPECIES: DUF4316 domain-containing protein [Mediterraneibacter],,2
WP_118188456.1,anthranilate synthase component II [[Ruminococcus] torques],,2
WP_118188720.1,MULTISPECIES: hypothetical protein [Clostridia],,2
WP_118188786.1,restriction endonuclease subunit S [[Ruminococcus] torques],,2
WP_118188792.1,hypothetical protein [[Ruminococcus] torques],,2
WP_118188821.1,hypothetical protein [[Ruminococcus] torques],,2
WP_118188835.1,regulatory protein RecX [[Ruminococcus] torques],,2
WP_118263197.1,MULTISPECIES: ABC-F family ATP-binding cassette domain-containing protein [Lachnospiraceae],,2
WP_118393550.1,MULTISPECIES: helix-turn-helix domain-containing protein [Bacillota],,2
WP_118659831.1,MULTISPECIES: XRE family transcriptional regulator [Lachnospiraceae],,2
WP_155236740.1,DUF4366 domain-containing protein [[Ruminococcus] torques],,2
WP_155236876.1,hypothetical protein [[Ruminococcus] torques],,2
WP_155492438.1,hypothetical protein [[Ruminococcus] torques],,2
WP_156796077.1,MULTISPECIES: hypothetical protein [Lachnospiraceae],,2
WP_158568533.1,MULTISPECIES: hypothetical protein [Lachnospiraceae],,2
WP_171054422.1,MULTISPECIES: DUF3789 domain-containing protein [Clostridia],,2
WP_173691700.1,HAD family hydrolase [[Ruminococcus] torques],,2
WP_173784732.1,MULTISPECIES: AAA family ATPase [Lachnospiraceae],,2
WP_187305834.1,hypothetical protein [[Ruminococcus] torques],,2
WP_207642132.1,hypothetical protein [[Ruminococcus] torques],,2
WP_207642136.1,hypothetical protein [[Ruminococcus] torques],,2
WP_207662720.1,hypothetical protein [[Ruminococcus] torques],,2
WP_226865801.1,MULTISPECIES: hypothetical protein [Bacillota],,2
WP_227077126.1,immunoglobulin-like domain-containing protein [[Ruminococcus] torques],,2
WP_227077249.1,hypothetical protein [[Ruminococcus] torques],,2
WP_227182358.1,hypothetical protein [[Ruminococcus] torques],,2
WP_227182486.1,GTP-binding protein [[Ruminococcus] torques],,2
WP_238095086.1,leucine-rich repeat protein [[Ruminococcus] torques],,2
WP_242854664.1,hypothetical protein [[Ruminococcus] torques],,2
WP_243035267.1,MULTISPECIES: hypothetical protein [Clostridia],,2
WP_243132235.1,MULTISPECIES: carbohydrate ABC transporter permease [Mediterraneibacter],,2
WP_243132236.1,MULTISPECIES: carbohydrate ABC transporter permease [Mediterraneibacter],,2
WP_270186926.1,DNA-processing protein DprA [[Ruminococcus] torques],,2
WP_270186927.1,hypothetical protein [[Ruminococcus] torques],,2
WP_270188200.1,hypothetical protein [[Ruminococcus] torques],,2
WP_270188272.1,plasmid mobilization protein [[Ruminococcus] torques],,2
WP_270743882.1,YdbC family protein [[Ruminococcus] torques],,2
WP_270743883.1,hypothetical protein [[Ruminococcus] torques],,2
WP_282928600.1,sigma factor-like helix-turn-helix DNA-binding protein [[Ruminococcus] torques],,2
WP_302168558.1,NUDIX hydrolase N-terminal domain-containing protein [[Ruminococcus] torques],,2
WP_306508416.1,hypothetical protein [[Ruminococcus] torques],,2
WP_331865761.1,MULTISPECIES: IS3 family transposase [Bacillota],,2
WP_400091653.1,ZmpA/ZmpB/ZmpC family metallo-endopeptidase-related protein [[Ruminococcus] torques],,2
WP_412191127.1,hypothetical protein [[Ruminococcus] torques],,2
WP_412578045.1,hypothetical protein [[Ruminococcus] torques],,2
WP_412578261.1,ATP-binding protein [[Ruminococcus] torques],,2
WP_412578285.1,tyrosine-type recombinase/integrase  partial [[Ruminococcus] torques],,2
WP_412851112.1,MULTISPECIES: VirD4-like conjugal transfer protein  CD1115 family [Lachnospiraceae],,2
WP_413081628.1,hypothetical protein [[Ruminococcus] torques],,2
WP_004842162.1,MULTISPECIES: transposase [Mediterraneibacter],,1
WP_008708342.1,MULTISPECIES: IS982-like element ISRmsp1 family transposase [Clostridia],,1
WP_055146909.1,MULTISPECIES: nuclear transport factor 2 family protein [Clostridia],,1
WP_055159092.1,MULTISPECIES: transposase [Bacillota],,1
WP_117471397.1,MULTISPECIES: IS110 family transposase [Clostridia],,1
WP_117890544.1,MULTISPECIES: hypothetical protein [Mediterraneibacter],,1
WP_195761468.1,MULTISPECIES: IS110 family transposase [Lachnospiraceae],,1
WP_202184056.1,MULTISPECIES: RumC family sactipeptide [Lachnospiraceae],,1
WP_270744091.1,radical SAM protein  partial [[Ruminococcus] torques],,1
WP_412208049.1,transposase [[Ruminococcus] torques],,1
WP_412208109.1,IS110 family transposase [[Ruminococcus] torques],,1
WP_413081503.1,IS30 family transposase [[Ruminococcus] torques],,1
