"","Bin 1","Bin 10","Bin 100","Bin 101","Bin 102","Bin 103","Bin 104","Bin 105","Bin 106","Bin 107","Bin 108","Bin 109","Bin 11","Bin 110","Bin 111","Bin 112","Bin 113","Bin 114","Bin 115","Bin 116","Bin 117","Bin 118","Bin 119","Bin 12","Bin 120","Bin 121","Bin 122","Bin 123","Bin 124","Bin 125","Bin 126","Bin 127","Bin 128","Bin 129","Bin 13","Bin 130","Bin 131","Bin 132","Bin 133","Bin 134","Bin 135","Bin 136","Bin 137","Bin 138","Bin 139","Bin 14","Bin 140","Bin 141","Bin 142","Bin 143","Bin 144","Bin 145","Bin 146","Bin 147","Bin 148","Bin 149","Bin 15","Bin 150","Bin 151","Bin 152","Bin 153","Bin 154","Bin 155","Bin 156","Bin 157","Bin 158","Bin 159","Bin 16","Bin 160","Bin 161","Bin 162","Bin 163","Bin 164","Bin 165","Bin 166","Bin 167","Bin 168","Bin 17","Bin 18","Bin 19","Bin 2","Bin 20","Bin 21","Bin 22","Bin 23","Bin 24","Bin 25","Bin 26","Bin 27","Bin 28","Bin 29","Bin 3","Bin 30","Bin 31","Bin 32","Bin 33","Bin 34","Bin 35","Bin 36","Bin 37","Bin 38","Bin 39","Bin 4","Bin 40","Bin 41","Bin 42","Bin 43","Bin 44","Bin 45","Bin 46","Bin 47","Bin 48","Bin 49","Bin 5","Bin 50","Bin 51","Bin 52","Bin 53","Bin 54","Bin 55","Bin 56","Bin 57","Bin 58","Bin 59","Bin 6","Bin 60","Bin 61","Bin 62","Bin 63","Bin 64","Bin 65","Bin 66","Bin 67","Bin 68","Bin 69","Bin 7","Bin 70","Bin 71","Bin 72","Bin 73","Bin 74","Bin 75","Bin 76","Bin 77","Bin 78","Bin 79","Bin 8","Bin 80","Bin 81","Bin 82","Bin 83","Bin 84","Bin 85","Bin 86","Bin 87","Bin 88","Bin 89","Bin 9","Bin 90","Bin 91","Bin 92","Bin 93","Bin 94","Bin 95","Bin 96","Bin 97","Bin 98","Bin 99"
"M-2000-ST-10",102268.409906222,965.4942390087,58.932765238195,1739.1435188377,0,2214.3673066096,852.6442630206,382.4360297372,407.513802179,1005.6186749155,43.8861017731239,5001.761713514,5227.4616654901,2189.2895341678,10457.4311082243,3074.5349013628,4283.2835330568,160.4977436274,163.0055208716,17.5544407092496,3831.8836291047,189.3371819354,31.3472155522314,2934.0993756888,964.2403503866,2970.4621457294,2989.2704750607,112.849975988,140.4355256739,2.50777724417851,4725.9062166543,86.5183149241585,75.2333173253553,0,942.9242438111,660.799303841,3799.2825249304,818.7892702242,1025.680892869,52.6633221277487,1479.5885740653,8.77722035462478,462.6849015509,1120.9764281477,229.4616178423,413.7832452894,1.25388862208925,2437.5594813415,126.642750831,0,67.7099855928197,20.0622179534281,1508.4280123733,95.2955352787833,714.7165145908,3.76166586626776,1445.7335812689,2362.3261640161,2292.1084011791,1210.0025203161,2186.7817569236,252.0316130399,440.1149063533,1566.1068889894,2011.2373498311,659.5454152189,119.1194190984,1712.8118577739,125.3888622089,4302.0918623882,634.4676427771,106.5805328775,265.8243878829,1301.5363897286,704.6854056141,22.5699951976066,94.0416466566941,3230.0170905019,12418.5129131719,1949.7968073487,205254.044104278,451.3999039521,8043.6955107025,40.1244359068561,1.25388862208925,511.5865578124,49547.4089018568,1220.0336292928,1108.4375419269,6910.1801963338,205.6377340226,15185.8451021229,39459.8749371488,33.8549927964099,0,13050.4727787049,2433.7978154752,1161.1008640546,1174.8936388976,1342.9147142575,575.5348775389,272.0938309933,318789.897168594,3203.685429438,3653.831444768,821.2970474684,704.6854056141,2843.8193948984,4016.2052565518,2383.6422705916,7451.8600810764,110.3421987438,1060.7897742875,777.4109456953,593.0893182482,2906.5138260028,2852.596615253,112.849975988,939.1625779448,448.8921267079,50.1555448835702,713.4626259687,4587.9784682245,3870.7541763895,1923.4651462849,21.3161065755173,31.3472155522314,3856.9614015465,647.006528998,826.3126019568,159.2438550053,1784.283509233,3277.6648581413,17.5544407092496,278.3632741038,784.9342774278,1.25388862208925,1142.2925347233,206.8916226447,357.3582572954,722.2398463234,156.7360777611,1498.3969033966,477.731565016,986.8103455842,40.1244359068561,17242.2224423493,220.6843974877,7.52333173253552,19727.4296913302,2431.290038231,968.0020162529,30.0933269301421,17.5544407092496,2368.5956071266,571.7732116727,36.3627700405884,872.7064809741,58.932765238195,2430.0361496089,1731.6201871052,392.4671387139,68.963874214909,2081.4551126681,1523.4746758384,157.9899663832,13.7927748429818,0
"M-2006-ST-15",147145.155652297,2875.7930123188,328.4849777002,5177.6669881274,0,1161.4732985097,0,526.8155302739,278.9023395567,749.9374019193,45.8639402826706,4510.7805050983,4208.3264124234,30.9891488396423,11130.0626972459,2191.5526059395,5599.1194123465,251.6318885778,50.8222040970134,560.2838110207,1373.4390765729,306.1727905356,8.67696167509985,5703.2429524477,208.2470802023,2984.8748162343,2880.7512761331,207.0075142488,2051.4816531843,117.7587655906,4864.0568018702,782.1661167125,78.0926550758986,0,2621.6819918337,324.7662798394,3379.0567894745,358.2345605862,580.1168662781,363.1928244006,1647.3831523153,0,1315.1794767544,1606.477475847,88.0091827045842,607.3873172569,256.5901523922,2203.9482654753,1232.1285578641,0,1297.8255534042,2264.686997201,1890.3380792181,389.2237094259,923.4766354213,17.3539233501997,7490.6970575183,1253.2011790751,6207.7462955571,390.4632753794,1771.3397476739,23.5517531181282,83.0509188902414,2513.8397538717,3762.0826691325,334.6828074681,581.3564322316,2430.7888349815,167.341403734,4508.3013731911,251.6318885778,1766.3814838596,649.5325596789,484.670287852,188.414024945,332.2036755609,40.9056764683278,4244.2738250774,7780.7554906573,3586.0643037234,112838.928320859,376.82804989,3273.6936834198,5761.5025522662,0,251.6318885778,56499.4161644358,2221.3021888255,1118.0884901342,22111.3774800615,552.8464152992,31308.9568556674,6563.5017242362,198.3305525737,2.47913190717138,10880.9099405752,2191.5526059395,1247.0033493072,8409.2154291253,190.8931568521,824.3113591344,849.1026782061,310288.149501571,3686.4691459638,1952.3163768974,2599.3698046691,700.3547637759,3102.6335818249,2089.9081977454,3051.8113777279,3465.8264062255,275.183641696,3657.9591290313,690.4382361472,1353.6060213155,2707.2120426311,1253.2011790751,1573.0091951002,2019.252938391,820.5926612737,756.1352316872,432.6085178014,2496.4858305215,1488.7187102564,4474.8330924443,40.9056764683278,304.933224582,2347.7379160913,1725.4758073912,1429.2195444843,601.189487489,859.0192058348,5845.7930371101,26.0308850252995,1396.990829691,1471.3647869062,49.5826381434277,2945.2087057196,313.6101862571,720.1878190332,978.0175373791,348.3180329575,2257.2496014795,2363.8522734879,885.0500908601,592.5125258139,8188.572689387,634.6577682358,6.19782976792846,19138.898323363,3836.4566263477,1013.964950033,12.3956595358569,288.8188671854,4.95826381434277,2476.6527752642,172.2996675484,2660.1085363948,288.8188671854,14915.6971194966,10489.2070992421,1890.3380792181,128.9148591729,461.1185347338,335.9223734217,32.228714793228,259.0692842994,54.5409019577705
"M-2021-ST-1",139777.13979855,4151.6227920782,169.3348255559,1899.6642499148,0,348.401537638,3.89275461048124,720.159602939,153.763807114,2074.8382073865,194.637730524,5381.7332489903,2473.8455549608,184.9058439978,9757.1894311712,2072.8918300812,4889.2997907644,494.3798355311,251.082672376,1796.506252737,2308.4034840153,161.5493163349,83.6942241253467,729.8914894652,64.2304510729405,5072.259257457,2364.8484258673,128.4609021458,1006.2770668094,147.9246751982,720.159602939,272.4928227336,500.2189674468,0,1633.0105590968,0,5056.6882390151,1292.3945306797,591.6987007931,301.6884823122,461.291421342,11.6782638314437,1488.978638509,936.2074838207,110.9435063987,443.7740255948,529.4146270254,2989.6355408495,1424.7481874361,0,231.6188993236,891.4408058002,3497.6400175173,959.5640114836,1823.7555350104,13.6246411366843,4988.5650333317,1578.5119945501,1109.4350639871,441.8276482896,2701.5716996739,0,603.3769646245,1191.1829108072,504.1117220573,369.8116879957,336.7232738066,1780.9352342951,942.0466157364,5560.7999610724,216.0478808817,1716.7047832222,266.6536908179,747.4088852123,544.9856454673,486.5943263101,673.4465476132,17392.8275996301,8369.4224125346,1901.61062722,139056.980195611,2837.8181110408,5806.0435015327,2580.896306749,0,91.4797333463092,50280.7649262809,2730.7673592525,157.6565617244,5013.8679382998,928.4219745997,18833.1468055082,6290.6914505376,216.0478808817,0,11016.4955476619,1360.5177363631,2553.6470244756,589.7523234879,54.4985645467374,803.8538270643,40.873923410053,356329.132402316,1508.4424115614,2528.3441195075,683.1784341394,887.5480511897,5319.4491752226,2429.0788769402,2152.6932995961,3546.2994501484,2693.786190453,655.929151866,842.7813731691,652.0363972556,5173.4708773295,1745.9004428008,3090.8471607221,1294.340907985,2536.1296287285,1481.1931292881,1216.4858157753,3306.8950416038,118.7290156196,6189.4798306651,31.1420368838499,274.4392000389,3406.160284171,10319.6924723857,216.0478808817,434.0421390686,1220.3785703858,2283.1005790472,167.3884482506,932.3147292102,1825.7019123157,0,1247.6278526592,2686.000681232,1555.1554668872,1210.6466838596,455.4522894263,1103.5959320714,239.4044085445,270.5464454284,346.4551603328,12055.8610286604,1169.7727604496,0,16657.0969782492,1827.6482896209,550.824777383,35.0347914943312,50.6058099362562,1592.1366356868,1666.0989732859,108.9971290934,2357.0629166463,0,1514.2815434772,1276.8235122378,297.7957277018,509.950853973,402.9001021848,114.8362610091,13.6246411366843,15.571018441925,461.291421342
"M-2030-ST-1",158947.132467705,1299.2727393484,244.9108358516,2075.5155580646,0,261.5149603161,0,1062.663965729,0,124.5309334838,24.9061866967755,3495.1681997808,2789.4929100388,0,9950.0215853618,1004.5495301032,4860.8574369873,58.1144356258094,0,0,660.0139474645,128.6819646,0,904.9247833161,240.7598047354,11128.9144223425,3744.2300667485,91.3226845548434,8.30206223225849,0,5367.2832331551,755.4876631355,0,0,435.8582671935,282.2701158967,4420.8481386776,83.0206223225849,116.2288712516,24.9061866967755,332.0824892903,0,232.4577425032,2063.0624647162,8.30206223225849,87.1716534387142,0,1403.0485172516,2648.3578520904,0,95.4737156709727,95.4737156709727,6201.640487497,16.604124464517,4043.1043071098,0,2777.0398166904,987.9454056387,8227.3436721681,0,1369.8402683226,0,352.8376448709,107.9268090193,244.9108358516,29.0572178129047,37.3592800451632,896.6227210839,315.4783648258,5180.4868329293,518.8788895161,5151.4296151163,170.1922757612,0,0,929.8309700129,8.30206223225849,4072.1615249227,10580.9783150134,4835.9512502905,128104.971274865,9302.4607312456,4790.2899080131,186.7964002258,0,128.6819646,52082.9874140736,759.6386942516,2656.6599143227,13860.2928967555,33.208248929034,12129.3129213296,2714.7743499485,655.8629163484,0,11477.6010360973,1843.0578155613,1847.2088466775,1477.767077342,523.0299206322,1722.6779131936,701.5242586258,369798.75801149,58.1144356258094,2038.1562780194,1427.9547039484,668.3160096968,9190.3828911101,3661.2094444259,3594.7929465679,2229.1037093614,253.2128980838,3980.8388403679,373.5928004516,444.1603294258,8380.9318234649,1780.7923488194,87.1716534387142,2992.8934347291,323.780427058,58.1144356258094,136.9840268322,4063.8594626905,390.1969249161,1448.7098595291,0,0,1411.3505794839,2316.2753628001,323.780427058,365.2907382193,58.1144356258094,489.8216717032,0,273.9680536645,2669.1130076711,4.15103111612925,925.6799388968,0,99.6247467871019,2204.1975226646,29.0572178129047,2170.9892737355,83.0206223225849,261.5149603161,0,10701.3582173811,0,4.15103111612925,18496.9946534719,3387.2413907614,502.2747650516,0,705.6752897419,0,83.0206223225849,1046.0598412645,2183.4423670839,0,1203.7990236774,2503.0717630259,2054.7604024839,190.9474313419,215.8536180387,0,33.208248929034,8.30206223225849,0
"M-2030-ST-5",175554.389367691,1964.7633982104,17.9498749741347,3447.7471660388,0,296.7961966209,0,626.6251492706,0,675.1147420827,15.7061406023679,3785.0552332611,2905.0127518903,336.1862000363,11118.3270716524,392.154907421,6323.5913710962,148.8343799938,33.9053193955878,30.2904140188524,827.0654198151,166.9089068775,0.373955728627807,2957.1172500791,2774.5022025992,4945.0659034645,3709.5161760783,31.4122812047358,152.9478930087,12.9637985924306,3094.234350576,411.9745610383,4.11351301490587,0,271.2425551647,4.61212065307628,3970.5372746605,561.930808218,248.4312557184,115.4276682364,38.1434843200363,0,668.1342351483,1371.5449606972,0,219.5120127045,1109.2773430196,1680.1830887247,687.7045849465,0,626.7498011802,111.189503312,2713.7967226519,27.2987681898299,1371.5449606972,0.124651909542602,2910.2481320911,1078.4883213625,13462.0322748724,8.60098175843956,1376.1570813503,5.4846840198745,327.4605663684,636.0986943958,384.3018371198,0,102.0899139153,934.0167582027,527.0282735461,4558.2710281538,400.2572815412,2491.0437602993,407.1131365661,13.462406230601,92.3670649710683,296.2975889827,2.99164582902245,3860.5942904439,11035.6828556256,4820.0400381933,136654.018652912,10348.9754859554,4474.8789006698,82.7688679362879,1.62047482405383,218.5147974281,50193.210459791,598.9524253522,1160.0106702034,6055.8390693987,498.981593899,15162.6582767621,1113.3908560345,786.4288973042,0,12048.7289244783,2403.2888159813,2502.0131283391,792.0382332336,578.2602083681,1558.6474769206,240.2042296885,362426.050254664,697.4274338908,2355.7964384456,2092.7809093107,696.9288262526,4986.5749893422,3817.4647297421,2707.3148233557,2320.7692518641,909.8342877514,1805.3336059055,561.6815043989,463.2064958603,4643.4082823714,1522.3737712438,712.5103149455,711.014492031,323.471705263,237.9604953168,2433.2052742715,3283.081993533,48.3649409025297,3666.0126596479,2.24373437176684,4.11351301490587,1960.1512775574,4322.6789191183,554.0777379168,581.7504618353,185.1080856707,476.6689020909,50.8579790933817,287.5719553147,2243.7343717668,0.498607638170409,1138.5705417621,649.1871448978,445.6305766148,1144.9277891488,42.63095306357,2647.8558625039,35.1518384910138,294.4278103396,23.185255174924,10045.4480862192,74.6664938160188,2.61769010039465,16203.8756771715,2436.1969201006,338.0559786795,49.2375042693279,462.0846286744,2013.5022948416,65.9408601480366,343.914618428,2206.5881027231,0,1769.6831597763,2160.3422442828,1232.1841258286,228.4869501915,15.3321848737401,3.11629773856506,48.8635485407001,22.3126918081258,2.36838628130944
"M-2030-ST-8",158265.666829362,2617.917202822,22.1857390069663,8541.509517682,0,488.0862581532,0,443.7147801393,7.39524633565544,1493.8397598023,14.7904926713109,4200.4999186522,2876.7508245699,281.0193607549,10360.7401162532,554.6434751741,7565.3370013755,51.7667243495881,29.5809853426218,7.39524633565544,554.6434751741,44.3714780139326,0,1345.9348330892,103.5334486991,5346.7631006788,2950.7032879265,0,569.4339678454,7.39524633565544,4215.2904113236,295.8098534262,0,0,894.8248066143,88.7429560278653,4999.186522903,1612.1637011728,170.09066572,51.7667243495881,325.3908387688,0,783.8961115794,1382.9110647675,0,1116.6821966839,584.2244605167,3926.875804233,813.477096922,0,443.7147801393,199.6716510626,3712.413660499,110.9286950348,2721.4506515212,0,4866.0720888612,621.200692195,10331.1591309106,22.1857390069663,2277.7358713818,14.7904926713109,547.2482288385,1072.31071867,480.6910118176,0,81.3477096922098,2115.0404519974,451.1100264749,5598.2014760911,125.7191877061,1471.6540207954,236.6478827409,14.7904926713109,73.9524633565544,244.0431290766,0,3209.5369096744,6396.8880803419,2521.7790004585,88129.1505820058,3971.2472822469,2499.5932614515,22.1857390069663,14.7904926713109,59.1619706852435,57926.964547189,1634.3494401798,1153.6584283622,16543.1660528612,621.200692195,25787.2239724305,2869.3555782343,229.2526364053,7.39524633565544,7454.4083063406,2344.2930884027,1907.9735545991,887.4295602786,665.5721702089,1168.4489210335,140.5096803774,383931.608761888,2262.9453787105,1937.5545399417,983.5677626421,658.1769238733,4843.8863498543,2107.6452056618,2255.5501323749,1516.0254988093,2366.4788274097,2699.2649125142,377.1575631184,221.8573900696,5176.6724349588,2788.0078685421,2780.6126222064,961.3820236352,813.477096922,1249.7966307257,7528.3607696972,2292.5263640531,0,7920.3088254869,7.39524633565544,0,2314.7121030601,6618.7454704116,443.7147801393,695.1531555516,266.2288680835,1005.7535016491,88.7429560278653,391.9480557897,2891.5413172412,0,924.4057919569,1774.8591205573,473.2957654819,990.9630089778,7.39524633565544,3054.2367366256,184.8811583913,73.9524633565544,29.5809853426218,7232.550916271,110.9286950348,14.7904926713109,21941.6958778896,2677.0791735072,1397.7015574388,103.5334486991,939.1962846282,2107.6452056618,44.3714780139326,125.7191877061,2824.9841002203,0,1005.7535016491,2018.9022496339,1279.3776160683,192.276404727,29.5809853426218,0,0,36.9762316782772,0
"M-2033-ST-1",175893.574419662,6051.2645356689,268.7998717428,1205.896345193,0,10979.8430592126,0,752.8139033575,521.916120499,1069.1003002542,143.3308878498,1303.0476764712,4129.5850636145,97.5869874722705,7514.1980353648,1703.851375018,2126.8735394626,306.7019606271,163.8067289713,1628.0471972494,2298.9577361213,1259.0464008699,9.14878007552536,4585.7170988085,35.2881517198835,5253.1423881278,2729.386055865,4002.8091111393,1155.3602266806,90.1808321730357,2631.7990683927,1549.6290823163,57.506617617588,0,4044.1964495762,0.435656194072636,2795.6057973641,562.4321465477,798.9934599292,822.5188944091,431.2996321319,32.2385583613751,993.2961224856,1788.8043328622,511.4603718412,4030.2554513659,1195.8762527293,3156.3291260562,2643.5617856327,0,1416.7539431242,1429.8236289463,3752.7424557416,923.1554752399,1829.756015105,6.53484291108954,8810.7108689249,1627.1758848612,11436.4107506007,5.66353052294427,2356.9000099329,52.714399482789,646.9494481978,384.248763172,162.9354165831,641.7215738689,3138.0315659051,5475.3270471048,782.0028683603,3704.8202743936,376.8426078728,3912.1926227722,544.5702425907,1568.7979548555,50.5361185124258,831.2320182905,97.1513312781978,5074.523348558,7249.7547255627,5131.1586537875,125690.297239508,352.8815171988,4797.8816653219,2784.7143925122,13.5053420162517,308.0089292093,40505.1346439033,3795.0011065667,494.0341240783,15350.3459981493,1434.6158470811,21453.0179647188,3043.4941717914,2407.0004722513,0,9495.1267498131,2122.9526337159,2027.1082710199,10838.6904523331,131.1325144158,1845.0039818976,522.351776693,243028.62958245,2099.427199236,2161.7260349884,3029.5531735811,220.0063780066,5515.8430731536,2115.5464784167,2734.1782739998,4623.1835314988,379.4565450372,972.8202813641,2080.2583266968,1049.4957715209,6080.4535006717,1858.0736677197,646.9494481978,1167.9942563087,913.5710389703,52.714399482789,644.7711672275,2870.5386627445,21759.2842691518,5842.5852187081,1424.1600984234,684.8515370821,3669.0964664797,2741.584429299,1101.3388586156,9.14878007552536,1557.0352376156,1658.9787870285,602.5125164024,1121.814699737,4714.671332254,11.7627172399612,3662.9972797627,940.1460668087,932.3042553154,1933.4421892943,1719.9706541987,1338.7714843852,1479.0527788765,1372.7526675228,1290.4136468431,11309.6347981256,880.4611682207,5.66353052294427,13704.0012407488,4771.7422936775,663.9400397666,6.0991867170169,479.6574696739,111.9636418766,2833.9435424424,602.5125164024,5826.4659395274,983.711686216,6046.4723175341,2172.1817836461,864.7775452341,256.6014983087,13280.5434201102,63.6058043346049,327.1778017485,168.5989471061,667.4252893192
"M-2033-ST-2",94602.7462541314,2129.8340830371,32.7838481374031,583.1339796355,0,2079.8910292789,0.41851721026472,613.4067245113,1419.7498829546,1902.1607206531,45.4788701820996,1907.0434214395,1784.1388673585,74.7750749006301,7449.4668369752,440.1405994617,1331.5822573255,210.3746510263,36.5505030297856,756.8186218953,7010.5817891443,589.8302549997,27.7616416142265,11422.0321968079,65.9862134850709,3829.9904968692,2963.2413544109,584.1105197927,1728.61558413,122.0675196605,2539.5624318863,184.2870782532,7.25429831125516,0,1364.0870939894,2.0925860513236,2774.0715753713,39.4801235016386,2289.9866688317,226.9758337002,107.6984287747,37.2480317135601,1193.6110836749,1431.6078705788,71.845454428777,3744.8919974487,168.3834242631,3087.8199773331,1923.7841098501,4.32467783940211,440.0010937249,871.3528317711,2847.5910986411,2319.0038620768,1940.6643039975,0.41851721026472,3606.9208237981,3848.4052541208,5408.4979082509,0.139505736754907,3361.2512213727,22.8789408278047,1351.5315776815,487.1540327481,446.5578633524,1719.1291940307,1450.5806507775,1851.9386554213,170.6155160512,3142.7852376145,771.1877127811,3348.2771878545,124.8576343956,2826.2467209176,14.6481023592652,974.5870769697,1.53456310430398,1088.1447466882,14899.3521911608,2108.0711881033,271930.580829345,376.3864777647,12130.8608452596,838.2899721602,9.48639009933366,60.8245012251394,37179.2553853399,1538.8877821433,350.019893518,7484.0642596904,498.035480215,10553.4694797719,726.5458770195,1161.8037756948,0.41851721026472,18711.4859537253,1039.4572445608,1074.612690223,2512.6378246926,96.5379698343955,907.2058061171,284.0336800329,254290.219922424,4902.3710953041,4550.3981214715,1497.3150725904,367.4581106124,3947.0358100065,5042.8533722163,2111.140314312,11142.1836888776,961.6130434515,1855.0077816299,479.7602287001,1657.467658385,4116.2562686902,4203.3078484253,1004.022787425,1198.7727959349,306.4941036505,56.6393291224922,189.8673077234,5564.6048276797,2425.5862449575,2537.7488573085,1492.4323718039,168.9414472101,6163.223944095,712.4557976073,2612.2449207356,12.8345277814514,3817.016463351,646.1905726487,1743.1241807525,1640.8664757112,2508.1736411164,6.69627536423553,2161.0833680702,402.7530620114,70.8689142714927,1226.6739432858,1677.5564844777,394.2432120693,623.1721260841,902.4626110674,337.1853657366,24725.4387594926,700.1792927728,9.06787288906894,11688.6276597466,4010.9294374403,1424.7720894778,9.90490730959839,270.2226120942,66.8232479056004,2783.4184597339,413.0764865312,1969.402485769,2347.881549585,3091.865643699,696.4126378804,1479.318832549,120.6724622929,1319.0267410176,10.1839187831082,64.8701675910317,290.7299553972,925.8995748423
"M-2034-ST-1",153963.473493185,706.0393947918,44.127462174491,6448.1254102475,0,763.9566888958,16.5477983154341,623.3004032146,0,339.2298654663,0,4316.2173939424,10334.1000479886,0,13036.9071061761,1483.7859156172,6958.34919164,165.4779831543,341.9878318523,2313.9337977748,466.096319218,256.4908738892,0,3218.5467723519,0,1922.3025709762,2440.8002515265,148.9301848389,4318.9753603283,286.8285041341,6963.8651244118,501.9498822348,63.4332268758308,0,835.6638149294,0,3905.2804024424,146.172218453,168.2359495402,1919.5446045903,1059.0590921877,2.75796638590569,46.8854285603967,187.5417142415,137.8983192952,206.8474789429,645.3641343019,366.8095293254,728.1031258791,0,8.27389915771706,1847.8374785568,1034.2373947146,965.2882350669,137.8983192952,281.3125713623,3464.0057806975,692.2495628623,4796.1035450899,0,835.6638149294,0,132.3823865234,4054.2105872813,99.2867898926048,228.9112100301,2319.4497305466,1776.1303525232,245.4590083456,4478.9374107108,85.4969579630763,457.8224200603,162.7200167684,0,2997.9094614794,2.75796638590569,330.9559663086,3364.7189908049,6318.5009901099,2258.7744700567,98528.3491364807,1064.5750249595,2167.7615793218,11.0318655436228,11.0318655436228,85.4969579630763,62881.6335986497,2553.8768733486,2901.3806379727,38390.8920918071,239.9430755737,22314.7060283629,13332.009509468,99.2867898926048,5.51593277181138,13301.6718792231,2592.4884027513,1674.0855962447,8875.1358298445,157.2040839966,1321.0658988488,1318.3079324629,352377.091228012,5902.0480658381,1254.874705587,3243.368469825,672.9437981609,1715.4550920333,984.5939997683,3196.4830412646,2473.8958481574,96.5288235066991,4920.2120324557,766.7146552817,664.6698990032,1748.5506886642,1025.9634955569,4630.6255619356,819.1160166139,863.2434787884,217.8793444865,1362.4353946374,2068.4747894292,176.5098486979,7303.0949898782,118.5925545939,35.853563016774,934.950604822,2689.017226258,722.5871931072,766.7146552817,0,1486.5438820031,82.7389915771707,501.9498822348,1839.563579399,33.0955966308683,1246.6008064293,1282.4543694461,697.7654956341,466.096319218,93.7708571207934,452.3064872885,708.7973611777,79.981025191265,929.4346720502,4443.083847694,0,0,19951.1288356417,559.8671763388,126.8664537516,96.5288235066991,46.8854285603967,0,1053.5431594159,33.0955966308683,1469.9960836877,587.4468401979,6216.4562338314,1232.8109744998,66.1911932617365,5.51593277181138,2.75796638590569,0,0,209.6054453288,239.9430755737
"M-2034-ST-5",197116.384060661,2279.1368326927,318.946262301,3415.3828921401,0,349.3220968058,6.64471379793805,627.450831491,0,99.6707069690708,235.4127174126,1854.8243944529,8505.2336613607,0,9792.4096485041,820.1475316312,6099.8472665071,255.3468588064,256.2961036347,454.6882727446,76.888831090426,214.5293311905,0,12247.1567744281,0,7721.157433204,3681.1714440576,114.8586242215,916.0212592871,36.0713034745208,4626.6192930214,1495.060604536,201.2399035946,0,5087.9522795639,0,4041.8844788028,426.2109278963,142.3867242415,2362.6703775811,989.1131110644,0,508.7952279563,323.6924864424,21.8326310503679,59.8024241814424,935.0061558527,584.7348142185,1262.4956216082,0,110.1124000801,1778.8848081908,4499.4204860323,82.5843000600872,0,37.9697931310746,4599.0911930014,563.8514279964,6600.099291009,60.7516690097193,981.5191524382,1.89848965655373,10.4416931110455,1860.5198634226,0,854.3203454491,5127.8205623516,5056.6272002308,700.5426832683,5137.3130106343,47.4622414138432,580.9378349054,261.9915726044,0,1692.5035288176,13.2894275958761,74.9903414338723,1632.7011046362,4052.3261719139,4794.6356276264,56077.587475284,1852.9259047964,869.5082627016,0,40.8175276159052,397.733583048,54464.8205120416,5490.4320867533,1066.0019421549,22009.1905884273,51.2592207269507,33618.4548382534,17757.5230025753,57.9039345248887,23.7311207069216,5143.008479604,4445.3135308205,1553.9137838892,10908.7215665577,144.285213898,1014.7427214279,260.0930829478,321992.388954967,3016.7000642638,662.5728901372,4015.3056236111,496.4550451888,8789.0578650154,934.0569110244,4144.4029202567,1033.7276179935,76.888831090426,2979.679515961,967.2804800141,260.0930829478,7450.6226571451,582.8363245619,3269.1991885855,1688.7065495045,358.8145450886,122.4525828477,1226.4243181337,1019.4889455693,3.79697931310746,9654.7691484039,7.59395862621491,895.137873065,463.2314761991,4079.8542719339,2628.4589294986,439.5003554921,0,4671.2337999504,22.7818758786447,1174.2158525784,1646.9397770603,24.6803655351985,1845.3319461702,7265.5199156311,362.6115244017,2995.8166780417,46.5129965855663,751.8019039952,1830.1440289177,1164.7234042957,1882.352494473,3828.3043924405,461.3329865425,0,20358.4538320539,294.2658967658,112.9601345649,167.0670897767,408.175276159,0,340.7788933513,1486.5174010815,5731.5402731357,311.3523036748,7846.4577505365,572.3946314509,39.8682827876283,2.84773448483059,4.74622414138432,0,28.4773448483059,15.1879172524298,18.0356517372604
"M-2034-ST-9",129529.858787501,721.5007215007,28.3559235524301,3717.7766435408,0,237.8746920231,64.5884925360908,234.7240338506,0,411.1608915102,0,5305.7083624769,8216.9165138597,0,12281.2655563747,236.2993629369,6329.6722685368,31.5065817249223,192.190148522,3429.4914207577,283.5592355243,119.7250105547,0,19047.3039818017,8453.2158767966,2761.5518881894,1436.7001266564,40.958556242399,9.4519745174767,0,3316.067726548,195.3408066945,0,9.4519745174767,431.6401696314,0,2353.5416548516,0,126.0263268996,42.5338853286452,2131.4202536909,0,33.0819108111685,14.1779617762151,189.0394903495,1.57532908624612,716.7747342419,738.8293414494,1252.3866235656,0,59.8625052773524,959.3754135238,1581.6304025911,2351.9663257654,0,608.077027291,1657.2461987309,480.475371305,2126.6942664322,1.57532908624612,631.7069635846,0,61.4378343635986,7181.925304196,0,51.9858598461219,370.2023352678,1392.5909122415,379.6543097853,3311.3417392893,42.5338853286452,201.6421230395,152.8069213658,0,1945.5314215139,0,15.7532908624612,5485.2958783089,5233.2432245096,3103.3982999048,96559.7963414557,124.4509978134,1795.8751583205,0,51.9858598461219,23.6299362936918,64257.6734279791,1241.3593199619,734.1033541906,29896.5953987788,184.3135030907,18371.4878038022,11898.4605884169,78.7664543123058,0,11901.6112465894,4168.3207622072,1622.5889588335,4867.7668765005,100.8210615197,943.6221226614,825.4724411929,295342.697089422,3859.5562613029,1342.1803814816,649.0355835334,757.7332904843,2657.5801684971,814.4451375892,2270.0492132806,3322.369042893,1.57532908624612,5428.5840312041,1512.3159227962,422.1881951139,3412.162800809,1233.4826745307,2120.3929500872,395.4076006477,1302.7971543255,0,1403.6182158452,1433.5494684839,159.1082377108,7194.527936886,140.2042886759,26.780594466184,1014.5119315424,0,4313.2510381418,381.2296388715,0,760.8839486568,0,165.4095540558,3064.0150727486,6.30131634498447,1413.0701903627,2309.4324404368,798.6918467267,680.5421652583,151.2315922796,42.5338853286452,67.739150708583,207.9434393844,133.9029723309,4013.9385117551,3497.2305714663,0,20168.938291209,22.0546072074456,47.2598725873835,3574.4216966924,0,103305.355488762,1058.6211459573,912.1155409365,912.1155409365,409.5855624239,4174.6220785522,560.8171547036,0,0,67.739150708583,0,0,367.0516770953,485.2013585638
"M-2046-ST-1",218699.701310869,3987.8602487207,344.3333146485,3899.7749821827,0,0,0,2226.1549179605,192.1860360829,632.6123687729,0,2474.3952145677,7463.2244012203,320.3100601382,9481.1777800911,2466.3874630642,6173.976409164,240.2325451036,96.0930180414641,2770.6820201955,296.2868056278,208.2015390898,0,264.255799614,16.0155030069107,12948.5341810872,2065.9998878914,56.0542605241874,616.596865766,24.023254510366,1953.8913668431,432.4185811865,0,0,3026.9300683061,0,4492.3485934384,2610.5269901264,72.0697635310981,1169.1317195044,1241.2014830355,0,304.2945571313,216.2092905932,384.3720721658,112.1085210483,464.4495872004,1417.3720161115,5181.0152227356,2025.9611303742,160.1550300691,1121.0852104837,7695.4491948205,136.1317755587,152.1472785656,1881.821603312,5629.4493069291,112.1085210483,672.6511262902,1617.5658036979,2442.3642085538,0,64.0620120276428,1065.0309499595,224.2170420967,1649.5968097118,1369.3255070908,2074.0076393949,1345.3022525804,3899.7749821827,48.0465090207321,232.2247936002,152.1472785656,0,0,0,16.0155030069107,5421.2477678392,4580.4338599764,5052.8911986803,62484.484981462,264.255799614,2418.3409540435,552.5348537384,0,480.4650902073,58672.7952658173,5773.5888339913,1169.1317195044,3707.5889460998,496.4805932142,22838.1072878546,2898.8060442508,136.1317755587,0,5805.6198400051,3915.7904851896,3875.7517276723,4051.9222607484,0,1585.5347976841,560.5426052418,351372.128220117,200.1937875863,1393.3487616012,3691.5734430929,840.8139078628,10834.487784175,792.767398842,2714.6277596713,776.7518958351,16.0155030069107,2362.2866935193,696.6743808006,208.2015390898,10313.9839364504,736.7131383178,56.0542605241874,2906.8137957542,56.0542605241874,520.5038477245,288.2790541243,1705.6510702359,0,10458.1234635126,96.0930180414641,512.4960962211,1441.3952706219,4412.2710784038,344.3333146485,0,32.0310060138214,216.2092905932,0,520.5038477245,3259.1548619063,56.0542605241874,3283.1781164166,768.7441443317,624.6046172695,2418.3409540435,48.0465090207321,720.6976353109,1417.3720161115,864.8371623731,88.0852665380088,5733.550076474,3243.1393588994,0,18265.6811793816,104.1007695449,0,24.023254510366,96.0930180414641,56.0542605241874,3635.5191825687,1601.550300691,4172.0385333002,0,3291.1858679201,1265.2247375459,488.4728417107,0,0,0,0,352.341066152,32.0310060138214
"M-2051-ST-1",122240.433152504,2285.6753869677,1091.7830886203,6210.3344992983,0,94.2546551326896,0,308.945814046,308.945814046,858.7646356533,0,3377.458475588,1811.7839264394,52.3636972959387,9862.70238569,3526.6950128814,5833.3158787675,267.0548562092,26.1818486479693,6736.5896571225,1772.5111534675,450.327796745,36.6545881071571,1782.9838929267,54.9818821607356,1131.0558615922,1515.9290367174,403.2004691787,1934.8386150849,489.600569717,7066.4809500869,78.545545943908,0,23.5636637831724,1987.2023123808,0,3966.5500701673,1717.5292713067,476.509645393,28.8000335127663,408.4368389083,0,620.5098129568,688.5826194415,36.6545881071571,426.7641329619,890.1828540309,2314.4754204804,518.4006032297,0,298.4730745868,947.7829210564,848.2918961942,2131.2024799447,316.8003686404,18.3272940535785,10710.9942818842,1594.4745826613,1502.8381123934,86.4001005382988,3042.330812894,15.7091091887816,418.9095783675,1877.2385480594,2678.4031166872,235.6366378317,198.9820497245,2819.7850993862,528.8733426889,4642.0417652849,159.7092767526,586.4734097145,204.2184194541,801.1645686278,34.0364032423601,117.8183189158,264.4366713444,15832.163877427,8571.9372473451,4262.4049598894,130684.079341474,696.4371740359,5561.0246528286,2243.7844291309,2626.0394193913,94.2546551326896,52209.2243889156,6710.4078084745,361.3095113419,15544.1635422993,1785.6020777915,17324.5292503613,3055.421737218,44.5091427015479,125.6728735102,9883.6478646084,1107.4921978091,1662.547389146,3285.8220053201,7.8545545943908,507.9278637706,303.7094443164,347247.240433153,1699.2019772532,2424.4391848019,672.8735102528,1193.8922983474,1034.1830215947,2448.0028485851,6356.9528517269,3785.8953144963,172.8002010765,5943.279643089,447.7096118802,560.2915610665,2845.9669480342,1604.9473221205,416.2913935027,3817.3135328739,62.8364367551264,209.4547891837,180.6547556709,3534.5495674758,13.0909243239847,2505.6029156106,89.0182854030957,253.9639318853,3225.6037534298,9865.3205705548,413.6732086379,10.4727394591877,1209.6014075361,1872.0021783298,432.0005026914,777.6009048446,9289.3199002995,20.9454789183755,243.4911924261,36.6545881071571,2016.0023458936,301.0912594516,610.0370734976,984.4375091636,824.728232411,604.800703768,408.4368389083,12685.1056699411,861.3828205181,0,16196.0915736338,1280.2923988857,447.7096118802,0,107.3455794566,445.0914270154,1175.5650042938,10.4727394591877,3456.0040215319,583.8552248497,10658.6305845883,11355.0677586243,479.1278302578,175.4183859413,0,83.7819156735019,0,44.5091427015479,0
"M-2057-ST-4",165572.764764024,4244.1446222711,67.35449400545,8160.4432737205,0,319.7309715439,2.43449978332952,432.5294615048,0,387.8969654771,27.5909975444012,3169.718717895,5084.8585474475,27.5909975444012,13945.6262588392,3628.2161770887,9082.3071916746,82.7729926332037,86.0189923443097,525.0404532713,514.4909542103,307.5584726272,11.3609989888711,8144.213275165,43.8209960999313,2432.8767834739,2842.6842470011,52.7474953054729,208.5554814385,0.811499927776506,724.6694355044,184.2104836052,4.05749963888253,0.811499927776506,2406.9087857851,0,4332.5981143987,78.7154929943211,131.4629882997,30.0254973277307,620.797444749,0,387.8969654771,998.9564110928,759.5639323988,11239.2739997046,51.1244954499199,481.2194571714,590.7719474212,50.3129955221434,280.7789750106,1615.696356203,1317.0643827812,165.5459852664,735.2189345655,3.24599971110603,4114.3046338268,799.3274288598,1424.1823732477,64.9199942221205,973.7999133318,138.7664876497,115.2329897442,1357.63937917,1786.111341036,55.9934950165789,297.8204734939,3149.4312197006,232.9004792718,5338.8580248416,181.7759838219,759.5639323988,64.108494294344,131.4629882997,102.2489908998,124.1594889498,462.5549588326,5208.2065364696,6460.3509250287,2416.6467849184,87503.2257122129,5361.5800228193,2338.7427918518,0,13.7954987722006,887.7809209874,57752.8268599984,4041.269640327,4714.8145803815,17903.3114066052,856.1324238042,24459.4193231116,3016.3452315452,116.8559895998,2.43449978332952,8884.3012092971,4161.3716296379,1231.8568903647,585.0914479268,198.8174823052,695.4554381044,2381.752288024,376363.92850361,525.8519531991,1512.6358653754,1094.7134025705,840.7139251764,2353.3497905518,1640.0413540363,5428.9345168248,2176.4428062965,1259.4478879091,1519.1278647976,2047.4143177801,1425.8053731033,2078.2513150356,792.0239295098,1978.4368239191,966.4964139818,469.8584581825,1351.9588796756,279.1559751551,2188.6153052132,26.7794976166247,3289.8207072059,0,1.62299985555301,922.6754178818,2255.1582992909,1903.7788305636,34.0829969666133,25.1564977610717,5173.3120395752,3.24599971110603,174.4724844719,2656.0392636125,31.6484971832838,1294.3423848035,898.3304200485,597.2639468435,419.5454626604,24.3449978332952,546.9509513213,177.718484183,611.8709455434,60.862494583238,5789.2404847575,758.752432471,3.24599971110603,20621.0246647288,1744.7248447194,876.4199219986,96.5684914054043,435.7754612159,507.1874548603,1054.1384061816,70.6004937165561,1325.9908819868,55.9934950165789,10902.5015296773,4752.9550769869,246.695978044,123.347989022,38.9519965332723,20.2874981944127,1164.5023963592,506.3759549325,17.8529984110831
"M-2059-ST-5",185704.94414417,1157.9483692865,41.8436704064333,7382.5362022958,0,32.2715889409094,0,371.943736946,0,2076.0477258512,0,4327.6747745843,1709.5737497425,66.1841061330514,11098.1447391703,373.0376891135,9572.0814655239,313.6907840273,2689.7548918122,2617.2805607161,1199.7920396929,177.493739175,275.1289701233,20.2381150985364,12.033473842373,2151.256937366,1099.6954163677,22.1525313916412,1005.06855388,0.546976083744226,4168.2312461728,149.8714469459,5.19627279557015,0,253.7969028573,0,4868.0871453236,0,177.7672272168,0,79.5850201847849,0,1234.7985090525,1.64092825123268,0,85.3282690640993,2004.9408349644,1959.2683319718,531.9342414412,0,0.273488041872113,42.3906464901775,847.8129298035,0,0,4.1023206280817,8683.7923055233,1291.4105337201,2967.6187423543,690.0103296433,3506.6636728842,0,243.677845308,1204.9883124885,0,22.1525313916412,113.224049335,2996.8819628346,975.8053333996,5375.4074629963,57.979464876888,97.6352309483444,126.3514753449,281.9661711701,400.3864933007,0.546976083744226,141.6668056897,1091.2172870697,9084.7257749078,11281.9287033084,103137.536862769,89.9775657759252,4873.556906161,278.6843146676,202.9281270691,149.3244708621,51107.2573607255,10110.5794199701,13.1274260098614,14389.2998350593,877.6231263676,19622.2200282403,3863.8390555692,23.7934596428738,0,7643.9907703255,841.2492167986,3715.8820249164,7.93115321429128,64.8166659236908,231.3708834238,53.6036562069342,398310.172086881,189.5272130173,3230.9877266771,1455.2298708015,1820.6098947426,128.5393796798,1755.519740777,394.3697563795,1271.4459066634,0,5489.9989525408,1046.0917601608,246.9597018105,2978.831752071,1007.2564582149,32.8185650246536,5569.0369966418,44.5785508251545,4.1023206280817,31.7246128571651,3676.7732349286,0,2332.0325330435,80.1319962685292,116.7793938793,3097.7990502854,93.8063983621348,0,3.28185650246536,314.7847361948,1.09395216748845,0.273488041872113,112.1300971675,2207.0484979079,110.2156808744,176.6732750493,1754.9727646933,961.0369791386,678.5238318847,51.9627279557015,0,2.1879043349769,263.3689843228,491.4580112441,9293.3971508562,53.3301681650621,0,15602.492788804,174.4853707144,3.82883258620958,0,105.5663841626,1690.9765628952,357.1753826849,332.8349469583,3830.7470025026,0,2660.4916713319,137.5644850616,146.3161024015,190.6211651848,0,0,22.4260194335133,15.5888183867105,0
"M-2059-ST-8",157827.041441636,2734.0435561421,242.4275074411,2619.5638998505,0,3959.6492882059,0,659.9415480343,0,430.9822354509,0,1474.7673369338,5461.3530148554,269.3638971568,11400.8269471642,1710.460746946,5010.1684871176,161.6183382941,619.5369634607,922.5713477622,680.143840321,242.4275074411,20.2022922867648,289.5661894436,0,767.687106897,1649.8538700857,552.1959891715,6269.444706326,653.2074506053,1831.6745006666,350.1730663039,276.0979945857,0,3521.9329553259,0,5959.6762245956,6.7340974289216,134.6819485784,6.7340974289216,141.4160460073,0,902.3690554754,0,323.2366765882,2727.3094587132,855.230373473,1676.7902598014,107.7455588627,0,0,3582.5398321862,579.1323788872,33.670487144608,0,20.2022922867648,4033.724359924,552.1959891715,949.5077374779,686.87793775,2114.5065926813,6.7340974289216,87.5432665759808,1077.4555886274,74.0750717181376,1609.4492855122,612.8028660318,2101.0383978235,269.3638971568,6424.3289471912,181.8206305808,141.4160460073,13.4681948578432,404.0458457352,727.2825223235,13.4681948578432,2949.5346738676,9245.9157699093,5266.0641894166,4148.2040162157,69186.1169847405,1050.5191989117,2195.3157618284,4505.1111799485,20.2022922867648,1346.8194857843,60714.6224191571,6303.1151934706,949.5077374779,4841.8160513946,2208.7839566862,18855.4728009804,12323.3982949265,3057.2802327304,6.7340974289216,8673.517488451,1340.0853883553,3057.2802327304,2895.6618944362,40.4045845735296,397.3117483063,484.8550148823,397682.123664965,922.5713477622,1306.4149012107,1535.3742137941,1326.6171934975,1030.316906625,767.687106897,5481.5553071421,1239.0739269215,505.0573071691,2228.986248973,1205.4034397769,909.1031529044,1353.5535832132,1400.6922652156,1656.5879675147,1555.5765060808,4673.4636156715,740.7507171813,356.9071637328,2781.1822381446,5596.0349634338,8511.8991501569,0,101.0114614338,2343.4659052647,13751.0269498579,107.7455588627,121.2137537205,40.4045845735296,3057.2802327304,0,1124.5942706299,1353.5535832132,13.4681948578432,612.8028660318,5387.2779431372,323.2366765882,228.9593125833,154.8842408651,1609.4492855122,404.0458457352,208.7570202965,269.3638971568,5084.2435588358,1818.2063058088,0,21407.6957265417,188.5547280098,410.7799431642,20.2022922867648,276.0979945857,262.6297997279,2141.442982397,161.6183382941,2457.9455615563,0,4336.7587442255,74.0750717181376,3690.285391049,6.7340974289216,2666.7025818529,20.2022922867648,1090.9237834852,47.1386820024512,47.1386820024512
"M-2063-ST-5",153901.763303354,2195.7100585073,139.1963431773,615.1580327515,0,435.5498480065,4.49020461862447,318.8045279223,0,637.6090558446,296.3535048292,8360.7609998787,8975.9190326303,0,15212.8132478997,2761.475840454,7633.3478516616,516.3735311418,0,89.8040923724894,408.6086202948,161.6473662704,0,16546.4040196311,80.8236831352405,2307.9651739729,2658.2011342256,220.0200263125,2644.7305203698,386.1575972017,6789.1893833602,269.4122771174,0,0,2478.5929494807,0,3295.8101900703,121.2355247028,71.8432738979915,35.9216369489958,2492.0635633365,0,1068.6686992326,121.2355247028,0,354.7261648713,0,1082.1393130884,76.333478516616,0,134.7061385587,260.4318678802,853.1388775386,116.7453200842,1324.6103624942,0,1423.3948641039,731.9033528357,1104.5903361816,49.3922508048692,880.0801052503,107.7649108469,130.2159339401,3479.9085794339,2613.2990880394,161.6473662704,1594.0226396116,3093.7509822322,341.2555510154,4090.5764075668,76.333478516616,1414.4144548667,148.1767524146,0,1508.7087518578,237.980844787,116.7453200842,5558.873317857,4445.3025724382,5109.8528559946,98838.3840651618,1284.1985209265,857.6290821572,62.8628646607426,0,1257.2572932148,70392.9378061758,2263.0631277867,642.0992604632,12514.2002721064,835.1780590641,18126.9560453869,23012.2986704504,112.2551154656,0,15235.2642709928,2698.6129757933,951.9233791483,5267.0100176465,134.7061385587,1706.2777550772,502.9029172859,357168.836183865,3259.8885531213,610.6678281329,947.4331745297,749.8641713102,2011.6116691437,875.5899006317,5702.559865653,2429.2006986758,444.5302572438,4297.1258200236,597.197214277,3574.202876425,1764.6504151194,1409.924250248,1005.8058345718,1697.29734584,1028.256857665,920.491946818,556.7853727094,1486.2577287646,170.6277755077,3910.9682228219,13.4706138558734,76.333478516616,3237.4375300282,22.4510230931224,3556.2420579505,134.7061385587,0,3165.5942561302,0,305.3339140664,2092.435352279,17.9608184744979,1531.1597749509,1127.0413592747,727.4131482171,139.1963431773,242.4710494057,1553.610798044,507.3931219045,44.9020461862447,94.2942969911139,4220.792341507,848.64867292,8.98040923724894,21817.9042418963,633.118851226,529.8441449976,0,426.5694387693,0,107.7649108469,1149.4923823678,1472.7871149088,287.3730955919,1845.4740982546,6371.6003538281,184.0983893636,660.0600789377,76.333478516616,0,327.7849371595,251.4514586429,0
"M-2063-ST-8",175359.541925206,1598.5829982064,111.3995120701,5553.2656766963,0,3670.613922711,0,395.4682678489,0,484.587877505,150.3893412946,2996.6468746866,5341.606603763,66.8397072420823,10688.7831831296,2422.9393875254,6294.0724319627,462.307975091,245.0789265543,467.8779506945,295.2087069858,367.6183898314,0,7792.395869306,222.7990241402,1865.9418271747,2918.6672162375,712.9568772488,2629.0284848552,245.0789265543,4511.6802388405,874.4861697505,0,0,2138.8706317466,27.8498780175343,5174.5073356578,300.7786825893,161.5292925016,1648.712778638,2294.8299486448,0,395.4682678489,874.4861697505,334.1985362104,9235.0195506143,306.3486581928,1019.3055354417,83.5496340526028,0,206.0890973297,2005.1912172624,1303.3742912206,261.7888533648,802.0764869049,0,3698.4638007285,412.1781946595,1186.4048035469,0,1375.7839740661,22.2799024140274,167.0992681052,1838.0919491572,222.7990241402,22.2799024140274,2361.6696558869,4884.8686042755,289.6387313823,5709.2249935945,116.9694876736,863.3462185435,161.5292925016,0,434.4580970735,100.2595608631,22.2799024140274,4166.3417514231,5525.4157986788,4812.4589214299,71958.514821705,1943.9214856238,1398.0638764802,5.56997560350686,0,211.6590729332,60946.673053572,1531.7432909643,985.8856818207,10800.1826951997,1871.5118027783,26251.2950193278,7758.976015685,89.1196096561097,0,10610.8035246805,2317.1098510588,3375.4052157251,7708.8462352534,89.1196096561097,1075.0052914768,857.77624294,363095.569641405,1570.7331201889,1593.0130226029,3213.8759232234,401.0382434524,2250.2701438167,1052.7253890627,4561.8100192721,1375.7839740661,128.1094388806,2940.9471186516,1086.1452426838,824.356389319,2707.0081433043,963.6057794066,495.7278287121,1843.6619247607,907.9060233716,133.6794144841,194.9491461227,2278.1200218343,6149.2530662715,3514.6546058128,0,289.6387313823,2233.5602170062,4216.4715318546,1748.9723395011,33.4198536210411,0,5297.046798935,72.4096828455891,818.7864137155,3252.865752448,5.56997560350686,4177.4817026301,1414.7738032907,880.056145354,634.9772187997,72.4096828455891,556.9975603506,284.0687557788,1236.5345839785,518.0077311261,4188.6216538371,256.2188777613,0,19689.8637583967,2534.3388995956,362.0484142279,22.2799024140274,167.0992681052,5.56997560350686,122.5394632771,256.2188777613,2807.2677041674,89.1196096561097,6037.8535542014,4756.7591653948,5971.0138469593,122.5394632771,3826.5732396092,5.56997560350686,22.2799024140274,217.2290485367,11.1399512070137
"M-2068-ST-1",175193.204363303,3333.3572078298,78.0696037072318,3705.7993539561,0,2054.1616828655,0,705.4913729506,540.041111883,1284.9254041355,76.6371339144386,1790.5872409915,5198.4328780466,41.5416239910041,7296.2848895923,2301.9789570187,2130.7988167799,175.4775496171,338.7791059956,330.9005221352,2892.1565116495,408.253890946,17.1896375135189,2787.5862167756,132.5034558333,5843.0442848036,2724.5575458927,424.7272935631,1766.9514894104,313.7108846217,6077.9693308217,588.0288499416,14.3246979279324,474.1475014145,3606.9589382533,0,2922.9546121946,91.6780667387676,807.1967282389,1154.5706529913,703.3426682614,4.29740937837973,897.4423251849,2425.8875940953,380.3207299866,184.0723683739,1443.9295511355,1610.0960470996,1867.2243749059,0,1312.1423301986,3150.0010743523,4005.9017755463,72.3397245360589,1017.7697877796,70.191019846869,4508.6986728167,1518.4179803608,4798.7738058573,0,1704.6390534239,29.3656307522615,612.3808364191,887.4150366354,302.9673611757,1840.0074488429,1709.6526976987,3929.9808765282,704.7751380542,3463.711958974,390.3480185361,1711.0851674915,432.6058774235,535.0274676082,186.2210730631,376.7395555046,136.0846303153,8332.6767846783,8102.0491480385,4913.3713892808,138991.827759832,1739.7345633473,5778.5831441279,3752.3546222219,11.459758342346,106.718999563,44060.622121631,4366.8841633302,1000.580150266,13158.6675165987,1792.0197107843,26791.482534612,2832.7090152486,301.5348913829,2134.3799912619,9735.7809467192,3412.1430464335,2048.4318036943,7027.6968034436,64.461140675696,1929.5368108925,912.4832580092,255284.022948166,1409.5502761085,2139.3936355367,3682.8798372714,1547.0673762167,6852.9354887228,2388.6433794827,2422.3064196133,4829.5719064024,130.3547511441,4798.7738058573,1774.1138383744,2104.2981256132,7170.2275478265,1788.4385363023,1232.6402566985,3885.5743129516,198.3970663018,217.7354085045,311.5621799325,2980.9696388027,2516.1331910413,7989.6002693043,40.1091541982108,388.9155487433,3013.2002091405,4078.9577349787,618.1107155902,55.1500870225399,1770.5326638924,6711.1209792363,686.1530307479,1801.3307644375,2573.431982753,31.5143354414514,3846.1813936498,1484.7549402301,656.7873999957,2390.7920841719,618.8269504866,1842.1561535321,816.5077818921,1405.9691016265,769.2362787299,11798.5374483415,702.626433365,7.16234896396622,13609.8955013286,5140.4178514385,826.5350704417,41.5416239910041,318.7245288964,1.43246979279324,331.6167570316,512.8241858199,6517.0213223128,1014.904848194,7731.7557066015,10295.8766357014,2737.4497740278,248.5335090496,2863.5071157936,0,95.9754761171474,90.2455969459744,11.459758342346
"M-2068-ST-4",161027.694361028,721.3562769118,46.0778238556016,3050.6697173363,0,3946.8039468039,0,802.3896912785,0,166.8335001668,69.9111810222921,4083.4485278929,7953.9857317635,46.0778238556016,13635.8580803025,12223.3344455566,8120.8192319303,36.5444809889254,128.7001287001,11.1222333444556,1178.9567345122,419.4670861337,0,7885.6634412189,525.9227481449,10032.2544766989,2464.3691310357,845.2897341786,2955.3362886696,303.4780812558,8846.9421802755,394.0448384892,27.0111381222492,0,1811.3351446684,3.17778095555873,4283.6487280931,31.7778095555873,138.2334715668,25.4222476444699,1080.4455248899,4.7666714333381,537.0449814894,592.6561482117,197.0224192446,212.9113240224,0,1026.4232486454,856.411967523,0,112.8112239223,163.6557192112,4792.0936809825,203.3779811557,171.6001716001,3.17778095555873,15404.2931820709,885.0119961231,3786.3260085482,0,977.1676438343,354.3225765447,184.3112954224,1671.5127826238,239.9224621446,249.4558050113,705.467372134,1712.8239350461,4.7666714333381,4931.9160430271,214.5002145002,754.7229769451,122.344566789,0,912.0231342453,11.1222333444556,15.8889047777937,5939.2726059392,5821.6947105835,2300.7134118245,82433.2268776713,543.4005434005,1638.1460825905,20.6555762111318,227.2113383224,41.3111524222635,58331.3472202361,3088.803088803,1401.4014014014,9466.6094666094,216.0891049779,26799.8156887045,6228.4506728951,77.855633411189,3.17778095555873,9352.2093522093,3149.1809269587,1781.1462255906,2251.4578070133,133.4668001334,470.3115814226,718.1784959562,352813.130590908,1398.2236204458,1428.4125395236,1369.6235918458,1109.0455534899,8484.6751513418,1372.8013728013,5664.3945532834,1892.3685590352,66.7334000667334,4973.2271954494,462.3671290337,2178.3688450355,6819.517930629,940.6231628453,1673.1016731016,614.9006149006,584.7116958228,589.4783672561,594.2450386894,2186.3132974244,3886.4261086483,3886.4261086483,254.2224764446,15.8889047777937,1336.2568918124,74.6778524556302,1684.2239064461,222.4446668891,0,4075.504075504,0,228.8002288002,1920.9685876352,19.0666857333524,2527.9247501469,146.1779239557,340.0225622447,2248.2800260578,168.4223906446,4347.2043472043,451.2448956893,1657.2127683238,131.8779096556,4456.8377901711,152.5334858668,11.1222333444556,21062.3321734432,1024.8343581676,1061.3788391566,11.1222333444556,584.7116958228,721.3562769118,562.4672291338,4.7666714333381,3899.1372324705,160.4779382557,3424.0589796145,10105.3434386767,378.1559337114,31.7778095555873,1588.8904777793,0,92.1556477112033,30.188919077808,25.4222476444699
"M-2068-ST-7",166814.982948321,799.7814681622,22.5290554411893,6675.6407404174,0,2033.2472535673,0,454.805306719,66.1791003584936,421.0117235572,43.6500449173043,3327.2598754706,5238.0053900765,12.672593685669,12621.9033109263,5212.6602027051,6857.2812499119,129.5420687868,43.6500449173043,781.4766106162,913.8348113332,415.3794596969,5.63226386029733,4228.4220931182,428.0520533825,2972.4272522719,2994.9563077131,283.0212589799,716.7055762228,90.1162217647572,12162.873806312,430.8681853127,47.8742428125273,0,1589.7064745689,0,4562.1337268408,449.1730428587,184.4566414247,71.8113642187909,1065.9059355612,4.224197895223,485.7827579506,1616.4597279053,84.4839579044599,130.9501347519,719.5217081529,1164.4705531164,194.3131031802,0,145.0307944026,2569.7203862606,1754.4501924826,287.2454568751,204.1695649357,28.1613193014866,9711.4309611176,877.2250962413,7713.3853566771,29.569385266561,1206.7125320687,277.3889951196,202.7614989707,1724.880807216,642.0780800738,257.6760716086,323.855171967,2098.0182879607,149.2549922978,5490.0491978248,218.2502245865,619.5490246327,142.2146624725,0,246.411543888,59.1387705331219,11.2645277205947,3430.048690921,7655.6546521091,3270.9372368676,85278.1071087618,884.2654260666,2072.6731005894,15.4887256158176,214.0260266912,143.6227284375,56728.1616009146,3096.3370571984,1419.3304927949,17540.2777269309,825.1266555335,25256.4792155382,8492.0458353632,177.4163115993,0,8459.6603181665,2176.8699820049,1361.5997882268,3983.4186151952,268.9405993291,639.2619481437,605.4683649819,362037.696742017,1619.2758598354,1495.3660549089,1198.2641362782,1340.4787987507,3738.4151372723,1572.809682988,5323.897413946,1937.4987679422,264.7164014339,8777.8832262733,1177.1431468021,1389.7611075283,3032.9740887701,1243.3222471606,1995.2294725103,1030.7042864344,433.6843172428,311.1825782814,266.124467399,2450.0347792293,1819.221226876,5130.9923767308,190.088905285,50.6903747426759,1274.2996983922,1906.5213167106,1079.986595212,78.8516940441626,254.8599396784,3268.1211049375,33.793583161784,739.234631664,1393.9853054235,12.672593685669,2128.9957391923,178.8243775644,401.2988000461,864.5525025556,107.0130133456,1403.8417671791,413.9713937318,881.4492941365,612.5086948073,6327.848447044,173.1921137041,0,19217.2842913344,2824.5803259391,661.7910035849,1.40806596507433,819.4943916732,339.3438975829,208.393762831,142.2146624725,3863.7330081639,215.4340926563,7364.1849973387,6191.2660484318,3403.2954375846,36.6097150919326,601.2441670867,0,66.1791003584936,98.5646175552032,26.7532533364123
"M-2069-ST-1",132819.150963774,5938.086343672,135.5340677585,4862.2846808384,0,2600.5599251174,0,482.8401163898,762.3791311419,1651.8214508074,194.8302224029,2863.1571813996,2943.6305341312,1956.7731032642,7098.5967988547,1541.7000207536,1994.8920598213,288.0098939869,110.1214300538,292.2453336044,5379.0083141679,338.8351693964,0,1884.7706297675,21.1771980872755,3892.3690084412,2655.6206401443,656.4931407055,1270.6318852365,84.7087923491019,3621.3008729241,906.3840781353,38.1189565570958,0,2905.5115775741,0,3329.0555393197,537.9008314167,1617.9379338678,1012.2700685717,224.4782997251,127.0631885236,897.9131989004,2744.5648721109,173.6530243156,135.5340677585,317.6579713091,2257.4893161035,1334.1634794983,0,978.3865516321,6687.7591559615,3032.5747660978,622.6096237658,2359.1398669224,864.0296819608,6306.5695903906,2541.263770473,1715.3530450693,156.7112658458,2850.4508625472,46.589835792006,1126.626938243,266.8326958996,1257.9255663841,978.3865516321,842.8524838735,3138.4607565342,478.6046767724,3464.5896070782,643.7868218531,3595.8882352193,376.9541259535,792.0272084641,1016.5055081892,872.5005611957,817.4398461688,4574.2747868515,11990.5295570153,3367.1744958767,205329.877214605,63.5315942618264,9008.7800663269,855.5588027259,4.23543961745509,88.944231966557,38881.3356882377,2537.0283308556,660.7285803229,6429.3973392968,732.7310538197,14828.2741007102,1338.3989191158,804.7335273164,0,14311.5504673807,1605.2316150154,2066.894533318,4438.7407190929,25.4126377047306,1478.1684264918,364.2478071011,256883.648238269,4061.7865931394,3333.2909789371,2596.3244854999,292.2453336044,4832.6366035162,4082.9637912267,2719.1522344061,7090.1259196198,25.4126377047306,3731.4223029779,944.5030346924,76.2379131141917,5713.6080439469,3138.4607565342,216.0074204902,2549.7346497079,389.6604448058,110.1214300538,3015.633007628,4498.0368737373,4354.0319267438,4362.5028059787,16.9417584698204,326.128850544,4485.3305548849,2011.8338182911,321.8934109265,4.23543961745509,2579.3827270301,5319.7121595235,1279.1027644714,1545.9354603711,2549.7346497079,16.9417584698204,3642.4780710113,2075.3654125529,927.5612762226,1368.0469964379,974.1511120146,1152.0395759477,766.6145707593,1020.7409478066,245.6554978123,18364.8661812852,50.8252754094611,8.47087923491019,13007.0350652045,5285.8286425839,279.539014752,0,228.7137393425,1685.7049677471,1147.8041363303,758.1436915244,2977.5140510709,1706.8821658344,7661.9102679762,8195.5756597756,3735.6577425953,313.4225316916,2257.4893161035,4.23543961745509,88.944231966557,55.0607150269162,21.1771980872755
"M-2069-ST-5a",190100.226087266,2432.9600816525,20.769171428741,818.8987591903,0,106.8128816335,0,169.1203959197,0,175.0544448993,0,3272.6280122716,8236.4599837407,0,14722.3755184875,2038.3458245064,7806.2414327167,178.0214693892,305.6035224514,483.6249918406,516.2622612287,269.9992285736,0,65.2745387760431,20.769171428741,3628.67095105,2869.112681656,133.5161020419,6177.3449878055,338.2407918394,3952.0766204404,925.7116408238,0,0,4788.7775265697,0,4299.2184857493,2222.3013428752,139.4501510215,1186.809795928,1993.8404571591,0,400.5483061257,8.90107346946042,14.8351224491007,1097.7990612334,542.965481637,376.8121102071,860.4371020478,0,240.3289836754,1759.4455224633,1317.3588734801,264.0651795939,32.6372693880215,2.96702448982014,5981.5213714774,602.3059714334,637.9102653113,207.6917142874,907.9094938849,406.4823551053,53.4064408167625,2243.070514304,118.6809795928,827.7998326598,388.6802081664,4584.0528367721,519.2292857185,4827.3488449373,145.3842000011,522.1963102083,299.6694734718,157.2522979604,0,23.7361959185611,0,839.667930619,4489.1080530978,4589.9868857517,78635.0500537031,3162.8481061482,1263.9524326633,804.0636367412,2.96702448982014,86.043710204784,64906.6277393053,4581.0858122822,2738.5636041039,4284.3833633002,252.1970816347,36797.0377227493,7616.3518653682,23.7361959185611,0,7785.472261288,3720.6487102344,1091.8650122538,4963.831971469,195.8236163281,1059.2277428657,308.5705469412,364721.485411141,38.5713183676618,910.8765183747,3204.3864490057,664.6134857197,2106.5873877722,890.107346946,6023.0597143348,2243.070514304,373.8450857173,2388.4547143052,970.2170081711,1225.3811142957,3943.1755469709,1364.8312653172,1293.6226775615,634.9432408215,207.6917142874,2560.5421347147,1501.3143918489,1703.0720571567,11.8680979592806,5693.7199959648,38.5713183676618,246.263032655,433.1855755137,3477.3527020692,0,109.7799061233,186.9225428586,7337.4515633252,0,1916.6978204238,3106.4746408416,11.8680979592806,2670.3220408381,26.7032204083812,112.7469306131,406.4823551053,320.4386449005,5856.9063429049,151.3182489808,1139.3374040909,462.8558204119,3590.0996326823,80.1096612251437,0,22404.0019226318,323.4056693903,1047.3596449065,0,809.9976857208,0,234.3949346957,851.5360285783,4483.1740041182,0,1317.3588734801,560.767628576,1065.1617918454,0,2.96702448982014,133.5161020419,1379.6663877663,62.3075142862229,0
"M-2072-ST-10",209319.374126595,897.6580941877,51.895858570227,901.8658665042,0,607.7893346062,0,346.4399207255,0,660.6202536912,0,2266.5866878239,2447.5208974336,0,8328.5840051353,332.4140130038,4848.7562993858,335.2191945482,115.0124433178,5182.5729031618,64.9867057771311,488.5691189719,0,90.7008699335499,60.7789334606262,1695.264713294,3420.451363061,40.6751323928806,948.1513619857,54.2335098571742,297.816773957,781.7105903551,1182.8515511952,15.4284984938513,765.8145616038,0,5515.9219766805,31.7920575024814,136.0513049003,5065.6903388145,369.3489033376,0,697.555144025,68.7269478362466,70.1295386084149,3318.5297669501,1665.8103070785,1733.6021944,266.4922467119,0,43.0127836798278,7.94801437562035,875.6841720904,0,95.3761725074442,21.0388615825245,16800.6997992892,646.1268157121,526.4390698205,20.571331325135,1416.1491496325,2.33765128694716,197.7652988757,2024.4060144962,0,0,321.6608170839,4769.2761556296,409.5565054731,5992.8028392177,129.9734115542,641.4515131383,21.9739220973033,0,710.6459912319,18.2336800381879,406.2837936714,4228.34364783,6314.4636563016,2283.4177770899,65898.8573092979,6701.5787094201,2730.8442334116,3.27271180172603,85.0905068448767,322.5958775987,56683.8359361522,7809.1578891756,4407.4077364101,2882.3240368058,1424.5646942656,42440.9941750405,1766.3293124172,4687.4583605864,3.74024205911546,6708.5916632809,1112.7220125868,2855.6748121346,7392.1208995843,86.493097617045,706.4382189154,1466.1748871732,360745.411541171,61.7139939754051,1451.2139189367,5464.961178625,993.5017969525,1092.6182115191,1248.7733174871,6116.2308271685,1113.1895428442,1403.9933629404,70.1295386084149,458.647182499,358.1281771603,2531.6763437637,1183.3190814526,2056.1980719987,899.9957454746,1470.3826594897,153.8174546811,592.8283663698,2370.8459352218,185.1419819262,15785.6916104968,0.467530257389433,233.2975984373,1235.2149400228,9554.4483400104,4.67530257389433,0.935060514778865,7.48048411823092,235.1677194668,213.1937973695,637.2437408217,1106.6441192407,73.4022504101409,1242.2278938837,757.3990169708,99.1164145665597,437.6083209165,454.4394101825,1108.5142402703,636.7762105644,71.0645991231938,1464.772296401,6933.0061868278,734.9575646161,284.7259267501,18593.2108061203,2235.7296908362,545.6078103734,1.87012102955773,706.4382189154,495.5820728327,358.1281771603,34.1297087894286,5324.2345711508,0.467530257389433,1698.0698948384,236.1027799816,1217.9163204994,13.5583774642935,74.8048411823092,28.9868759581448,20.571331325135,488.1015887145,0
"M-2072-ST-6",162341.795249843,4607.0974993795,218.9685123279,2398.4351050318,0,59.8513933696334,0,113.8636264105,0,2.91958016437236,8.75874049311709,5554.5012627184,2827.6133891946,0,14396.4497905201,404.3618527655,6120.8998146066,277.3601156153,216.0489321635,61.3111834518196,220.4283024101,378.0856312862,0,55.4720231230749,11.6783206574895,2532.735792593,1445.1921813643,43.7937024655854,243.784943725,0,23.3566413149789,173.7150197801,1.45979008218618,0,408.7412230121,0,4351.634234997,43.7937024655854,230.6468329854,522.6048494226,5.83916032874473,0,1649.5627928703,205.8304015882,0,72.9895041093091,0,6266.8788228252,510.9265287651,0,37.9545421368407,5.83916032874473,1525.4806358845,5.83916032874473,0,0,4893.216355488,78.8286644380538,0,14.5979008218618,2875.7864619067,0,141.599637972,2142.9718406493,0,521.1450593404,39.4143322190269,2426.1711165934,1075.8652905712,5745.7337634848,167.8758594514,563.4789717238,58.3916032874473,0,37.9545421368407,0,313.85486767,16453.2940163204,4358.9331854079,3318.1028568091,89502.6495189991,491.9492576967,2348.8022422375,0,0,284.6590660263,74074.1281403734,3245.1133526998,364.9475205465,4211.4943871071,236.4859933141,13173.1457016481,4053.837058231,503.6275783542,0,9208.3558384304,407.2814329299,1897.727106842,1.45979008218618,110.9440462461,1032.0715881056,274.440535451,426484.971461104,799.964965038,2007.211363006,1531.3197962133,2214.5015546764,2627.6221479351,1947.3599696363,3888.8807789439,1173.6712260776,1.45979008218618,10.2185305753033,59.8513933696334,145.9790082186,1591.1711895829,7075.6025283564,461.2936659708,953.2429236675,2237.8581959914,27.7360115615374,719.6765105177,2585.2882355517,0,3731.2234500678,7.29895041093091,96.346145424288,1284.6152723238,14215.435820329,0,0,167.8758594514,217.5087222457,0,144.5192181364,3307.8843262338,381.0052114505,646.6870064084,468.5926163817,1826.1973928149,37.9545421368407,2.91958016437236,859.8163584076,0,27.7360115615374,979.5191451469,7096.039589507,502.167788272,169.3356495335,28220.6618688232,399.982482519,975.1397749003,0,5.83916032874473,0,840.8390873392,145.9790082186,871.4946790651,1.45979008218618,2321.066230676,233.5664131497,0,2.91958016437236,0,0,13.1381107396756,17.5174809862342,0
"M-2075-ST-1",154145.619928992,1778.4448150742,197.3639977704,5516.6490629547,235.9692632683,538.304881831,0,483.2164692665,550.0165915888,995.4953294135,123.623602999,1566.7665053776,5983.8161521828,41.641634694422,8180.4123823135,2331.9315428876,2094.660978535,201.7016680511,47.2806060592916,930.8640422315,2748.7816568599,335.3019126957,9.9766416455386,3760.7601333399,27.3273227682144,2259.9262162285,2461.1941172515,137.9379149252,1793.6266610566,563.8971364869,10390.0216232863,1436.2026299294,36.8701973856861,480.6138670981,4207.9739392769,0,3445.4115039353,551.751659701,884.8847372564,820.6872171025,121.0210008306,0.433767028066896,608.5751403778,3736.0354127401,139.2392160094,11496.995078913,576.4763803009,1978.8451820411,743.9104531347,0,500.1333833611,1981.8815512376,1709.0420905835,1057.524014427,700.9675173561,515.7489963715,4916.3154961101,1632.2653266157,4624.3902862211,89.3560077817805,2055.621946009,14.3143119262076,713.9805281981,328.3616402466,774.7079121274,719.1857325349,4309.9091908726,1352.4855935125,819.3859160183,4393.1924602615,387.7877230918,1351.6180594564,363.49676952,1218.0178148118,68.5351904345695,281.9485682434,1.30130108420069,1885.1515039787,8048.9809728093,3698.7314483264,149956.297971922,895.7289129581,6012.0110090071,12767.932471149,4.77143730873585,75.4754628836398,43861.6543440683,1992.2919599112,1226.2593883451,10194.8264606562,505.3385876979,26970.3325041153,7362.7615344074,225.9926216228,2014.4140783426,9714.6463605861,2800.8337002279,812.8794105973,1739.8395495763,165.6990047215,1804.4708367582,842.3755685059,270202.157123431,3257.1566137543,2498.4980816653,3444.5439698792,481.9151681823,2099.4324158437,2533.1994439106,2839.0051986978,4797.4633304198,1932.865877066,2789.1219904701,5151.4172253224,3057.6237808435,5012.1780093129,2251.2508756671,3046.7796051418,1199.3658326049,1536.836580441,1078.7785988023,2509.3422573669,3158.257731355,644.1440366793,8358.256863821,534.4009785784,371.3045760252,2934.8677119006,3377.7438475569,805.0716040921,52.4858103960944,1698.1979148818,8310.5424907336,733.9338114891,2345.3783207577,1142.1085849001,34.7013622453516,4718.0839642836,274.1407617382,295.3953461135,960.7939671681,587.7543230306,1322.1219015478,389.522791204,616.8167139111,1232.332126738,12477.3085623442,635.0349290899,566.9335056834,14706.0035525519,8094.0927437282,769.5027077906,3.03636919646827,74.607928827506,146.6132554866,570.4036419079,251.5848762787,4227.0596885118,1111.7448929354,9257.0221459756,3770.3030079574,1429.2623574804,125.7924381393,216.4497470053,44.2442368628234,72.8728607152384,79.3793661362419,593.8270614235
"M-2075-ST-3",160584.758369206,934.117048212,406.4478759396,4796.1946386179,129.9974987823,548.5126530898,0,426.7428441039,448.6833502275,850.7431249424,58.6908538806173,2300.4620670589,6951.8493652611,32.9107591853929,8946.789884549,3495.1226254887,2125.4865307232,142.6132898033,58.6908538806173,442.1011983904,2245.6108017499,332.3986677724,5.48512653089881,2620.7934564634,29.0711706137637,1505.1187200786,2353.1192817555,83.373923269662,1736.5910596825,576.4867983974,12068.9239059366,2201.1812768496,31.8137338792131,224.3416751137,2377.2538384915,0,3279.0086401713,206.7892702148,686.7378416685,552.3522416615,203.4981942963,0.548512653089882,1086.603565771,4403.4595790055,96.5382269438191,5639.8070990701,258.3494596053,3125.9736099592,185.3972767443,0,541.9305012528,1019.1365094409,950.0239151516,618.7222726853,758.0444865702,83.9224359227519,4594.8904949339,1559.4214727345,10065.2071841993,36.2018351039322,1696.549636007,31.8137338792131,592.9421779901,444.2952490028,362.5668636924,1025.1701486249,1723.9752686614,1112.3836604662,306.6185730772,4407.8476802302,314.2977502205,1099.7678694452,61.9819297991566,717.4545502415,102.5718661278,196.9160424592,0,2384.9330156348,7826.7270469395,2759.0186450421,135152.969208694,1073.4392620968,4851.59441658,9548.5082649886,1.64553795926964,68.5640816362352,51112.6030655275,1714.1020409058,1683.9338449859,14063.3159125714,417.9666416544,21123.7707831444,6601.8982925898,379.0222432851,1209.4704000631,10952.7006568987,2244.5137764437,538.6394253342,1759.6285911123,149.1954416404,2027.3027658202,1689.9674841699,292434.584380993,2058.5679870463,2223.1217829732,2587.882697278,925.3408457626,1507.861283344,2585.6886466657,2805.0937079016,3710.1395854999,1423.9388474213,1568.746187837,3698.0723071319,3354.7033862977,4564.1737863609,2014.138462146,1751.4009013159,1298.3294498637,572.0986971727,954.9605290294,1428.8754612991,2801.8026319831,144.8073404157,5920.6455774521,103.6688914339,190.8824032752,3151.2051920013,1727.26634458,573.744235132,80.6313600042126,1199.5971723075,11151.8107499703,533.7028114564,924.2438204564,953.3149910702,13.1643036741572,5706.7256427471,168.9418971516,264.3830987893,579.777874316,222.1476245014,1033.3978384213,607.2035069704,168.3933844985,619.2707853384,11423.3245132498,394.9291102247,350.4995853244,16738.9606343439,8059.8449245027,635.177652278,18.649430205056,71.3066449016846,12.6157910210673,529.8632228848,213.3714220519,3580.6905993707,845.2579984115,19777.1722198087,5917.3545015336,794.2463216741,106.4114546994,42.7839869410108,2.19405061235953,286.872117566,25.2315820421345,307.1670857303
"M-2079-ST-1",219676.269395323,3887.3978938681,28.828906744793,1496.4004407219,34.2343267594417,2012.6180521208,5.40542001464869,306.3071341634,352.2532042879,700.9027952327,179.2797638191,1906.3114584994,6236.9537935688,22.5225833943695,9422.5479888684,3176.5851619418,3331.5405356951,181.9824738265,226.1267372794,230.6312539583,1115.3183296891,564.8663915307,0.900903335774781,6001.8180229315,82.8831068912799,1185.5887898796,2992.8008814438,375.676691018,4676.5892160068,262.1628707104,7495.5157536461,1368.4721670418,7.20722668619825,0,2410.8173265333,150.4508570743,3353.1622157537,27.0271000732434,377.4784976896,672.9747918237,917.1195958187,191.89241052,2028.8343121648,1205.4086632666,186.4869905053,2147.753552487,460.3616045809,2883.791577815,217.1177039217,0,1458.5625006193,1991.897275398,505.4067713696,383.78482104,730.6326053133,5.40542001464869,5853.1689725287,1110.8138130103,7491.912140303,1.80180667154956,1602.7070343433,112.6129169718,353.1541076237,1348.6522936548,273.8746140755,2447.7543633,1440.5444339038,2544.1510202279,590.0916849324,4169.3806379656,200.000540542,951.3539225781,244.1448039949,398.1992744124,51.3514901391625,173.8743438045,331.5324275651,4496.4085488519,5863.0789092222,6892.8114220128,90308.3521847356,8369.3919893477,2560.3672802719,1785.5904115056,8.10813002197303,301.8026174845,57139.7940715155,3834.2445970574,1345.0486803117,16327.0711542463,790.0922254744,25664.0333262161,1441.4453372396,960.3629559359,3.60361334309913,7392.8127733678,4006.3171341904,2521.6284368336,4808.12110303,312.6134575138,1809.9148015715,1550.4546408683,291462.949899865,1105.4083929956,1359.4631336841,3113.5219284376,670.2720818164,1604.5088410148,1581.9862576205,1945.0503019377,2524.3311468409,897.2997224316,4157.6688946006,2369.3757730876,419.820954471,1733.3380180306,1903.6087484921,1254.0574433984,1088.2912296159,571.1727148812,504.5058680338,469.3706379386,1995.5008887411,2095.5011590121,6164.8815267068,6.30632335042347,606.3079449764,1696.4009812639,2146.8526491513,1875.680745083,23.4234867301443,680.1820185099,8055.877628498,676.5784051668,727.929895306,3497.3067494777,28.828906744793,3391.0001558562,945.0475992277,1193.6969199015,927.930435848,548.6501314868,1924.3295252149,995.4981860311,1190.0933065584,436.0372145149,7293.7134064326,424.3254711499,209.9104772355,19218.0699587476,3725.2352934287,485.5868979826,1.80180667154956,496.3977380119,3.60361334309913,87.3876235701538,512.6139980558,2857.6653810776,10.8108400292974,7927.949354818,7251.3709496512,1063.0659362142,211.712283907,914.4168858114,22.5225833943695,292.7935841268,355.856817631,31.5316167521173
"M-2079-ST-10",188444.874083793,2507.1770684667,19.187579605613,1437.2410818871,91.3694266933953,1544.1433111183,108.7296177651,455.9334392,1175.9245215439,1398.8659226758,75.8366241555181,4357.407959008,4779.5347103315,64.8722929523106,9399.1729239495,1513.0777060426,4541.9742009286,201.0127387254,42.0299362789618,667.9105091287,2905.5477688499,470.5525474709,7.30955413547162,1351.3538207953,50.2531846813674,391.9748405146,3164.1232463922,227.5098724665,719.9910823439,50.2531846813674,2079.5681515416,486.0853500088,34.7203821434902,0,1543.2296168514,8.22324840240557,2861.6904440371,63.0449044184427,896.3340758622,631.3627384513,486.9990442757,29.2382165418865,1572.4678333933,1707.6945848995,169.9471336497,783.9496810293,210.1496813948,3607.2649658552,37.4614649442921,0,880.8012733243,953.896814679,343.5490443671,593.901273507,1048.0073241732,3.65477706773581,5418.2070029183,2058.5531834021,5791.9079580943,10.9643312032074,2060.380571936,172.6882164505,693.4939486028,648.7229295231,440.4006366621,1322.1156042534,902.7299357307,1490.2353493692,392.8885347815,3702.2891696163,396.5433118493,1030.6471331014,349.9449042357,1051.6621012409,43.8573248128297,261.3165603431,625.8805728497,2818.7468134912,9653.1799301572,5098.4140094914,157728.300218007,1390.6426742734,6108.0461744534,1234.4009546277,43.8573248128297,100.5063693627,48152.6015616862,3293.8678322968,2055.8121006013,13284.2009469527,959.3789802806,24051.1741885024,1486.5805723015,777.5538211607,55.7353502829711,10385.9627322382,2680.7789791842,2487.0757945942,1524.9557315127,488.8264328096,1140.2904451335,1696.7302536963,283312.836125278,2077.7407630078,2803.2140109533,2657.9366225108,545.4754773595,1074.5044579143,3445.5410806079,1143.0315279343,5360.6442641015,2100.5831196811,1415.3124194806,4180.1512712228,546.3891716265,1022.423884699,5293.0308883483,1858.4541389436,875.3191077227,407.5076430525,1122.0165597948,161.7238852473,3545.1337557037,2085.9640114102,4721.9719715146,6.39585986853767,268.6261144785,3541.478978636,1008.718470695,342.6353501002,13.7054140040093,1811.85573133,5855.8665567797,1488.4079608354,831.4617829098,3797.3133733775,72.1818470877823,2198.348406243,554.6124200289,648.7229295231,840.5987255792,222.9414011318,1161.305413273,400.198088917,1038.8703815039,370.9598723751,13368.2608195106,688.9254772682,426.6952226581,18028.1015808738,3819.2420357839,853.3904453163,13.7054140040093,296.0369424866,57.562738816839,412.0761143872,428.522611192,2717.3267498615,2.74108280080186,5323.1827991572,10456.3171907921,1916.0168777604,180.9114648529,1269.1213367712,5.48216560160372,245.7837578052,460.5019105347,36.5477706773581
"M-2079-ST-5",155677.187055848,1996.8401257508,18.4892604236188,1783.9154170014,78.7284637392799,1551.9050200727,5.36784980040545,379.9244803175,1014.5236122766,1330.6303227449,72.7641861832739,1725.4654969525,4612.1758340594,312.5281439347,9407.4549890883,2628.4571189318,5053.5323732039,167.5961993237,61.4320588268624,56.6606367820575,3618.5271932288,511.1385865497,7.75356082280788,3340.5918591189,161.6319217677,442.5493946556,3746.1627329274,259.4460736862,1747.5333239097,118.0926956089,2974.3852171802,1113.5306197063,17.2964049124176,0,1385.5016762602,191.4533095477,3101.4243291231,234.9925357066,1008.5593347206,531.4171302401,554.0813849529,8.94641633400909,904.1844774905,3322.1025986953,74.5534694500757,697.8204740527,229.6246859062,2858.6782325937,36.9785208472376,0,994.8414963418,351.2959480487,141.3533780773,239.1675299958,1440.3730297754,5.96427755600606,4268.6334468335,1990.8758481948,3102.6171846343,12.5249828676127,2265.2326157711,195.0318760813,953.0915534497,880.3273672664,248.7103740854,1153.4912793315,582.7099172217,1502.4015163579,306.5638663787,4049.1480327725,469.9850714132,1899.0259738323,106.7605682525,1057.4664106798,245.1318075518,364.4173586719,136.5819560325,3535.0273074447,10615.8176219351,5513.9746005276,181702.908599236,6259.5092950283,7061.7046263111,1705.1869532621,47.7142204480485,249.306801841,48788.9832636407,2224.0791006346,2526.4679727241,12705.1040498041,590.4634780445,21050.9176339233,425.8494174988,622.670576847,0,10962.3421479391,2220.500534101,1539.3800372051,962.6343975393,707.3633181423,1519.1014935147,1875.1688636083,287716.152873977,2397.0431497588,2915.3388693757,1938.3902057019,643.545548293,871.3809509324,3708.5877843245,1190.4698001788,5893.3026530895,2323.6825358199,1461.2480012214,3852.3268734243,656.6669589162,996.034351853,3604.2129270944,2605.1964364634,796.2310537268,391.2566076739,1443.3551685534,202.7854369042,3937.6160424751,1193.4519389568,4683.1507369759,4.17499428920424,137.1783837881,3572.005828292,1330.0338949893,902.9916219793,11.9285551120121,1905.5866791439,5634.4530071589,1467.2122787774,1086.0949429487,3137.2099944591,25.0499657352254,1584.7085466308,438.3744003664,512.3314420609,639.9669817594,214.7139920162,566.0099400649,1008.5593347206,838.5774243744,255.8675071526,15377.6968226504,817.7024529284,546.3278241301,17087.6551979573,6191.5165308898,975.1593804069,55.4677812708563,654.8776756494,474.1600657024,114.5141290753,309.5460051567,1698.6262479505,4.17499428920424,3750.9341549722,13247.8533074006,1028.837878411,151.4926499225,404.9744460528,49.5035037148503,399.6065962524,447.917244456,6.56070531160666
"M-2082-ST-1",166253.989029747,2243.3021407511,779.2523225767,1146.9514704592,0,6861.4685026885,266.4975475478,1325.7409643837,74.2145069120693,404.8064013385,13.4935467112853,2246.675527429,2317.5166476632,10.120160033464,6959.2967163454,3666.8713187917,4287.5744675109,239.5104541253,74.2145069120693,516.1281617066,492.5144549619,222.6435207362,33.7338667782133,3464.4681181225,6.74677335564266,11695.5316120065,3049.5415567504,2965.2068898049,7846.4974126124,583.595895263,8197.3296271058,1713.6804323332,0,13.4935467112853,6996.4039698014,0,2830.271422692,80.961280267712,253.0040008365,1332.4877377394,472.2741348949,249.6306141587,931.0547230786,1133.4579237479,573.4757352296,502.6346149953,536.3684817735,2479.4392081986,5377.1783644472,195.6564273136,2698.709342257,2961.8335031271,7836.3772525789,4938.6380963304,475.6475215728,812.9861893549,9175.611763674,944.5482697899,5640.3025253172,10.120160033464,1683.3199522328,16.8669333891067,394.686241305,637.5700821082,694.9176556311,2729.0698223574,2648.1085420897,8011.7933598256,448.6604281502,3370.0132911435,91.081440301176,495.8878416397,664.5571755308,253.0040008365,168.669333891,57.3475735229626,124.8153070793,3444.2277980555,4203.2398005653,5168.0283904222,69694.1687637887,526.2483217401,1497.7836849526,775.8789358989,6.74677335564266,1744.0409124336,47308.3747697663,2047.6457134375,2260.1690741402,22554.4633279134,293.4846409704,26076.2790195588,8824.7795491806,53.9741868451413,492.5144549619,5282.7235374682,2492.9327549099,2513.1730749768,12528.7581214284,465.5273615393,914.1877896895,998.5224566351,253682.051558842,1059.2434168358,937.8014964343,4489.9776681801,337.3386677821,11547.1025981824,1005.2692299907,2793.164169236,1484.2901382413,70.841120234248,14782.180422213,506.0080016731,2027.4053933706,12184.6726802906,2314.1432609854,242.8838408031,3538.6826250345,991.7756832794,23.6137067447493,236.1370674474,1416.8224046849,11230.0042504672,8538.0416815657,145.0556271463,357.578987849,1113.217603681,2128.6069937052,1477.5433648857,20.240320066928,344.0854411377,4331.4284943225,155.1757871797,2867.3786761481,2418.7182479978,10.120160033464,4058.184173419,2624.4948353449,118.0685337237,3913.1285462727,809.6128026771,3653.3777720805,2357.9972877971,475.6475215728,468.9007482171,5134.294523644,647.6902421416,6.74677335564266,16651.036641726,2715.5762756461,374.4459212381,111.3217603681,425.0467214054,6.74677335564266,617.3297620413,1791.2683259231,5566.0880184051,37.1072534560347,22092.3093530519,21984.3609793616,1652.9594721324,23.6137067447493,6460.0354880278,0,26.9870934225707,246.2572274809,70.841120234248
"M-2082-ST-10",180648.09493435,2387.2528277578,688.3877201735,1844.1212320245,0,6088.1262591495,12.6309673426339,1446.2457607315,69.4703203844867,637.863850803,6.31548367131697,3145.1108683158,2330.4134747159,18.9464510139509,9264.8145458219,2955.6463581763,5121.857257438,492.6077263627,6.31548367131697,858.9057792991,221.041928496,258.9348305239,88.4167713984375,9687.9519518002,0,11007.8880391054,2778.8128153794,2463.0386318136,7578.5804055803,347.3516019224,2684.0805603097,1136.787060837,0,0,4231.3740597823,25.2619346852679,3530.3553722661,107.3632224123,157.8870917829,1218.8883485641,1730.4425259408,31.5774183565848,827.3283609425,366.2980529363,454.7148243348,435.7683733208,296.8277325518,1831.4902646819,5475.5243430318,353.6670855937,1288.3586689486,2917.7534561484,7565.9494382377,4275.5824454815,157.8870917829,606.2864324464,8746.944884774,808.3819099285,2387.2528277578,12.6309673426339,2014.6392911501,37.8929020279018,176.8335427968,1983.0618727935,1124.1560934944,2614.6102399252,2140.9489645764,7730.1520136919,562.0780467472,4363.99921688,132.6251570976,214.7264448247,656.8103018169,31.5774183565848,6.31548367131697,12.6309673426339,164.2025754542,2343.0444420585,3650.3495620212,3618.7721436646,66072.5901693181,265.2503141953,1755.7044606261,1307.3051199626,6.31548367131697,2204.1038012896,55980.4472625536,1572.5554341579,271.5657978666,4004.0166476149,442.0838569921,28362.8371678845,11260.5073859581,75.7858040558036,88.4167713984375,5980.7630367371,2084.1096115345,2450.4076644709,12239.4073550122,113.6787060837,1149.4180281796,37.8929020279018,301734.863364511,1319.9360873052,802.0664262572,4054.5405169854,296.8277325518,11557.33511851,675.7567528309,2943.0153908337,1004.1619037393,44.2083856992188,10148.9822598063,296.8277325518,429.4528896495,11329.9777063426,1225.2038322354,593.6554651037,3227.2121560429,1048.3702894386,252.6193468526,132.6251570976,1743.0734932834,10104.7738741071,7420.6933137974,423.1374059782,303.1432162232,1244.1502832494,3441.9386008677,3113.5334499592,0,151.5716081116,2804.0747500647,31.5774183565848,2368.3063767438,2172.526382933,0,3340.8908621266,2014.6392911501,252.6193468526,3650.3495620212,631.5483671316,5810.2449776116,530.5006283906,511.5541773766,391.5599876216,4187.1656740831,25.2619346852679,6.31548367131697,16041.328525145,530.5006283906,145.2561244402,517.8696610479,328.4051509084,176.8335427968,69.4703203844867,1585.1864015005,4477.6779229637,50.5238693705357,6182.8585142193,15965.5427210892,530.5006283906,94.7322550697545,5652.3578858286,0,6.31548367131697,322.0896672371,107.3632224123
"M-2082-ST-6",163954.549396658,1631.4954980064,282.4169853432,3571.3517989072,0,5079.7994765278,494.4150373331,1134.8567048831,139.3553628465,1005.137617127,24.4613136911455,2905.707565736,2265.265898186,25.2025656211802,10145.5151663851,2621.8080765327,6634.2047738106,659.7142177308,60.7826582628465,323.9270934251,1534.3914951718,200.1380211093,42.2513600119786,1552.9227934227,4.44751158020828,6212.4324256209,3464.6115209822,2256.3708750256,6647.5473085513,200.1380211093,2320.8597929386,931.7536760536,6.67126737031242,23.7200617611108,3240.0121861817,14.0837866706595,3581.7293259277,48.1813754522563,496.6387931232,827.9784058487,309.8433067545,301.6895355241,1002.9138613369,1522.5314642913,353.5771706265,131.2015916161,163.8166765376,2593.6405031914,2141.4768258702,100.0690105546,1283.8483428201,1921.3250026499,3425.3251686904,3901.9501597027,461.7999524116,264.6269390223,6901.7967205532,1264.5757926392,2653.6819095242,7.41251930034713,2701.8632849765,134.9078512663,284.6407411333,1044.4239694189,1575.9016032537,2247.4758518652,2100.7079697183,4672.8521669388,168.2641881178,4016.102956928,356.5421783466,766.4544956558,335.7871243057,611.5328422786,255.7319158619,174.1942035581,390.6397671282,2420.9288034933,7497.022020371,2882.7287559049,118830.096903865,535.925145415,3747.0285063254,1557.3703050029,3.70625965017356,897.656087272,49844.0035313242,1721.1869815406,2585.486731961,6190.9361196499,629.3228885994,25417.5286808903,6740.9450517356,270.5569544626,996.2425939666,9238.9640559526,2048.8203346159,1725.6344931208,6395.5216523395,1343.8897491529,656.0079580807,509.2400759338,308643.219879784,3483.8840711631,2358.6636413704,2893.1062829254,741.2519300347,6149.4260115679,2068.8341367268,2219.3082785239,3687.7283519226,24.4613136911455,5133.9108674204,371.3672169473,509.9813278638,6397.7454081296,2581.0392203808,750.1469531951,2647.0106421539,664.1617293111,148.9916379369,158.6279130274,2822.6873495721,7880.249268199,4824.8088125959,355.0596744866,173.4529516281,2516.5503024678,1497.3288986701,352.8359186965,17.0487943907984,751.6294570551,3397.8988472791,292.0532604336,2020.6527612746,2443.9076133244,0.741251930034713,2078.4704118173,1075.5565504803,60.0414063328117,1828.6685113956,1549.2165337725,4343.7363100034,340.9758878159,417.3248366095,258.6969235821,9725.2253220554,1215.6531652569,5.9300154402777,17159.2409283735,2721.8770870874,561.1277110362,672.3155005414,533.7013896249,60.7826582628465,199.3967691793,895.4323314819,4678.7821823791,30.3913291314232,6425.9129814709,12845.8959475015,508.4988240038,31.1325810614579,4284.4361556006,0.741251930034713,28.9088252713538,588.5540324475,94.8802470444432
"M-2084-ST-1",183618.991712174,3895.9734913143,508.2376203974,11884.1094641877,0,203.9129662385,26.2615183792009,157.5691102752,0,217.8161230274,0,4277.5379054121,3242.5251222319,0,11530.3513636679,1130.7900855044,4679.184657094,281.1527261773,546.8575003668,219.3609182262,134.3971822935,216.2713278287,0,2864.0502985316,108.1356639143,721.4193578286,2989.1787096325,16.9927471865417,3.08959039755304,0,1388.7708837,905.249986483,27.8063135779774,0,3659.6198259015,0,3951.5861184703,72.6053743424965,259.5255933944,2592.166343547,256.4360029969,0,727.5985386237,855.8165401221,0,203.9129662385,817.1966601527,338.310148532,33.9854943730835,0,213.1817374311,135.9419774923,659.6275498775,264.1599789907,295.0558829663,0,9858.8829585917,440.2666316513,9886.6892721697,389.2883900916,1549.4295843728,38.6198799694131,26.2615183792009,4405.7559069106,0,54.0678319571783,390.8331852904,2497.9338364216,743.0464906115,4850.6569241582,47.8886511620722,882.0780585013,383.1092092965,268.7943645871,9.26877119265913,46.3438559632957,339.8549437308,10435.0915677354,4586.4969451674,4615.8480539442,73444.1981354322,358.3924861161,1186.4027126603,20.0823375840948,3.08959039755304,7.72397599388261,62018.892845281,3644.1718739138,1499.996138012,22890.7752554705,355.3028957186,23873.2650018923,20462.3572029938,395.4675708867,0,7742.5135362679,2877.9534553206,1569.5119219569,9213.1585655031,180.7410382568,1121.5213143117,32.440699174307,350736.481111017,3364.5639429352,1118.4317239142,3973.2132512532,1206.4850502444,574.6638139448,1174.0443510701,5071.5626375833,1827.4927201526,687.4338634555,682.7994778592,1998.9649872168,795.5695273699,1016.4752407949,957.7730232414,264.1599789907,1492.2721620181,32.440699174307,480.4313068194,454.1697884402,1059.7295063606,0,6134.3817343415,10.8135663914357,410.9155228745,392.3779804892,1853.7542385318,543.7679099693,132.8523870947,69.5157839449435,6756.9341994485,1569.5119219569,1027.2888071863,1782.6936593881,0,2513.3817884094,1859.9334193269,1306.8967381649,177.6514478593,21.6271327828713,937.6906856573,891.346829694,298.1454733638,1839.8510817428,4980.4197208555,217.8161230274,0,20052.986475318,1421.2115828744,2621.5174523237,0,216.2713278287,0,3912.9662385009,648.8139834861,4569.5041979809,338.310148532,6132.8369391427,3378.4670997242,1121.5213143117,95.7773023241444,3.08959039755304,0,4.63438559632957,6.17918079510609,0
"M-2091-ST-1",95943.6465466451,5106.0999402233,84.5760517892135,2891.3541772685,0,708.1452471842,0,924.6026000685,688.0763535393,1945.2491911519,7.16746201603505,6063.6728655656,2907.1225937038,34.4038176769682,8493.4424890015,2034.1257201507,2729.3695357061,450.116614607,325.4027755279,1417.7239867717,3013.2010315411,640.7711042335,0,12895.6976592502,31.5368328705542,5679.4969015061,2048.4606441828,408.5453349139,2661.9953927554,189.2209972233,4111.2562123977,182.0535352072,1787.5650267991,0,4572.8407662303,1.43349240320701,3810.2228077242,302.4668970766,917.4351380524,365.5405628177,177.7530579976,0,1209.8675883067,3944.9710936256,51.6057265154523,494.5548791064,127.5808238854,3873.2964734653,355.5061159953,0,220.7578300938,4611.5450611169,3752.8831115959,3245.4268008606,4062.5174706886,301.0334046734,2844.0489279627,1780.3975647831,3656.839120581,2.86698480641402,3387.3425487781,0,131.881301095,799.8887609895,1073.685810002,603.5003017501,2567.3848941437,1483.6646373192,937.5040316973,4171.4628933323,408.5453349139,5141.9372503035,127.5808238854,1710.1564370259,18.6354012416911,1358.9507982402,1255.7393452093,17194.741376468,9648.8373659863,2090.0319238758,165172.728667124,219.3243376906,5974.7963365668,295.2994350606,18.6354012416911,44.4382644994173,42669.3348738598,1747.4272395093,619.2687181854,20553.414077182,216.4573528842,21807.7199299882,10298.2094246391,633.6036422174,0,12144.5476399697,2153.1055896169,1692.9545281874,1804.7669356376,173.452580788,1055.0504087603,633.6036422174,283259.532366108,2737.9704901253,2983.0976910737,1413.4235095621,498.855356316,6434.9473979962,2938.6594265743,3975.074434093,5130.4693110778,35.8373100801752,3451.8497069224,649.3720586527,653.6725358623,4680.3526964708,2570.2518789501,1539.5708410443,1143.9269377591,227.9252921099,349.7721463825,96.0439910148696,3727.0802483382,1027.8140530994,5408.5668373,30.1033404673472,44.4382644994173,3813.0897925306,2716.4681040772,2104.3668479078,93.1770062084556,1940.9487139422,15172.0835955429,616.401733379,910.2676760364,3631.0362573233,1.43349240320701,2763.7733533831,645.0715814431,1615.5459384142,1336.0149197889,3256.8947400863,227.9252921099,2112.9678023271,2446.9715322743,1152.5278921784,14342.0914940861,3605.2333940656,0,13572.3060735639,7720.7900836729,1268.6407768382,0,96.0439910148696,716.7462016035,2905.6891013006,1069.3853327924,2024.0912733282,1149.660907372,9026.7016629945,3162.2842414746,1331.7144425793,140.4822555142,409.9788273172,0,12.9014316288631,117.5463770629,635.0371346207
"M-2091-ST-10",63492.3813146987,135.1540756462,941.0728230182,0,0,95.1084236029073,0,25.0285325270809,0,75.0855975812426,0,655.7475522095,5616.4026990769,0,10461.9265963198,590.6733676391,24262.6594317522,0,1391.5864085056,0,10.0114130108323,0,0,0,0,580.6619546282,7143.1431832288,0,0,0,10.0114130108323,0,0,0,335.3823358628,0,380.4336944116,10.0114130108323,0,0,150.1711951624,0,75.0855975812426,0,0,25.0285325270809,0,18135.6746691228,0,110.1255431191,0,0,0,0,0,0,0,465.5307050037,0,0,95.1084236029073,15.0171195162485,0,3574.0744448671,0,0,0,14721.7828324289,10.0114130108323,3133.5722723905,0,0,0,0,0,0,16323.6089141621,0,870.9929319424,1551.769016679,41307.0900826942,0,1046.1926596319,0,0,0,117108.503694211,3639.1486294375,2287.6078729751,1631.8603207656,0,18696.3137977294,162575.335882907,65.0741845704103,0,1111.2668442023,996.1355945778,200.2282602166,0,595.6790741445,40.0456520433294,0,368435.015918147,5.00570650541617,55.0627715595779,50.0570650541617,0,470.5364115091,860.9815189315,1651.8831467873,0,535.6105960795,0,1716.9573313577,450.5135854874,775.8845083395,2037.3225477043,10.0114130108323,0,30.034239032497,135.1540756462,240.2739122599,185.2111407003,0,5941.7736219289,0,0,3068.4980878201,0,0,2908.3154796467,0,0,0,0,340.3880423682,0,1211.3809743107,0,0,0,0,0,0,0,0,6662.5953587089,0,0,73118.354924614,460.5249984982,15.0171195162485,0,0,0,50.0570650541617,180.2054341949,740.8445628015,0,0,240.2739122599,5.00570650541617,600.6847806499,0,0,0,40.0456520433294,0
"M-2091-ST-6",146318.940299751,5097.1497498946,313.2916628043,1098.2808853364,0,109.124062325,0,129.0714715673,0,1595.7927393777,8.21363909973822,2741.008705284,11473.28044532,0,14538.1412065366,684.0787993067,8698.2438066227,116.1643244105,83.3097680116305,55.1487196696709,520.9793943262,199.4740924222,8.21363909973822,8848.4360644465,0,323.8520559325,3433.3011436905,0,0,0,1535.950511651,29.3344253562079,1.17337701424832,0,1632.1674268194,0,3901.4785723756,261.6630741773,103.2571772538,5.86688507124158,188.9136992939,5.86688507124158,395.4280538016,709.8930936202,0,6512.2424290781,17.6006552137248,7185.7608352566,5.86688507124158,0,56.3220966839192,0,7.0402620854899,379.0007756022,103.2571772538,0,1645.0745739761,195.9539613794,1302.4484858156,702.8528315347,1795.2668317999,740.4008959906,484.6047068845,259.3163201488,16.4272781994764,598.4222772666,136.1117336528,2653.0054292154,117.3377014248,5737.8135996742,93.8701611398654,375.4806445594,38.7214414701945,0,1513.6563483803,44.588326541436,5597.0083579644,11007.4497706634,4950.4776231136,2602.5502176027,78611.5664465802,1713.1304408025,934.0081033416,23.4675402849663,0,924.6210872276,63134.7236286449,6681.2087191299,2097.9981014759,7459.1576795765,268.7033362628,25887.0436883463,22982.9355780817,57.4954736981675,0,7901.5208139481,4465.872916229,1099.4542623506,610.1560474091,330.892318018,963.3425286978,6345.6228930548,375759.908288853,269.8767132771,934.0081033416,978.596429883,1289.5413386589,1480.8017919813,1566.4583140215,4208.9033501087,1465.5478907961,689.945684378,1057.2126898377,780.2957144751,680.558668264,139.6318646955,4208.9033501087,3582.3200245001,687.5989303495,117.3377014248,2069.837053134,83.3097680116305,1737.7713581017,0,3134.0900050572,4.69350805699327,2.34675402849663,1960.7129908089,664.1313900645,1919.6447953102,746.2677810619,11.7337701424832,2474.6521230497,0,134.9383566385,5141.7380764361,2.34675402849663,1524.2167415085,1609.8732635486,694.639192435,23.4675402849663,145.4987497667,19209.3551002591,2208.2955408153,50.4552116126776,32.8545563989529,5653.3304546483,0,3.52013104274495,26810.4913985598,1020.838002396,1722.5174569165,7.0402620854899,10.5603931282349,0,118.511078439,45.7617035556844,1075.9867220657,29.3344253562079,11736.1168965116,687.5989303495,935.1814803559,1.17337701424832,90.3500300971204,0,16.4272781994764,17.6006552137248,0
"M-2092-ST-1",260272.083626793,1965.3779145197,68.2062497683212,2312.3401416021,0,4583.1634355191,2.96548912036179,713.200133447,110.4644697334,675.3901471623,247.6183415502,1373.0214627275,4801.8682581458,36.3272417244319,7298.8100974904,2491.0108611039,2552.5447603514,352.1518330429,1149.1270341401,5203.6920339548,621.2699707157,636.0974163176,24.4652852429848,1272.1948326352,38.5513585647033,3209.4006005115,2506.5796789858,1142.4546836193,1209.9195611076,69.6889943285021,4138.3400674648,2024.687696927,11.1205842013567,0,11641.7689142602,110.4644697334,2770.508210698,137.1538718167,280.9800941542,1600.6227527152,556.7705823479,8.15509508099492,2007.6361344849,2141.8245171813,461.1335582162,332.1347814805,771.027171294,940.8014234347,411.4616154501,0,730.251695889,4492.7160173481,2163.3243133039,986.0251325202,659.0799570004,1.48274456018089,11613.5967676168,498.9435445008,13246.098528376,82.2923230900397,909.6637876709,631.649182637,252.8079475108,662.7868184008,557.511954628,329.9106646402,685.7693590836,5550.6542610371,761.3893316528,3414.7607220966,131.222893576,893.3535975089,1121.6962597768,242.4287355895,21.499796122623,192.7567928235,420.3580828112,4271.045705601,2736.4050858138,6848.7971234755,48188.4568335989,782.8891277755,1968.3434036401,6282.3887014864,3.70686140045224,286.1697001149,38978.3889980353,6335.7675056529,4824.8507988286,21959.446936279,1327.7977536419,53423.2865033176,2330.8744486043,2141.0831449012,0.741372280090447,3211.6247173518,3462.9499203024,4311.821181006,10354.0052637431,313.6004744782,1402.6763539311,3640.137895244,230316.195277458,783.6305000556,692.4417096044,4695.8520220928,1321.1254031211,5015.3834748118,696.1485710049,2738.6292026541,1330.0218704822,169.0328798606,5536.5681877154,1468.6584868591,414.4271045705,5115.468732624,697.6313155651,1103.1619527745,2359.0465952478,2030.6186751677,318.0487081588,617.5631093153,1212.1436779478,7261.0001112058,11303.703154539,109.7230974533,436.6682729732,1269.2293435148,3060.3847722133,258.7389257515,19.2756792823516,380.3239796863,4817.4370760277,154.9468065389,717.6483671275,5306.7427808874,258.7389257515,4213.218667754,1175.8164362234,379.5826074063,2439.1148014975,932.6463283537,3391.0368091337,1848.2410942654,1662.1566519627,1416.7624272528,3890.7217259146,34.844497164251,5.93097824072358,12621.8630685398,4061.9787226155,334.3588983207,8.15509508099492,576.7876339103,163.8432738999,713.9415057271,431.4786670126,4571.3014790376,9.63783964117582,15055.7882640768,9366.4973866627,3895.9113318753,423.3235719316,3528.1906809504,6.67235052081403,44.4823368054268,808.0957852985,73.3958557289543
"M-2092-ST-4",172162.338741971,1163.8444804031,70.2521819156833,3493.8751806066,0,648.6618130214,0,660.3705100074,0,1114.6679530621,46.8347879437889,5706.8189109506,5741.9450019085,196.7061093639,11465.1560886395,3154.3229680141,4514.8735577812,105.3782728735,346.577430784,421.5130914941,65.5687031213045,323.1600368121,2.34173939718944,15055.0425845309,351.2609095784,4603.8596548744,2974.0090344305,379.3617823446,1210.6792683469,100.6947940791,2250.411560699,2264.4619970821,14.0504363831367,0,4681.1370549816,51.5182667381678,3301.8525500371,203.7313275554,88.9860970931989,1707.1280205511,288.0339458543,0,1159.1610016087,3191.7907983692,42.15130914941,775.1157404697,850.0514011797,3327.6116834062,857.0766193713,0,765.7487828809,10392.6394447267,2123.9576332508,1067.8331651183,768.0905222781,0,4987.9049160135,655.687031213,7699.6391379588,72.5939213128728,1693.0775841679,23.4173939718944,58.5434849297361,2231.6776455215,917.9618436982,53.8600061353572,2657.87421581,3322.9282046118,496.4487522041,4383.7361515386,23.4173939718944,168.6052365976,119.4287092566,0,46.8347879437889,119.4287092566,318.4765580177,4898.9188189203,5140.1179768308,3341.6621197893,71371.5333475398,1407.3853777108,1074.8583833099,70.2521819156833,79.6191395044411,458.9809218491,59585.5589614854,2920.1490282952,8441.9705268679,24112.8905728597,1276.2479714682,22106.0199094683,3196.4742771635,133.4791456397,2.34173939718944,5940.9928506696,3744.4412961059,1739.9123721117,3435.3316956769,337.2104731952,1053.7827287352,3191.7907983692,309826.172684547,447.2722248631,1107.6427348706,3081.7290467013,1058.4662075296,1257.5140562907,1351.1836321783,4311.1422302257,1573.6488749113,110.0617516679,1072.5166439127,5898.8415415202,1533.839305159,2538.4455065533,707.2052979512,72.5939213128728,1369.9175473558,2198.8932939608,210.756545747,334.868733798,1147.4523046228,107.7200122707,4224.4978725297,21.075654574705,112.403491065,662.7122494046,2765.5942280807,4065.2595935208,25.7591333690839,0,24787.3115192502,9.36695758875778,318.4765580177,3048.9446951406,60.8852243269256,2702.3672643566,433.22178848,273.9835094711,707.2052979512,423.8548308912,1318.3992806176,1714.1532387426,552.6504977367,934.3540194785,4311.1422302257,704.863558554,4.68347879437889,19408.3361239061,6072.1302569122,1140.4270864312,163.9217578032,622.9026796523,1205.9957895525,1416.7523352996,147.5295820229,2592.3055126887,0,19923.5187912877,14809.159947826,21.075654574705,0,196.7061093639,4.68347879437889,217.7817639386,1065.4914257211,124.112188051
"M-2092-ST-5",259346.312184567,4101.5149513702,77.5106631746839,1463.9690044683,0,1086.2409839269,0,508.7319583014,70.9604662866825,373.361222616,628.8189012481,2918.1127136046,4022.9125887142,80.7857616186847,9527.2613735981,1623.357128743,2181.2155637044,335.1517407694,199.781005084,3479.2462470101,479.2560723054,907.2022689882,3.27509844400073,2030.5610352804,82.9691605813518,3148.461304166,2463.9657293698,460.6971811227,1866.8061130804,98.2529533200219,2701.9562163006,909.3856679508,42.5762797720095,0,6892.9905251402,60.0434714733467,3717.2367339408,86.2442590253525,235.807087968,1322.0480718949,716.1548597548,212.88139886,1287.1136884922,1115.7168699229,125.5454403533,222.706694192,911.5690669135,957.4204451295,682.3121758334,0,349.3438340267,4354.7892310396,2394.0969625645,736.8971499001,471.6141759361,2.18339896266715,14723.7509047459,350.435533508,6832.9470536668,15.2837927386701,1005.4552223082,67.6853678426817,196.50590664,1241.2623102762,521.8323520774,578.6007251067,831.8750047761,3539.2897184834,628.8189012481,4046.9299773035,139.7375336106,1002.1801238642,695.4125696094,139.7375336106,34.9343834026744,189.955709752,115.7201450213,4781.643728241,4029.4627856022,6839.4972505548,53008.5600156331,390.8284143174,2061.1286207577,6434.47674298,7.64189636933503,143.0126320546,51611.1846795261,4467.2342776169,230.3485905613,13061.0925946749,818.7746110001,34838.313848317,2182.3072631858,1669.208506959,15.2837927386701,4823.1283085317,3086.23443373,2810.0344649526,8785.9974257726,97.1612538386883,2347.1538848671,544.7580411854,285332.03493875,376.63632106,722.7050566428,3549.1150138154,1134.2757611055,4860.246090897,734.7137509374,3294.7490346647,1804.5792426444,49.1264766600109,2719.4234080019,2216.1499471071,316.5928495867,4730.3338526183,823.1414089255,1110.2583725162,1918.115988703,1554.580061419,193.230808196,2743.4407965912,1174.6686419149,1279.4717921229,8944.2938505659,45.8513782160102,524.0157510401,1004.3635228268,2480.3412215898,450.8718857907,2.18339896266715,276.1999687773,4502.1686610196,109.1699481333,626.6355022854,5784.9155515866,50.2181761413445,8019.6243898764,1774.011657167,1271.8298957536,1838.4219265657,1757.636164947,1282.7468905669,1639.732620963,1459.6022065429,1114.6251704415,4175.7505161009,38.2094818466752,38.2094818466752,17496.6675873332,2767.4581851806,290.3920620347,0,444.3216889027,31.6592849586737,1196.5026315415,816.5912120375,7898.4457474484,0,7923.554835519,5930.1115826039,1211.7864242802,371.1778236534,955.2370461668,7.64189636933503,120.0869429466,563.3169323681,67.6853678426817
"M-2094-ST-1",222819.377722331,4569.583571003,47.8304162708799,1940.4918468904,0,1015.9022298856,0.395292696453553,843.9499069283,261.6837650522,900.0814698247,90.5220274878635,1038.8292062799,10595.0301430445,20.1599275191312,6770.9685975529,1478.7899774327,1702.5256436254,251.4061549444,348.648158272,115.8207600608,1113.9348186061,976.7682529367,7.90585392907105,2313.6481523426,20.5552202155847,6060.2323293294,1860.2474295104,405.9655992577,802.8394664971,27.6704887517487,6599.411567292,573.1744098576,12.2540735900601,195.274592048,4024.87023529,0.395292696453553,2920.4224413988,404.3844284719,418.6149655443,872.4109810729,2243.6813450703,41.1104404311695,1286.2824342598,1678.8080818382,191.3216650835,4334.3844166132,1661.8104958907,1041.2009624586,2348.829202327,0,728.1291468674,8453.7296063556,3732.7489326108,323.349425699,248.2438133728,375.1327689344,11812.5316481215,847.1122484999,6068.1381832584,22.5316836978525,1118.2830382671,55.3409775034973,295.2836442508,466.0500891187,213.4580560849,935.6578125055,1002.4622782062,4633.6209878285,864.5051271439,3627.6010753542,160.4888347601,366.0410369159,2052.7549726832,418.6149655443,45.4586600921585,62.8515387361149,791.7712709964,12078.9589255312,4668.4067451164,6591.1104206665,72397.4620627716,405.1750138648,2647.6704808458,3318.0868940311,15.8117078581421,114.6348819715,43886.5810383627,5738.0687817197,1202.0850899152,14441.2280795376,377.1092324166,34838.7265092373,6835.0060143783,1498.5546122554,810.7453204262,5583.9046301028,3382.519603553,2691.9432628486,9811.95531137,83.8020516481531,2491.1345730502,2092.2842423286,255393.07708089,1041.5962551551,1013.9257664033,3879.7978156916,291.7260099827,7240.9716136361,1194.1792359861,3318.4821867275,2178.062757459,139.5383218481,4707.9360147618,4492.5014951946,180.2534695828,6570.5552004509,1101.680745016,1576.8225661532,3178.1532794865,220.1780319246,74.3150269332679,169.5805667785,1701.7350582325,1388.2679499448,9418.2437857023,8.69643932197816,494.9064559598,1568.9167122241,5026.9372207998,539.9698233555,9.09173201843171,718.2468294561,6754.7615969983,342.7187678252,2080.8207541315,5110.3439797515,24.9034398765738,7054.39346091,968.0718136147,1536.5027111149,2125.8841215272,1871.7109177075,5207.9812757755,1251.8919696684,1458.2347572171,1794.6288418991,6500.9836858751,460.1206986719,3.95292696453552,13058.8895200395,4170.7332402814,379.0856958989,58.1080263786722,167.9993959927,6.32468314325684,480.280626191,344.6952313074,6746.4604503727,10.2776101077924,18226.5509407768,1840.0875019912,2333.0174944688,324.9305964848,679.9034379001,0.395292696453553,380.6668666847,409.5232335258,20.5552202155847
"M-2094-ST-10",163195.540886346,833.3322414409,104.82166559,4013.3595212794,0,683.9613679751,0,732.4413883105,3.93081245962728,1443.918443503,65.513540993788,6303.7129144222,5863.461918944,204.4022479006,9774.6203162731,4910.8950328943,3824.6805232173,75.9957075527941,237.1590183975,475.6283076149,47.1697495155274,195.2303521614,11.7924373788818,17100.3444701985,163.7838524844,3671.3788372918,3136.7883427825,423.2174748198,1361.3713818509,166.4043941242,2704.3989722235,3166.9245716397,15.7232498385091,0,5355.0768408322,14.4129790186334,3028.0358647328,237.1590183975,64.2032701739122,1504.1909012173,133.6476236273,0,1286.6859451179,4431.3359128198,14.4129790186334,796.6446584844,517.5569738509,3874.4708143726,678.7202846956,0,1040.3550309813,13672.6760054035,1700.7315241987,1455.7108808819,940.7744486707,1.31027081987576,4215.1412275403,769.128971267,8966.1832204098,17.0335206583849,1591.979046149,0,99.5805823105578,1838.3099602856,1031.1831352422,72.0648950931668,3246.8510916521,2873.4239079875,438.9407246583,3919.0200222483,24.8951455776394,201.7817062608,197.8508938012,0,20.9643331180122,74.6854367329183,256.8130806956,4293.7574767328,6166.1344783353,3083.0672391676,71021.9195205457,1403.3000480869,1095.3864054161,77.3059783726698,57.6519160745334,560.7959109068,57507.7862843471,3068.654260149,11221.159301416,31509.3926763722,1353.5097569316,21390.1711344717,583.0705148447,151.9914151055,0,5749.4683576148,2935.0066365217,1950.993250795,3645.1734208943,452.0434328571,1094.0761345962,3835.1626897763,291393.74817381,427.1482872794,1193.6567169068,3566.5571717018,910.6382198136,1063.9399057391,1434.7465477639,3755.2361697639,1244.7572788819,133.6476236273,1408.5411313664,7248.4181755527,1189.7259044471,2344.0744967577,712.7873260124,145.4400610062,1019.3906978633,1949.6829799751,70.754624273291,265.9849764347,1079.6631555776,154.6119567453,4209.9001442608,7.86162491925456,75.9957075527941,690.5127220745,1847.4818560248,4625.2559941614,15.7232498385091,57.6519160745334,32290.3140850182,18.3437914782606,356.3936630062,2603.5081190931,23.5848747577637,2269.3890600248,251.5719974161,201.7817062608,530.6596820496,659.0662223975,792.7138460248,1640.4590664844,465.1461410558,877.8814493167,4393.3380590434,530.6596820496,3.93081245962728,18805.0068068569,8173.4693743849,868.7095535776,255.5028098757,678.7202846956,1049.5269267204,1517.2936094161,328.8779757888,1781.968315031,0,23991.0587119251,19017.2706796767,58.9621868944092,0,95.6497698509305,5.24108327950304,35.3773121366455,1358.7508402111,103.5113947701
"M-2094-ST-6",147735.547782153,1069.7990949075,52.9603512330494,7422.3932253118,0,961.2303748798,0,346.8903005764,0,1406.0973252374,52.9603512330494,9990.9702601147,7917.5725093408,264.8017561652,11788.9741844767,6445.2747450621,3807.8492536562,174.769159069,103.2726849044,595.8039513718,124.4568253976,145.6409658908,29.1281931781772,19319.9361298164,190.6572644389,444.8669503576,2907.5232826944,534.8995474537,1612.6426950463,108.5687200277,3532.4554272443,2663.9056670223,10.5920702466099,0,4713.4712597413,0,2174.0224181166,100.6246673427,87.3845795345315,1183.6638500586,1419.3374130457,0,2279.9431205827,2407.047963542,10.5920702466099,691.1325835912,0,5179.5223505922,15.8881053699148,0,1395.5052549908,16285.3080041626,150.9370010141,2674.4977372689,1713.2673623891,2.64801756165247,3426.5347247782,754.6850050709,14820.9542925688,0,1154.5356568804,0,87.3845795345315,3095.5325295717,3532.4554272443,0,2780.418439735,4803.5038568375,283.3378790968,3143.1968456814,10.5920702466099,201.2493346855,142.9929483292,0,0,60.9044039180068,696.4286187145,2025.7334346641,5825.6386356354,3312.6699696272,74067.6992169812,1128.0554812639,540.1955825771,360.1303883847,5.29603512330494,863.2537250987,69891.7755222552,1196.9039378669,12191.4728538479,24205.5285310652,1112.167375894,19235.1995678435,2155.4862951851,219.7854576171,0,7041.0786964339,4247.4201688905,638.1722323582,3550.9915501759,426.330827426,1122.7594461406,2248.1669098429,280716.341710778,1175.7197973736,664.6524079747,5566.1329145934,860.605707537,262.1537386035,1416.689395484,2902.2272475711,1464.3537115938,23.8321580548722,1792.7078892387,4686.9910841248,2224.334751788,1125.4074637022,714.9647416461,103.2726849044,1141.2955690722,1120.1114285789,127.1048429593,905.6220060851,1128.0554812639,108.5687200277,6169.8809186502,15.8881053699148,29.1281931781772,643.4682674815,1437.8735359772,4978.2730159066,15.8881053699148,5.29603512330494,30677.2834517438,58.2563863563543,317.7621073982,3021.3880378454,26.4801756165247,3347.0941979287,74.1444917262691,42.3682809864395,10.5920702466099,275.3938264118,614.3400743033,2981.6677744206,219.7854576171,659.3563728514,3858.1615873276,1647.0669233478,50.3123336713969,25002.5818171226,5394.011773086,950.6383046332,177.4171766307,288.6339142201,616.988091865,1064.5030597842,47.6643161097444,2420.2880513503,0,25436.8566972336,14352.2551841563,190.6572644389,2.64801756165247,685.8365484679,2.64801756165247,15.8881053699148,1053.9109895376,34.4242283014821
"M-2097-ST-1",223520.412440272,8265.0473635677,133.6029843239,819.9555704585,0,1029.5288792019,0,871.0390644647,155.8701483779,504.2857741638,185.9963115097,3425.2137647749,10056.8991533238,44.5343281079722,10290.0494593008,717.7885824461,6300.2975940984,316.9796294743,108.7161539106,2196.5902422667,39.2949953893872,180.7569787911,0,1009.8813815072,36.6753290300947,3248.3862855226,2751.9595104367,425.695783385,157.1799815575,0,2226.7164053986,309.1206303965,1.30983317964624,17.0278313354011,3602.0412440271,0,4245.1693352334,386.4007879956,140.1521502221,1558.701483779,975.8257188364,0,1025.599379663,761.0130773744,112.6456534495,687.6624193142,893.3062285187,1477.4918266409,1561.3211501383,0,201.7143096655,1866.5122809958,2507.0207058429,2313.1653952552,929.9815575488,313.0501299354,15854.220806438,707.3099170089,2273.8703998658,40.6048285690334,1263.9890183586,10.4786654371699,120.5046525274,670.6345879788,720.4082488054,0,293.4026322407,3705.5180652192,1336.0298432391,5361.147204292,40.6048285690334,977.135552016,649.6772571045,20.9573308743398,73.3506580601894,133.6029843239,328.7681280912,2639.3138569871,4407.5886495095,6123.4701148461,58922.8455863861,521.3136054992,1611.0948109648,2423.1913823455,56.3228267247883,22.2671640539861,48055.1596948612,3535.2397518652,58.9424930840808,9863.0438427361,130.9833179646,28038.2890435074,11015.6970408248,2159.9149132366,1.30983317964624,5477.7223572805,3285.0616145527,2250.2934026322,10271.7117947858,45.8441612876184,1783.9927906781,18.3376645150474,328003.185514293,356.2746248637,1301.9741805683,4748.1452762176,628.7199262301,2445.4585463995,995.4732165311,4093.2286863945,962.7273870399,167.6586469947,1522.0261547489,1177.5400285019,516.0742727806,3137.0504652527,582.8757649425,1007.2617151479,2166.4640791348,3402.9466007209,468.9202783133,134.9128175035,1210.2858579931,922.1225584709,15454.7216866459,22.2671640539861,609.0724285355,754.4639114762,554.0594349903,0,64.1818258026658,10.4786654371699,9428.1792270936,0,123.1243188867,4313.280660575,32.745829491156,6276.7205968647,4583.1062955821,578.9462654036,1811.4992874507,375.9221225584,1679.2061363064,523.9332718584,1150.0335317293,808.1670718417,4670.8651186184,920.8127252913,7.85899907787744,16475.0817335904,1191.948193478,255.417470031,11.7884986168162,559.2987677089,0,234.4601391566,788.519574147,9787.0735183167,0,11182.0458546399,1374.0150054489,392.9499538938,208.2634755637,327.4582949115,0,1.30983317964624,158.4898147371,140.1521502221
"M-2098-ST-1",151609.178813682,3961.9542433801,1243.9093114515,6513.3428172827,0,1295.4525149647,0,571.2705056044,0,991.3476142369,0,5182.6691132507,4461.0642640661,592.7468404016,10273.4195135696,12144.4378010982,9757.9874784377,531.7540495776,861.630552062,3218.0140060065,320.4269151736,254.2798039983,0,17749.761183157,13.7448542701826,160.6429842827,2186.2908823509,147.7571834044,3851.9954092186,288.6419396738,5414.61352906,457.8754578754,0,22.3353881890467,3966.2495103395,0.859053391886412,3733.4460411383,5.15432035131847,140.0257028774,135.730435918,65.2880577833673,0,86.7643925805277,2309.9945707825,203.595653877,225.0719886742,723.3229559683,1281.7076606945,0,0,510.2777147805,1188.9298943707,12.0267474864098,2126.1571449188,127.1399019991,1.71810678377282,6725.5290050787,1533.4103045172,3231.7588602766,12.0267474864098,1281.7076606945,6.8724271350913,238.8168429444,679.5112329821,16.3220144458418,33.5030822835701,544.6398504559,3481.7433973156,430.385749335,4959.3152313602,33.5030822835701,250.8435904308,4028.1013545553,0,0,6.01337374320489,3851.1363558267,11790.507803641,6697.1802431464,2227.5254451614,77050.2168250761,554.9484911586,2687.9780632125,331.5946092681,155.4886639314,175.2468919448,49558.7901779271,4406.0848469854,3406.1466988296,24757.9187541664,506.8415012129,21593.1660584568,17553.037956415,353.9299974572,6.01337374320489,8121.4907668941,1544.5779986117,2352.9472403768,3372.643616546,219.058614931,356.5071576328,1580.6582410709,335630.442103238,3565.9306297204,2066.8824608787,1337.5461311671,1161.4401858304,291.2190998494,2110.6941838649,4519.4798947144,1547.1551587874,134.0123291342,3979.1353112178,1908.8166367716,670.0616456714,584.1563064827,1239.614044492,358.2252644166,1561.7590664494,117.6903146884,157.2067707152,96.2139798912782,2060.0100337436,16.3220144458418,10391.109828258,170.0925715935,195.8641733501,1623.6109106653,2775.6015091849,4551.2648702142,0,0,2632.1395927399,51.5432035131847,807.5101883732,6478.9806816073,0,362.520531376,17.1810678377282,2213.7805908912,130.5761155667,222.4948284985,9331.8969960621,918.3280759265,149.4752901882,567.8342920369,6201.506436028,273.1789786198,1.71810678377282,18099.3959136548,5561.5116590726,242.2530565119,207.0318674446,474.1974723212,309.2592210791,1026.5688033042,169.2335182016,2797.936897374,328.1583957006,2285.0820224178,19029.7507370678,0,0,182.1193190799,0,35.2211890673429,0.859053391886412,441.5534434296
"M-2098-ST-4",155818.319280351,7236.8589661446,2095.1331402649,7275.3017760578,0,326.7638842615,0,820.1132781465,0,1130.8593249442,0,5990.671211461,3901.9452061816,0,9690.7916655988,1444.8089392347,10722.3403982675,989.9023552628,1848.4584433224,6298.213690766,378.0209641456,102.5141597683,0,820.1132781465,0,38.4428099131193,1637.0229888003,41.6463774058792,413.260206566,57.6642148696789,4911.0689664009,1428.7911017709,0,22.4249724493196,637.5099310592,0,3347.7280299341,57.6642148696789,115.3284297393,0,64.0713498551987,0,461.3137189574,1810.0156334093,333.171019247,275.5068043773,1031.5487326686,1733.1300135831,0,0,970.6809503062,2777.4930162228,0,4696.429944386,0,0,3648.8633742535,1329.4805094953,4734.8727542991,371.6138291601,1399.958994336,64.0713498551987,381.2245316384,1431.9946692636,2896.0250134549,691.9705784361,551.0136087547,4238.3197929213,743.2276583203,4062.1235808196,9.61070247827981,1021.9380301904,3286.8602475716,0,0,64.0713498551987,5782.4393244316,21374.2023116943,7156.7697788257,3408.5958122965,81815.910197596,826.520413132,3097.8497654988,0,153.7712396524,544.6064737691,51795.2792229426,4702.8370793715,73.6820523334786,17869.4994746149,467.7208539429,28194.5975037802,16322.1763756118,496.5529613777,0,7111.919833927,2402.6756195699,3149.106845383,12.8142699710397,211.4354545221,486.9422588995,0,336999.282400882,1172.5057023501,2290.5507573233,1358.3126169302,1169.3021348573,317.1531817832,1864.4762807862,2944.0785258463,781.6704682334,64.0713498551987,5910.582024142,1701.0943386555,583.0492836823,538.1993387836,7470.7193931161,490.1458263922,3174.735385325,115.3284297393,182.6033470873,253.081831928,2300.1614598016,9.61070247827981,16578.4617750326,410.0566390732,371.6138291601,1915.7333606704,54.4606473769189,733.616955842,0,0,403.6495040877,105.717727261,579.8457161895,13108.9981803736,0,275.5068043773,25.6285399420795,3398.9851098182,67.2749173479587,381.2245316384,6089.9818037366,701.5812809144,265.896101899,362.0031266818,9178.2208667572,467.7208539429,0,19878.1362925754,5484.507547605,820.1132781465,0,374.8173966529,6.40713498551987,2447.5255644685,12.8142699710397,3027.3712806581,0,6919.7057843614,714.3955508854,12.8142699710397,0,3.20356749275994,0,0,3.20356749275994,989.9023552628
"M-2101-ST-1",204280.868353069,10571.3374977996,152.2424842167,2121.8796237707,57.0909315812761,2255.0917974604,0,380.6062105418,95.1515526354601,689.848756607,323.5152789605,861.1215513509,4500.6684396572,0,6327.578250258,1489.1217987449,1379.6975132141,285.4546579063,218.8485710615,399.6365210689,1355.9096250553,518.5759618632,23.787888158865,2212.2735987744,38.0606210541841,3216.1224790785,1917.3037856045,532.8486947585,1822.152232969,114.1818631625,3715.6681304147,1113.2731658348,0,57.0909315812761,3725.1832856782,0,3706.1529751511,80.8788197401411,337.7880118558,2178.970555352,1041.9095013582,61.8485092130491,1008.6064579358,6888.9724108073,147.4849065849,3211.3649014467,1194.151985575,1217.9398737338,1089.485277676,0,861.1215513509,6731.9723489588,2169.4554000884,33.303043422411,109.4242855307,642.2729802893,8344.7911661298,551.8790052856,8149.7304832271,233.1213039568,1070.4549671489,109.4242855307,109.4242855307,528.0911171268,228.3637263251,228.3637263251,1027.6367684629,4248.5168251732,808.7881974014,4224.7289370144,171.2727947438,223.6061486933,594.6972039716,547.1214276538,47.5757763177301,19.030310527092,128.4545960578,18435.6133231204,4790.8806751954,6123.0024120918,73918.4836648572,604.2123592351,2469.1827908901,10109.8524675176,0,494.7880737043,44568.9872544495,5323.7293699539,1075.2125447806,15685.7334519556,1850.6976987596,43745.9263241527,1470.0914882178,937.2427934592,252.1516144839,6132.5175673554,2787.9404922189,2098.0917356118,9248.7309161667,704.1214895024,1655.637015857,1950.6068290269,254026.100070888,765.9699987154,861.1215513509,4239.0016699097,352.0607447512,3591.9711119886,1013.3640355676,4243.7592475415,1831.6673882326,1679.4249040158,9286.7915372209,1531.9399974309,14.272732895319,5280.911171268,1046.66707899,4086.759185693,3149.5163922337,937.2427934592,808.7881974014,95.1515526354601,1779.3340342831,3140.0012369701,11304.0044530926,14.272732895319,827.8185079285,1717.48552507,3063.8799948618,675.5760237117,19.030310527092,670.8184460799,10304.9131504203,266.4243473792,1308.3338487375,2516.7585672079,4.75757763177301,6513.1237778972,1570.000618485,1898.2734750774,1374.9399355823,3663.3347764652,1969.637139554,1826.9098106008,1627.0915500663,1103.7580105713,6513.1237778972,171.2727947438,214.0909934297,12997.7020900038,12074.7320294398,166.515217112,9.51515526354601,485.2729184408,4.75757763177301,623.2426697622,537.6062723903,6237.1842752544,0,11056.6104162404,5609.1840278603,5623.4567607556,223.6061486933,1389.2126684777,9.51515526354601,66.6060868448221,432.9395644913,57.0909315812761
"M-2105-ST-3",213141.446879367,3415.8960482887,72.5521096607297,2879.4861883381,0,618.4770003865,0,524.5160714816,17.8406827034581,608.9619696113,184.353721269,2502.4530938717,5961.1667806488,45.1963961820939,9127.2932710891,932.4730159674,6031.3401326157,290.2084386429,334.2154559781,348.4880021408,48.7645327227855,396.0631560167,0,231.9288751449,166.5130385656,2339.5081918468,3224.4060539383,202.1944039725,2481.0442746275,355.6242752222,3982.0403794118,868.2465582349,92.7715500579822,2.37875769379442,3268.4130712735,58.2795634979632,3963.0103178614,385.3587463946,136.7785673931,1385.6263566352,1152.5081026433,45.1963961820939,510.2435253189,1749.5762837857,109.4228539145,304.4809848056,1141.8036930213,1761.4700722547,842.0802236032,0,145.1042193214,1772.1744818768,1402.2776604918,296.1553328774,585.1743926734,3.56813654069162,7519.2530700841,451.9639618209,3966.5784544021,143.9148404745,1296.4229431179,24.9769557848414,96.3396865986738,1185.8107103565,296.1553328774,981.2375486901,1188.1894680503,3874.9962831911,781.4219024114,5155.9573012993,99.9078231393655,825.4289197466,165.3236597187,20.2194403972525,80.8777615890101,104.6653385269,283.0721655615,3671.6125003716,4856.2338318813,6504.7129136808,59949.4513990068,1088.2816449109,1389.1944931759,792.1263120335,22.5981980910469,204.5731616663,61615.7711635098,5773.244922839,1862.567274241,16549.0172757277,838.5120870625,32943.4153013588,5712.5866016472,317.5641521215,3.56813654069162,5855.3120632749,5487.7939995837,2875.9180517974,6351.283042431,302.1022271118,1926.7937319734,1250.0371680889,336827.331925902,393.6843983229,743.3617793107,3260.0874193452,648.2114715589,2742.7076209449,951.5030775177,3070.9761826885,905.1173024887,59.4689423448604,4093.8419910201,1091.8497814516,880.1403467039,6163.3611846213,3605.0072849454,1442.7165412863,1845.9159703844,907.4960601825,193.8687520442,673.1884273438,1127.5311468585,186.7324789628,9886.1169754095,4.75751538758883,297.3447117243,1298.8017008117,3985.6085159525,52.3326692634772,77.3096250483185,0,2576.1945823793,19.0300615503553,2115.9049686301,2259.8198091046,45.1963961820939,2106.3899378549,2808.1234575243,308.0491213463,1084.7135083702,575.6593618982,1198.8938776723,1015.7295352502,686.2715946596,852.7846332252,5213.0474859504,80.8777615890101,4.75751538758883,24992.417709851,3149.4751865838,98.7184442924682,42.8176384882995,303.2916059587,312.8066367339,66.6052154262436,532.8417234099,4853.8550741875,34.491986560019,9623.2642502453,2511.9681246469,3370.6996521066,268.7996193987,136.7785673931,41.6282596414023,82.0671404359073,76.1202462014213,0
"M-2105-ST-5",163095.090322571,1633.1194226055,58.3256936644837,3514.4969259368,0,1118.6568938726,0,364.9094680547,43.3703875966674,556.3373857227,49.3525100237939,2319.5679711183,5798.1721624923,85.2452445865531,10416.370676234,5062.3711039558,4844.0236353657,225.825121624,188.4368564544,495.0206308447,46.3614488102306,257.2312643664,1.49553060678163,323.0346110648,31.4061427424143,1631.6238919987,4836.5459823318,351.4496925936,1999.524421267,511.4714675193,11025.0516331942,900.3094252825,2.99106121356327,1.49553060678163,2282.1797059487,40.3793263831041,4197.954413236,477.0742635633,192.9234482748,661.0245281974,477.0742635633,34.3972039559776,1031.9161186793,4456.6812082092,170.4904891731,822.5418337298,204.887693129,3127.1544987803,662.5200588042,0,128.6156321832,1532.9188719511,940.6887516656,109.173734295,888.3451804282,11.9642448542531,3833.0449451813,468.1010799226,1996.5333600534,852.4524458655,2104.2115637417,4.4865918203449,110.6692649018,483.0563859904,67.2988773051735,258.7267949732,2027.9395027958,2451.174664515,617.6541406008,4900.8537984234,131.6066933967,792.6312215942,212.3653461629,106.1826730814,194.4189788816,73.2809997323,248.2580807257,3797.1522106185,5718.9090403329,4268.2443517547,65377.120475459,22537.6462441992,2264.2333386673,345.4675701665,100.2005506543,511.4714675193,57147.2155463397,2641.1070515763,22860.680855264,15532.580882034,447.1636514277,24918.5309701955,5001.0543490777,140.5798770374,0,6251.3179363472,5051.9023897083,1782.6724832837,2798.1377652884,206.3832237358,1384.8613418797,6234.8670996726,326377.12197099,127.1201015764,1393.8345255204,2344.9919914336,873.3898743604,2334.5232771861,1093.2328735573,1911.2881154669,1535.9099331647,290.1329377156,11449.7823255201,2404.8132157048,3478.604191374,3668.5365784353,1368.4105052051,505.4893450921,1677.9853408089,433.7038759666,177.968142207,469.5966105294,1277.1831381915,492.0295696311,4965.161614515,31.4061427424143,207.8787543426,1833.5205239142,2841.5081528851,94.2184282272429,70.2899385187368,20.9374284949429,5217.9062870611,32.9016733491959,577.2748142177,2920.7712750445,0,2210.3942368232,1933.7210745686,468.1010799226,578.7703448244,753.7474258179,619.1496712075,906.2915477096,957.1395883402,330.5122640987,5285.2051643662,157.030713712,0,23572.5534240921,7017.0296070194,1112.6747714455,67.2988773051735,206.3832237358,523.4357123735,255.7357337596,406.7843250446,2633.6293985424,2.99106121356327,12717.992280071,28524.255263146,68.7944079119551,258.7267949732,157.030713712,49.3525100237939,26.9195509220694,104.6871424747,100.2005506543
"M-2109-ST-1",86990.9597507772,1582.0696006677,96.67048151255,3258.7307477617,0,1141.3353623739,0,805.5873459379,939.6786590037,1901.1861364134,23.9077534923511,3389.7036581981,3618.3865176901,20.789350862914,7357.3512703852,1750.4633426573,1585.1880032971,75.881130649636,48.8549745278479,155.9201314718,5492.5464979818,129.9334428932,0,2223.4210747886,56.1312473298677,5457.2046015149,2720.2865604122,370.0504453598,1218.2559605667,160.0780016444,3158.9418636197,527.0100443748,1.0394675431457,0,3516.5186984619,851.3239178363,3404.2562038021,397.0766014816,1995.7776828397,205.8145735428,455.2867838978,34.3024289238081,504.1417584256,1086.2435825872,113.3019622028,1712.0030435609,727.6272802019,2091.4086968091,1944.8437732256,0,1003.0861791355,2194.3159835805,3588.2419589389,39.4997666395366,729.7062152882,179.8278849642,7837.5852753185,2703.6550797219,1871.0415776622,559.2335382123,3108.0079540056,5.1973377157285,1224.4927658256,1381.4523648406,727.6272802019,1368.9787543228,636.1541364051,2815.9175743816,469.8393295018,3872.0165982177,760.8902415826,747.3771635217,177.7489498779,3598.6366343704,73.8021955633446,92.5126113399672,478.155069847,3461.4269186751,13287.5136040314,2816.9570419248,241919.439186471,2938.5747444728,9933.1518423003,599.772772395,12.4736105177484,309.7613278574,40492.4581432407,1861.6863697739,2016.5670337026,15161.6735843231,941.75759409,22210.3029943941,1525.9383533378,197.4988331976,1.0394675431457,14701.1894627096,2670.3921183413,936.5602563742,3938.542520979,63.4075201318877,897.0604897347,2014.4880986163,266590.161855491,4175.5411208162,3938.542520979,1064.4147641811,246.3538077255,5134.9696631397,4479.0656434148,2148.5794116821,9114.0514183014,578.9834215321,1583.1090682108,4596.5254757902,986.4546984452,5556.9934856569,3979.0817551617,1037.3886080594,994.7704387904,370.0504453598,358.6163023852,112.2624946597,4849.1160887746,1213.058622851,4092.3837173646,4.1578701725828,223.4855217763,5448.8888611697,2731.7207033868,460.4841216135,36.3813640100995,3324.2172029799,4234.7907707755,17.6709482334769,710.9957995116,1109.1118685364,1549.8461068302,2372.0649334584,656.943487268,249.4722103549,1348.1894034599,278.577301563,779.6006573592,494.7865505373,457.3657189841,814.9425538262,21093.9148530556,2873.0882892547,1.0394675431457,13216.8298110975,2348.1571799661,1279.5845456123,4.1578701725828,43.6576368121194,140.3281183246,4715.0247757088,151.7622612992,2887.6408348587,9.35520788831129,5979.017308174,3743.1226228676,3036.2846935285,15.5920131471855,1167.3220509526,17.6709482334769,22.8682859492054,187.1041577662,110.1835595734
"M-2109-ST-6",172510.657659173,0,0,0,0,0,0,0,0,0,0,4401.5390550044,197.8219800001,0,8822.8603080088,0,494.5549500004,0,0,0,0,0,0,0,0,0,2809.0721160028,0,0,0,99425.3271480994,0,0,0,29.6732970000297,0,9.89109900000989,0,0,0,0,0,0,0,0,0,0,19594.2671190195,0,0,0,0,0,0,0,0,4965.3316980049,0,0,0,29.6732970000297,0,19.7821980000198,9.89109900000989,0,0,0,2690.3789280026,0,1622.1402360016,0,0,0,0,0,0,0,0,21404.3382360214,276.9507720002,52729.4487690527,0,9.89109900000989,0,0,0,108564.702624108,425.3172570004,0,0,0,1463.8826520014,2235.3883740022,0,0,15054.252678015,19.7821980000198,217.6041780002,19.7821980000198,59.3465940000593,1305.6250680013,0,328305.358008328,19.7821980000198,9.89109900000989,0,0,1483.6648500014,1740.8334240017,0,128.5842870001,0,90721.1600280907,0,0,207.7130790002,118.6931880001,0,445.0994550004,0,0,79.1287920000791,3313.5181650033,0,2423.3192550024,0,0,316.5151680003,0,0,0,0,0,0,0,9.89109900000989,0,0,0,0,0,0,0,0,187.9308810001,0,0,237.3863760002,0,43550.5088970435,4579.5788370045,69.2376930000692,0,0,0,0,0,553.9015440005,0,0,0,0,79.1287920000791,0,0,0,0,0
"M-2122-ST-1",41426.665184032,1712.4430112309,244.6347158901,1940.3980874013,0,856.2215056154,0,339.1526743022,1512.2873345935,2457.4669187145,16.6796397197821,2368.508840209,1762.4819303903,77.8383186923162,5559.879906594,4019.7931724674,2051.5956855331,11.119759813188,0,11.119759813188,7978.4276659624,27.7993995329701,0,22612.0315801178,0,4937.1733570554,2507.5058378739,316.9131546758,150.116757478,22.2395196263761,3486.0447014344,561.5478705659,0,0,2157.2334037584,0,2324.0298009562,277.9939953297,1912.5986878683,88.9580785055043,617.1466696319,11.119759813188,166.7963971978,4336.7063271433,88.9580785055043,72.2784387857222,11.119759813188,3297.0087846102,2501.9459579673,0,1117.5358612253,3341.487823863,3152.4519070388,383.6317135549,2084.9549649727,711.664628044,7639.2749916601,4414.5446458356,5448.6823084621,0,2996.7752696541,33.3592794395641,1562.3262537529,422.5508729011,833.9819859891,1267.6526187034,400.3113532747,694.9849883242,72.2784387857222,2646.5028355387,667.1855887912,2968.9758701212,155.6766373846,2368.508840209,428.1107528077,711.664628044,0,7177.8049594128,15523.1846992104,922.9400644946,303969.754253308,333.5927943956,13010.11898143,216.8353163571,0,72.2784387857222,35977.9828755698,700.5448682308,6160.3469365061,13477.1488935839,189.0359168241,8662.2928944734,555.9879906594,389.1915934615,0,18903.5916824196,1267.6526187034,300.233514956,2507.5058378739,55.5987990659402,389.1915934615,2140.5537640386,219365.061714667,7277.8827977315,4675.8590014455,906.2604247748,183.4760369176,4953.8529967752,5559.879906594,1606.8052930056,12087.1789169353,11.119759813188,8345.3797397976,1412.2094962748,355.832314022,3436.0057822751,4036.4728121872,917.380184588,211.2754364505,38.9191593461581,61.1586789725342,394.7514733681,6043.5894584676,845.1017458022,1067.496942066,2457.4669187145,33.3592794395641,6443.9008117424,116.7574780384,5154.0086734126,583.7873901923,4981.6523963082,2685.4219948849,1934.8382074947,1862.5597687089,1117.5358612253,61.1586789725342,572.6676303791,2551.9848771266,1028.5777827198,1273.21249861,77.8383186923162,361.3921939286,1523.4070944067,33.3592794395641,38.9191593461581,28461.0252418547,72.2784387857222,0,11875.9034804848,8161.90370288,1756.9220504837,0,995.2185032803,0,266.8742355165,44.4790392527521,1373.2903369287,3080.173468253,9118.2030468141,9207.1611253196,11.119759813188,11.119759813188,583.7873901923,0,0,33.3592794395641,0
"M-2122-ST-6",40238.2835333356,1977.100024069,107.4510882646,979.9539249733,0,442.6984836502,0,180.5178282845,1796.5821957844,2265.0689406182,8.59608706116975,2604.6143795344,1671.9389333975,146.1334800398,7151.9444348932,3249.3209091221,1590.2761063164,34.384348244679,0,4.29804353058488,8179.176838703,8.59608706116975,0,21675.0335247395,12.8941305917546,4727.8478836433,2441.2887253722,141.8354365093,640.4084860571,0,1671.9389333975,262.1806553656,21.4902176529244,0,984.2519685039,4.29804353058488,2471.3750300863,159.0276106316,2260.7708970876,292.2669600797,2729.2576419213,8.59608706116975,85.9608706116976,2664.7869889626,0,68.768696489358,68.768696489358,2553.0378571674,1908.3313275796,0,1014.338273218,1491.4211051129,2853.9009043083,206.306089468,1757.8998040092,769.3497919746,1581.6800192552,4224.9767905649,3356.7719973867,0,3081.6972114293,4.29804353058488,1869.6489358044,1512.9113227658,558.745658976,1800.880239315,507.169136609,803.7341402193,77.3647835505278,2690.5752501461,915.4832720145,3068.8030808376,244.9884812433,2789.4302513495,184.8158718151,765.0517484441,8.59608706116975,8944.2285871471,16882.7149881374,1616.0643674999,306953.37482378,262.1806553656,14252.3123474194,464.1887013031,0,133.2393494481,40676.6839734552,820.9263143417,6829.5911700993,6833.8892136299,68.768696489358,7366.8466114224,3571.674173916,232.0943506515,4.29804353058488,21571.8804800055,859.6087061169,262.1806553656,1500.0171921741,8.59608706116975,348.1415259773,2445.5867689027,226132.964274662,6309.5279028986,5626.1389815356,936.9734896675,38.6823917752639,4341.0239658907,5789.4646356978,1044.4245779321,12343.9810198397,21.4902176529244,6644.7752982842,773.6478355052,571.6397895677,3550.1839562631,4482.8594024,1010.0402296874,262.1806553656,8.59608706116975,77.3647835505278,146.1334800398,6253.6533370009,318.0552212632,1203.4521885637,2424.0965512498,154.729567101,6833.8892136299,429.8043530584,7323.8661761166,124.6432623869,4646.1850565622,2535.845683045,1904.0332840491,2505.7593783309,2776.5361207578,30.0863047140941,958.4637073204,3214.9365608774,1014.338273218,1212.0482756249,163.3256541622,1310.9032768283,8106.110098683,90.2589141422824,111.7491317952,27064.7801120929,38.6823917752639,0,11136.2307877454,6477.1516005914,2037.2726334972,0,520.0632672007,25.7882611835093,214.9021765292,244.9884812433,1035.8284908709,3098.8893855516,7169.1366090155,3214.9365608774,133.2393494481,0,232.0943506515,0,0,55.8745658976034,0
"M-2123-ST-1",205316.90019961,4664.1196290283,51.4965889640358,2150.595643879,24.5221852209694,4649.4063178958,152.03754837,880.3464494328,17.1655296546786,230.5085410771,186.3686076793,944.1041310073,9855.4662403076,279.552911519,8300.7596972981,2187.3789217104,1194.2304202612,264.8396003864,110.3498334943,340.8583745714,747.9266492395,360.4761227482,0,66.2099000966174,237.8651966434,3452.7236791124,1831.8072360064,988.244064405,3791.1298351618,232.9607595992,2871.5478893755,532.131419295,14.7133111325816,14.7133111325816,4828.4182700088,0,4887.2715145392,529.6792007729,198.6297002898,1338.9113130649,1552.2543244873,14.7133111325816,399.7116191018,289.3617856074,318.7884078726,186.3686076793,1974.035910288,838.6587345571,1358.5290612417,0,1584.1331652746,2942.6622265163,2305.0854107711,41.687714875648,218.2474484666,4.90443704419388,8945.6931686096,419.3293672785,5890.2288900768,132.4198001932,944.1041310073,4.90443704419388,299.1706596958,556.653604516,4806.34830331,1819.5461433959,2047.6024659509,4411.5411212523,1267.7969759241,5313.957537384,134.8720187153,877.8942309107,487.9914858972,242.7696336875,46.5921519198419,56.4010260082296,100.5409594059,5583.7015748147,3952.9762576202,4521.8909547467,67475.2448540194,576.2713526927,1745.979587733,26.9744037430664,0,174.1075150688,60165.1814396484,4818.6093959204,1466.4266762139,12158.0994325566,1159.8993609518,31444.798108849,3055.4642785327,196.1774817677,0,5711.2169379637,2552.7594815029,1866.1382953157,6314.4626943996,19.6177481767755,1814.6417063517,279.552911519,317275.389044469,2636.1349112542,823.9454234245,3187.884078726,358.0239042261,4431.1588694291,895.0597605653,4502.2732065699,1243.2747907031,485.5392673751,2182.4744846662,2346.7731256467,51.4965889640358,9303.7170728357,1071.6194941563,1660.1519394596,2280.5632255501,414.4249302343,83.375429751296,125.0631446269,1311.9369093218,8087.4166858757,14073.2820983143,247.6740707317,453.6604265879,1172.1604535623,4036.3516873715,53.9488074861327,237.8651966434,424.2338043227,2339.4164700804,0,3285.9728196099,483.087048853,4.90443704419388,4028.9950318052,6466.5002427696,890.1553235211,1213.8481684379,284.4573485632,1076.5239312005,1091.2372423331,971.0785347503,2219.2577624977,4247.2424802719,610.6024120021,98.0887408838776,18551.0331196633,1692.0307802468,39.2354963535511,0,144.6808928037,161.8464224583,46.5921519198419,630.2201601789,5051.5701555196,240.3174151655,9941.2938885809,2876.4523264197,2194.7355772767,0,4543.9609214456,360.4761227482,24.5221852209694,90.7320853175868,0
"M-2128-ST-1",147338.569267147,3413.7477476107,323.1275707649,5170.041132239,0,2908.1481368844,0,2197.2674812015,171.0675374637,1056.8172314429,399.1575874155,5728.8617546207,2729.4775977555,15.2060033301147,9013.3584739255,1216.4802664091,4508.579987379,167.2660366312,247.0975541143,1094.8322397682,954.1767089646,220.4870482866,0,1813.3158971161,129.2510283059,23371.6271183863,2809.3091152386,699.4761531852,7401.5221209333,399.1575874155,4516.182989044,558.8206223817,3421.3507492758,106.4420233108,3512.5867692565,117.8465258083,4136.0329057912,1372.3418005428,243.2960532818,866.7421898165,653.8581431949,15.2060033301147,1532.004835509,1919.7579204269,201.479544124,190.0750416264,372.5470815878,1604.2333513271,8899.3134489496,0,228.0900499517,3603.8227892371,15753.4194499988,376.3485824203,3155.2456909988,1748.6903829631,3733.0738175431,657.6596440274,2212.4734845316,311.7230682673,1756.2933846282,11.404502497586,201.479544124,2250.4884928569,1893.1474145992,368.7455807552,193.8765424589,2174.4584762064,1398.9523063705,5002.7750956077,98.8390216457457,2554.6085594592,190.0750416264,357.3410782576,15.2060033301147,676.6671481901,144.457031636,7348.3011092779,4215.8644232743,4615.0220106898,82298.6915234134,1307.7162863898,2349.3275145027,1129.045747261,0,140.6555308035,48267.6560706166,3314.908725965,1102.4352414333,17494.5068312969,174.8690382963,20547.1119998175,2182.0614778714,1151.8547522561,467.584602401,9480.9430763265,1566.2183430018,3409.9462467782,2748.4851019182,7.60300166505736,1197.4727622465,125.4495274734,298296.167326861,798.315174831,1459.776319691,1794.3083929535,414.3635907456,22911.6455176503,1220.2817672417,4265.2839340971,1668.85886548,315.5245690998,16304.6370707155,1094.8322397682,437.1725957407,20870.2395705824,775.5061698358,984.5887156249,897.1541964767,448.5770982383,7.60300166505736,228.0900499517,1832.3234012788,4071.4073916382,3064.0096710181,7.60300166505736,235.6930516167,2117.4359637184,2604.0280702821,459.9816007359,76.0300166505736,494.1951082287,13791.845020414,87.4345191481597,1212.6787655766,1543.4093380066,11.404502497586,2049.0089487329,6683.0384635854,1539.6078371741,6112.8133387061,3.80150083252868,710.8806556828,722.2851581804,231.8915507842,631.0491381997,6538.5814319493,646.2551415298,0,15768.6254533289,3428.9537509408,323.1275707649,7.60300166505736,478.9891048986,7.60300166505736,745.0941631756,539.813118219,2056.611950398,0,7587.7956617272,2896.7436343868,2064.214952063,1201.274263079,2759.8896044158,0,0,11.404502497586,0
"M-2128-ST-3",153208.842753407,173.2767027458,0,0,0,0,0,0,0,0,0,20011.4443217627,3453.444982632,0,23206.9890956568,24.1781445691858,32.2375260922477,358.6424777762,76.5641244690882,0,0,0,0,0,0,0,100.7422690382,0,0,0,0,0,0,0,52.3859798999025,0,0,24.1781445691858,149.0985581766,0,6689.2866641413,0,0,0,0,0,0,233.7220641687,0,0,0,0,0,0,0,0,0,0,0,0,52.3859798999025,0,0,22473.5853770581,4968.6087089676,0,0,64.4750521844954,0,68.5047429460263,0,0,0,0,0,0,0,0,1241.1447545515,11669.9844453936,186897.057519806,0,88.6531967536811,0,0,0,128317.44291943,8.05938152306192,12.0890722845929,0,652.809903368,14071.6801392661,32.2375260922477,0,0,37572.8366605146,1245.174445313,8.05938152306192,0,0,5037.1134519137,0,313985.444756969,8.05938152306192,8.05938152306192,423.1175299607,0,0,0,0,6608.6928489107,0,0,0,4150.5814843768,253.8705179764,0,0,0,0,0,2131.7064128498,0,0,3356.7324043552,64.4750521844954,0,20.1484538076548,0,0,0,0,0,0,0,350.5830962531,0,0,0,0,0,366.7018592993,0,241.7814456918,4.02969076153096,100.7422690382,24.1781445691858,0,0,35247.7050911113,0,0,0,0,0,0,0,10376.4537109422,0,0,0,0,0,0,0,0,0,0
"M-2128-ST-8",172838.541823142,733.0541318415,0,1739.5014030175,0,237.3412967847,3.00432021246553,201.2894542351,0,621.8942839803,9.01296063739658,6381.1761312767,4281.1563027633,3.00432021246553,13705.7088092677,4975.1542718429,8661.4551725381,90.1296063739658,435.6264308075,1634.3501955812,69.0993648867071,228.3283361473,0,6.00864042493105,51.0734436119139,339.4881840086,2277.2747210488,0,21.0302414872587,0,2100.0198285134,270.3888191218,0,0,1493.1471455953,0,3623.2101762334,6.00864042493105,114.1641680736,1760.5316445047,1979.8470200147,0,153.2203308357,2039.933424264,6.00864042493105,24.0345616997242,1000.438630751,1931.7778966153,345.4968244335,6.00864042493105,18.0259212747932,3629.2188166583,381.5486669831,0,156.2246510482,27.0388819121897,5912.5021781321,138.1987297734,1655.3804370685,33.0475223371208,904.3003839521,102.1468872238,114.1641680736,5326.6597367013,645.92884568,0,144.2073701983,2763.9745954682,342.492504221,4870.0030644066,66.0950446742416,372.5357063457,588.8467616432,0,27.0388819121897,24.0345616997242,0,5780.3120887836,6164.8650759792,4569.57104316,96063.1387935851,288.4147403966,2766.9789156807,36.0518425495863,54.0777638243795,156.2246510482,69456.8789919904,5768.2948079338,2499.5944167713,6549.4180631748,925.3306254393,19774.435638448,1451.0866626208,6.00864042493105,0,12828.4473072277,2259.248799774,1673.4063583432,2532.6419391084,802.1534967282,1565.2508306945,940.3522265017,367650.681680256,264.3801786969,1363.9613764593,3623.2101762334,3746.3873049445,829.1923786404,693.9979690795,2325.3438444483,2920.1992465164,24.0345616997242,264.3801786969,2857.1085220547,1270.8274498729,2529.6376188959,811.1664573656,147.2116904108,555.7992393061,75.1080053116381,9.01296063739658,748.0757329039,1394.004578584,0,12506.9850444939,45.0648031869829,60.0864042493105,1138.6373605244,7766.1677492233,0,0,15.0216010623276,5146.4005239534,0,204.2937744476,1646.3674764311,0,531.7646776063,2229.2055976494,808.1621371532,360.5184254958,306.4406616714,3004.3202124655,231.3326563598,700.0066095044,1421.0434604961,4380.2988697747,210.3024148725,0,22832.8336147379,3289.7306326497,264.3801786969,0,84.1209659490347,342.492504221,189.2721733853,195.2808138102,4821.9339410071,3.00432021246553,10920.7039723121,5612.0701568856,4815.9253005822,3.00432021246553,0,195.2808138102,15.0216010623276,45.0648031869829,0
"M-2133-ST-1",146461.145948788,839.4900919256,790.1961897307,2.98750922393473,0,5988.4622393771,4.48126383590209,0,0,110.5378412855,2.98750922393473,3628.3299524687,4872.6275442375,28.3813376273799,14553.651184398,409.288763679,9810.9802914016,49.293902194923,80.6627490462377,95.6002951659113,525.8016234125,330.1197692447,0,62.7376937026293,0,68.7127121504988,3446.0918898087,0,0,0,12153.1875229664,0,0,0,4642.5893339945,0,4267.6569263907,7.46877305983682,224.0631917951,10.4562822837716,255.4320386464,0,472.0264573816,2.98750922393473,494.4327765611,65.725202926564,0,1468.3607835639,13.4437915077063,0,2.98750922393473,0,2.98750922393473,0,0,0,4079.4438452828,778.2461528349,1313.0103039193,2.98750922393473,1063.5532837207,68.7127121504988,243.4820017506,371.9448983798,11.9500368957389,1307.0352854714,598.9955993989,3238.4599987452,7.46877305983682,5586.6422487579,122.4878781813,492.9390219492,0,0,775.258643611,23.9000737914778,5550.7921380707,300.2446770054,5715.1051453871,2367.6010599682,83473.9952259602,5195.2785404224,1251.7663648286,34.3563560752494,0,91.1190313300092,60195.3233530608,9252.3160665258,173.2755349882,22518.350775408,107.5503320616,25853.9048239311,9776.6239353264,50.7876568068904,1.49375461196736,7703.2925339156,3540.1984303626,1655.0801100598,12550.5262497497,340.5760515285,472.0264573816,958.990460883,398312.654790322,10656.4454017751,585.5518078912,1248.7788556047,1807.4430804805,585.5518078912,1450.4357282203,6568.0390288205,1501.2233850272,2.98750922393473,10536.9450328177,590.0330717271,805.1337358504,395.8449721713,5904.8119811069,131.4504058531,495.9265311731,195.6818541677,218.0881733472,294.2696585575,1904.5371302583,6469.4512244306,6042.2374054079,0,115.0191051214,504.8890588449,146.3879519728,0,1584.8736432973,0,79.1689944342703,0,702.0646676246,2829.1712350661,2.98750922393473,651.2770108177,2.98750922393473,8.96252767180419,5.97501844786946,26.8875830154126,97.0940497778787,164.3130073164,14.9375461196736,315.1822231251,5943.6496010181,123.9816327932,2.98750922393473,25544.6976192539,303.2321862293,155.3504796446,207.6318910634,1.49375461196736,0,68.7127121504988,0,1583.3798886854,1044.1344737651,685.633366893,769.2836251631,23.9000737914778,10.4562822837716,4112.3064467461,0,0,0,0
"M-2133-ST-10",87760.8800114287,730.5289679086,12.9871816517098,766.2437174508,0,389.6154495512,0,0,0,3.24679541292744,0,451.3045623969,4603.9558955311,0,15964.4930453642,3493.5518643099,22798.9973895764,0,818.1924440577,0,38.9615449551293,42.2083403680567,0,324.6795412927,3.24679541292744,1159.105962415,4392.9141936908,0,0,0,16893.0765334614,0,0,0,659.0994688242,0,538.9680385459,32.4679541292744,0,0,0,0,0,0,0,146.1057935817,0,9175.4438369329,0,6.49359082585488,2513.0196496058,0,0,915.5963064455,0,0,64.9359082585488,126.6250211041,0,0,84.4166807361135,0,25.9743633034195,97.4038623878232,0,33971.2204054598,1129.8848036987,16100.8584527071,25.9743633034195,4938.3758230626,0,0,0,0,0,0,0,8302.0558708554,1269.4970064546,516.2404706554,45890.2063663164,4353.9526487356,509.7468798296,0,0,2987.0517798932,114124.858764399,2948.0902349381,8266.3411213132,0,0,8091.0141690151,142787.568669723,0,0,6857.2319121027,603.9039468045,152.5993844075,0,412.3430174417,8642.9693892128,4470.837283601,318702.190937545,6.49359082585488,152.5993844075,19.4807724775646,0,4376.6802166261,0,951.3110559877,3.24679541292744,405.8494266159,266.23722386,0,0,496.7596981778,5870.2061065728,133.11861193,1334.4329147131,0,217.5352926661,1282.4841881063,155.8461798205,32.4679541292744,691.5674229535,0,0,2103.9234275769,0,181.8205431239,0,9.74038623878232,51.9487266068391,0,0,6727.3600955856,0,889.6219431421,0,35.7147495422019,0,0,0,0,0,0,2493.5388771282,2483.7984908894,0,56276.7048922713,175.326952298,0,0,0,0,74.6762944973311,0,71.4294990844037,0,0,889.6219431421,0,0,0,0,0,48.7019311939116,0
"M-2133-ST-5",109090.26521512,486.9310653166,0,1236.5097961677,0,88.5329209666615,5.90219473111076,0,0,2.95109736555538,0,6539.6317620707,8425.3829786606,0,20268.1367066343,2360.8778924443,17877.7478405345,0,298.060833921,0,153.4570630088,200.6746208577,0,5291.3175764408,221.3323024166,70.8263367733292,4152.1939933364,0,0,0,6545.5339568018,0,0,0,811.5517755277,0,882.378112301,38.36426575222,0,0,44.2664604833307,0,11.8043894622215,11.8043894622215,0,168.2125498366,0,8891.6563624183,0,0,2579.2590974954,0,17.7065841933323,820.4050676243,0,0,1502.1085590676,59.0219473111076,0,0,602.0238625732,0,2.95109736555538,156.4081603744,0,29794.2790026471,0,10390.8138241205,26.5598762899984,4901.7727241874,0,115.0927972566,0,0,32.4620710211092,0,0,1381.1135670799,1714.5875693876,3426.2240414097,62403.9048920341,2570.4058053987,637.4370309599,0,312.8163207488,3284.5713678631,122989.933806886,7622.6844952295,2009.6973059432,29.5109736555538,4786.6799269308,13740.3093340258,33282.4760887335,129.8482840844,0,10420.324797776,1859.1913402998,256.7454708033,0,241.9899839755,7699.4130267339,2620.5744606131,371625.789049658,0,289.2075418244,67.8752394077738,67.8752394077738,3880.6930357053,0,917.7912806877,29.5109736555538,206.5768155888,1221.7543093399,0,0,182.9680366644,10656.4125870204,241.9899839755,867.6226254732,112.1416998911,106.2395051599,917.7912806877,301.0119312866,8.85329209666615,2877.3199314164,0,0,655.1436151532,0,1614.2502589587,0,26.5598762899984,8.85329209666615,103.2884077944,253.7943734377,7956.1584975373,0,911.8890859566,0,23.6087789244431,0,0,0,286.2564444588,2.95109736555538,0,3207.8428363587,1103.7104147177,0,58862.5880533676,171.1636472022,0,0,0,0,85.5818236011061,26.5598762899984,1150.9279725665,0,0,171.1636472022,0,0,0,0,109.1906025255,91.4840183322168,0
"M-2137-ST-1",137956.21112559,0,0,0,0,0,0,0,0,64.6944113270672,0,17033.1142965406,10840.9349266642,0,21182.798680234,7319.7105387196,1219.9517564532,0,0,0,0,0,0,0,0,0,1182.9835214092,0,9.2420587610096,0,0,0,0,0,443.6188205284,0,55.4523525660576,0,0,0,36.9682350440384,0,0,0,0,0,0,9445.3840537518,0,0,0,0,0,0,0,0,25563.5345329525,1201.4676389312,0,0,46.210293805048,0,175.5991164591,3521.2243879446,0,0,0,1719.0229295477,0,194.0832339812,0,0,0,0,0,0,0,0,2560.0502767996,21792.7745584606,109509.154259203,0,1164.4994038872,0,0,0,153529.080137891,2116.4314562711,767.0908771637,0,166.3570576981,9879.7608155192,8724.503470393,0,0,17217.9554717608,41506.0858956941,0,0,508.3132318555,73.9364700880768,0,306004.565577028,36.9682350440384,18.4841175220192,9.2420587610096,1099.8049925601,36.9682350440384,1478.7294017615,748.6067596417,0,0,0,0,1330.8564615853,36.9682350440384,5988.8540771342,0,0,110.9047051321,0,314.2299978743,471.3449968114,0,5212.5211412094,27.7261762830288,0,231.0514690252,0,0,2162.6417500762,0,101.6626463711,0,0,14112.6237280616,0,120.1467638931,0,0,0,480.5870555724,0,0,0,0,14020.2031404515,0,0,36293.5647544847,536.0394081385,27.7261762830288,0,0,0,120.1467638931,0,110.9047051321,0,0,0,0,27.7261762830288,0,0,0,0,0
"M-2137-ST-5",233598.923712396,5382.6814183719,165.3722865889,5306.8339786582,0,29.8416156250699,0,220.0819152348,0,258.6273354172,123.0966644534,1692.2682860716,8169.1422773628,0,10305.3045958574,987.2601169293,5187.4675161579,533.4188792981,150.4514787763,179.0496937504,380.4805992196,94.4984494793882,0,1923.5408071659,2.48680130208916,1178.7438171902,3421.8385916746,27.3548143229808,1825.3121557334,390.4278044279,1233.4534458362,7603.3949811376,0,1.24340065104458,6926.9850269693,0,4100.735347145,16.1642084635796,128.0702670575,2226.9305660208,882.8144622416,0,391.671205079,547.0962864596,1.24340065104458,331.9879738289,1014.6149312523,646.5683385431,605.5361170587,0,216.3517132817,2954.3199468819,149.2080781253,22.3812117188025,98.2286514325219,22.3812117188025,6590.0234505362,452.5978369802,443.8940324229,463.7884428396,1367.740716149,28.5982149740254,42.2756221355158,668.9495502619,28.5982149740254,0,7313.6826294442,6261.7656786605,1270.7554653675,4792.0661091258,69.6304364584965,598.0757131524,2249.3117777396,169.102488542,146.7212768232,38.545420182382,2229.4173673229,1519.4355955764,3521.3106437582,7160.7443493657,55456.9124372393,1937.2182143274,1208.5854328153,75.8474397137194,19.8944104167133,239.9763256516,48496.3555926917,4891.5381612093,1400.0691330761,7904.2979386904,698.791165887,37265.9609124571,10427.1578596598,200.1875048181,2.48680130208916,5948.4287145972,6587.5366492341,1311.787686852,10346.3368173419,103.2022540367,2200.8191523489,673.9231528661,327149.901895689,34.8152182292483,777.1254069028,7134.6329356938,361.8295894539,814.4274264342,774.6386056007,6005.6251445453,994.7205208356,184.0232963545,166.6156872399,416.5392180999,363.072990105,5773.1092227999,344.4219803393,115.6362605471,1151.3890028672,474.979048699,1091.7057716171,70.8738371095411,1216.0458367216,3.73020195313374,10205.8325437739,128.0702670575,1120.3039865911,557.0434916679,4634.1542264431,986.0167162783,28.5982149740254,140.504273568,2972.9709566475,0,1613.9340450558,3144.5602464917,438.9204298187,1383.9049246126,2560.1619405007,152.9382800784,1065.5943579452,133.0438696617,6739.2315286616,468.7620454438,1203.6118302111,542.1226838554,4093.2749432387,2224.4437647187,0,16589.4514862368,690.0873613297,319.5539673184,0,1265.7818627633,0,28.5982149740254,2413.4406636775,9234.7366353081,0,8134.3270591336,1041.9697455753,997.2073221377,2.48680130208916,0,119.3664625002,668.9495502619,43.5190227865603,12.4340065104458
"M-2143-ST-1",181714.105066534,4631.0527513689,17.0985702175584,2573.524801856,0,33.4372039810031,0,346.1510548487,0,1717.0764180699,164.9062105426,4077.05907632,3106.2402561897,39.1367273868559,11218.5619038536,957.1399639562,6619.8064517845,63.0747256914377,2128.2020397454,78.6534230007687,737.5183287173,605.2893857015,0,924.8426646563,33.0572357539463,95.3720249912702,1809.7886654717,6.07949163290966,283.8362656114,0,1338.6280639212,191.1240182095,4420.9303218064,0,1356.86653882,0,5022.4200252374,1493.2751323334,195.6836369342,1.13990468117056,496.2385045362,0,1283.9126392251,465.0811099175,4.9395869517391,1187.4007095526,174.025447992,3502.54711701,352.2305464817,0,71.0540584596316,213.5421436059,83.2130417254509,1.89984113528427,1591.6869031411,2.65977758939797,1944.6773860769,1360.6662210905,48.2559648362204,97.2718661265545,4814.1974368103,0,262.1780766692,1249.3355305629,996.276691343,0,927.5024422457,1971.2751619709,845.0493369744,6008.0576062229,72.9538995949159,595.410211798,16.3386337634447,262.9380131233,1.89984113528427,248.4992204951,1366.3657444964,10419.86869058,7670.4185995967,6682.8811774759,100446.500663615,250.0190934034,4938.0670788308,0,0,2168.8586400405,53394.6551389372,1445.3991357242,389.0874645062,2201.9158757944,2320.4659626362,15759.56218541,2667.7569221661,12295.7718275597,0.379968227056854,7297.6697688539,1529.7520821308,4411.051147903,21.2782207151838,354.8903240711,717.7599809103,1044.5326561792,401581.579748301,161.8664647262,2800.365833409,547.9141834159,1548.7504934837,1227.2973733936,1952.2767506181,875.826763366,1031.6137364593,270.9173458915,553.2337385947,441.143111613,260.2782355339,2939.4342045118,1130.7854437211,371.2289578345,446.8426350188,104.8712306676,354.1303876169,150.8473861415,3645.7951386105,1.51987290822741,1487.9555771546,99.1717072618388,1449.1988179948,3025.6869920537,12996.4332382526,279.2766468867,0.379968227056854,284.9761702926,102.9713895324,13.2988879469899,51.2957106526752,3230.8698346644,43.6963461115382,233.6804596399,1786.6106036213,1712.5167993452,93.8521520830428,16.7186019905016,933.5819338786,46.3561237009361,220.0016034659,1164.9825841563,11044.1564876345,4564.1783434069,3.41971404351168,17107.6894550077,670.6439207553,655.8251599001,0,11.3990468117056,735.9984558091,23.9379983045818,252.2989027657,3450.8714381303,0.379968227056854,51.2957106526752,74.8537407302001,90.0524698124743,534.6152954689,59.2750434208691,0,35.3370451162874,10.259142130535,2.27980936234112
"M-2143-ST-6",93106.2196087954,17.3457528924043,0,0,0,0,0,0,0,0,0,289.09588154,63.6010939388158,0,2139.3095233965,0,86.7287644620215,0,0,0,5.78191763080143,0,0,5.78191763080143,0,0,14408.5387359571,0,0,0,0,0,0,0,0,0,11.5638352616029,0,0,0,0,0,0,0,0,5.78191763080143,0,42063.4507640804,0,0,0,5.78191763080143,0,0,0,0,5.78191763080143,0,17.3457528924043,0,11.5638352616029,0,0,0,0,0,0,8320.1794707232,0,5007.140668274,0,0,0,0,0,0,0,0,11.5638352616029,4342.2201407318,16582.5397651385,5.78191763080143,5.78191763080143,0,0,0,192878.990245905,29088.827600562,0,5.78191763080143,0,8031.0835891831,1526.4262545315,0,0,0,0,0,5.78191763080143,69.3830115696172,5.78191763080143,0,436690.89290154,5.78191763080143,5.78191763080143,5.78191763080143,0,92.5106820928229,0,23.1276705232057,0,0,11.5638352616029,28.9095881540072,0,5.78191763080143,2422.6234873058,0,0,0,0,555.0640925569,0,0,1884.9051476412,0,0,8112.0304360144,0,0,0,0,0,0,5.78191763080143,0,0,0,5.78191763080143,0,0,86.7287644620215,0,0,6111.4869357571,0,40.47342341561,0,0,125745.144634669,5.78191763080143,0,0,0,0,0,0,5.78191763080143,0,11.5638352616029,0,0,5.78191763080143,0,0,0,0,0
"M-2143-ST-9",172392.43300179,4215.8204526143,54.9852270159603,3224.3680779827,0,1746.6401019288,0,510.3316382418,492.2896106272,796.4266475593,51.5486503274628,1614.3318994217,4021.6538697142,28.3517576801045,8340.5716229834,4146.2297746722,2576.573372201,429.5720860621,194.1665829001,440.7409602998,2215.7328199087,761.2017365022,9.45058589336818,6053.5298367883,27.4926135079802,2333.4355714898,2317.9709763915,669.2733100848,2748.4022066258,258.6023958094,6564.7206192023,1126.338009655,19.7603159588607,0,4169.4266673196,0,3052.5392435579,268.0529817028,689.8927702158,1228.5761661378,634.0483990277,248.2926657439,635.766687372,1834.2728074855,121.9984724416,170.9696902527,1601.4447368398,1649.5568104788,710.5122303468,17.1828834424876,1242.3224728918,3758.7557530441,1598.0081601513,649.512994126,30.0700460243533,0,12262.5647687312,1339.4057643419,6208.1757877707,11.1688742376169,1691.6548749129,15.4645950982388,494.0078989715,727.6951137893,165.81482522,1388.3769821529,1131.4928746878,2824.8660379449,413.2483467918,3525.0685382263,298.1230277271,609.9923622083,656.386147503,870.3130463619,37.8023435734727,31.7883343686021,41.2389202619702,9631.0061695143,6800.9852665365,4790.5879037655,116592.737310655,626.3161014786,3732.9814278804,2280.1686328181,10.3097300654926,138.322211712,49278.7914247101,3684.0102100693,5016.5428210342,14010.9231590043,840.2430003376,36883.9184534717,3429.7035351205,2519.8698568408,6.01400920487066,8411.0214450976,2122.9452493193,1791.3155988793,9820.8770315537,304.9961811041,1347.9972060631,1584.2618533973,265517.647250868,1526.699193865,2144.4238536224,4681.4765939057,939.903724304,3605.828090406,1869.4977185426,2816.2745962237,3819.7549892649,1578.2478441924,10338.0818231726,2552.5173353815,536.1059634056,4449.5076674321,1713.9926233881,2037.889976279,2122.9452493193,321.3199203745,1317.0680158666,672.7098867733,2263.8448935477,1030.9730065492,8893.0013256594,762.0608806743,529.2328100286,2574.8550838567,2379.8293567845,2333.4355714898,6.87315337699504,1259.5053563343,3451.1821394236,490.571322283,1506.9388779061,2767.3033784126,28.3517576801045,4759.658713569,2401.3079610876,1195.069543425,945.9177335089,3354.9579921457,2047.3405621723,3644.4895781516,88.4918497288111,1074.7893593275,9527.0497246872,1947.6798382059,5.15486503274628,16391.611659961,4104.9908544102,497.44447566,0,157.2233834987,6.87315337699504,317.0241995138,260.3206841536,4407.409602998,762.0608806743,11583.840872753,5698.703293701,3622.1518296763,0.85914417212438,594.52776711,1.71828834424876,94.5058589336818,170.1105460806,401.220328382
"M-2145-ST-1",139598.277410157,2353.5179903665,187.0850333732,910.7932815946,0,2996.8793747254,0.586473458850383,2023.9199064926,0,1801.6464655883,18.7671506832123,3710.0311006875,4891.1886468121,246.3188527171,11141.8227712395,3428.5238404393,3298.3267325745,65.0985539323925,80.3468638625025,3050.2484594808,577.6763569676,56.3014520496368,1360.6184245328,1534.2145683526,337.2222388389,9915.5067687834,1625.7044279332,371.8241729111,189.4309272086,1.17294691770077,809.3333732135,268.6048441534,0,0,1077.938217367,51.6096643788337,3368.7035476366,359.5082302752,298.5149905548,91.4898595806598,146.0318912537,0,640.4290170646,347.1922876394,117.29469177,99.1140145457147,5.27826112965345,3914.1238643674,3212.1151341235,2.93236729425192,33.4289871544718,10.5565222593069,5274.7422889003,7178.4351363286,89.1439657452582,52.1961378376841,14129.9050440822,995.2454596691,238.1082242932,426.3662045842,2652.6194543802,118.4676386877,39.2937217429757,706.1140444558,6597.2399386079,0,202.9198167622,1852.0831830495,1248.6019938924,4987.3702940636,99.1140145457147,158.9343073484,411.7043681129,0,35.7748809898734,37.5343013664245,0,10114.3212713337,7343.8206517244,3993.8842547711,93067.4731849672,2727.1015836542,2210.418466407,27642.8400094539,2.34589383540153,154.2425196776,53412.4837913397,4180.9692881443,4071.8852247982,5691.7249181429,244.5594323406,29290.8304288235,7102.7800601369,31.0830933190703,0,7294.556881181,1550.0493517415,508.4724888232,163.6260950192,114.3623244758,1096.1188945913,2523.0088199743,339351.137494597,12.315942635858,1358.8590041563,1193.4734887605,319.0415616146,10327.7976103552,2194.5836830181,1326.0164904607,780.009700271,38.7072482841253,925.4551180659,611.105344122,416.9826292426,7688.0805720696,2033.8899552931,78.5874434859513,594.0976138154,2964.6233344886,11.7294691770077,270.9507379888,3754.6030835601,554.2174186136,7736.1713956954,655.0908535358,110.8434837227,2568.7537497646,655.0908535358,271.5372114477,5.27826112965345,1310.1817070717,6529.7954908401,4.10531421195268,1706.6377652546,7134.4496269149,45.1584563314795,595.2705607331,1.17294691770077,2497.2039877849,2185.7865811353,45.7449297903299,452.7575102324,150.7236789245,59.8202928027391,377.1024340407,8553.7153973328,11414.532929605,2.34589383540153,18355.4463150992,675.6174245956,574.1575162145,0,279.7478398716,60.9932397204398,67.444447767794,133.7159486178,3719.4146760291,0,8116.2061970304,3205.6639260761,3673.6697462387,731.3324031864,778.8367533533,0,48.0908236257314,41.0531421195268,4970.9490372158
"M-2147-ST-1",187620.212798715,2343.2342490722,96.132687141427,2075.1141763418,0,1864.0728866017,400.3025175498,355.9913570705,0,859.1858913265,278.6345853864,1110.0321218361,5169.3850437065,1.5020732365848,8184.0460295322,3636.5193057717,1312.8120087751,223.0578756328,243.3358643267,218.551655923,1261.7415187312,761.5511309484,2.25310985487719,3378.1627090792,97.6347603780118,1956.4503906516,2187.0186324674,235.0744615255,1538.1229942628,155.4645799865,6518.997846778,2176.5041198113,1.5020732365848,0,4910.2774103956,2.25310985487719,2867.4578086403,461.1364836315,545.2525848802,949.3102855215,376.2693457644,0,1121.2976711105,2153.9730212625,160.7218363145,271.1242192035,1048.4471191361,2369.5205307125,307.9250134998,0,2943.3125070879,7558.4325264946,1102.5217556532,165.9790926426,383.0286753291,12.0165858926784,8416.8673812029,1425.4675015189,11155.8979281152,340.2195880864,1565.1603125213,3.75518309146199,389.7880048937,683.443322646,328.954038812,1284.27261728,3324.8391091804,6516.7447369231,600.0782580156,4060.8549951069,224.5599488694,1214.4262117788,789.3394858253,500.1903877827,1.5020732365848,177.244641917,69.0953688829006,3958.7140150192,5964.7328224782,5374.4180405004,100440.633183952,1672.5585489371,3028.1796449549,2430.3544967942,2247.8525985491,355.2403204523,55220.7183965668,3734.1540661498,1671.0564757005,16521.3035291961,900.4929053325,35555.5755831987,1170.8660879178,262.8628164023,0,7549.4200870751,2772.8271947355,1441.2392705031,9877.6336037816,102.1409800877,2461.8980347624,1677.8158052652,276282.338697988,2678.1965808306,1374.397011475,4057.0998120155,1501.3221999665,1763.4339797505,1426.9695747555,3750.6768717522,2844.1756734733,48.8173801890059,3832.5398631461,2190.7738155589,806.613328046,4360.5186058056,1324.8285946677,316.186416301,1715.3676361798,1915.8944132639,76.6057350658246,847.1693054338,2764.5657919343,1253.48011593,8977.140698449,4.50621970975439,405.5597738778,2106.6577143101,1876.8405091127,1152.8412090788,20.2779886938947,805.1112548094,5286.5467561601,2.25310985487719,717.9910070875,1537.3719576445,28.5393914951111,3209.1794699634,832.1485730679,286.1449515694,621.8583199461,5104.0448579151,2307.9355280125,3003.3954365512,1452.5048197774,1209.1689554507,8236.6185928127,1158.0984654068,10.5145126560936,18432.6917227503,5439.0071896735,145.7011039487,0.751036618292398,284.6428783328,0,904.9991250423,374.0162359096,6072.131058894,0,12575.3571366879,8420.6225642943,3174.6317855219,6.00829294633918,534.7380722241,3.00414647316959,24.7842084036491,600.8292946339,82.6140280121638
"M-2147-ST-10",113185.617933613,2679.3451289659,203.1365308908,3779.882283666,15.4280909537389,1288.2455946371,1715.0894443573,259.7061977212,0,1720.2321413418,33.4275303997675,3119.0457211475,3396.7513583148,20.5707879383185,9881.6922558697,2285.9288096456,1727.9461868187,282.8483341518,46.2842728612166,815.1174720558,4091.015451233,262.2775462135,12.8567424614491,1987.65238454,190.2797884294,1517.0956104509,2280.786112661,161.9949550142,354.8460919359,25.7134849228981,4404.7199672924,1879.6557478638,0,0,1990.2237330323,0,2267.9293701996,89.9971972301434,1213.6764883607,624.8376836264,1401.3849282979,0,352.2747434437,3219.3283123468,25.7134849228981,95.139894214723,210.8505763677,3077.9041452709,609.4095926726,0,1185.3916549456,6058.0970478347,1020.825351439,138.8528185836,879.4011843631,66.8550607995351,3566.4603588059,2620.2041136433,7786.0432346535,1370.5287463904,3041.9052663788,5.14269698457962,1213.6764883607,1792.2298991259,843.402305471,1028.5393969159,2666.4883865045,4379.0064823695,406.2730617817,3170.4726909933,480.8421680581,1776.8018081722,164.5663035065,2105.9344151853,25.7134849228981,532.2691379039,12.8567424614491,4358.4356944312,10727.665909833,3707.8845258819,217435.799856519,966.8270331009,8670.5871160012,455.1286831352,7225.4892633343,84.8545002455638,48346.494352033,1604.5214591888,640.2657745801,11594.2103517347,2121.362506139,19521.6777534642,1645.6630350654,686.5500474413,0,14312.125708085,1838.5141719872,845.9736539633,4096.1581482176,100.2825911993,1303.6736855909,462.8427286121,257816.256579438,3731.0266623125,3728.4553138202,2185.6462184463,545.1258803654,1133.9646850998,3916.1637537573,2306.4995975839,7387.4842183486,20.5707879383185,2378.497355368,3841.5946474809,1013.1113059621,1789.6585506337,3437.8929341914,1491.382125528,1108.2512001769,3237.3277517928,215.9932733523,737.9770172871,5024.4149539342,1455.383246636,4183.5839969555,30.8561819074777,257.1348492289,5883.245350359,1565.9512318044,560.5539713191,30.8561819074777,2666.4883865045,5047.5570903649,0,1532.5237014047,2507.0647799825,89.9971972301434,2275.6434156764,1396.2422313133,434.5578951969,524.5550924271,334.2753039976,1085.1090637463,642.8371230724,383.1309253511,416.5584557509,18837.6990545151,3592.1738437288,0,16289.4926986559,6896.3566563212,138.8528185836,2.57134849228981,259.7061977212,71.9977577841147,2885.0530083491,349.7033949514,6299.80380611,10.2853939691592,6058.0970478347,7580.3353552703,141.4241670759,2.57134849228981,172.2803489834,5.14269698457962,23.1421364306083,84.8545002455638,51.4269698457962
"M-2147-ST-6",118195.937448618,2429.6652461216,154.4231683634,3176.229052886,2.22191609156072,599.9173447213,1542.0097675431,284.4052597197,0,1685.3233554488,63.3246086094805,2995.1428914238,3656.1629286631,9.99862241202323,9444.2543471788,2133.0394478982,2097.4887904333,212.192986744,48.8821540143358,635.4680021863,4338.2911687723,388.8353160231,24.4410770071679,1227.6086405872,123.3163430816,2510.7651834636,2479.6583581817,68.8793988383823,176.642329279,6.66574827468215,5984.7309926187,2107.4874128453,48.8821540143358,0,1865.2985588652,0,2261.9105812088,81.0999373419662,1606.4453341983,404.388728664,1108.7361296887,0,512.1516591047,2687.4075127426,43.327363785434,48.8821540143358,163.3108327297,2590.7541627597,698.7926107958,0,1194.2798992138,4471.6061342659,1367.5893543556,105.5410143491,942.0924228217,21.1082028698268,4016.1133354959,2436.3309943963,5461.4697530562,949.8691291422,2728.5129604365,9.99862241202323,1212.0552279463,2071.9367553803,713.2350653909,1156.5073256573,3217.3345005799,3372.8686269891,277.739511445,2942.9278632721,593.2515964467,1796.4191600268,173.3094551417,1966.3957410312,46.6602379227751,494.3763303722,18.8862867782661,2590.7541627597,11661.7266065564,3798.365558523,225177.864383129,884.3226044411,8518.8262950437,354.3956166039,6863.498806831,61.1026925179198,48874.3773080153,1638.663117526,388.8353160231,9746.434935631,1978.6162795348,18131.9462651812,4480.4937986321,1246.4949273655,0,14989.0459536686,1887.5177197808,1213.1661859921,5255.9425145868,108.8738884864,1394.2523474543,252.1874763921,257981.122600886,4432.7226026636,3681.7149637161,2436.3309943963,455.4927987699,1747.5370060125,3730.5971177304,2131.9284898525,8226.6443290035,11.1095804578036,3667.2725091209,3138.4564793295,1117.623794055,2223.0270496064,3469.521976972,913.2075136314,1621.9987468393,2839.6087650145,79.9889792961859,733.232310215,4340.5130848638,363.2832809701,4059.4406992814,18.8862867782661,204.4162804235,5267.0520950446,1186.5031928934,287.7381338571,134.4259235394,2621.8609880416,3639.4985579764,0,1824.1931111713,1107.625171643,48.8821540143358,2304.1269869484,1100.9594233683,365.5051970617,729.8994360776,306.6244206353,794.3350027329,599.9173447213,572.1433935768,414.387351076,18229.7105732099,2522.9857219671,3.33287413734108,15466.7579133541,6095.8267971968,177.7532873248,3.33287413734108,287.7381338571,14.4424545951447,2728.5129604365,518.8174073794,5908.0748874599,92.2095177997698,6393.5635534659,6124.7117063871,88.8766436624287,2.22191609156072,92.2095177997698,8.88766436624287,21.1082028698268,97.7643080286716,8.88766436624287
"M-2151-ST-1",168043.676447289,4754.1251853833,66.4912613340329,3479.3630344949,0,953.73402976,6.75301872923771,373.4938820247,279.9905457737,737.1179674452,83.1140766675411,2169.2774010228,4407.6433782755,623.8750379857,9211.6370096594,700.7555589032,4588.4164950274,332.9757696493,470.1139961507,2319.9216649827,2227.4572546901,524.1381459846,6.23355575006558,2179.147197627,106.4899107302,2197.8478648772,2236.288125336,312.7167134616,317.3918802741,8.83087064592624,6301.0859373579,1364.6292462851,4.15570383337705,6.23355575006558,3620.1375018505,104.9315217927,3372.8731237646,196.357006127,651.926038861,1548.5191409121,685.171669528,0,795.2978211125,2503.2920966305,101.2952809385,159.994597585,999.4467719271,1594.7513460584,563.0978694225,1.5583889375164,769.844135133,1476.3137868071,1515.2735102451,1057.1071626152,591.1488702978,424.9207169628,9274.4920301392,1495.5339170365,7813.242669728,11.947648520959,1672.6707929342,1.03892595834426,255.5757857526,1104.3782937199,1002.5635498022,435.8294395254,1470.0802310571,3472.6100157657,648.2897980068,3979.0864204585,252.4590078776,1095.0279600948,401.5448829,671.6656320695,117.918096272,229.602636794,109.6066886053,4827.8889284257,7433.5152319532,4125.0555176058,125441.478599424,159.4751346058,5164.5009389293,4997.753322615,62.8550204798279,111.1650775428,45398.4670647484,3963.5025310833,149.6053380015,16508.0140151111,292.977120253,32018.1396472326,7772.7245573526,155.3194307724,0.519462979172132,9098.3940801998,2173.9525678353,1445.1460080568,6270.9570845659,118.9570222304,986.4601974478,99.2174290218772,289321.139805669,1144.8964060953,2487.7082072553,4774.9037045502,702.3139478407,2252.3914776903,1958.3754314789,4338.0353390664,4478.2903434429,152.7221158766,4500.6272515473,631.1475196941,183.3704316477,6389.9141067963,1520.987603016,1075.8078298654,2860.1631633217,1052.9514587819,464.3999033798,94.542262209328,2821.722902863,1150.0910358871,10360.1696566089,4.15570383337705,408.8173646084,3270.0194538885,5296.444535639,568.2924992143,1.03892595834426,924.6441029263,11729.9935326859,3.63624085420492,839.4521743421,3421.7026438068,64.4134094173444,5450.7250404531,3137.0369312205,1316.3191892221,777.1166168415,863.347471384,954.2534927392,723.6119299867,1172.9474069706,888.2816943843,10148.2287611067,1307.4883185762,1.03892595834426,14214.065499087,4648.6742006114,302.3274538781,0.519462979172132,291.4187313155,414.0119944001,545.9555911099,1185.9339814499,4591.0138099233,59.7382426047952,10304.5871178375,4922.4311906351,906.4628986553,91.9449473134673,471.1529221091,313.7556394199,1.03892595834426,178.175801856,147.5274860848
"M-2151-ST-5",180792.212356923,7426.9908461573,47.7558567782753,3354.371380106,0,1029.6162721396,0,454.6357565291,250.2406895181,641.8387151,53.4865595916683,2212.0512859697,4353.4239039075,424.072008191,10594.1592676925,487.1097391384,5125.1585494445,380.136619955,544.4167672723,2527.2399407063,1371.548206672,636.1080122866,19.1023427113101,2385.8826046426,202.4848327398,2223.5126915964,2309.4732337973,303.7272491098,385.8673227684,7.64093708452405,6338.1573116126,867.2463590934,3.82046854226202,9.55117135565506,3780.3536225682,118.4345248101,3797.5457310084,473.7380992404,420.2515396488,1348.6253954184,848.1440163821,15.2818741690481,876.7975304491,2290.370891086,112.7038219967,204.395067011,787.0165197059,1100.2949401714,307.547717652,0,403.0594312086,958.9376041077,1499.5339028378,892.0794046181,378.2263856839,240.6895181625,9849.1679019514,1000.9627580726,6752.6781484481,9.55117135565506,1591.2251478521,21.0125769824411,225.4076439934,1000.9627580726,553.9679386279,210.1257698244,1633.250301817,2689.6098537524,668.5819948958,4674.3432614575,175.741552944,913.0919816006,450.8152879869,280.8044378562,74.4991365741094,156.6392102327,223.4974097223,7182.4808594526,5780.3689044424,3000.9780399468,94187.9212066567,769.8244112657,3805.1866680929,2548.2525176887,80.2298393875025,349.5728716169,50254.4432049146,4405.0002292281,660.9410578113,13614.2396503507,340.0217002613,33893.2866726775,9866.3600103916,502.3916133074,5.73070281339303,8601.7849229029,1982.8231734339,1732.5824839158,6848.1898620046,101.2424163699,1472.790623042,273.1635007717,312172.394822501,781.2858168925,1950.3491908247,3096.4897535033,1132.7689227806,2550.1627519599,1658.0833473417,5405.9629873007,3501.4594189831,108.8833534544,3140.4251417393,643.7489493711,383.9570884973,7100.3407857939,1090.7437688158,1033.4367406818,2723.9940706328,762.1834741812,317.0988890077,181.4722557574,2416.4463529807,1392.5607836545,9753.6561883949,3.82046854226202,322.8295918211,2265.5378455613,5358.2071305224,542.5065330012,7.64093708452405,431.7129452756,7232.146950502,22.9228112535721,832.8621422131,4544.4473310206,64.9479652184544,4922.6737167046,3455.613796476,1386.8300808411,943.6557299387,1975.1822363494,949.3864327521,3455.613796476,1984.7334077051,851.9644849244,7684.87247276,1910.234271131,3.82046854226202,15803.3681250668,4231.1689105551,290.3556092119,15.2818741690481,215.8564726378,313.2784204654,391.5980255818,1117.4870486116,4492.8710057001,30.5637483380962,8443.235478399,3172.8991243486,1577.8535079542,78.3196051163715,836.6826107553,145.1778046059,1.91023427113101,223.4974097223,133.7163989791
"M-2151-ST-6",145260.604443633,8846.5440554383,19.3079334543297,2571.4656827811,0,1000.5020062698,1.75526667766634,391.4244691195,617.8538705385,684.5540042898,35.1053335533268,3684.3047564216,4921.7677641764,2246.7413474129,11002.0115356126,984.7046061708,3371.867287797,279.0874017489,277.3321350712,161.4845343453,3108.577286147,895.1860056098,3.51053335533268,3256.019687071,635.4065373152,2896.1900181494,2290.6230143545,359.8296689215,486.2088697135,0,5762.5405027785,916.2492057418,42.1264002639921,0,3127.8852196014,200.1004012539,3064.6956192054,454.6140695155,972.4177394271,849.5490719905,824.9753385031,15.797400098997,1214.6445409451,2676.7816834411,57.9238003629891,168.5056010559,677.5329375792,1932.5486121106,605.5670037948,0,705.6172044218,1855.3168782933,1907.9748786233,645.9381373812,1214.6445409451,108.8265340153,7747.7471152192,1757.021944344,6903.4638432617,50.9027336523238,1983.4513457629,17.5526667766634,233.4504681296,1879.8906117806,1720.161344113,677.5329375792,1621.8664101636,1611.3348100976,477.4325363252,3689.5705564546,356.3191355662,1697.3428773033,265.0452683276,812.6884717595,187.8135345102,487.9641363912,128.1344674696,6778.8399091473,8890.42572238,4330.2428938028,156067.781378025,337.0112021119,5752.0089027125,5169.2603657273,5.26580003299901,61.4343337183218,51043.1549865371,2706.6212169614,145.6871342463,12678.2912127839,695.0856043558,22890.4327434467,4344.2850272241,275.5768683936,3.51053335533268,11324.9806043032,2495.9892156415,1223.4208743334,6041.6279045275,198.3451345762,1026.8310064348,147.4424009239,284398.838715566,1432.2976089757,2638.1658165325,3201.6064200634,589.7696036958,3487.714888523,2510.0313490628,3714.1442899419,5655.4692354409,107.0712673376,2847.0425511748,1114.5943403181,979.4388061378,4184.5557595565,1491.9766760163,1309.428941539,2057.1725462249,428.2850693505,351.0533355332,430.0403360282,3693.0810898099,1488.466142661,5328.989633395,1.75526667766634,542.3774033988,3756.2706902059,1609.57954342,726.6804045538,5.26580003299901,1377.884341968,4776.0806299301,21.0632001319961,1228.6866743664,2481.9470822202,52.6580003299901,3408.727888028,1992.2276791512,1534.1030762803,635.4065373152,2241.4755473799,554.6642701425,2060.6830795802,1620.111143486,831.9964052138,12859.0836805835,2316.9520145195,24.5737334873287,16262.5457685786,5299.1500998746,693.3303376782,59.6790670406555,405.4666025409,2418.7574818242,136.9108008579,763.5410047848,4333.7534271581,42.1264002639921,10531.600065998,4265.2980267292,2599.5499496238,8.77633338833169,956.6203393281,1546.389943024,7.02106671066535,337.0112021119,0
"M-2152-ST-1",166337.280948914,1654.3006952486,22.5586458442993,6139.9326071513,0,1310.1707645257,0.442326389103909,651.1044447609,27.8665625135462,2020.5469454266,205.2394445442,3572.2279184031,3984.0337866589,0.442326389103909,11145.2980262511,4340.5488562766,3744.7352101536,383.9393057421,112.3509028323,2006.8348273644,802.3800698344,503.3674308002,0,1024.8702435537,43.790312521287,5898.4223987006,2768.9631957904,335.7257293298,909.8653823867,123.851388949,8320.1593790445,767.8786114843,1291.5930561834,3.53861111283127,4990.3263218702,1.32697916731173,4289.6813215297,2881.3140986228,219.8362153846,1130.5862505495,412.2481946448,54.8484722488847,961.1752435227,440.9994099365,168.0840278594,621.0262503018,527.2530558118,1965.6984731777,1937.8319106642,3.09628472372736,133.5825695093,2210.7472927413,3695.6369809631,112.7932292214,3043.6478834239,243.7218403962,15927.2886188535,847.0550351339,3909.7229532894,332.187118217,1234.532951989,5.75024305835081,177.8152084197,1419.8677090235,582.1015280607,2.21163194551954,1763.9976397463,2560.6274665225,551.1386808234,5273.8575372859,65.4643055873785,2360.6959386475,756.8204517567,434.3645141,13.7121180622212,352.9764585049,146.8523611824,14414.5323681181,6456.6383017497,3622.653126761,72777.2877784334,1054.9484380128,2076.7223968428,452.0575696641,54.4061458597808,234.432986225,52351.5397823931,2841.5047236035,931.0970490637,28238.1166803935,675.4323961616,33560.1877940917,3866.3749671572,220.2785417737,4.42326389103909,8191.4423998152,1787.8832647579,1621.5685424549,1851.5782647889,272.0307292989,1088.1229171956,815.2075351185,337327.393184812,36.2707639065205,1399.9630215138,2126.2629524224,851.9206254141,5828.5348292222,1355.2880562143,3709.7914254144,993.4650699273,71.2145486457293,10537.5415676224,903.2304865501,1038.5823616159,5049.5980580102,957.1943060208,129.6016320074,1491.0822576692,273.3577084662,187.9887153691,390.1318751896,2752.5971193936,1775.9404522521,4300.7394812573,45.5596180777026,189.3156945364,2008.1618065317,1077.9494102462,311.8401043182,15.4814236186368,348.5531946138,5896.2107667551,0,331.7447918279,7539.4533022761,52.6368403033651,2086.4535774031,1938.2742370533,1546.8153826963,1343.3452437085,309.6284723727,3783.2176060057,1879.0025009134,304.7628820925,746.2046184182,6941.8703505967,685.605903111,0.884652778207817,17903.1605989807,1581.7591674355,813.438229562,59.2717361399238,921.3658685034,25.2126041789228,64.1373264200668,700.2026739514,3787.6408698967,0,4470.5928146732,4992.9802802049,1465.8696534903,678.9710072744,691.3561461694,0,46.0019444668065,247.260451509,0.884652778207817
"M-2152-ST-5",175578.946466987,2643.4054328817,84.4128079920579,6499.174528374,0,1223.6798723776,4.58765260826401,710.1686237592,0,1208.0818535095,128.7601165386,4183.6333352295,3548.7022142458,0.611687014435202,10542.1198502834,3132.4492009226,5147.9579134866,487.2087069976,135.1828301901,1417.8904994607,1707.2184572886,329.6993007805,2.75259156495841,4478.7723196945,61.7803884579554,6168.863540579,2222.258923443,275.8708435102,2002.0515982464,241.6163707019,8783.8255272894,621.7798501733,803.7567369678,1.529217536088,4129.499034452,0,4020.9245893897,1319.4088901367,164.2379633758,591.807186466,261.496198671,853.9150721515,1102.5658435194,500.9716648224,123.5607769159,163.3204328541,126.0075249736,1651.2490954678,1837.5077913633,0,416.2530133231,2181.2758934759,3835.2775805087,1064.6412486244,1781.2325860353,288.7162708134,11282.5669812572,851.774167601,3503.7432186848,174.330799114,1440.8287625021,260.5786681493,107.6569145405,1282.0959822561,1110.5177747071,1133.4560377484,1780.3150555136,1897.4531187779,542.566381804,4749.4438235821,174.0249556068,1559.1901997953,593.6422475093,837.0936792545,19.5739844619265,396.6790288612,194.5164705903,16095.9320978479,6080.4747669931,2097.168928991,84965.1613660928,269.1422863514,2825.3823196761,49.852491676469,30.8901942289777,41.9005604888113,50141.8196342968,3182.3016925991,657.2576970106,13255.2576028108,438.8854328572,33607.9196341133,5920.8244562255,984.8160932406,7.03440066600482,7884.9514595769,1651.8607824822,2516.7862208936,2390.1670089055,242.8397447307,1186.366964497,563.0578967876,332910.045919344,223.8774472832,1722.5106326495,1960.1510377576,1383.3301831452,6143.1726859727,1610.5719090078,4298.0188069289,1673.2698279874,90.5296781364099,9747.5384185321,1183.6143729321,702.5225360788,5731.2014817506,1402.9041676071,102.4575749178,2308.2009489712,880.8293007866,55.3576748063858,339.1804495043,2929.6749556373,1538.0869977973,4010.5259101444,160.261997782,146.8048834644,2011.5327469701,2510.0576637348,1974.5256825968,12.5395837959216,421.758196453,3210.4392952631,0.305843507217601,231.5235349637,4748.8321365676,11.0103662598336,1598.3381687191,2805.502491707,1725.8749112289,1504.1383684961,183.5061043305,3329.4124195708,1008.0601997892,387.8095671519,360.5894950095,7330.7630244986,681.725177588,0.917530521652803,15240.7936516674,1228.2675249858,328.7817702589,15.5980188680976,361.5070255312,0,2766.6603662904,602.2058657114,2626.8898834919,20.1856714763617,7407.8355883175,4375.0913707477,2295.9672086825,563.669583802,942.6096892446,0,7.95193118765762,136.7120477262,2.75259156495841
"M-2152-ST-7",161998.947624371,3912.3157538573,438.7042657235,12129.3367074537,0,189.1188476872,0,1313.5397516239,0,2152.3525998695,30.876546561189,9531.8472279937,3723.19690617,7.71913664029724,10118.5016126562,9309.2787881984,6195.8936766119,1027.9316959329,96.4892080037155,0,41.1687287482519,256.0180319031,10.292182187063,4963.4048597111,10.292182187063,13975.4968872581,3747.6408388643,124.7927090181,39.8822059748691,5.14609109353149,13405.5672986495,886.4141908607,370.5185587342,0,9009.5189820002,0,3387.4144623171,674.1379332526,109.3544357375,25.7304554676575,1183.6009515122,2.57304554676575,2179.3695781105,384.6703092414,25.7304554676575,365.3724676407,0,1093.5443573754,4312.4243363793,0,662.5592282921,3882.7257300695,8644.1465143595,283.0350101442,4232.6599244296,2796.9005093343,6026.0726705253,349.9341943601,7576.3326124517,20.584364374126,1219.6235891669,1.28652277338287,87.4835485900354,3476.1845336805,1758.6766312143,0,611.0983173568,3426.0101455185,1404.882868534,4470.6666375054,37.3091604281033,3227.8856384176,36.0226376547204,0,7.71913664029724,973.8977394508,1636.456967743,17526.2997417948,3895.5909578033,4569.7288910559,65480.149596868,2010.8350947974,306.1924200651,0,46.3148198417834,74.6183208562066,52976.4347623599,402.6816280688,1931.0706828476,4064.1254411164,263.7371685434,15501.3128964902,32051.1418532875,93.9161624569497,7.71913664029724,10510.891058538,2655.3830042622,4147.7494213863,2374.9210396647,51.4609109353149,1889.9019540994,1245.3540446346,283076.17887298,9.00565941368011,1051.0891058538,944.307715663,353.7937626802,11913.2008815254,558.3508836481,6036.3648527124,726.8853669613,149.2366417124,15767.6231105804,4549.1445266818,424.5525152163,10638.2568131029,122.2196634713,483.7325627919,1241.4944763144,5011.0062023262,39.8822059748691,885.1276680874,930.1559651558,21.8708871475088,6927.9251346667,0,159.5288238994,2372.347994118,15318.6266626698,1875.7502035922,66.8991842159094,0,4271.2556076311,0,173.6805744066,1520.6699181385,0,1651.8952410236,5004.5735884593,147.950118939,2840.6422836293,218.708871475,1156.5839732712,638.1152955979,3.85956832014862,488.8786538854,3595.8311516051,483.7325627919,1.28652277338287,15147.5191338099,958.4594661702,256.0180319031,181.3997110469,45.0282970684006,3.85956832014862,56.6070020288464,385.9568320148,822.0880521916,0,13743.9227880492,9416.0601783892,442.5638340437,611.0983173568,3.85956832014862,0,0,376.9511726011,2.57304554676575
"M-2154-ST-1",118135.684359106,106.4234983084,0,1299.4869267134,0,610.5348060851,0,0,0,884.9954069858,0,1030.6275625658,4537.0017699908,0,15801.0888804247,7897.7438218358,7679.2955884659,50.4111307776757,1025.0263258127,268.8593641476,162.4358658391,89.6197880492013,0,0,0,291.2643111599,4318.5535366208,0,0,0,5914.9060112472,0,0,0,33.6074205184505,0,2050.0526516254,0,0,0,0,0,44.8098940246006,28.0061837653754,0,0,0,6889.5212062823,0,0,739.3632514059,0,0,184.8408128514,0,0,610.5348060851,268.8593641476,0,0,168.0371025922,0,0,151.233392333,319.2704949252,0,0,7796.9215602805,22.4049470123003,11913.8305737906,16.8037102592252,39.2086572715256,0,0,817.7805659489,84.0185512961262,0,302.466784666,2542.961485896,991.4189052942,55289.8079896041,313.6692581722,649.7434633567,0,5.60123675307508,0,123921.761925033,873.7929334797,280.0618376537,649.7434633567,78.4173145430511,12675.5987722089,3394.3494723634,0,0,4895.4809221876,4906.6833956937,464.9026505052,0,224.049470123,134.4296820738,16.8037102592252,458455.627002442,0,61.6136042838259,1008.2226155535,72.816077789976,453.700176999,0,8765.9355185625,67.2148410369009,0,3030.2690834136,660.9459368628,5.60123675307508,1607.5549481325,3511.975444178,0,179.2395760984,0,16.8037102592252,498.5100710236,823.381802702,0,1837.2056550086,0,0,1417.1128985279,0,212.8469966168,0,16.8037102592252,761.7681984182,67.2148410369009,22.4049470123003,845.7867497143,0,8413.0576031187,0,16.8037102592252,44.8098940246006,274.4606009006,0,0,0,106.4234983084,3932.0682006587,162.4358658391,5.60123675307508,85553.2901664687,95.2210248022763,22.4049470123003,0,11.2024735061502,0,308.0680214191,0,1310.6894002195,0,22.4049470123003,324.8717316783,0,0,0,0,72.816077789976,28.0061837653754,0
"M-2154-ST-4",188538.353775523,1897.0093254346,297.6546752813,3916.9629732682,0,872.4733054443,3.23537690523257,284.7131676604,160.6903862932,581.2893839734,32.3537690523257,2661.6367340379,4194.1269281498,48.5306535784886,13159.3563325492,1795.634182404,6566.7366586537,85.1982585044578,501.483420311,217.8487116189,116.4735685883,249.1240217029,2.15691793682172,392.5590645015,358.0483775124,1054.7328711058,2795.3656461209,55.0014073889538,3827.4508788901,526.2879765844,910.2193693387,352.6560826703,29.1183921470932,4.31383587364343,1380.4274795658,275.0070369447,4519.8215366099,682.664527004,298.7331342498,93.8259302517447,760.3135727296,8.62767174728687,1132.3819168314,684.8214449408,19.4122614313955,731.1951805825,373.1468030701,1098.9496888106,0,0,458.3450615746,225.3979243978,1230.5216829567,16.1768845261629,1671.6114010368,11.8630486525194,1742.7896929519,675.1153142251,579.1324660366,98.1397661253881,1736.3189391414,3.23537690523257,459.423520543,1943.3830610763,5.39229484205429,44.2168177048452,139.121206925,2074.9550552224,690.2137397829,5179.8384252773,309.5177239339,325.69460846,92.7474712833338,136.9642889881,1177.6771935046,15.098425557752,67.9429150098841,12859.544739331,7582.6450068967,5000.8142365211,105963.985941209,2450.2587762294,3046.6465857606,51.7660304837212,46.3737356416669,401.1867362488,60427.1344590288,2282.0191771573,1564.8439631641,6960.3741821236,324.6161494916,16292.2796357828,2175.2517392847,8002.1655456085,2.15691793682172,11385.2913295134,2394.1789098721,2279.8622592205,268.5362831343,853.0610440129,999.7314637168,651.3892169201,381831.63314277,114.3166506515,2305.7452744624,1825.8310335195,1096.7927708738,478.8357819744,2188.1932469056,4488.5462265259,1777.300379941,777.5689162242,342.9499519546,1504.4502609331,1142.088047547,1185.2264062835,1226.2078470831,1348.0737105135,811.0011442449,94.9043892201555,883.2578951284,341.8714929862,2596.9291959333,379.6175568806,6543.0105613486,26.9614742102715,44.2168177048452,1862.4986384455,6531.1475126961,77.6490457255818,67.9429150098841,15.098425557752,3878.1384504054,119.7089454936,580.210925005,1288.7584672509,30.196851115504,999.7314637168,5535.7298848529,1020.2221841166,35.5891459575583,112.1597327147,922.0824179912,565.1124994472,1367.4859719449,85.1982585044578,8154.2282601545,480.9926999112,0,19971.9816360006,1263.9539109775,317.0669367127,30.196851115504,846.5902902025,8.62767174728687,230.7902192399,110.0028147779,1183.0694883467,10.7845896841086,1420.3304613971,672.9583962883,14.0199665893412,5.39229484205429,519.817222774,253.4378575765,29.1183921470932,48.5306535784886,52.8444894521321
"M-2154-ST-6",190229.102047521,1449.4013972229,31.1352892736781,1398.9407559862,2.14726132921918,1330.2283934512,1.07363066460959,308.1320007429,16.1044599691439,342.4881820104,24.6935052860206,2786.0715746618,4323.5106863828,42.9452265843836,12064.3877782179,1159.5211177783,5699.9051984123,198.6216729527,65.491470541185,352.1508579919,455.2194017944,342.4881820104,1.07363066460959,490.6492137265,505.6800430311,369.3289486256,4010.0105323168,184.6644743128,4135.6253200761,543.2571162924,2213.8264304249,478.8392764158,23.619874621411,0,3196.1984885427,449.8512484714,4307.4062264136,65.491470541185,227.6097008972,754.7623572205,867.4935770045,0,1818.7303458486,812.7384131094,106.2894357963,260.8922515001,164.2654916852,1390.3517106694,54.7551638950891,0,1034.9799606836,1360.2900520603,286.6593874507,33.2825506028973,1282.9886442084,0,5566.7749960007,795.5603224757,3296.0461403514,1.07363066460959,2161.2185278591,11.8099373107055,185.7381049774,897.5552356136,222.2415475741,407.9796525516,403.6851298932,2416.7426260361,497.0909977142,4682.1033283624,417.6423285331,852.4627477,146.0137703869,179.2963209898,964.1203368194,34.3561812675069,107.3630664609,2550.9464591123,8625.5487594734,6209.8797641018,115636.46436244,1931.4615656326,3092.0563140756,267.3340354877,81.5959305103289,136.3510944054,61968.8883306009,1853.0865271161,1738.2080460029,10944.5909950301,505.6800430311,18232.3959464,3399.1146841539,509.9745656895,0,9278.316203556,1736.0607846737,1266.8841842393,2817.2068639355,280.2176034631,1227.1598496487,790.1921691526,366782.296689245,719.3325452884,1744.6498299905,2917.0545157442,544.330746957,421.9368511915,3231.6283004748,2723.8009961145,2129.0096079208,137.42472507,871.7880996629,2306.1586675814,1125.1649365108,1091.8823859079,1601.8569515975,454.1457711298,525.005394994,109.5103277901,217.9470249157,468.1029697697,2983.61961695,1475.1685331735,4084.0910481748,18.251721298363,96.6267598148631,2129.0096079208,3039.4484115097,150.3082930453,220.0942862449,10.7363066460959,8100.5433644793,132.0565717469,347.8563353335,1455.8431812106,25.7671359506302,1103.6923232186,511.0481963541,396.1697152409,237.2723768787,202.9161956112,425.1577431853,571.1715135723,1249.7060936055,316.7210460598,8259.4407028415,290.9539101091,16.1044599691439,19768.7614274563,2238.5199357109,153.5291850391,40.7979652551644,3035.1538888513,34.3561812675069,152.4555543745,380.0652552717,2296.4959915999,85.8904531687672,2997.5768155899,5888.8641953836,176.0754289959,97.7003904794727,316.7210460598,654.9147054118,209.3579795988,107.3630664609,10.7363066460959
"M-2156-ST-1",175169.034921964,1272.6625703647,149.0660965965,1730.200705005,0,936.6176127193,6.03157616286634,790.1364773354,0,458.3997883778,35.3278032396457,3100.2301477133,5898.8814872832,3.44661495020934,12467.2679286447,3286.3473550246,5652.4485183433,74.9638751670531,87.0270274927858,234.3698166142,523.8854724318,234.3698166142,0.861653737552335,18.9563822261514,93.9202573932045,792.7214385481,3473.3262160734,116.3232545695,3066.6256519487,66.3473377915298,2709.0393508645,975.3920309092,71.5172602168438,0,1988.6968262707,0,4958.8172596136,342.0765338082,108.5683709315,77.5488363797101,601.4343088115,24.9879583890177,679.8447989287,367.0644921972,30.1578808143317,453.2298659525,74.9638751670531,2253.2245236993,88.7503349678905,0,46.5293018278261,181.8089386235,305.887076831,27.5729196016747,751.3620591456,8.61653737552335,6047.9475838798,793.5830922857,2710.7626583396,70.6556064792914,1992.1434412209,128.3864068952,415.3171015002,1115.8415901302,27.5729196016747,424.7952926133,1972.3254052572,1865.4803418008,315.3652679441,6166.855799662,103.3984485062,441.1667136267,301.5788081433,0,328.2900740074,45.6676480902737,3861.070397972,5702.4244351213,4972.6037194145,5075.1405141832,89682.6443119221,3460.4014100101,1936.9976020176,37.9127644523027,43.9443406151691,169.7457862978,60519.9735644633,3363.0345376667,851.3138927017,13876.0717895427,224.8916255011,25305.9086181745,8009.0714905489,45.6676480902737,6.03157616286634,10693.1228830244,2971.843740818,857.3454688645,370.5111071475,484.2494005044,1044.3243299134,572.1380817347,393357.855998704,78.4104901172625,1447.5782790879,2277.3508283508,3596.5427005434,831.495856738,1241.6430358129,4019.6146856816,1113.2566289176,548.8734308208,2250.6395624866,1046.909291126,1046.0476373885,1032.2611775876,2478.977802938,913.3529618054,442.8900211019,467.0163257533,585.062887798,729.8207157068,2597.0243649827,747.9154441954,4730.4790191623,61.1774153662158,6.89322990041868,1375.1993651335,2852.0738712982,0,43.0826868776167,51.6992242531401,2190.323800858,37.9127644523027,473.0479019162,3763.7035256285,43.9443406151691,1190.8054652973,372.2344146226,342.9381875458,101.6751410311,29.2962270767794,1334.7016394685,673.8132227659,147.3427891214,305.887076831,8807.8245052599,93.9202573932045,1.72330747510467,22048.8574902266,762.5635577338,417.9020627128,0.861653737552335,779.7966324848,85.3037200176811,69.7939527417391,12.924806063285,2071.4155850758,20.679689701256,3072.6572281116,10732.7589549518,448.9215972647,0,455.8148271651,145.6194816463,334.3216501703,296.408885718,88.7503349678905
"M-2156-ST-4",151675.090280501,2948.5856192387,114.3800464009,3017.8735319623,0,3693.7056330523,882.5960311223,191.3666160938,0,1246.632524956,15.3973139385834,2340.9416227339,4025.8476908703,3.84932848464585,8799.0150118311,2064.3398759086,2383.8341401342,318.3944560871,86.8848429391493,608.7438046432,3799.8371184146,303.5470462177,12.6477935924078,1484.1910828655,67.0882964466849,1530.9329287505,2840.2545175994,532.8570430888,232.6094212864,10.9980813847024,3852.078004992,1822.9319895144,4.39923255388098,0,3051.4176801856,0,2386.0337564111,186.9673835399,1067.3637983853,1252.1315656483,578.4990808353,0,766.5662725137,2741.271785137,31.344531946402,823.7562957142,348.639179895,3312.6221130723,604.8944761586,0,1839.4291115914,3165.7977265865,1131.1526704166,81.385802246798,788.0125312139,17.0470261462888,3733.8486301064,2065.4396840471,6983.2317752168,681.3311417823,2399.2314540728,8.79846510776195,802.310037014,1482.5413706578,571.9002320045,695.6286475824,4525.1605857358,4065.4407838552,354.6881246566,3094.310197586,361.8368775567,1688.2054925518,207.8637381708,1536.9818735121,21.9961627694049,402.5297786801,13.747601730878,4238.6605656643,9514.9901099753,4046.194141432,180536.805354306,356.3378368643,6824.3094992078,512.5105925271,4223.2632517257,31.344531946402,49132.8287780196,2524.0596777892,404.729394957,11766.8472734931,1233.4348272943,19346.1750597608,1784.9886087372,933.187205492,0.549904069235122,12162.7782033424,1802.0356348834,1031.0701298158,5916.9677849699,104.4817731546,1424.8014433882,375.0345752183,271818.13132699,3144.3514678864,2636.7900119824,3982.9551734699,504.2620314886,1252.6814697176,3061.8658575011,2462.4704220348,6478.4198396589,355.2380287258,2240.3091780638,2406.3802069728,644.4875691435,3435.2507205118,2735.7727444447,802.310037014,1004.6747344925,1934.0126114999,354.1382205874,563.651670966,3167.4474387943,4011.5501850702,5552.381387067,9.89827324623219,249.1065433635,4919.9917074466,2210.6143583251,394.2812176415,51.6909825081015,2040.6940009315,6430.5781856355,0,1419.852306765,1483.6411787963,51.1410784388663,1777.8398558371,1863.0749865685,351.9386043104,526.8080983272,322.2437845717,1262.5797429638,419.5768048263,590.5969703585,553.7533977197,15324.7266014443,2772.0664130142,7.69865696929171,16509.769870646,7328.5715306964,89.0844592160898,39.5930929849288,266.1535695097,8.79846510776195,2781.4147821912,502.0624152116,4468.5204666046,36.8435726387532,9008.5284622097,7434.7030160588,625.2409267203,4.39923255388098,203.4645056169,17.5969302155239,7.14875290005658,43.9923255388098,28.5950116002263
"M-2157-ST-1",175436.685187203,188.8368377092,108.9443294476,428.514362494,0,1539.7465228601,0,1438.065148709,0,14.5259105930203,0,6217.0897338126,10233.5040127828,0,12731.9606347822,602.8252896103,1467.116969895,0,174.3109271162,0,0,116.2072847441,0,36.3147764825507,108.9443294476,11388.3139049279,4016.4142789701,0,7.26295529651015,0,1605.1131205287,130.7331953371,50.840687075571,0,551.9846025347,0,2164.36067836,14.5259105930203,72.6295529651015,0,101.6813741511,0,94.4184188546319,43.5777317790609,21.7888658895304,0,0,3733.1590224062,4880.7059592548,0,0,0,6507.607945673,0,217.8886588953,0,435.7773177906,559.2475578312,36.3147764825507,464.8291389766,660.9289319824,0,14.5259105930203,5948.3603878418,21.7888658895304,5447.2164723826,0,3813.0515306678,0,3754.9478882957,0,43.5777317790609,0,0,108.9443294476,0,5788.5753713185,1147.5469368486,1452.591059302,4190.7252060863,99589.6430257471,268.7293459708,2680.0305044122,0,0,21.7888658895304,106409.55804917,3297.3817046156,87.1554635581218,929.6582779532,4408.6138649816,15876.8202781711,12179.9760322475,0,50.840687075571,3936.5217707085,9608.8898572829,305.0441224534,21.7888658895304,108.9443294476,392.1995860115,79.8925082616116,360126.375422159,7.26295529651015,87.1554635581218,254.2034353778,7.26295529651015,10669.2813305734,653.6659766859,312.3070777499,3246.54101754,0,1212.9135345171,36.3147764825507,2985.0746268656,10647.4924646838,2011.8386171333,0,370.410720122,1699.5315393833,65.3665976685913,2621.9268620401,319.5700330464,0,2796.2377891564,14.5259105930203,29.0518211860406,341.3588989359,14.5259105930203,0,0,0,21.7888658895304,0,0,530.1957366452,0,174.3109271162,784.399172023,0,2425.8270690343,14.5259105930203,0,65.3665976685913,210.6257035987,7.26295529651015,2745.3971020808,297.7811671569,0,46860.5875730834,79.8925082616116,167.0479718197,0,617.3512002033,65.3665976685913,43.5777317790609,624.6141554998,1343.6467298543,0,29.0518211860406,14.5259105930203,0,0,0,0,1757.6351817554,0,0
"M-2164-ST-1",28905.2352003154,597.7692667833,18.2608940533729,2558.7252751894,0,365.2178810674,3.52017234763814,97.6847826469584,5569.3526755069,3079.4907718681,5.06024774972983,1635.5600770213,723.1754066679,296.3545095167,5523.3704242159,463.3426852578,621.7504409015,69.0833823223985,33.221626530835,100.1049011359,9909.0651478296,84.0441147998606,33.221626530835,582.3685127623,9.24045241255012,878.9430330508,2823.8382551209,1751.5057537217,2359.8355375479,446.8418773783,1056.4917258348,129.5863445474,14.0806893905526,0,1153.2964653949,0,1971.9565469925,210.7703193148,3098.4116982367,291.9542940822,84.264125571588,29.0414218680147,206.1500931085,2248.9501085973,41.5820358564755,55.6627252470281,49.9424451821161,3707.6215251498,142.5669800793,0,1845.8903747927,452.5621574432,524.7256905698,3935.1126631159,1844.7903209341,31.0215188135611,1101.3739232672,5491.9088838589,1220.3997507717,3.74018311936552,4346.9728277896,1.76008617381907,2364.8957852976,255.6525167472,895.2238301587,2571.0458784062,277.6535939199,488.8639347782,111.1054397223,2169.0861984602,1196.6385874252,3528.0927354203,31.2415295852885,3607.0766024704,1.76008617381907,1113.4745157122,53.902639073209,536.1662506996,20256.6117637119,1054.0716073458,389776.803472298,4922.080985085,17252.8046973179,50.6024774972983,17082.9563815444,141.2469154489,27859.0839807517,354.217342481,93.5045779841381,3822.2471372198,189.649285229,5045.2870172523,688.4137047349,97.2447611035036,0,22285.7711113536,553.547101666,333.3163191669,1790.8876818609,75.9037162459474,424.1807678903,1024.1501423909,206045.367981216,7798.9418361923,7101.067668273,1245.2609679769,282.4938308979,1028.3303470537,7882.9859509921,599.0893314136,15723.7298338126,1.54007540209169,1427.4298869672,205.4900607933,484.9037408871,968.0473956004,6720.8890547281,47.7423374648423,407.2399384673,153.5675186657,180.1888220447,135.0866138406,7907.8471681973,245.9720427912,1196.6385874252,5.94029083663936,49.7224344103887,9601.0500674113,242.4518704435,142.3469693076,71.7235115831271,6242.8056477645,3134.0534432565,5197.5344712877,3193.6763623947,264.4529476163,9.90048472773227,1346.0259014281,245.0919997043,119.4658490479,314.6154035701,411.4201431302,240.0317519545,166.7681649693,133.7665492102,154.0075402091,36542.2491085163,4306.7108565635,1.98009694554645,7690.0365041872,6199.6835365059,2493.3820759864,2.86014003245599,38.5018850522922,1.76008617381907,491.2840532672,201.5298669022,596.2291913812,10.7805278146418,1847.2104394231,913.2647134403,157.307701785,31.4615403570159,88.2243194626809,0.220010771727384,9.02044164082274,79.4238885935855,5.94029083663936
"M-2164-ST-5",85662.55733229,1420.0927305569,65.7604488358736,2917.5996603764,0,1391.7907652351,0.832410744757893,189.7896498047,2270.8165116995,1627.3630060016,0,2848.5095685615,4481.6994497764,164.817327462,9489.4824902399,563.542074201,4122.098008041,181.4655423572,325.4726012003,678.4147569776,4908.7261618372,218.0916151265,16.6482148951579,8616.2836189889,12.4861611713684,953.9427134925,2832.6937644111,1663.989078771,3513.605753623,521.9215369631,3652.6183479976,104.0513430947,1.66482148951579,0,1135.4082558497,0,2761.9388511066,42.4529479826526,1911.2150699641,138.1801836298,307.9919755604,124.0292009689,577.6930568619,1958.6624824153,170.6442026753,304.6623325813,0,3172.3173482723,124.0292009689,0,1013.0438763703,1062.9885210558,531.9104659002,4321.8765867829,925.6407481707,6.65928595806315,1923.7012311354,3183.1386879541,3097.4003812441,35.7936620245894,2538.0203607668,19.1454471294315,1141.235131063,1146.2295955316,1424.2547842807,1367.6508536372,460.3231418511,2048.5628428491,84.9058959653051,3586.8578991617,580.1902890962,2005.2774841217,126.5264332031,1822.147120275,403.7192112075,530.2456444107,91.5651819233683,2214.2125810559,13405.9750443258,1373.4777288505,235476.513530837,2728.6424213163,9411.2358802327,179.8007208677,8879.3254143324,133.1857191612,46173.8240117203,1066.3181640348,203.9406324656,8958.4044350844,258.8797416197,18653.4923792796,10281.9375192494,108.2133968185,0,14589.6631233715,2185.0782049894,978.9150358352,5741.1369065951,116.5375042661,295.505814389,485.2954641938,286689.752191321,6884.8692698925,3980.5881814322,1028.0272697759,421.1998368474,1336.0192453364,4179.5343494293,2264.1572257414,8980.0471144481,120.6995579898,1709.7716697327,668.4258280405,1183.6880790457,1052.9995921187,3665.104509169,806.6060116703,987.2391432828,169.8117919306,521.0891262184,314.6512615184,4809.6692832111,1963.6569468838,2393.1808911789,4.16205372378947,29.9667868112842,5325.763944961,236.4046515112,2013.6015915693,275.5279565148,3050.7853795376,2661.2171509909,2097.6750767898,1879.5834616633,2020.2608775274,9.98892893709472,2367.3761580914,118.2023257556,376.2496566305,314.6512615184,2044.4007891253,661.7665420825,860.7127100796,116.5375042661,128.1912546927,20374.9177994389,2077.6972189157,2.49723223427368,17682.9014508919,4440.9113232833,1323.533084165,3.32964297903157,110.7106290527,2.49723223427368,517.7594832394,162.3200952277,1788.8506904847,282.1872424729,5293.2999259154,3378.7552129722,720.0352942155,4.99446446854736,1103.7766475489,0,120.6995579898,330.4670656688,27.4695545770105
"M-2169-ST-1",162967.755351965,1749.1364072229,335.0393382395,5305.1746248137,0,154.8112804279,62.3866353963284,143.2581997989,0,90.1140289058077,60.0760192705385,8022.4591887426,5630.97149855,0,14067.0309738091,6589.8771907529,12029.0675508624,115.5308062894,147.8794320505,34.6592418868491,323.4862576105,143.2581997989,0,441.3276800258,9.24246450315977,180.2280578116,3754.7512044086,0,288.8270157237,0,1490.3474011345,7454.0476217983,748.6396247559,0,2409.9726191989,57.7654031447485,4071.3056136418,727.8440796238,339.6605704911,348.9030349942,2204.3277840036,0,1397.9227561029,1876.2202941414,4.62123225157988,695.4954538627,263.41023834,4531.118222674,23.1061612578994,0,13.8636967547397,723.2228473722,34.6592418868491,0,2433.0787804568,2.31061612578994,3003.8009635269,693.1848377369,660.8362119759,131.70511917,508.3355476737,9.24246450315977,16.1743128805296,2909.0657023695,3177.0971729611,1039.7772566054,702.4273022401,1765.3107201035,316.5544092332,6472.0357683376,55.4547870189586,1005.1180147186,18.4849290063195,117.8414224152,11.5530806289497,166.3643610568,11.5530806289497,1270.8388691844,7151.3569093198,2118.8349873493,74817.7501530783,328.1074898621,1092.9214274986,16.1743128805296,0,503.7143154222,73445.244174359,3174.7865568353,147.8794320505,17745.5318460667,90.1140289058077,21019.6748963111,5864.3437272548,67.0078676479083,4.62123225157988,7943.8982404658,5522.3725406379,628.4875862148,3223.3094954769,436.7064477742,314.2437931074,71.6290998994882,391688.713795534,2160.4260776135,603.0708088311,1240.8008595491,940.4207631965,219.50853195,1141.4443661402,3255.658121238,2359.1390644315,487.5400025416,1448.7563108702,1954.7812424182,323.4862576105,651.5937474727,7155.9781415714,1816.1442748708,891.8978245549,323.4862576105,291.1376318495,108.5989579121,1483.4155527571,2.31061612578994,8925.9100939265,9.24246450315977,184.8492900631,653.9043635985,1030.5347921023,127.0838869184,62.3866353963284,0,1409.4758367318,0,314.2437931074,3304.1810598796,217.1979158242,760.1927053848,1337.8467368323,270.3420867174,4.62123225157988,2.31061612578994,152.5006643021,1076.7471146181,69.3184837736983,464.4338412837,4974.7565188257,295.7588641011,0,28827.2467853553,1936.2963134119,663.1468281017,27.7273935094793,25.4167773836894,41.591090264219,1116.0275887565,16.1743128805296,1654.4011460655,175.60682556,8248.89956907,5963.7002206638,591.5177282022,210.2660674468,0,0,16.1743128805296,0,0
"M-2173-ST-1",123216.921880869,3721.2065094908,80.8008455699299,2083.3515317219,0,604.9144384559,21.8380663702513,347.2252552869,687.8990906629,1436.9447671625,43.6761327405026,3590.1781112693,4481.1712191755,19.6542597332262,10145.9656356187,2131.3952777365,4072.7993780518,248.9539566208,131.0283982215,262.056796443,3138.1301374051,366.8795150202,2.18380663702513,4216.9306160955,32.757099555377,2587.8108648747,3035.4912254649,611.465858367,2559.4213785934,255.5053765319,7796.1896941797,705.3695437591,24.0218730072764,661.6934110186,2790.9048821181,17.470453096201,3208.0119497899,303.5491225464,895.3607211803,604.9144384559,917.1987875505,0,661.6934110186,2747.2287493776,174.704530962,238.0349234357,585.2601787227,1856.2356414713,840.7655552546,0,1749.2291162571,939.0368539208,1351.7763083185,1336.4896618593,1273.1592693856,408.3718411236,5937.7702460713,2194.7256702102,5256.4225753194,6.55141991107539,2804.0077219402,10.9190331851257,866.9712348989,1268.7916561116,460.7832004123,1921.7498405821,888.8093012692,3245.1366626193,504.4593331528,3653.508503743,465.1508136863,1886.8089343897,482.6212667825,1246.9535897413,69.8818123848042,397.4528079385,32.757099555377,6547.0522978013,9787.8213471466,3841.3158745272,169655.570017208,1709.9205967906,6324.3040208247,2258.0560626839,0,248.9539566208,52828.4663562749,2474.2529197494,1155.2337109862,9907.930712183,718.4723835812,19658.6273465002,7160.7019628054,1030.7567326758,2336.6731016168,12642.0566217384,3009.2855458206,1535.2160658286,7540.6843176477,3483.171586055,1177.0717773565,2054.9620454406,288234.086601036,4882.9916403881,2980.8960595393,2044.0430122555,430.2099074939,2869.521921051,2878.2571475991,3138.1301374051,5933.4026327972,56.7789725626534,8436.045038828,956.507307017,530.6650127971,3179.6224635085,2773.4344290219,1487.1723198141,1255.6888162894,495.7241066047,1709.9205967906,495.7241066047,3749.5959957721,604.9144384559,4907.0135133954,4.36761327405026,194.3587906952,4138.3135771626,3708.1036696686,1535.2160658286,434.577520768,1921.7498405821,2334.4892949798,1626.9359445837,2063.6972719887,1137.76325789,13.1028398221508,3511.5610723364,1439.1285737995,729.3914167663,954.3235003799,1264.4240428375,1867.1546746564,742.4942565885,639.8553446483,773.0675495068,13727.4085203399,703.185737122,4.36761327405026,16424.409717066,5431.1271062815,1102.8223516976,82.984652206955,233.6673101616,128.8445915844,246.7701499838,214.0130504284,4393.8189536945,292.6300893613,4845.8669275587,5114.4751439128,1561.4217454729,80.8008455699299,1070.0652521423,4.36761327405026,8.73522654810052,334.1224154648,19.6542597332262
"M-2173-ST-10",166456.556974917,6215.1067833344,91.910052351469,6249.8835598998,0,660.7587547429,1.24202773447931,483.1487887124,14.9043328137517,478.1806777745,26.0825824240655,17472.8461686549,6328.131307172,0,14181.4726722847,1633.2664708402,3908.6612804063,111.7824961031,54.6492203170897,486.8748719158,775.025306315,1913.9647388326,0,2120.1413427561,91.910052351469,1766.1634384295,1374.9247020685,171.3998273581,5418.9670055332,825.9484434287,1646.9287759195,109.2984406341,2.48405546895862,3.72608320343793,2970.9303408745,13.6623050792724,4917.1878008035,4365.7274866947,208.6606593925,9.93622187583449,186.3041601718,0,196.2403820477,715.40797506,14.9043328137517,699.2616145118,0,1455.6565048097,316.7170722922,0,21.1144714861483,3091.407031119,1584.8273891956,69.5535531308414,1208.4929856483,632.1921168499,1885.3981009395,649.5805051326,4866.2646636899,3.72608320343793,5440.0814770193,14.9043328137517,1018.462742273,832.1585821011,470.7285113676,65.8274699274035,64.5854421929242,2579.6916045135,0,5365.5598129506,363.9141262024,228.5331031441,42.2289429722966,18.6304160171897,622.2558949741,31.0506933619828,50.9231371136518,2542.4307724791,3685.0962882001,3877.6105870444,88070.9446241934,194.9983543132,2469.1511361448,55.891248051569,0,816.0122215529,63210.5174908555,1813.3604923397,114.266551572,5313.3946481024,434.7097070677,12467.4743987033,32348.6123445136,1516.5158637992,0,10962.1367845143,1757.4692442882,5038.9065187825,2491.5076353654,244.6794636924,925.310662187,1243.2697622137,369238.699100151,520.4096207468,1917.690822036,1558.7448067715,402.4169859712,1517.7578915337,1356.2942860514,4673.7503648456,2142.4978419768,37.2608320343793,5934.4085153421,2508.8960236482,987.412048911,1264.3842336999,606.1095344259,393.7227918299,140.3491339961,1094.2264340762,1371.1986188651,303.0547672129,4093.7234128438,208.6606593925,3375.8313823147,3.72608320343793,2.48405546895862,3005.7071174399,77.0057195377173,654.5486160705,1603.4578052127,0,822.2223602253,37.2608320343793,409.8691523781,2625.6466306892,2.48405546895862,5817.657908301,264.551907444,88.1839691480311,74.5216640687587,17.3883882827104,104.3303296962,83.2158582101138,378.8184590161,2269.1846708937,5549.3799176535,0,3.72608320343793,19897.2843063585,1381.1348407409,108.0564128997,4.96811093791724,1596.0056388059,498.0531215262,1372.4406465996,212.3867425959,873.1454973389,47.1970539102138,1679.221497016,12306.010793221,26.0825824240655,2.48405546895862,90.6680246169897,382.5445422196,2.48405546895862,13.6623050792724,0
"M-2173-ST-4",104221.736274651,2240.8324121689,94.1189663734961,1044.8206533057,0,2439.583633713,2.50316399929511,525.1638070521,389.9929510901,1275.1117412409,2.00253119943609,5629.6158344147,1853.8432578779,50.0632799859022,8613.3873215744,2323.9374569455,4398.0591467615,75.5955527787123,533.1739318498,1630.5610291408,2605.7937232662,205.2594479421,7.50949199788533,38635.3350635202,237.800579933,2610.8000512647,1840.8268050816,392.9967478893,1649.5850755354,139.1759183608,7251.165473158,462.0840742698,9.51202319732142,922.6662501401,2378.5064321302,105.6335207702,3182.0220759039,263.3328527258,793.0023549766,718.9087005975,373.9727014946,0,772.4764101824,1742.2021435093,426.03851268,34.0430303904135,257.8258919273,1922.9305842585,723.4143957962,0,781.9884333797,4469.6496371413,2066.1115650181,3363.7517822527,1039.3136925073,146.6854103586,5942.5113343265,1878.8748978709,5771.2949167748,0.500632799859022,2642.3399176559,3.50442959901315,785.9934957786,903.6422037455,1228.552890854,571.2220246391,215.7727367392,1459.8452443889,355.9499206997,3057.364508739,296.8752503163,789.4979253776,224.2834943368,769.9732461831,23.529741593374,218.7765335383,2526.6937408884,7018.3712212236,9962.5927171945,3430.335944634,162230.559427116,1256.0876948462,7156.5458739847,59.0746703833646,0,70.5892247801221,49814.4654843722,1056.8358405023,528.6682366511,17870.5884237676,688.3700998061,21542.2293779337,2936.712003973,579.2321494368,4362.0135851716,10793.6431649605,1353.2104580189,2175.2495153874,2081.1305490139,2200.2811553804,654.8277022156,628.7947966229,283575.439355345,2328.9437849441,3142.9727175149,2521.6874128898,688.870732606,2604.7924576664,2621.8139728616,1620.0477403437,5159.0210025472,7.50949199788533,8825.1549959148,1269.1041476426,410.0182630845,2656.3576360519,2743.4677432274,122.6550359654,1709.6610115185,178.2252767498,145.6841447589,703.3890838019,3548.9859182006,3774.771310937,7315.7471043398,11.0139215968985,131.165793563,3713.1934765543,5772.7968151743,14221.4759455952,189.7398311465,1351.7085596193,3308.1815414684,678.3574438089,653.325803816,4503.1920347319,4.00506239887217,2333.9501129427,724.9162941958,733.4270517934,755.9555277871,1844.8318674804,792.5017221768,1199.5161884622,305.386007914,282.8575319203,13737.8646609314,1460.8465099886,3.00379679915413,13687.3007481456,3263.6252222809,543.186587847,16.0202495954887,100.6271927716,670.3473190112,1429.3066435975,103.1303567709,2838.0873424007,49.5626471860432,9341.8080453693,7231.1401611637,830.5498149661,6.50822639816728,2365.4899793338,0,0,646.3169446179,495.6264718604
"M-2174-ST-1",190167.00927128,6471.1100241557,393.9665429213,9935.4516143506,0,6.90304330525603,0,932.4039207313,0,510.3321300671,13.3130120887081,2866.7352697684,4873.5485735107,13.3130120887081,11501.4562956001,399.3903626612,9317.1361640084,69.0304330525603,670.5813496534,121.2963323637,63.6066133127162,482.2268823243,0,2.95844713082401,125.73400306,11552.2429713459,3962.8399317387,0,285.4901481245,10.847639479688,1087.7223950996,500.470639631,243.0857392493,0,2101.4836119286,0,4170.4243054182,1738.0876893591,166.1661138479,1987.5833973919,177.9999023712,0,1757.8106702312,3642.8345670879,0,522.6589931122,559.1465077257,4635.3935794794,2925.9042123849,0,4.43767069623602,53.2520483548322,5855.7530209443,0,3043.7490230961,2.95844713082401,4558.9670285998,436.8640263183,272.6702105576,17.2576082631401,2939.7102989954,20.2160553939641,190.8198399381,494.5537453694,131.6508973216,0,1587.206885687,3205.4774662478,340.2214200447,5728.046719797,65.0858368781282,2076.8298858384,12.3268630451,100.587202448,1.97229808721601,279.080179341,4.93074521804002,6646.6445539179,4768.5237003665,4872.0693499453,60886.8142504453,683.4012872203,1641.9381576073,0,0,937.3346659494,53400.4637858952,3511.1836697662,522.6589931122,26544.6668813184,682.4151381767,25787.3044158274,21918.1486432314,72.4819547051883,0.986149043608004,4400.6901071007,4138.3744615009,2408.1759644907,80.8642215758563,655.2960394775,451.1631874506,144.4708348885,363465.939151645,370.2989658748,1186.8303739822,1326.3704636527,452.1493364942,7832.9818533783,668.1159770444,4192.1195843776,1424.9853680135,135.5954934961,316.0607684763,409.2518530973,164.1938157607,8237.7960357794,320.9915136944,120.8032578419,1603.4783449066,2262.2259060367,316.5538429981,124.7478540164,933.3900697749,0,5602.8057912588,2.95844713082401,977.2737022155,2424.4474237102,2803.1286564557,0,45.3628560059682,0,409.7449276191,1.47922356541201,188.8475418509,1991.0349190445,13.8060866105121,1132.0991020619,756.8693909691,818.5037061946,1505.8495895894,59.1689426164802,1449.6390941037,160.7422941081,815.052184542,757.3624654909,5554.484488122,268.7256143831,0,19019.8566040675,11676.9908253623,1720.3370065741,23.6675770465921,93.1910846209564,191.3129144599,628.1769407782,343.6729416973,2982.1147078706,0,444.2601441454,309.1577251711,0.986149043608004,152.8531017592,14.2991611323161,134.1162699306,469.9000192792,644.4483999978,0
"M-2174-ST-5",133079.242680155,389.094735725,0,0,0,0,0,0,0,0,0,10355.2258075926,2953.5827666404,0,21497.484148811,318.3502383205,17535.7922941556,0,804.7186579768,0,53.0583730534209,0,0,0,0,0,2759.0353987778,0,0,0,0,0,0,0,35.3722487022806,0,238.7626787403,0,0,0,0,0,35.3722487022806,0,0,512.897606183,0,7171.7234243873,0,0,0,0,0,0,0,0,35.3722487022806,0,0,0,229.9196165648,0,114.9598082824,353.7224870228,0,0,0,6066.3406524411,0,2980.1119531671,0,0,0,0,0,0,70.7444974045612,0,3908.633481602,5296.9942431665,54632.4381206724,0,88.4306217557016,0,0,0,110927.371930352,27873.3319773971,247.6057409159,3404.5789375945,406.7808600762,17323.5588019419,29067.1453710991,61.9014352289911,0,3033.1703262205,7295.5262948453,1193.8133937019,176.8612435114,610.1712901143,0,0,375202.285047266,0,0,380.2516735495,309.5071761449,486.3684196563,0,5358.8956783955,548.2698548853,0,0,0,0,1043.4813367172,8409.7521289672,2980.1119531671,0,17.6861243511403,150.3320569846,1547.5358807247,1706.710999885,0,40899.1625620119,0,0,521.7406683586,0,0,0,0,0,0,0,11416.393268661,0,0,0,0,0,0,0,0,2157.7071708391,0,6128.2420876701,0,0,65597.8352183794,433.3100466029,0,0,0,0,26.5291865267105,1202.6564558775,17.6861243511403,0,0,0,0,256.4488030915,0,0,0,61.9014352289911,0
"M-2181-ST-1",205166.119905382,3427.7810564553,44.0549579057058,3479.6873929977,0,6452.0884885267,0,370.1052651781,73.0614400911458,1367.884633587,278.5058477504,2292.6025619048,5079.4057902172,119.079242656,11118.4245249152,4004.6392923988,5623.113760806,278.0696600483,211.9872231898,476.9712521771,54.9596504566231,773.796983413,6.54281553055037,5048.0002756706,149.3942879475,1707.4567596226,2628.4670924731,769.4351063927,1062.7713360123,101.6317345745,3550.7859884296,1969.6055685466,2.3990323612018,1.52665695712842,3321.3512571583,0.436187702036691,3941.6101694545,300.5333267032,180.3636147921,627.8921970818,612.4075336595,19.1922588896144,1161.1316628216,2639.589878875,159.8627927964,95.307012895017,791.2444914945,1102.0282291957,438.3686405468,2.83522006323849,208.2796277225,1929.0401122572,1018.9344719577,35.5492977159903,774.0150772641,38.1664239282105,5220.7306056771,432.4801065693,5967.920139266,1.09046925509173,984.9118311988,11.995161806009,110.3554886152,855.8002713959,2585.5026038224,19.4103527406328,1941.0352740632,2555.1875585309,591.0343362597,4611.5944797829,122.1325565702,1208.2399346416,328.8855273356,1.74475080814677,104.0307669357,79.1680679196595,29.4426698874767,11812.8353465576,5006.1262562751,4201.7961337194,55242.7362752449,202.827281447,1393.6197080072,632.0359802511,27.6979190793299,112.1002394234,58713.6999142018,4887.047013619,176.8741131758,14733.1120116933,1264.7262420553,27606.7558496042,7247.2586693396,462.3589641588,1.74475080814677,5824.1962914449,3721.553473777,2257.7075457419,6261.0382750346,98.7965145113106,1670.1627110984,229.2166374202,346271.314857295,773.796983413,726.03443004,1406.9234329193,818.2881290208,2299.7996589884,713.603080532,3826.2385222658,764.6370416703,16.7932265284126,2612.9824290507,787.9730837292,675.2185627527,3572.1591858294,288.7562587482,1090.4692550917,1362.2141934605,1185.7762679867,337.3911875253,339.5721260355,1273.6680899471,11297.4795766013,9235.6203090738,13.3037249121191,115.8078348907,1329.0639281057,2873.3864871667,1286.0994394551,377.9566438147,6.10662782851368,2426.7302802811,5.01615857342195,405.8726567451,1859.6862676334,10.2504109978622,2347.1260246594,751.5514106092,1488.7086270512,856.236459098,488.9664139831,1484.5648438818,2787.6756037164,1124.9280835526,774.4512649661,4339.195259861,51.9063365423663,3.05331391425684,18284.988469378,4566.6671464731,229.8709189733,35.1131100139536,111.2278640193,164.2246698168,505.7596405115,509.9034236808,6081.7651294975,55.1777443076414,11609.7899712595,1149.3545948666,2939.6870178762,11.7770679549907,6136.5066861031,50.3796795852378,7.6332847856421,4.57997087138526,22.0274789528529
"M-2181-ST-5",172813.555622734,4299.9476931683,153.3455675291,4631.4124475206,0,236.1333585877,1.88154070587881,301.0465129406,1.25436047058587,892.7910649394,152.7183872938,6137.5857825766,4216.846311992,28.8502908234751,13047.5440249166,4545.8023454032,8960.8376117478,186.5861199996,115.0875731762,90.6275439998294,601.1522555282,407.980743058,31.6726018822933,3471.1290122287,66.7946950586978,5260.1606334018,2857.7467421122,48.2928781175561,1341.2249331739,324.8793618817,2860.8826432887,306.3775449405,3.13590117646469,0,1568.2641783499,10.9756541176264,4573.7118658737,1185.057054586,179.3735472937,42.6482559999197,66.1675148234049,107.8750004703,1124.2205717625,1152.4436823507,1.25436047058587,1184.4298743507,4.07667152940409,1139.5864875272,1196.3462988212,0,131.0806691762,90.0003637645365,3079.1413651706,278.46802447,2372.3092399955,0.627180235292937,5466.8165209308,489.2005835284,4855.3157915202,17.8746367058487,1106.6595251743,375.0537807051,104.4255091762,680.4905552928,2276.977844231,70.8713665881019,197.2481839996,1405.8244974091,177.4920065879,4770.0192795204,166.5163524702,2901.0221783474,161.4989105879,5.9582122352829,22.8920785881922,273.13699247,310.45421647,14221.6254253849,6063.2649246944,3125.2391124647,78213.4520125586,1158.401894586,1180.9803830566,7.21257270586878,13.1707849411517,156.4814687055,58559.5049791838,3834.579958581,1948.3354009375,9883.4197378637,550.3506564695,17775.2286385547,19849.9408569038,233.9382277642,0,10914.1904545676,2508.7209411717,3034.6115684648,488.5734032931,161.8125007055,675.7867035281,177.1784164702,369431.109895775,13.1707849411517,1513.0723176442,1439.6922301149,787.7383755279,5135.0381764609,1446.5912127031,4831.4829425791,1347.4967355268,39.1987647058086,1834.1885981141,549.7234762342,1842.0283510553,4971.0305449318,852.3379397631,275.3321232935,706.8321251751,760.4560352926,251.1856842348,205.0879369407,1991.6108371727,98.1537068233446,1900.3561129375,11.6028343529193,245.5410621171,1904.432784467,324.565771764,1011.3281294098,0,64.5995642351725,4038.4135350512,1.25436047058587,317.3531990582,2365.0966672896,0.627180235292937,1529.0654136441,677.9818343516,1504.9189745854,743.5221689397,74.948038117506,13755.003330327,594.8804531753,1870.2514616435,67.4218752939907,5256.7111421077,661.9887383516,5.9582122352829,20570.5709472553,1704.9894696438,924.4636668217,0,109.4429510586,2058.4055322314,2095.4091661137,515.2285632931,1497.3928117618,0.940770352939406,7231.3881129275,3636.3910042284,702.7554536457,464.1133741167,47.3521077646167,7.21257270586878,13.4843750587981,612.1279096459,102.857558588
"M-2181-ST-8",175204.470304065,3763.2170223893,115.2672307305,4089.4060812926,0,258.0609643222,0.688162571525897,535.0463993613,2.06448771457769,617.2818266587,42.3219981488427,4654.0434712296,5172.2298875886,31.3113970044283,13903.9806763949,4359.1658093307,7557.0572792116,80.8591021542929,1725.9117293869,30.6232344329024,642.7438418051,389.1559341978,8.25795085831077,7737.6999542371,94.2782722990479,4886.2983391196,2630.5014296577,37.8489414339243,620.0344769448,132.4712950187,1495.3772679257,243.2654690344,7.22570700102192,0,1185.3600294533,8.25795085831077,4074.266504719,1206.3489878848,121.4606938743,61.9346314373308,726.0115129598,27.8705841467988,1300.9713414697,1067.6842297224,1.72040642881474,540.8957812193,74.3215577247969,1157.1453640207,1044.6307835763,0,54.7089244363088,140.3851645912,2912.6480839833,213.6744784587,1519.4629579291,2.40856900034064,4345.746639186,512.6811157867,4776.5364089612,31.6554782901913,897.3639932697,608.6797945146,112.5145804444,1464.0658709213,863.9881085507,92.9019471559961,257.3728017506,1450.3026194908,155.180659879,4674.6883483754,124.9015067319,2172.1851570214,51.2681115786794,76.0419641536116,11.6987637159403,174.7932931675,349.9306676209,17498.5978687605,5502.8920032068,3141.4621390157,75805.5803102925,841.2787436904,1456.8401639203,6.19346314373308,3.09673157186654,155.8688224506,58921.8556991903,3382.3190390497,1347.4223150477,8997.7256227011,518.5304976447,22789.5357999373,24253.9457521444,1076.6303431522,0,8681.1708397991,2649.4259003747,2074.4660718648,1534.6025345027,91.8697032987073,1268.2836193222,126.6219131607,365484.862143833,21.3330397173028,1137.876812018,1125.1458044448,1055.9854660064,5466.7634682017,1072.8454490088,4970.5982541315,1830.5124402588,41.6338355773168,659.2597435218,720.1621311018,1533.5702906454,4287.9409831778,460.3807603508,221.9324293171,763.8604543937,727.7319193886,107.353361158,163.4386107374,2067.9285274353,9.29019471559961,1897.2642096968,16.1718204308586,206.104690172,1643.3322208038,427.3489569175,2330.4625484724,15.1395765735697,5.84938185797013,3657.9281489459,0,461.4130042081,1075.9421805807,0.688162571525897,2285.7319813232,656.1630119499,1368.4112734792,755.9465848211,67.4399320095379,20223.721652003,2419.579601485,1495.3772679257,109.0737675868,4723.8919722395,428.3812007748,0.344081285762949,19186.3165754277,1569.3547443648,1158.5216891638,43.0101607203686,148.6431154495,1010.9108175715,1373.5724927656,531.2615052179,2261.9903726056,1.03224385728885,4899.3734279786,2671.7911839492,733.9253825323,74.3215577247969,59.8701437227531,12.7310075732291,25.4620151464582,168.255748738,26.4942590037471
"M-2183-ST-1",101350.122181324,933.4216909571,180.1182304159,1442.5199102601,0,1721.5794907173,639.7457746984,144.5892910829,943.7655593705,1366.9646975014,85.2244810582407,7666.6054279674,4550.4026350779,43.8490074046357,8485.7948329678,3621.4782782136,2537.8456285575,256.5729099932,24.9602042149465,100.5154169737,4536.685766095,235.2105730525,870.4590136581,1697.2938866163,203.9541011077,2135.1093605488,4929.7527658042,430.6197393839,994.8103013236,43.3992739953574,4428.0751477542,751.504526904,2.02380034175242,0,1872.9147829395,2.24866704639158,2282.1721853828,38.0024730840176,1430.3771082096,579.0317644458,406.5590019875,0,1205.2855368658,1861.8963144122,85.4493477628799,355.7391267391,93.7694158345287,3323.5298945667,84.7747476489624,17.089869552576,1131.7541244488,2270.4791167415,1107.4685203478,1114.214521487,761.1737952035,0.224866704639158,6304.8126646726,3226.6123448672,6214.6411161123,11.2433352319579,2296.1139210704,51.2696086577279,648.2907094746,202.6049008798,1786.7908350627,1263.5260133674,236.784639985,1096.2251851158,90.8461486742196,3711.6498267739,363.3845946968,1422.2819068426,508.4236191891,1222.600273123,38.6770731979351,347.8687920767,119.629086868,9868.0504663847,14457.3550413653,2546.3905633338,201872.734889576,1972.7555997993,7570.3624783818,33.9548724005128,27.8834713752555,206.6525015633,54396.1553190307,974.5722979061,5116.3921306547,11310.3455099403,298.1732503515,18487.6409886129,705.1819857483,810.1947368148,0,16433.0339083249,1443.4193770787,552.722360003,1140.2990592251,226.2159048669,680.6715149427,1938.8007273988,276544.896099215,2499.3934220642,2925.9655607647,2198.7466379616,4829.6870822398,1813.7748396194,4160.7086359383,2886.1641540435,6990.8809805267,3554.0182668218,2864.5769503982,916.7815548138,914.757754472,2279.9235183364,2505.0150896802,4134.6240982001,387.8950655025,417.3526038102,1923.2849247787,1150.4180609339,3698.8324246095,2011.8824064065,2542.1180959456,618.158571053,37.3278729701001,4789.2110754047,1307.8247541813,354.1650598066,16.6401361432977,2066.9747490431,2467.2374833008,1113.7647880777,1197.8649356127,1335.2584921473,30.8067385355646,3827.9059130723,1331.660624873,1407.6655710411,504.3760185056,242.406307601,1773.523699489,741.1606584906,130.197821986,278.3849803432,15567.5219621688,660.6583782298,6.52113443453557,20243.6250851401,5482.2502591026,1008.5271703066,3.37300056958736,77.5790131005093,77.129279691231,141.2162905133,33.9548724005128,1895.4014534034,25.8596710335031,19043.5114824809,12796.4895609005,651.213976635,20.9126035314417,627.1532392386,14.8412025061844,8.09520136700967,171.7981623443,104.7878843618
"M-2183-ST-10",150819.715785107,1485.6825419382,147.6454700062,3204.9613096364,0,2852.3259236839,162.8054959444,404.9704320172,275.9124720742,1064.7611261078,94.1239871290062,2934.3218900623,4244.1481311181,94.519466066523,11257.5716090416,1382.8580181838,2385.660777414,412.6163581425,112.8433235048,183.5022270078,1545.0043825657,508.8495662716,271.957682699,2627.8257134868,164.2555853819,1990.3136662097,3132.4568377583,954.8179814781,748.6416287193,27.4198730011671,5526.2908465477,963.913997041,2.10922100008977,0,2446.6963601041,5.14122618771882,4080.8153299236,82.2596190035012,418.9440211428,776.984285908,475.8929881452,0.263652625011222,1240.2219480527,2659.3322021756,231.0915258223,573.8399383369,79.2276138158721,3205.0931359489,158.0597486942,0,543.9153653981,3397.032246957,1020.7311377309,3540.0637960256,1217.8114749268,0,4048.9133622973,1195.9283070509,6612.8033142189,21.2240363134033,1572.9515608169,34.2748412514588,332.4659601391,791.6170065961,2286.7910430348,294.4999821375,421.0532421429,1469.4679055,193.9165056957,4673.1109520114,239.9238887602,1049.0737949196,216.5906314467,338.9254494519,55.6307038773678,281.7128298244,39.6797200641889,5457.7411640447,9199.3673918915,2793.9268672439,111840.652571885,1471.0498212501,3413.9060149578,216.0633261966,12.9189786255499,428.3036893307,56704.8246716635,1294.9298677426,20701.8722895686,20837.3897388243,534.4238708977,15121.2690022685,2552.8165416711,419.6031527053,0.922784187539276,10653.1479662034,2940.2540741251,1429.3927064983,1485.6825419382,136.1765808182,835.910647598,4974.5977287117,334055.785467968,801.3721537216,1803.6476077017,3188.8784995107,2161.687872467,2060.4452644626,1920.5775468942,2453.8149809794,2622.9481399241,1013.7443431681,5458.2684692948,804.1405062842,544.5744969606,2557.4304626088,1326.1727038064,1254.7228424284,666.3820097158,897.2098829131,622.3520213389,387.0420535164,2453.6831546669,4095.1843979868,4973.9385971492,208.9447053213,114.1615866298,2743.9646948042,3027.7867456288,724.6492398433,84.7643189411078,666.3820097158,4461.6615467524,302.6732135128,649.5082417151,1837.9224489532,7.2504471878086,2661.8369021132,728.472202906,1078.7347152334,485.1208300206,469.9608040825,1417.9238173103,435.158657581,322.0516814512,227.0049101346,8348.9558499178,474.8383776452,7.77775243783104,20174.0397342961,5459.0594271698,508.7177399591,26.3652625011222,486.3072668331,78.8321348783553,540.3560549604,87.5326715037256,1437.5659378736,5.27305250022443,13072.4244533063,13719.1643424589,2373.400930351,43.1072041893348,1970.8033719588,22.8059520634707,32.8247518138971,367.2681066406,216.7224577592
"M-2183-ST-5",71140.6660686456,757.6730578054,260.4121895153,2194.5415582458,0,879.2324565617,792.2598418109,87.9839242246037,1466.7021299188,1788.8041973388,11.2255351596908,3049.9071112248,2893.760928463,98.2992808578332,7939.1838934807,1725.3950933286,1210.9419639832,100.5241617002,72.1063654852212,98.097018963064,6319.2683782742,281.4474265713,1259.3836877804,6826.5412103554,58.3525566409154,982.0826300518,3328.0172165324,825.3296616057,604.3585415703,13.1470231599983,4771.3580976055,783.6637112832,0.910178526461418,0,2038.9010302209,5.46107115876851,2732.9627221214,33.6766054790725,1920.3755598862,833.6223992912,775.977759282,0.303392842153806,401.2875992221,2760.975994547,22.0465465298432,566.8389600906,18.9114871609206,1785.2646141803,65.2294610630683,8.49499958030657,1420.4852869641,3979.8061724262,396.4333137476,2037.3840660101,1317.2305896844,0.404523789538408,2994.1839592159,3355.4237032737,9622.7107745922,22.349939371997,2867.7702749851,20.7318442138434,858.1972195057,407.4565870125,1043.0645913247,1285.576603153,528.9148548214,672.7230620023,70.2860084322984,3371.301262013,505.3513440808,2059.5317434874,149.1681473922,1756.0377703862,28.6200581098424,543.27544935,13.4504160021521,11920.8104229599,15466.967093001,1705.775689536,244827.000344856,977.12721363,11141.3942114668,19.316010950459,7.28142821169134,284.2790930981,41229.5702844914,572.5022931442,9000.4520553348,24352.4332611595,389.8598021676,7861.9198496789,1153.8029787109,305.9211158384,1.21357136861522,18102.8441056332,1946.0628205218,521.431164715,571.2887217756,130.5600530735,540.7471756654,2234.4882824627,254233.796546783,3537.1560157238,3812.3333235573,2934.3144383642,7098.4823278725,407.3554560651,4712.3987552803,1257.6644616749,9185.4205581012,5510.8275848817,3936.0164722087,923.9323353057,444.3693828079,1046.4019125884,3329.1296569537,5472.9034796125,595.1556253583,318.7647461562,3087.5278236518,274.6716530965,4719.8824453867,245.0402855128,2609.9874901018,772.4381761235,77.0617819070667,5291.0700362149,716.1082384303,3647.6921412152,67.3532109581449,2923.6956888888,6411.7020641837,1693.943368692,1429.9915960182,814.104126446,5.86559494830692,1275.5646393619,1642.8722402628,1736.013842804,191.9465381359,235.3317145639,610.6286603082,656.1375866312,134.4030290741,279.4248076236,20471.9376790649,371.1505769014,0.303392842153806,14087.6421016224,6481.1790250369,1038.918222482,18.2035705292284,48.542854744609,115.2892800184,525.1730097682,77.2640438018359,938.7985845712,0,14393.2598246187,14072.2701976199,3514.3004216149,7.18029726430674,90.8155907513726,13.0458922126137,11.0232732649216,174.4508842384,57.5435090618385
"M-2184-ST-1",143242.796374513,1905.9357573389,246.50904117,4858.0318357408,0,934.9306317545,0,186.384884787,0,1608.3211832433,237.4904177125,10046.7465315877,3742.7287348374,213.4407551594,14727.4121059988,345.7138992018,3899.051541433,138.2855596807,105.2172736701,45.0931172871981,943.949255212,33.0682860106119,3.00620781914654,285.5897428189,24.0496625531723,183.3786769679,2606.3821792,45.0931172871981,592.2229403718,93.1924423935427,1737.5881194666,429.8877181379,120.2483127658,0,4352.9889221241,769.5892017015,4289.8585579221,5339.0250868042,483.9994588825,24.0496625531723,529.0925761697,0,1445.9859610094,219.4531707976,45.0931172871981,192.3973004253,192.3973004253,2732.6429076042,18.0372469148792,0,213.4407551594,1869.8612635091,958.9802943077,63.1303642020773,3048.2947286145,3.00620781914654,6454.3281877076,1139.3527634565,453.9373806911,261.5400802657,3108.4188849975,0,574.1856934569,2705.5870372318,1025.1168663289,2441.0407491469,144.297975319,4076.4178027627,490.0118745208,4879.0752904748,252.5214568083,2071.2771873919,0,405.8380555847,252.5214568083,724.4960844143,123.254520585,8363.2701528656,6246.8998481865,3177.5616648378,124276.631243518,411.850471223,2873.934675104,12.0248312765862,2077.2896030302,33.0682860106119,60554.0441010687,17445.0239745073,255.5276646274,10200.0631303642,2005.1406153707,19356.9721474845,5570.5030888785,186.384884787,0,11534.8194020652,3881.0142945181,2525.214568083,138.2855596807,171.3538456913,1148.3713869139,282.5835349997,344216.807707917,1746.6067429241,2104.3454734025,550.1360309038,1073.2161914353,408.8442634039,1942.0102511686,1851.8240165942,3529.287979678,150.3103909573,333.6890679252,201.4159238828,1479.05424702,4870.0566670173,10476.6342497256,297.6145740955,273.5649115423,297.6145740955,144.297975319,595.229148191,2423.0035022321,1418.9300906371,9385.3808113754,21.0434547340258,105.2172736701,3117.4375084549,4933.1870312194,84.173818936103,42.0869094680515,1262.6072840415,3856.964631965,0,57.1179485637842,7386.252611643,21.0434547340258,1271.6259074989,6890.2283214838,2362.8793458491,48.0993251063446,24.0496625531723,658.359512393,670.3843436696,18.0372469148792,270.5587037231,10323.3176509492,595.229148191,18.0372469148792,23253.0174810984,183.3786769679,198.4097160636,33.0682860106119,33.0682860106119,2029.1902779239,81.1676111169565,21.0434547340258,2401.960047498,12.0248312765862,1692.4950021795,535.104991808,39.080701648905,123.254520585,868.7940597333,0,3.00620781914654,0,0
"M-2184-ST-10",203286.936661095,1565.6808063421,49.6516111947833,1552.4403766902,0,256.5333245063,3.31010741298555,148.9548335843,0,291.2894523427,99.3032223895665,2909.5844160142,3899.3065324969,9.93032223895665,11601.9264825143,1904.9668161731,6064.1167805895,201.9165521921,38.0662352493338,239.9827874414,436.934178514,322.735472766,0,4476.9202760629,23.1707518908989,465.0700915244,2955.925919796,175.4356928882,5316.0325052547,314.4602042336,2863.2429122325,425.3488025686,3.31010741298555,0,3624.5676172191,287.9793449297,4503.4011353668,127.4391353999,168.8154780622,496.5161119478,518.0318101322,0,1137.0218963605,759.6696512801,8.27526853246388,163.8503169427,266.4636467453,1519.3393025603,59.5819334337399,0,666.9866437165,494.8610582413,347.5612783634,28.1359130103772,855.6627662567,57.9268797272472,3732.1461081412,946.6907201138,8642.6904553052,637.1956769997,1525.9595173863,38.0662352493338,172.1255854752,680.2270733685,2288.9392760795,2638.1556081494,489.8958971218,2840.0721603416,572.6485824465,4922.1297231095,287.9793449297,688.5023419009,518.0318101322,251.5681633869,539.5475083166,16.5505370649278,0,2237.6326111782,6504.3610665166,6663.2462223399,90178.9113056718,2762.2846361364,2768.9048509624,33.1010741298555,21.5156981844061,349.2163320699,59891.428476854,2616.639909965,2816.9014084507,10175.2701875175,1525.9595173863,19511.4281458433,2861.587858526,405.4881580907,9.93032223895665,6722.8281557736,2816.9014084507,1979.4442329653,8209.0663842041,570.99352874,906.969431158,2106.8833683653,360238.989755218,2078.7474553549,1295.9070521838,2818.5564621571,415.4184803296,719.9483623243,2610.0196951391,3710.6304099568,1616.9874712434,44.686450075305,2154.8799258535,1055.9242647423,580.9238509789,956.6210423528,2275.6988464275,1616.9874712434,920.2098608099,546.1677231426,251.5681633869,223.4322503765,2608.3646414326,33.1010741298555,4162.4600718293,200.2614984856,172.1255854752,1375.3496300954,2353.4863706327,1100.6107148176,388.9376210258,253.2232170933,4448.7843630525,251.5681633869,329.355687592,1474.652852485,6.6202148259711,4263.4183479253,170.4705317687,251.5681633869,407.1432117972,0,1535.8898396252,49.6516111947833,1079.0950166332,408.7982655037,7090.250078615,0,13.2404296519422,19072.8389136227,1744.4266066433,69.5122556726966,36.4111815428411,468.3801989374,0,1115.5061981761,714.9832012048,3593.1215967958,302.8748282881,6848.6122374671,8306.7145528872,1454.7922080071,8.27526853246388,14.895483358435,4.96516111947833,200.2614984856,412.1083729167,0
"M-2189-ST-1",197644.636599688,957.9313626728,83.8741746119054,4006.5368883034,0,1153.0491794015,0.882886048546372,396.4158357973,7.94597443691735,253.3882959328,32.6667837962158,2215.1610958028,5565.7136500363,46.7929605729577,11095.2289720822,1895.556346229,4494.7728731495,289.5866239232,87.4057188060909,179.2258678549,527.0829709821,201.2980190685,32.6667837962158,74.1624280778953,75.0453141264416,5183.4239910157,3927.9600299828,345.2084449816,519.1369965452,14.126176776742,2447.3601265705,411.4248986226,4.41443024273186,0,1414.3834497712,312.5416611854,4081.5822024298,439.677252176,327.5507240107,310.7758890883,1245.7522144989,0.882886048546372,192.4691585831,2025.3405953653,50.3245047671432,376.9923427293,934.093439362,492.6504150888,121.8382746993,0,0,1572.420052461,1674.8348340924,55.6218210584215,1588.3120013349,48.5587326700505,2314.9272192885,694.8313202059,2678.6762712896,154.5050584956,1552.996559393,6.18020233982461,189.8205004374,1242.2206703047,312.5416611854,100.6490095342,459.9836312926,2337.8822565507,843.1561763617,4756.9900295678,521.7856546909,993.2468046146,37.0812140389476,0,52.090276864236,30.0181256505767,65.3335675924315,5416.5059078319,9757.6566085345,7457.7384520712,126676.490245433,6063.6613814164,3752.265706322,337.2624705447,24.7208093592984,141.2617677674,49443.3844906939,868.7598717696,2218.692639997,19152.4470511164,663.9303085068,22190.4579441645,4466.520519596,692.1826620603,0.882886048546372,8697.3104642303,2529.4685290853,1891.1419159863,1344.6354519361,207.4782214083,1665.1230875584,1999.7368999575,353068.77947184,1130.9770281879,2079.1966443267,1504.437826723,681.5880294777,1276.653226198,3744.3197318851,5661.0653432793,2192.2060585406,128.0184770392,445.8574545159,708.9574969827,953.51693243,1820.5110321026,1421.4465381596,1458.5277521986,351.3886473214,328.4336100592,28.2523535534839,828.1471135364,2823.4695832512,961.4629068669,4818.7920529661,23.837923310752,147.4419701072,1406.4374753343,3459.1475382046,0,175.6943236607,92.7030350973691,1846.997613559,0.882886048546372,605.6598293028,1451.4646638102,98.0003513886473,1530.0415221308,609.1913734969,110.3607560682,223.3701702822,111.2436421168,212.7755376996,235.7305749618,287.8208518261,473.2269220208,8625.796694298,1926.4573579281,14.126176776742,15966.9941879611,2772.2621924356,168.6312352723,19.4234930680202,767.2279761867,80.3426304177199,200.41513302,25.6036954078448,2080.9624164237,77.6939722720808,2553.3064523961,3483.8683475639,20.3063791165666,1.76577209709274,458.2178591955,209.2439935054,92.7030350973691,464.3980615353,30.901011699123
"M-2189-ST-5",190825.907932289,2963.9877126859,32.6790266007277,1490.1636129931,0,368.1836997015,2.17860177338184,490.1853990109,284.3075314263,825.6900721117,336.5939739874,5833.2062482298,3707.9802182958,103.4835842356,12470.3165508376,2628.4830395851,6193.7648417245,57.7329469946189,171.0202392104,160.1272303435,168.841637437,253.8071065989,0,726.5636914228,196.0741596043,4384.4360689309,2875.754340864,41.393433694255,113.2872922158,4.35720354676369,724.3850896494,684.0809568418,5.44650443345461,0,4229.7553430208,90.4119735953465,4714.4942375983,5995.5120803468,173.1988409838,71.8938585216008,1015.2284263959,4.35720354676369,1155.748240779,830.0472756584,7.62510620683645,425.9166466961,711.3134790091,736.367399403,1025.0321343761,0,55.554345221237,83.876168275201,1945.4913836299,66.4473540881462,3997.7342541556,66.4473540881462,1027.2107361495,510.882115858,2685.1266856931,41.393433694255,2840.8967124899,15.2502124136729,151.41282325,2759.1991459881,472.7565848238,539.203938912,586.0438770397,2270.1030478638,1514.1282325003,5681.7934249798,116.5551948759,2758.1098451014,28.321823053964,0,20.6967168471275,767.957125117,8.71440709352737,10845.0796278948,6029.2804078342,4784.2094943465,92182.0875362192,4420.3829981917,2396.46195072,2617.5900307182,1.08930088669092,528.310930045,56638.1996034944,1822.4003834339,801.7254526045,11109.7797433607,395.4162218688,20128.1017842748,1393.2158340776,1607.8081087558,61.0008496546916,10177.3381843532,2478.1595172218,3813.6424043049,1429.1627633384,495.6319034443,1180.8021611729,285.396832313,381049.432474238,1011.9605237358,1925.8839676695,797.3682490577,873.6193111261,2542.4282695366,1442.2343739787,3154.6153678569,1786.4534541731,1540.2714537809,417.2022396026,3497.7451471645,808.2612579246,3723.2304307095,630.705213394,891.0481253131,601.2940894533,140.5198143831,985.8173024552,632.8838151674,2192.7626849088,76.2510620683645,2668.7871723927,0,1.08930088669092,2269.0137469771,2906.2547656913,166.6630356637,128.5375046295,25.0539203938912,494.5426025576,4.35720354676369,70.8045576349099,6571.7522494063,63.1794514280735,987.9959042286,2301.6927735779,2277.7281540707,45.7506372410187,130.7161064029,580.5973726062,160.1272303435,293.0219385198,460.7742750702,7017.2763120629,80.6082656151282,13.0716106402911,18981.0679505893,887.7802226531,92.5905753687284,23.9646195072003,47.9292390144006,0,2388.8368445131,49.0185399010915,2072.9395873728,98.037079802183,1173.1770549661,3551.1208906124,0,897.5839306333,63.1794514280735,50.1078407877824,28.321823053964,208.0564693579,0
"M-2189-ST-7",162993.341474092,1727.9911526852,0,5796.8343202082,0,230.398820358,0,96.7675045503767,0,41.4717876644471,50.6877404787687,6824.4130590051,7022.556044513,0,16699.3064995507,1170.4260074188,9782.7339124023,73.7276225145727,64.5116697002511,1990.6458078934,400.8939474229,299.5184664654,0,3506.6700458493,9.21595281432159,211.9669147293,3308.5270603414,41.4717876644471,9.21595281432159,0,6239.2000552957,368.6381125728,9.21595281432159,0,1193.4658894546,23.039882035804,3091.9521692048,124.4153629933,110.5914337718,211.9669147293,3133.4239568693,0,645.1166970025,4.60797640716079,0,13.8239292214824,78.3355989217335,1036.7946916111,147.4552450291,0,419.3258530516,1050.6186208326,101.3754809575,161.2791742506,4.60797640716079,0,1022.9707623896,626.6847913738,2893.8091836969,4.60797640716079,331.7743013155,27.6478584429648,18.4319056286432,3184.1116973481,2603.5066700458,834.0437296961,1437.6886390341,2879.9852544754,124.4153629933,4193.2585305163,59.9036932930903,276.4785844296,46.079764071608,0,0,9.21595281432159,18.4319056286432,161.2791742506,5953.5055180517,4008.9394742298,86417.9895398935,119.8073865861,986.1069511324,19791.2586687556,18.4319056286432,419.3258530516,71552.6576503928,14234.0391217196,152.0632214363,12418.4964172983,714.2363431099,20302.7440499504,18316.7062184641,55.2957168859295,0,8957.9061355205,3561.9657627352,405.5019238301,6243.8080317028,331.7743013155,1082.8744556827,9.21595281432159,368679.584360528,5584.8674054788,525.3093104163,972.2830219109,907.7713522106,497.6614519733,1059.8345736469,5147.1096467986,2179.572840587,161.2791742506,2903.0251365113,248.8307259866,2142.7090293297,875.5155173605,3930.6038753081,340.9902541298,1543.6720963988,96.7675045503767,184.3190562864,562.1731216736,1506.8082851415,18.4319056286432,6464.9908992465,36.8638112572864,59.9036932930903,410.1099002373,562.1731216736,792.5719420316,681.9805082597,0,1723.3831762781,0,571.3890744879,3013.6165702831,0,2027.5096191507,714.2363431099,59.9036932930903,147.4552450291,142.8472686219,368.6381125728,456.1896643089,188.9270326935,105.9834573646,3340.7828951915,23.039882035804,4.60797640716079,28652.3972997258,442.3657350874,281.0865608368,96.7675045503767,36.8638112572864,0,23.039882035804,267.2626316153,2363.8918968734,525.3093104163,6718.4296016404,1032.186715204,9.21595281432159,36.8638112572864,27.6478584429648,0,179.7110798792,9.21595281432159,0
"M-2194-ST-1",142613.588353124,874.8080144343,2713.8930447792,2450.4565404325,0,183.9085030344,59.646000984159,0,0,198.8200032805,19.882000328053,7346.3991212155,6108.7446007942,0,13276.2057190573,6531.2371077654,6933.8476144084,641.1945105797,14.9115002460398,1317.1825217335,39.764000656106,74.5575012301988,0,313.1415051668,0,119.2920019683,1431.5040236198,203.7905033625,7599.8946253982,954.3360157465,6068.9806001381,487.1090080372,0,0,7674.4521266284,0,3061.8280505201,34.7935005740928,79.528001312212,0,835.0440137782,0,755.516012466,1973.2885325592,4.97050008201325,1933.5245319031,0,1759.5570290326,4.97050008201325,0,313.1415051668,6392.063105469,0,4980.4410821772,755.516012466,19.882000328053,13196.6777177451,934.4540154184,333.0235054948,989.1295163206,1481.2090244399,417.5220068891,576.5780095135,2351.0465387922,1287.3595212414,94.4395015582518,457.2860075452,1108.4215182889,0,5179.2610854578,34.7935005740928,159.0560026244,4.97050008201325,0,2694.0110444511,84.4985013942253,3812.3735629041,13102.2382161869,4125.5150680709,3628.4650598696,87590.1524452375,1530.91402526,1247.5955205853,159.0560026244,29.8230004920795,308.1710050848,63542.8730484574,2609.5125430569,1640.2650270643,20577.8703395348,293.2595048387,19981.4103296932,9155.6611510684,119.2920019683,0,10254.1416691933,2351.0465387922,432.4335071351,183.9085030344,5368.1400885743,984.1590162386,1143.215018863,325438.522369736,4.97050008201325,1178.0085194371,2191.9905361678,1978.2590326412,2107.4920347736,1322.1530218155,5671.3405935771,1615.4125266543,591.4895097595,7654.5701263004,2867.9785473216,3230.8250533086,168.9970027884,785.339012958,218.7020036085,2649.276543713,298.2300049207,869.8375143523,526.8730086934,1873.8785309189,14.9115002460398,4050.9575668408,9.9410001640265,79.528001312212,442.3745072991,4990.3820823413,0,4.97050008201325,0,20975.5103460959,0,228.6430037726,3126.4445515863,0,3310.3530546208,8156.5906345837,2062.7575340354,0,591.4895097595,2271.51853748,313.1415051668,9.9410001640265,328.0530054128,4801.5030792248,49.7050008201325,0,22685.3623743084,5104.7035842276,1118.3625184529,0,328.0530054128,0,1023.9230168947,0,4622.5650762723,0,7873.2721299089,12794.0672111021,323.0825053308,4.97050008201325,318.1120052488,0,0,29.8230004920795,0
"M-2205-ST-1",132844.102759599,2059.6395366075,68.8311413262172,1498.4009996399,0,540.0597242518,0,137.6622826524,121.7781731156,942.4571658512,0,11537.1582269097,3605.6928648579,47.6523286104581,10472.9228879429,0,4759.9381578668,243.5563462312,338.8610034521,1805.4937840184,264.7351589469,74.125844505157,0,42.3576254315183,10.5894063578796,1943.1560666709,1869.0302221657,0,1064.2353389668,164.1357985471,79.4205476840968,0,111.1887667577,0,1053.645932609,0,2642.0568862909,5.29470317893979,90.0099540419764,21.1788127157592,301.7980811995,5.29470317893979,534.7650210729,381.2186288836,0,1482.5168901031,0,8460.9356799457,169.430501726,0,100.5993603998,1011.2883071774,804.7948831988,31.7682190736387,831.2683990935,63.5364381472775,1027.1724167143,640.6590846517,555.9438337886,148.2516890103,1741.9573458711,37.0629222525785,227.6722366944,524.175614715,640.6590846517,444.7550670309,439.460363852,6078.3192494228,153.5463921892,3219.1795327953,42.3576254315183,217.0828303365,26.4735158946989,100.5993603998,0,47.6523286104581,201.1987207997,3605.6928648579,4468.7294830251,1376.6228265243,85461.8040112671,4241.0572463307,1392.5069360611,5.29470317893979,10.5894063578796,1842.556706271,92313.1499248152,25213.3765381112,984.8147912828,1355.4440138085,217.0828303365,36099.2862740114,4691.1070165406,381.2186288836,0,6618.3789736747,5903.5940445178,1101.2982612194,1493.106296461,1434.8645614926,773.0266641252,1996.1030984603,395429.612215939,1286.6128724823,963.635978567,460.6391765677,513.5862083571,1397.8016392401,1318.381091556,2430.2687591333,1154.2452930088,402.3974415994,5.29470317893979,153.5463921892,1445.4539678505,254.1457525891,9006.2901073765,190.6093144418,381.2186288836,90.0099540419764,68.8311413262172,127.0728762945,1302.4969820191,15.8841095368194,15021.0729186521,0,84.7152508630366,2615.5833703962,937.1624626723,0,481.8179892835,0,2753.2456530486,121.7781731156,100.5993603998,7883.8130334413,15.8841095368194,704.1955227989,0,116.4834699366,68.8311413262172,10.5894063578796,852.4472118093,63.5364381472775,42.3576254315183,58.2417349683377,7751.4454539678,0,15.8841095368194,42691.1917317915,1508.9904059978,762.4372577673,121.7781731156,5.29470317893979,21.1788127157592,926.5730563144,58.2417349683377,958.3412753881,195.9040176207,180.0199080839,158.8410953681,148.2516890103,10.5894063578796,21.1788127157592,0,0,0,0
"M-2209-ST-1",203300.340810583,12784.8499602189,135.0773651898,4086.4613886546,0,2680.7661706902,1.48436665043759,754.0582584222,0,446.7943617817,56.4059327166285,3332.4031302323,4552.552516892,341.4043296006,10265.8797544263,3875.6813242925,6078.4814335419,287.9671301848,54.9215660661909,63.8277659688164,929.2135231739,2793.5780361235,4.45309995131277,618.9808932324,83.1245324245051,2180.5346094928,2766.8594364156,393.3571623659,644.2151262899,69.7652325705668,4334.3506192777,314.6857298927,5.93746660175036,0,3880.1344242438,5.93746660175036,3281.9346641175,126.1711652871,443.8256284808,1024.2129888019,529.9188942062,23.7498664070015,2919.7492014107,559.6062272149,189.998931256,166.249064849,426.0132286755,2735.6877367564,1004.9162223462,0,761.4800916744,737.7302252674,1294.3677191815,105.390032181,1399.7577513626,417.1070287729,2461.0799064255,724.3709254135,1361.1642184512,231.5611974682,1558.5849829594,1.48436665043759,313.2013632423,1475.4604505349,155.8584982959,596.7153934759,3765.8381921601,2493.7359727351,553.6687606132,4270.5228533089,250.8579639239,967.8070560853,541.7938274097,460.1536616356,696.1679590552,189.998931256,142.499198442,10870.0169811544,5459.5005403094,4825.6759805726,90524.1001769365,74.2183325218796,3166.1540653833,1938.5828454714,1.48436665043759,19.2967664556887,60514.6596050397,4343.2568191803,250.8579639239,13930.7810143567,706.5585256082,19373.9535215114,2481.8610395316,146.9522983933,0,9115.4956003372,2857.4058020923,1560.0693496099,7441.1300186436,160.3115982472,1733.7402477111,292.4202301362,322407.405208346,1003.4318556958,1456.1636840792,4145.8360546721,562.5749605158,2003.8949780907,1675.849948344,5873.6388357815,2925.6866680124,730.3083920152,1267.6491194737,1773.8181472729,601.1684934272,4047.8678557433,2983.5769673795,1171.1652871952,2422.4863735141,2162.7222096875,647.1838595907,650.1525928916,2777.2500029687,2517.4858391421,7025.5073565211,503.2002944983,253.8266972248,1482.8822837871,1248.352353018,170.7021648003,8.90619990262555,731.7927586657,2054.3634442056,1.48436665043759,829.7609575946,1954.9108786263,41.5622662122526,3065.2171331536,3632.2451936207,1512.5696167959,618.9808932324,4510.9902506798,777.8081248292,1916.3173457149,2452.1737065229,2967.2489342247,7341.6774530643,66.7964992696916,7.42183325218796,18771.3006614337,2116.706843524,188.5145646055,213.748797663,118.749332035,341.4043296006,529.9188942062,507.6533944496,3440.7618957143,22.2654997565639,4113.1799883625,1240.9305197658,1098.4313213238,20.7811331061263,752.5738917718,1.48436665043759,26.7185997078766,237.49866407,0
"M-2209-ST-4",155238.780591365,719.6209331948,173.4266514901,2699.0768519275,0,528.2535936194,3.98681957448675,380.7412693634,0,123.591406809,61.7957034045446,3701.7619749109,12066.1094421841,49.8352446810843,11623.5724694161,2876.4903229921,7489.2405706733,101.6638991494,51.8286544683277,584.0690676623,462.4710706404,524.266774045,0,512.3063153215,63.789113191788,416.6226455338,3191.4490693766,77.7429817024916,304.9916974482,0,13467.4765226162,908.9948629829,358.8137617038,0,5150.9708902368,7.97363914897349,3037.9565157589,11.9604587234602,97.6770795749253,2521.6633808628,1281.7624931974,9.96704893621687,679.7527374499,145.5189144687,1.99340978724337,1451.2023251131,15.947278297947,1501.0375697942,41.8616055321108,0,1076.4412851114,978.7642055364,259.1432723416,253.1630429799,422.6028748955,0,3378.8295893775,574.102018726,14514.016660919,57.8088838300578,1239.9008876653,17.9406880851904,21.9275076596771,1849.8842825618,811.317783408,13.9538685107036,2920.3453383115,2679.142754055,209.3080276605,4403.4422200206,39.8681957448675,416.6226455338,1.99340978724337,0,95.6836697876819,7.97363914897349,117.6111774473,10915.9119949447,4483.1786115103,2810.7078000131,82136.4568735759,2443.9203991603,1070.4610557496,131.565045958,0,263.1300919161,59158.4222560215,1526.9518970284,3598.1046659742,50132.2627393836,203.3277982988,24953.5037167125,18283.5545685962,11.9604587234602,0,11777.0650230338,3584.1507974635,438.5501531935,6757.659178755,151.4991438304,2603.3931821398,2455.8808578838,316413.935529141,386.7214987252,695.7000157479,6600.1798055628,1596.7212395819,1708.3521876675,895.0409944722,4692.4866391709,1730.2796953272,368.78081064,5679.2244838563,835.2387008549,697.6934255351,1261.828395325,45.8484251065976,2796.7539315024,2400.065383841,145.5189144687,1277.775673623,1038.5664991537,1429.2748174534,299.0114680865,7616.8187970569,17.9406880851904,23.9209174469205,1078.4346948986,424.5962846828,147.512324256,113.6243578728,7.97363914897349,3281.1525098025,0,213.294847235,1554.8596340498,9.96704893621687,2982.141041716,1.99340978724337,189.3739297881,67.7759327662747,205.321208086,19152.6812358343,980.7576153237,45.8484251065976,607.9899851092,2719.0109497999,115.6177676601,3.98681957448675,21389.2870171213,4317.7255991691,1915.6668055408,105.6507187238,213.294847235,131.565045958,31.894556595894,0,1014.6455817068,43.8550153193542,10252.1065357926,4542.9809051276,39.8681957448675,0,123.591406809,7.97363914897349,3.98681957448675,328.9126148951,5.98022936173012
"M-2211-ST-1",118013.459365047,385.2871673687,6.42145278947909,205.4864892633,6.42145278947909,166.9577725264,12.8429055789582,57.7930751053118,25.6858111579164,89.9003390527073,0,18763.4850508579,2048.4434398438,6.42145278947909,9311.1065447446,192.6435836843,45675.7936915647,19.2643583684373,44.9501695263536,25.6858111579164,89.9003390527073,38.5287167368746,0,192.6435836843,0,263.2795643686,821.9459570533,51.3716223158327,109.1646974211,0,449.5016952635,70.63598068427,0,0,250.4366587896,0,443.080242474,12.8429055789582,51.3716223158327,25.6858111579164,32.1072639473955,0,83.4788862632282,263.2795643686,12.8429055789582,96.3217918421864,77.0574334737491,8816.6546799547,57.7930751053118,0,51.3716223158327,263.2795643686,134.850508579,134.850508579,205.4864892633,0,288.9653755265,64.2145278947909,430.237336895,0,173.3792253159,0,96.3217918421864,532.9805815267,102.7432446316,5682.9857186889,166.9577725264,3923.5076543717,32.1072639473955,1464.0912360012,32.1072639473955,218.3293948422,25.6858111579164,6.42145278947909,6.42145278947909,6.42145278947909,0,513.7162231583,943.9535600534,6562.7247508476,73377.9410253775,96.3217918421864,366.0228090003,237.5937532107,25.6858111579164,19.2643583684373,110147.179697935,14563.8549265385,128.4290557895,1008.1680879482,154.1148669474,28132.3846707079,3673.070995582,57.7930751053118,12.8429055789582,3795.0785985821,2420.8877016336,443.080242474,295.386828316,1342.0836330011,147.693414158,64.2145278947909,343830.268159868,70.63598068427,218.3293948422,211.9079420528,51.3716223158327,295.386828316,115.5861502106,398.1300729477,134.850508579,160.5363197369,192.6435836843,64.2145278947909,64.2145278947909,366.0228090003,57317.8875988903,173.3792253159,96.3217918421864,44.9501695263536,89.9003390527073,25.6858111579164,179.8006781054,199.0650364738,37783.8282132949,19.2643583684373,25.6858111579164,1027.4324463166,353.1799034213,38.5287167368746,12.8429055789582,12.8429055789582,513.7162231583,12.8429055789582,70.63598068427,13266.7214630638,6.42145278947909,166.9577725264,128.4290557895,70.63598068427,96.3217918421864,83.4788862632282,122.0076030001,199.0650364738,192.6435836843,70.63598068427,866.8961265796,77.0574334737491,0,68369.2078495838,430.237336895,19.2643583684373,0,12.8429055789582,0,147.693414158,12.8429055789582,385.2871673687,0,648.5667317373,333.9155450529,64.2145278947909,25.6858111579164,77.0574334737491,0,0,0,12.8429055789582
"M-2211-ST-10",79768.8059221603,76.1007497826372,0,83.710824760901,0,41.8554123804505,0,5.70755623369779,0,39.9528936358845,5.70755623369779,106.5410496956,26186.2680002054,0,2330.5854620932,72.2957122935054,1666.6064202397,7.61007497826372,81.808306016335,11.4151124673956,9.51259372282965,20.9277061902252,7.61007497826372,36.1478561467527,0,70.3931935489394,7615.7825344974,9.51259372282965,22.8302249347912,0,93.2234184837306,19.0251874456593,0,0,144.591424587,7.61007497826372,131.273793375,13.3176312119615,3.80503748913186,19.0251874456593,11.4151124673956,0,28.537781168489,53.2705248478461,1.90251874456593,47.5629686141483,36.1478561467527,27510.4210464233,22.8302249347912,0,17.1226687010934,39.9528936358845,39.9528936358845,11.4151124673956,24.7327436793571,1.90251874456593,129.3712746304,22.8302249347912,95.1259372282965,0,150.2989808207,0,0,85.6133435054669,24.7327436793571,9.51259372282965,36.1478561467527,7490.216297356,20.9277061902252,8658.3628065195,17.1226687010934,43.7579311250164,20.9277061902252,0,0,7.61007497826372,0,254.9375117718,1236.6371839678,3466.3891525991,27877.6071641245,74.1982310380713,650.6614106415,53.2705248478461,0,7.61007497826372,183010.888114775,7058.3445423396,49.4654873587142,323.4281865762,26.635262423923,5273.7819599367,2311.5602746476,20.9277061902252,0,743.8848291252,23800.5094945197,47.5629686141483,91.3208997391647,22.8302249347912,184.5443182228,24.7327436793571,456497.957646128,20.9277061902252,439.4818299947,81.808306016335,152.2014995652,89.4183809945987,28.537781168489,102.7360122065,32.3428186576208,15.2201499565274,58.9780810815438,34.2453374021868,5.70755623369779,3595.7604272296,2049.0126878975,58.9780810815438,28.537781168489,30.4402999130549,13.3176312119615,481.3372423751,55.173043592412,39.9528936358845,1552.4552955657,0,5.70755623369779,3118.2282223435,102.7360122065,11.4151124673956,0,13.3176312119615,157.9090557989,0,17.1226687010934,734.3722354024,0,176.9342432446,20.9277061902252,19.0251874456593,30.4402999130549,15.2201499565274,76.1007497826372,20.9277061902252,7307.5744978777,9.51259372282965,159.8115745435,19.0251874456593,0,102024.470196093,121.7611996522,17.1226687010934,0,7.61007497826372,1.90251874456593,9.51259372282965,9.51259372282965,55.173043592412,0,108.4435684402,85.6133435054669,64.6856373152416,11.4151124673956,9.51259372282965,0,0,9.51259372282965,1.90251874456593
"M-2211-ST-6",216051.728232475,237.4835380729,0,107.9470627604,0,118.7417690364,8.63576502083378,17.2715300416676,17.2715300416676,69.0861201666703,0,7478.572508042,15343.5955007664,6.47682376562534,13204.0847168548,1852.3715969688,6235.0223450419,2.15894125520845,32.3841188281267,10.7947062760422,75.5629439322956,23.7483538072929,6.47682376562534,32.3841188281267,2.15894125520845,92.8344739739632,7897.4071115524,17.2715300416676,3052.7429348647,170.5563591614,2739.6964528595,34.5430600833351,0,0,364.8610721302,2.15894125520845,379.9736609166,8.63576502083378,470.6491936354,38.860942593752,1044.9275675208,0,703.8148491979,69.0861201666703,0,36.7020013385436,23.7483538072929,5343.3796066409,17.2715300416676,0,606.6624927135,90.6755327187547,41.0198838489605,6.47682376562534,49.6556488697942,0,218.053066776,127.3775340572,118.7417690364,2.15894125520845,880.848032125,0,4.31788251041689,5004.4258295731,2279.8419655001,4.31788251041689,388.6094259375,2826.0541030678,8.63576502083378,2754.8090416459,4.31788251041689,56.1324726354196,34.5430600833351,30.2251775729182,15.1125887864591,23.7483538072929,120.9007102916,310.88754075,3773.8293141043,4706.4919363544,87339.9684794576,58.291413890628,4987.1542995315,94.9934152291716,88.5165914635463,10.7947062760422,112310.283037199,826.8745007448,222.3709492864,9659.1031758025,941.2983872708,18556.1000885165,4611.4985211252,41.0198838489605,8.63576502083378,3737.1273127658,10531.3154429068,438.2650748073,94.9934152291716,64.7682376562534,695.1790841771,578.5962563958,340549.234655325,38.860942593752,291.4570694531,200.7815367343,75.5629439322956,155.443770375,338.9537770677,857.0996783177,2957.7495196355,64.7682376562534,1755.2192404844,857.0996783177,1515.5767611563,913.2321509531,1588.9807638334,278.5034219218,34.5430600833351,49.6556488697942,151.1258878645,1092.4242751354,509.5101362291,114.423886526,1634.3185301927,6.47682376562534,2.15894125520845,1228.4375742136,179.1921241823,32.3841188281267,4.31788251041689,71.2450614218787,4097.6705023856,6.47682376562534,36.7020013385436,6191.8435199378,69.0861201666703,164.0795353958,56.1324726354196,49.6556488697942,30.2251775729182,41.0198838489605,775.0599106198,267.7087156458,254.7550681145,38.860942593752,887.3248558906,12.9536475312507,0,57412.7247997581,764.2652043437,15.1125887864591,0,6.47682376562534,19.430471296876,84.1987089531294,202.9404779895,604.5035514583,0,5889.5917442086,408.0398972343,21.5894125520845,0,194.3047129687,0,0,19.430471296876,0
"M-2216-ST-1",138184.648175674,2517.0373278739,105.1686905796,4999.0184255545,0,3765.0391227528,0,1353.1704854586,0,876.4057548307,35.0562301932299,2341.7561769077,3330.3418683568,476.7647306279,10327.5654149255,2047.2838432846,5195.3333146366,490.7872227052,974.5631993717,3028.858288695,1591.5528507726,371.5960400482,0,1107.776874106,266.4273494685,6499.4250778248,2054.2950893232,1191.9118265698,876.4057548307,63.1012143478139,3687.9154163277,322.5173177777,35.0562301932299,0,1346.15923942,0,4185.7138850716,329.5285638163,476.7647306279,70.1124603864599,28.044984154584,14.022492077292,483.7759766665,462.7422385506,918.4732310626,140.2249207729,21.033738115938,1577.5303586953,2103.3738115937,0,161.2586588888,2453.936113526,4178.702639033,3800.0953529461,1388.2267156519,77.1237064251059,7277.6733881145,1177.8893344925,259.4161034299,210.3373811593,1416.2716998064,252.4048573912,413.6635162801,855.3720167148,2285.6662085985,553.888437053,70.1124603864599,4697.5348458928,420.6747623187,4164.6801469557,322.5173177777,1016.6306756036,350.5623019322,378.6072860868,602.9671593235,105.1686905796,1290.0692711108,11302.1286142973,8841.1812547325,3211.1506856998,130374.120088622,5812.3229660375,5020.0521636705,0,210.3373811593,168.2699049275,47311.8882687831,3954.3427657963,1016.6306756036,14555.346776229,322.5173177777,28479.68140898,1297.0805171495,112.1799366183,21.033738115938,9310.9347393218,2993.8020585018,2629.2172644922,2201.5312561348,105.1686905796,715.1470959418,708.1358499032,319951.201727571,771.237064251,2615.1947724149,602.9671593235,869.3945087921,7207.560927728,2376.8124071009,4199.7363771489,4711.5573379701,974.5631993717,2264.6324704826,1100.7656280674,988.585691449,5637.0418150713,2608.1835263763,932.4957231399,1339.1479933813,1332.1367473427,588.9446672462,1402.2492077291,3211.1506856998,5601.9855848781,8413.4952463751,7.01124603864599,238.3823653139,2474.969851642,7158.4822054575,406.6522702414,63.1012143478139,462.7422385506,6702.7512129455,0,203.3261351207,6702.7512129455,21.033738115938,4438.1187424629,3021.8470426564,1472.3616681156,2573.127296183,84.1349524637519,1661.665311159,147.2361668115,778.2483102897,308.4948257004,10657.0939787419,399.6410242028,7.01124603864599,14134.6720139103,946.5182152172,308.4948257004,182.2923970047,616.9896514008,778.2483102897,981.5744454104,112.1799366183,3449.5330510138,14.022492077292,3344.3643604341,10313.5429228482,294.4723336231,56.0899683091679,2692.31847884,105.1686905796,91.1461985023978,273.4385955071,483.7759766665
"M-2216-ST-7",193325.142266723,5531.806785809,1.8912159951484,8294.2429493891,0,406.6114389569,0,1453.7146949374,0,222.5330820957,188.4911941831,2138.3348851811,7142.4924083437,155.0797116021,9544.3367221822,2819.8030487662,6004.6107845961,252.7925380181,205.5121381394,334.7452311412,517.5627773389,349.8749591024,0,1412.1079430441,8.82567464402587,3167.7867918735,2121.9443465565,32.1506719175228,65.5621544984779,0.630405331716134,2656.5280678517,487.9337267482,0,0,4184.0001865999,0,4160.6751893264,46.6499945469939,83.2135037865296,28.9986452589421,283.6823992722,0.630405331716134,247.1188900327,69.3445864887747,31.5202665858067,34.0418879126712,671.3816782776,917.2397576469,1037.6471760047,0,450.739812177,3655.7205186218,4086.2873601839,128.60268767,63.6709385033295,376.9823883662,7457.0646688701,240.1844313838,2529.8165961768,877.5242217488,857.9816564656,256.5749700084,56.736479854452,129.2330930018,2363.3895886037,566.7343932128,2218.396362309,3536.5739109275,612.1235770963,5089.2622429443,114.7337703723,505.5850760363,1113.2958158106,0,1923.3666670659,13.8689172977549,41.6067518932648,17714.3898212233,4127.2637067455,3296.3894795436,58233.0621119461,131.1243089969,1191.4660769434,126.0810663432,0.630405331716134,11.9777013026065,52140.1945809096,2835.5631820591,1096.905277186,15426.0184670937,258.4661860036,48947.1915757674,14399.7185870599,199.838490154,30.2594559223744,4042.1589869638,4733.0832305247,2343.2166179888,5266.4061411565,242.0756473789,1011.1701520726,1032.603933351,328651.102799567,824.5701738847,473.4344041188,963.2593468622,663.816814297,3619.787414714,825.8309845481,3338.6266367686,648.0566810041,130.4939036652,2034.9484107796,2850.6929100203,150.0364689484,5057.1115710268,3834.1252274975,163.2749809144,743.878291425,135.5371463189,51.0628318690068,184.0783568611,749.5519394104,28.368239927226,9575.2265834363,0,491.7161587385,699.7499182049,3614.1137667285,373.8303617076,122.2986343529,100.2344477428,3386.537441979,70.605397152207,1852.7612699137,2672.9186064764,32.1506719175228,10266.7812323289,7204.9025361836,2136.4436691859,1466.9532069034,12.6081066343227,3413.0144659111,132.3851196603,208.664164798,590.0593904863,3894.6441393422,1693.8991263212,3.15202665858067,20595.342187166,331.5932044826,539.626963949,10.7168906391743,642.3830330187,0,201.0993008174,578.7120945154,5988.2202459715,36.5635092395357,5868.4432329454,12108.8256116034,3221.3712450694,0.630405331716134,24.5858079369292,0,21.4337812783485,914.7181363201,35.9331039078196
"M-2219-ST-1",169039.283357355,1148.8609620127,21.9113614865856,4268.8160102975,0,768.5688575676,1.85689504123607,347.9821307276,0,126.4545523081,2.22827404948328,1064.0008586282,4974.6218154714,175.2908918926,15375.648009947,2216.0185422111,3194.4165394384,122.1836937133,104.7288803257,227.0982635431,568.7669511306,196.0881163545,0,1607.6997267021,507.4894147698,241.953423873,3730.130758835,55.5211617329584,524.9442281574,31.1958366927659,1724.1270457876,1434.8227983631,4.64223760309017,0,1360.9183757219,0,5280.8238077712,1086.4692886272,90.0594094999493,435.6275766739,49.3934080968794,5.01361661133738,668.6679043491,1811.2154232216,5.3849956195846,934.7609637582,5.94206413195542,1157.0313001941,120.6981776803,0,114.3847345401,21.725671982462,36.3951428082269,67.0339109886221,741.6438794696,127.3829998287,1452.6489907589,514.3599264223,4497.2141003696,4.27085859484296,2311.4629473306,33.6098002463728,185.6895041236,2003.5897494937,1039.8612230921,3.52810057834853,940.8887173943,1936.7415280092,139.4528175968,6156.7211987223,154.1222884225,1330.2796075415,201.8444909823,0.185689504123607,193.4884632967,68.3337375174873,19.8687769412259,5986.8153024492,6188.2884144233,5133.9434100094,79890.4951856282,7429.2513704813,2053.1688470947,175.847960405,70.376322062847,684.2658226954,62730.5567305574,2253.8992010523,1878.6207132185,22565.3599201089,951.2873296252,19144.0308066314,1224.2509006869,124.5976572669,0,10298.8969672076,2387.0385755089,1563.1342457125,195.7167373462,394.2188172544,566.7243665852,2901.5841914354,413158.218227504,4.08516909071935,1351.4482110116,1541.7799527383,2016.7737042864,1540.2944367053,1014.9788295396,3196.830502992,1093.8968687921,414.644662708,1116.7366777993,1447.4496846435,435.0705081616,247.3384194926,1928.1998108195,224.3129209813,1736.753932068,353.1814368431,986.3826459045,131.6538584236,1926.3429157782,18.9403294206079,3291.7178395991,21.3542929742148,4.08516909071935,2145.8279096524,1611.4135167846,396.0757122956,371.5646977513,24.1396355360689,10759.22124793,41.2230699154407,169.3488277607,2245.5431733667,69.2621850381053,1032.062263919,307.1304398204,1095.196695321,43.2656544608004,96.372852640152,4647.4369092056,159.6929735463,33.052731734002,48.4649605762614,8252.041563253,31.5672157010132,0,20812.4510011821,3733.1017909009,752.2281812047,9.84154371855116,36.7665218164742,708.0340792233,132.3966164401,63.1344314020263,1856.5236622278,0.371379008247214,1798.217157933,8536.3321940663,6.12775363607902,2.97103206597771,47.1651340473961,85.7885509051063,676.6525530264,34.1668687587437,16.8977448752482
"M-2219-ST-10",204539.72841164,2247.1206213492,51.7518688553168,457.5954719838,5.44756514266492,384.0533425578,0,747.6783158307,0,330.9395824168,39.4948472843207,2918.5330251827,6528.9068234839,31.3234995703233,12169.8605287134,4340.3475274182,5348.1470788112,61.2851078549804,171.5983019939,277.8258222759,574.7181225511,264.2069094192,0,1297.8823952399,373.1582122725,1093.5987023899,2756.4679621884,163.4269542799,627.8318826921,38.1329559986545,1671.0406075124,463.0430371265,107.5894115676,5.44756514266492,3662.1256671564,14.9808041423285,3783.3339915807,291.4447351325,110.3131941389,433.0814288418,428.9957549848,0,566.5467748371,1864.429170077,38.1329559986545,1596.1365868008,435.8052114131,1522.5944573748,145.7223675662,0,354.0917342732,1754.1159759381,374.5201035582,193.3885625646,819.858553971,34.0472821416558,4202.7965075659,683.6694254044,7024.6352514664,145.7223675662,828.029901685,110.3131941389,78.9896945686414,986.0092908223,789.8969456864,427.6338636991,186.5791061362,3244.0250424569,280.5496048472,4656.3063056928,132.1034547096,958.771465109,471.2143848405,68.0945642833115,227.4358447062,59.9232165693141,596.5083831218,1981.5518206443,4600.4687629805,5583.7542712315,69681.1676311126,27092.1033457583,1562.0893046591,1045.9325073916,8.17134771399738,1349.6342640952,60527.8963001499,3569.5170597311,5489.7837725205,17138.0399388238,450.7860155555,32805.2372891281,2482.7278137695,235.6071924202,0,8066.482085001,4925.9607802547,1812.6773012217,2185.8355134942,271.0163658475,1225.7021570996,4472.4509821279,339824.56116458,249.2261052769,792.6207282577,2214.4352304932,1498.0804142328,2292.0630337762,1160.3313753876,3290.3293461696,1481.7377188048,882.5055531117,2319.3008594895,1429.9858499495,690.4788818327,1653.3360207988,981.9236169653,1590.6890216581,896.1244659683,264.2069094192,1837.1913443637,739.5069681167,2343.8149026315,172.9601932796,3625.3546024435,19.0664779993272,307.7874305605,1301.9680690969,860.715292541,265.5688007049,125.2939982812,102.1418464249,4746.1911305468,185.2172148506,354.0917342732,4375.7567008455,5.44756514266492,1060.9133115339,599.2321656931,132.1034547096,723.1642726887,85.7991509969725,6158.4723937826,359.5392994158,355.4536255588,283.2733874185,5849.3230719364,807.6015324,5.44756514266492,20207.7428967155,4687.6298052631,570.6324486941,0,115.7607592816,88.522933568305,25.8759344276584,284.6352787042,3302.5863677406,66.7326729976453,3024.7605454646,10231.8892292103,1133.0935496743,261.4831268479,46.3043037126518,141.6366937092,1183.4835272439,88.522933568305,2.72378257133246
"M-2219-ST-5",145029.217128069,1320.0451370272,315.1075488387,62.7118217590666,0,229.556236439,639.5057379381,130.0689636484,0.774220021716872,378.5935906195,0.387110010858436,3081.0085764222,5952.5906369701,25.5492607166568,12519.5248611726,2784.8694181155,7869.5594107411,361.1736401309,43.3563212161448,838.8673935302,502.4687940942,272.1383376334,11.2261903148946,5565.4806261117,384.0131307715,267.4930175031,2471.6974193311,207.4909658201,1519.4067926193,11.6133003257531,805.9630426072,697.185129556,14.7101804126206,0,2242.9154029137,0.774220021716872,3695.7392736654,85.9384224105728,134.3271737678,4.64532013030123,361.1736401309,0.774220021716872,727.379710403,523.3727346806,104.5197029317,1779.5447199162,1.54844004343374,2554.9260716656,16.2586204560543,0,962.355486994,25.1621507057983,39.098111096702,198.9745455812,24.3879306840815,0,11519.2325931144,989.840297765,6222.7934245493,27.0977007600905,809.0599226941,78.196222193404,222.9753662544,365.8189602612,4510.6058465224,2775.1916678441,357.6896500331,2654.0262344454,3.48399009772592,4646.8685703446,44.1305412378617,802.0919424986,595.7623067111,0.774220021716872,1402.8866793509,22.4523806297893,764.5422714454,5691.2913796407,3961.2967411143,3102.2996270195,79683.885965133,31201.8410952116,1633.2171358117,178.4577150057,9.29064026060246,1276.6888158111,63238.6784838449,1669.9925868432,2123.6855195693,17800.4796293034,394.4651010647,27317.1921362472,2558.7971717742,49.5500813898798,2.32266006515061,9824.0778555653,4371.6333526243,857.0615640405,2110.1366691893,5304.1813687822,664.280778633,7616.7765736505,360068.828159931,7.35509020631028,888.8045849309,1168.2980127707,3574.9609502776,1605.7323250407,1315.3998168969,4398.3439433735,1043.6485892743,769.5747015865,216.7816060807,2366.4034963776,702.2175596972,1448.9527706431,1409.0804395247,1089.3275705556,2225.4954524251,321.3013090125,2664.8653147494,304.2684685347,1786.1255901008,10.0648602823193,3641.9309821561,0.387110010858436,72.0024620196691,1166.7495727273,1168.2980127707,1412.5644296224,168.7799647342,0.774220021716872,11855.2440825395,92.1321825843077,133.1658437353,2804.6120286693,3.09688008686749,528.4051648217,2341.6284556826,523.3727346806,78.5833322042625,411.4979415425,11548.2658439288,94.0677326385999,34.0656809555424,2.70977007600905,8925.208410352,32.1301309012502,0,21389.376539972,3123.9777876275,599.6334068197,0,26.7105907492321,3.09688008686749,116.9072232792,64.2602618025003,2180.2035811547,2.32266006515061,3154.9465884962,11265.6755360021,1049.4552394372,75.486452117395,130.4560736592,53.8082915093226,1056.4232196326,26.3234807383736,1.16133003257531
"M-2223-ST-1",144059.083242052,2288.1988078517,104.1617665835,2691.4056462397,0,7177.081723306,0,255.364330979,487.2082630521,1115.53891954,43.6807408253644,5873.3796125182,2987.0906610576,33.6005698656649,10090.2511306591,2563.7234807502,3336.5365876605,473.7680351058,73.9212537044628,547.6892888103,2889.6490084471,245.2841600193,23.5203989059654,1481.7851310758,63.8410827447634,2755.2467289845,2557.0033667771,540.9691748372,850.0944176013,30.2405128790984,2315.0792637443,803.0536197893,16.8002849328325,0,2657.805076374,6.72011397313298,3390.2974994455,312.4852997506,920.6556143192,440.1674652402,1612.8273535519,20.160341919399,719.0521951252,1068.4981217281,561.1295167566,2019.3942489264,524.1688899043,2251.2381809995,1226.4208000967,0,964.3363551445,3911.1063323633,1737.1494620548,1844.671285625,1189.4601732445,194.8833052208,3776.7040529007,1673.3083793101,1071.8581787147,305.7651857775,1700.1888352026,6.72011397313298,712.332081152,2832.5280396755,1034.8975518624,833.2941326684,1925.3126533026,4650.318869408,477.1280920924,3739.7434260485,436.8074082536,1374.2633075056,393.1266674282,789.6133918431,184.8031342611,433.447351267,853.4544745878,2946.7699772188,8332.9413266849,5033.3653658766,161716.182706459,5493.6931730362,6138.8241144569,70.5611967178963,10.0801709596995,87.3614816507288,52037.2025509552,2634.2846774681,420.0071233208,4573.0375587169,1394.423649425,17791.5017438695,5520.5736289287,2953.4900911919,0,10096.9712446323,3265.9753909426,1478.4250740892,5557.5342557809,80.6413676775958,1068.4981217281,188.1631912477,281505.574334541,2845.9682676218,2483.0821130726,1858.1115135712,624.9705995013,2540.2030818442,2664.5251903472,2422.6010873144,5802.8184158003,2187.3970982547,5036.7254228631,836.654189655,1290.2618828415,4525.996760905,2294.9189218249,2620.8444495218,2506.6025119786,2459.5617141666,1337.3026806534,409.9269523611,3517.9796649351,11706.4385411976,6212.7453681614,6.72011397313298,416.6470663342,3961.5071871618,2872.8487235143,342.7258126297,164.6427923417,1532.1859858743,4287.4327148588,786.2533348565,2906.44929338,1740.5095190414,73.9212537044628,2889.6490084471,3470.9388671231,309.1252427641,977.7765830908,312.4852997506,1364.1831365459,1401.1437633982,329.2855846835,443.5275222267,13168.063330354,228.4838750865,0,16339.9571256728,2728.3662730919,114.2419375432,10.0801709596995,608.1703145685,393.1266674282,2096.6755596174,977.7765830908,4872.0826305214,60.4810257581969,5749.0575040152,7590.3687326537,2328.5194916905,73.9212537044628,7046.0395008299,57.1209687716304,6.72011397313298,94.0815956238618,732.4924230714
"M-2223-ST-7",163968.889701361,1587.0905555647,332.3749854585,2322.4702108919,0,685.5234075083,8.30937463646486,511.0265401425,29.082811227627,1329.4999418343,24.9281239093946,3440.0810994964,3070.3139281737,0,10939.2917089059,124.6406195469,10814.651089359,818.4734016917,714.6062187359,5833.1809947983,1562.1624316553,12.4640619546973,0,137.1046815016,4.15468731823243,668.9046582354,1661.8749272929,16.6187492729297,440.3968557326,49.8562478187892,7968.6902763698,0,0,12.4640619546973,556.7281006431,0,3909.5607664567,116.3312449105,178.6515546839,24.9281239093946,41.5468731823243,0,494.4077908696,747.8437172818,0,66.4749970917189,660.5952835989,4237.781064597,0,0,0,0,311.6015488674,0,0,37.3921858640919,9123.6933508384,1528.9249331095,0,278.3640503215,1848.8358566134,0,311.6015488674,1927.7749156598,1317.0358798796,0,16.6187492729297,5093.6466521529,639.8218470077,5297.2263307463,41.5468731823243,4.15468731823243,0,16.6187492729297,0,95.5578083193459,0,4013.4279494125,7324.7137420437,1740.8139863393,105566.450068968,16.6187492729297,4217.0076280059,0,286.673424958,124.6406195469,58776.3614910341,7087.8965649045,128.7953068652,581.6562245525,54.0109351370216,27761.620660429,25671.8129393581,195.2703039569,0,7611.3871670018,1607.8639921559,3003.838931082,54.0109351370216,174.4968673657,427.9327937779,108.021870274,378712.213118841,58.165622455254,2642.3811343958,2052.4155352068,1503.9968092001,278.3640503215,1566.3171189736,2600.8342612135,1250.5608827879,58.165622455254,5795.7888089342,357.3031093679,394.695295232,2463.7295797118,3419.3076629052,249.2812390939,1179.931198378,95.5578083193459,33.2374985458594,265.8999883668,3091.0873647649,58.165622455254,14275.5056254466,0,29.082811227627,2937.3639339903,7245.7746829973,0,415.4687318232,394.695295232,45.7015605005567,0,41.5468731823243,2899.9717481262,12.4640619546973,531.7999767337,2418.0280192112,469.4796669602,307.4468615491,0,573.346849916,112.1765575922,149.5687434563,16.6187492729297,12314.4932112409,315.7562361856,4.15468731823243,22809.233377096,1732.5046117029,382.2312332773,0,556.7281006431,0,1217.3233842421,278.3640503215,4104.8310704136,0,8.30937463646486,128.7953068652,182.8062420022,278.3640503215,29.082811227627,0,58.165622455254,45.7015605005567,0
"M-2224-ST-1",170923.397927218,589.8781491189,0,286.3486160771,0,8571.3685745756,0,440.9768687587,0,74.450640180056,24.8168800600187,4247.5044718108,9201.3355299453,0,9791.2136790642,45.8157785723422,12883.7787326973,20.9988985123235,1250.3889568701,70.6326586323608,145.0832988124,166.0821973247,0,61.0877047631229,992.6752024007,51.5427508938849,572.6972321542,1729.5456411059,328.3464131017,0,124.0844003,36.2708247031042,0,0,7710.4137355704,0,4768.6589530712,41.997797024647,152.7192619078,41.997797024647,0,0,188.9900866109,1.90899077384759,0,1.90899077384759,658.6018169774,1666.5489455689,0,0,146.9922895862,3644.263387275,32.452843155409,0,536.4264074511,0,6137.40533792,553.6073244158,4291.4112596093,0,1061.3988702592,0,257.7137544694,80.1776125015988,0,1330.5665693717,0,6137.40533792,1807.8142628336,6011.411946846,41.997797024647,620.4220015004,40.0888062507994,0,1.90899077384759,0,0,7542.4225474718,2222.0652607585,3216.6494539331,65808.6389468479,908.6796083514,1004.1291470438,0,0,11.4539446430855,64390.2588018792,948.7684146022,0,12805.5101109696,473.4297119142,38790.692524583,473.4297119142,3235.7393616716,0,7362.9774147301,4594.9407926511,748.3243833482,5528.4372810626,591.7871398927,1133.9405196654,234.8058651832,350841.960380805,2556.1386461819,532.6084259034,2934.1188194037,1666.5489455689,727.3254848359,620.4220015004,3065.8391827992,162.264215777,74.450640180056,87.8135755969891,2307.9698455817,433.3409056634,5782.3330539843,8517.9168329079,490.6106288788,11291.6804273084,841.8649312667,45.8157785723422,400.8880625079,1181.6652890116,15533.4579267978,9518.227998404,11.4539446430855,167.9911880985,813.230069659,5268.8145358193,0,0,0,2145.7056298046,124.0844003,2374.7845226664,5408.1708623102,0,563.152278285,1645.5500470566,19.0899077384759,70.6326586323608,0,4606.3947372942,1319.1126247286,7.63596309539036,1908.9907738475,2653.4971756481,343.6183392925,0,28942.2091223033,11.4539446430855,374.1621916741,608.9680568573,5.72697232154277,0,15.2719261907807,0,7336.2515438962,0,5408.1708623102,124.0844003,6826.5510072789,0,8653.4551778511,1.90899077384759,0,0,0
"M-2224-ST-5",67504.0011133532,13.9169160114119,0,0,0,0,0,0,0,0,0,633.2196785192,3834.1103611439,0,17570.1064644074,0,39711.9198385637,0,90.4599540741772,0,0,0,0,0,0,0,3882.8195671839,0,0,0,0,0,0,0,417.5074803423,0,299.2136942453,0,0,0,0,0,20.8753740171178,0,0,0,0,23610.0480133602,0,0,0,0,0,0,0,0,104.3768700855,0,0,0,20.8753740171178,0,0,570.5935564678,0,0,0,14744.9725140908,6.95845800570594,12107.7169299283,0,0,0,0,0,0,0,0,1878.7836615406,4919.629810034,37373.8779486465,0,939.3918307703,0,0,0,172792.42919769,4676.0837798343,0,0,0,1489.110013221,6.95845800570594,0,0,535.8012664393,2358.9172639343,13.9169160114119,0,758.4719226219,0,0,449585.97174866,27.8338320228237,27.8338320228237,55.6676640456475,0,48.7092060399415,0,654.0950525363,0,0,0,10632.5238327186,0,647.1365945306,1454.3177231925,0,0,0,0,925.4749147588,0,0,737.5965486048,0,0,8391.9003548813,0,0,0,0,0,0,0,76.5430380627653,0,1690.9052953865,0,0,0,0,0,0,2066.6620276946,0,584.5104724792,0,0,109289.541437617,0,0,0,0,0,27.8338320228237,0,0,0,0,0,0,69.5845800570594,0,0,0,118.293786097,0
"M-2224-ST-9",155927.303009002,1391.8112376476,45.6139817380331,3856.1358407767,0,900.5837420073,0,471.3444779596,2.33917855066836,464.3269423076,28.0701426080203,3969.5860004842,5416.3679340725,10.5263034780076,11622.2086289957,2147.3659095135,6150.8699989824,87.7191956500636,106.4326240554,128.6548202867,414.0346034683,273.6838904281,11.6958927533418,307.6019794128,57.3098744913749,872.5135993992,3161.3998112282,207.0173017341,584.794637667,100.5846776787,2129.8220703835,1209.3553106955,16.3742498546785,0,2316.956354437,102.9238562294,3837.4224123714,673.6834225924,148.5378379674,201.1693553574,376.6077466576,1.16958927533418,469.005299409,3521.6333080312,42.1052139120305,2409.3539071884,71.344945795385,1847.951055028,77.1928921720559,0,18.7134284053469,300.5844437608,574.268334189,190.6430518794,1923.9743579247,19.8830176806811,2610.5232625458,637.4261550571,1412.8638446036,35.0876782600254,1093.5659724374,547.3677808563,159.0641414454,646.7828692598,32.7484997093571,2922.8035990601,291.2277295582,2444.4415854484,210.5260695601,4778.9417790154,173.0992127494,998.8292411353,99.4150884034054,0,134.5027666634,152.0466057934,21.0526069560153,8457.3000499414,6596.4835128847,6327.4779795579,89100.4805842332,7249.1143285212,2038.5941069074,0,28.0701426080203,401.1691214396,58446.7152669996,9573.0882186102,7370.751613156,29645.5793618954,760.2330289672,21196.4664368813,12187.1202489821,87.7191956500636,9.35671420267345,7437.41820185,4148.5331596103,1175.4372217108,349.7071933249,354.3855504262,694.7360295485,5473.6778085639,363732.907914728,49.1227495640356,1463.156183443,1542.6882541657,1336.8405417069,1918.126411548,2139.1787845862,3488.8848083218,1792.9803590872,516.9584596977,679.5313689691,1123.9752935961,665.4962976651,1976.6058753147,10476.0111391682,2366.079104001,814.0341356325,685.3793153458,761.4026182425,127.4852310114,2216.3716767582,142.6898915907,2629.2366909512,2.33917855066836,85.3800170993952,1515.787700833,2126.3133025575,72.5145350707192,91.2279634760661,28.0701426080203,5360.2276488565,58.479463766709,203.5085339081,6981.2783844697,1.16958927533418,711.1102794031,891.2270278046,125.1460524607,232.7482657915,87.7191956500636,5666.6600389941,652.6308156364,108.771802606,389.4732286862,6837.4189036036,181.2863376767,0,25667.8062364839,5583.6192004453,1635.0858069171,45.6139817380331,542.689423755,146.1986594167,168.4208556481,79.5320707227243,1332.1621846056,0,2522.8040668958,6168.4138381124,611.6951909997,37.4268568106938,278.3622475295,17.5438391300127,67.8361779693825,307.6019794128,21.0526069560153
"M-2226-ST-1",148114.581037343,553.9378893516,114.5578357559,3022.0067052586,1.45009918678438,901.9616941798,0,552.4877901648,0,243.6166633797,58.003967471375,4769.3762253338,9583.7055254579,200.1136877762,13179.9515086831,7718.8779712532,6473.2427698054,149.3602162387,31.9021821092563,1479.10117052,452.4309462767,188.5128942819,29.0019837356875,720.6992958318,1.45009918678438,419.0786649806,2900.1983735687,577.1394763401,5332.0147098061,540.8869966705,9412.5938214173,433.5796568485,49.3033723506688,0,1120.9266713843,36.2524796696094,3760.1071913318,26.1017853621188,162.4111089198,24.6516861753344,358.1744991357,0,564.0885836591,369.77529263,46.4031739771,524.9359056159,5.8003967471375,1816.9742810408,10.1506943074906,0,812.0555445992,855.5585202027,108.7574390088,4329.9961717381,1054.2221087922,0,1821.3245786011,770.0026681825,5983.1092446723,719.249196645,871.5096112574,508.9848145613,165.3113072934,1676.3146599227,6196.2738251296,0,1277.537383557,1368.8936323244,259.5677544344,4457.6049001751,129.0588276238,651.0945348661,523.4858064291,0,188.5128942819,66.7045625920813,0,1328.2908550944,6773.4133014698,2523.1725850048,88309.5903759817,2022.8883655642,1773.4713054372,1361.6431363905,14.5009918678438,239.2663658194,66904.6762798575,3185.8679133652,5239.2083618519,23941.13757381,664.1454275472,38539.2860871683,16393.3713065973,11.600793494275,15.9510910546281,9894.0267514297,3799.259869375,942.5644714098,165.3113072934,361.0746975093,727.9497917657,5517.6274057145,347368.359995824,81.2055544599251,1325.3906567209,1068.72310066,1386.2948225658,1287.6880778645,2040.2895558056,4866.5328708483,1885.1289428196,37.7025788563938,5355.2162967947,593.0905673948,3003.1554158304,1080.3238941543,774.3529657428,2531.8731801255,359.6245983225,723.5994942054,126.1586292502,508.9848145613,1890.9293395668,997.6682405076,2869.7462906462,301.6206308511,0,1062.9227039129,2923.3999605573,255.217456874,49.3033723506688,26.1017853621188,9743.2164360042,0,120.3582325031,1261.5862925024,20.3013886149813,1289.1381770513,14.5009918678438,197.2134894026,27.5518845489031,568.4388812194,2814.6425215484,456.781243837,488.6834259463,110.2075381956,6010.6611292212,163.8612081066,1.45009918678438,21963.2022830361,896.1612974327,1399.3457152469,5.8003967471375,1178.9306388556,603.2412617023,1010.7191331887,18.8512894281969,2130.1957053862,0,6534.1469356503,10012.9348847461,755.5016763146,2.90019837356875,292.9200357304,1.45009918678438,0,479.9828308256,168.2115056669
"M-2226-ST-4",194959.060056733,1322.8051737215,24.4268000829259,3325.8027805214,0,779.1522898246,0,8.76859490156313,0,988.3459110476,29.4374257409619,1098.5796755244,6593.3570377682,8.14226669430862,9526.452032341,4026.6640444392,7123.8570293127,58.8748514819239,27.5584411191984,0,126.5182978654,527.9946787155,0,11.2739077305812,2.50531282901804,1224.4716451825,2057.488160831,0,16139.2252445341,965.7980955864,4047.3328752786,94.5755592954309,28.8110975337074,0,3452.9474065941,0,3545.0176530605,10.6475795233267,173.4929134094,0,130.9025953161,0,79.5436823213227,1.25265641450902,0,151.5714261555,828.6322181977,159.0873646426,722.7827511717,0,299.3848830676,0,700.8612639177,0,30.0637539482164,0.626328207254509,9324.1480213978,444.6930271507,2417.0005517951,0,444.0666989434,413.3766167879,0,1129.2697576798,2887.3730354432,0,854.3116746951,5190.3818535181,1274.5779017629,5132.1333302434,56.3695386529058,828.0058899904,51.9852412021243,0,110.860092684,0.626328207254509,0,4629.191779818,4188.2567219109,5522.9621315702,56276.2157500248,46.9746155440882,1002.1251316072,0,0,102.7178259897,59871.3396596657,10003.0877980617,501.6888940108,11512.5387775451,3853.7974592369,64724.7569376809,13382.1284761998,0.626328207254509,0,6484.3759297059,3968.4155211645,1836.3943036702,9270.2837955739,90.8175900519038,2411.3635979298,154.0767389846,342340.350505791,9.39492310881764,481.6463913787,545.5318685186,5967.0288305137,1318.4208762707,608.1646892441,4536.4952051444,1253.9090709235,110.860092684,2127.0105918363,357.007078135,513.5891299486,2662.5212090389,179.756195482,6102.9420514879,390.2024731195,517.3470991922,949.5135621978,62.0064925181964,1189.3972655763,1.25265641450902,10991.4337091093,0,190.4037750053,590.627499441,8115.3345813966,0,551.1688223839,0,665.1605561042,0,2.50531282901804,2164.5902842715,0,1299.6310300531,185.3931493473,8.76859490156313,636.9757867778,68.2697745907415,2415.1215671733,1.25265641450902,28.8110975337074,1757.4769495561,3208.6794057648,0,14.4055487668537,17675.6083369295,1155.5755423845,1091.6900652446,0,920.7024646641,12.5265641450902,3.75796924352706,182.8878365183,9028.5211075737,0,3545.6439812677,278.7160522282,3826.2390181177,0,0,226.7308110261,1123.6328038145,0,0
"M-2230-ST-1",224077.347184173,5655.6860678525,158.8373765856,3381.4988374675,0,7992.7464264692,0.827278003050174,816.937028012,70.7322692607899,243.2197328967,148.4964015475,918.2785833856,5333.0476466629,13.2364480488028,7825.6362698531,1460.559314385,1960.6488672289,346.629483278,232.8787578586,110.4416134071,405.3662214945,792.532326922,24.8183400915052,3465.4675547771,76.9368542836662,3921.7113734593,3030.7329641743,1883.2983739437,12796.33615118,669.6815434691,6227.3351679601,2287.0100394322,33.9183981250571,9.10005803355191,5719.8001130889,38.8820661433582,2967.8598359424,149.3236795505,229.5696458464,1943.2760291648,438.8709806181,8.27278003050174,1833.6616937607,2989.3690640218,732.5546717009,2413.1699348973,949.7151475015,1412.1635512066,1250.4307016103,0.413639001525087,2047.5130575491,6994.6355157892,2380.0788147753,1106.4843290796,408.6753335067,770.6094598412,8529.6498504488,374.7569353817,12273.0828142508,13.2364480488028,1056.8476488965,12.8228090472777,132.364480488,765.2321528214,466.1711547187,1791.0568766036,1705.0199642864,4438.3464863641,456.2438186821,3755.4284948462,96.7915263568704,1163.1528722885,844.2372021127,161.7328495963,78.5914102897665,211.3695297793,40.5366221494585,1815.047938692,2601.7893195927,5220.9514772496,44082.7493095331,823.9688910379,1326.1266388894,3904.7521743968,23.1637840854049,334.6339522337,48222.0347977946,2956.2779438997,3917.574983444,21623.3924437254,634.935867341,30861.1922647852,2491.7613451871,1200.3803824258,272.1744630035,4805.2442807169,2798.6814843187,3448.5083557146,11494.2005743791,185.3102726832,2073.9859536467,3616.0321513323,252175.017279769,443.4210096348,647.7586763882,6496.614157953,403.7116654884,4665.8479372029,602.672025222,2022.6947174576,1734.8019723962,760.2684848031,4717.5528123936,1781.5431795685,1024.9974457791,5193.6513031489,876.0874052301,1446.4955883332,1891.5711539742,514.9805568987,420.2572255494,431.0118395891,1239.2624485691,13001.914734938,5113.4053368531,193.1694137122,394.1979684534,962.5379565488,2690.7217049206,1729.8383043779,184.4829946801,225.4332558311,8884.1384747558,119.5416714407,800.391467951,6351.4268684177,23.991062088455,4116.5353431776,1578.0327908182,339.1839812505,1923.4213570916,3034.455715188,2808.1951813538,3007.5691800889,1116.8253041177,1512.2641895757,3196.6022037858,875.6737662286,13.2364480488028,14382.6417220288,5277.6200204585,260.1789319592,2.89547301067561,262.2471269669,76.5232152821411,62.4594892302881,732.5546717009,4020.9847338253,15.3046430564282,21092.6936047687,16923.6261083974,2102.527044752,301.1291931102,7110.0407972147,108.3734183995,106.7188623934,1167.2892623037,47.9821241769101
"M-2230-ST-3",111550.421898456,1369.3688538076,344.386047562,5649.1574804839,0,1178.2703645075,6.13150233048184,307.5970335791,191.0984893,429.2051631337,26.569843432088,4727.3882968015,5304.7714329218,30.6575116524092,10141.5048546169,4404.4625073961,8480.8896401114,308.6189506342,82.7752814615049,176.7916505288,1083.2320783851,347.4517987273,0,30258.9640009279,288.1806095326,1787.3329293354,2754.0664634414,1410.2455360108,9341.343800489,450.6654212904,10349.9759338533,1113.8895900375,478.2571817775,21.4602581566865,3579.7754439463,0,2603.8446563446,134.8930512706,341.3202963968,277.9614389818,1733.1713254162,4.08766822032123,1415.3551212862,8826.2976047286,54.1616039192563,543.6598733027,19.4164240465258,1694.3384773231,161.4628947026,0,921.7691836824,2753.0445463863,706.1446850604,1043.3773132369,1455.2098864343,35.7670969278108,3325.3180972313,1183.3799497829,11646.7886767502,111.3889590037,1167.0292769017,27.5917604871683,234.0190056133,815.489809954,13740.6967226098,203.3614939609,3749.4136750896,1971.2779992499,79.709530296264,3512.328918311,209.4929962914,1694.3384773231,29.6355945973289,321.9038723502,1218.1251296557,377.0873933246,280.005273092,848.1911557166,7013.4167490161,1915.0725612204,92649.0440476908,324.9696235155,2519.0255407729,2879.7622612163,21.4602581566865,250.3696784946,49986.0508321981,1256.9579777487,504.8270252096,37667.8626502601,270.8080195962,21053.5351687644,23841.3248950235,261.6107661005,548.7694585781,9454.776593603,2219.6038436344,536.5064539171,7779.8545403263,395.481900316,475.1914306123,413.8764073075,265136.379940586,5010.4593210587,1362.215434422,1411.2674530659,1141.4813505247,1469.5167252054,1983.5410039108,3299.7701708543,2256.3928576173,18.3945069914455,7843.2133977413,2645.7432556029,1883.393132513,1136.3717652493,982.0622899321,1079.1444101648,3016.699146597,215.6244986219,196.2080745754,758.2624548695,2103.1052993552,1283.5278211808,2043.8341101606,449.6435042353,57.2273550844972,1537.9851678958,542.6379562476,7199.4056530407,517.0900298706,457.8188406759,12300.8155920016,258.5450149353,1224.2566319862,1359.1496832568,36.7890139828911,2825.600657297,721.4734408866,280.005273092,387.3065638754,722.4953579417,420.007909638,2918.5951093093,365.8463057187,224.8217521176,5922.0093341903,782.7884641915,6.13150233048184,17942.8196531,13967.5623088376,493.5859376037,8.17533644064246,44.9643504235335,369.933973939,230.9532544481,103.2136225631,1883.393132513,479.2790988326,27016.421185158,32684.9950896885,206.4272451262,6.13150233048184,434.3147484091,155.3313923722,0,386.2846468203,104.2355396181
"M-2230-ST-5",121379.87276977,2481.9846168408,125.2399826217,5552.7913225196,0,2008.6939848401,5.339689181547,467.4655165299,630.0833234225,1268.418893762,22.8150355938827,1507.2486280639,4455.2424825671,83.0078954585943,8824.079085651,3002.8470251863,3178.5713418881,263.5864750527,148.5404445048,225.7232244926,3358.1790689038,293.682904985,23.3004618831142,10506.0811778383,845.6125958413,3438.7598329162,2946.0521493462,349.5069282467,4560.5799873303,240.7714394588,5840.1636857447,871.8256154598,175.7243167018,78.1536325662789,3027.6037659371,6.79596804924164,3172.7462264173,74.2702222524265,962.6003315461,964.542036703,1413.075927953,1.45627886769464,904.8346031276,2381.5013749699,142.715329034,890.2718144506,569.8904635578,1793.6501387105,701.9264142288,0,907.7471608629,2708.1932676227,2350.9195187483,120.8711460186,1187.8381297495,122.8128511755,2723.7269088782,1079.1026409617,7324.1118519255,76.2119274093527,1826.6591263783,9.70852578463092,739.7896647888,1065.5107048632,1481.0356084454,650.9566538595,1864.5223769383,2972.7505952539,424.7480030776,3946.5157314524,419.408313896,1987.8206544031,172.3263326771,1159.6834049741,288.3432158035,465.0383850838,349.9923545359,1753.3597567043,9749.7870192155,4129.0360162035,161541.131383052,742.216796235,6633.350242349,5287.2631423099,8.25224691693628,271.8387219696,46517.4304444805,2386.3556378622,1072.3066729124,15883.1481836561,780.080046795,24073.2605355708,5476.5793951103,138.8319187202,1964.52019252,11275.4818462703,2951.877264817,838.8166277921,7799.8296153724,97.5706841355407,1125.7035647279,383.4867684929,279008.953687905,4393.1079175454,2623.2436670072,3014.4972561279,712.1203663026,3598.4650820734,2767.415274909,2653.3400969396,5774.6311366984,942.6978536876,3436.8181277593,1199.0029344019,847.5543009982,3511.0883500117,2227.1358149943,1665.0121720642,1152.4020106356,231.0629136742,552.4151171454,696.5867250472,3381.4795307869,2884.4030106138,5670.7499108029,1305.3112917436,156.7926914217,3282.4525677837,3135.8538284357,2373.7345543422,1395.1151552514,1890.7353965568,4718.3435313306,780.5654730843,1648.5076782303,1226.1868065988,22.8150355938827,1962.5784873631,1945.58856724,214.5584198403,1297.5444711159,4916.397457337,1219.3908385496,4482.9117810533,788.332293712,693.6741673118,13389.9987621629,673.7716894533,0.485426289231546,14983.6532697101,5100.859447245,842.7000381059,19.4170515692618,209.704156948,209.2187306587,260.6739173173,225.7232244926,3443.6140958085,167.9574960741,14774.9199653405,11030.8269964976,951.4355268938,1.94170515692618,1512.1028909562,840.758332949,2.91255773538928,1451.9100310915,28.1547247754297
"M-2235-ST-1",140551.362834318,2014.5329286481,144.5599545349,8864.0689718498,0,1385.4179333758,1.24085797884089,183.6469808684,0,349.3015210437,20.4741566508747,2643.6479239205,6398.484167893,0,12863.9746666435,4367.1996565305,8658.0865473623,140.216951609,29.1601625027609,295.9446279535,3007.2193117208,389.629405356,112.9180760745,12545.6945950708,733.9674944843,1313.448170603,2420.2934877291,788.5652455533,1468.5554179581,65.7654728785672,9273.5521048673,857.432863379,189.8512707626,1.24085797884089,2521.4234130046,36.6053103758062,3791.4415543483,115.3997920322,109.8159311274,326.3456484351,666.9611636269,1.24085797884089,614.2246995262,513.7152032401,67.006330857408,2102.0134161564,39.7074553229085,1420.7823857728,225.2157231596,0,681.2310303836,1132.9033346817,528.6054989862,3257.8726234467,251.8941697047,0,5531.7448696726,976.5552293477,8646.2983965633,69.4880468150898,884.7317389135,81.8966266034987,157.5889633127,605.5386936743,5170.6551978299,168.1362561329,457.8765941922,2777.6605856353,42.8096002700107,4779.1645055056,181.1652649107,562.1086644149,489.5184726527,18.6128696826133,1725.4130195782,5.583860904784,133.3922327253,369.1552487051,6629.9041809468,1933.8771600235,81211.6729991785,2401.6806180465,2018.2555025847,870.4618721568,8.06557686246578,3006.5988827314,51857.9366517184,3127.5825356684,5366.7107584868,23214.5914971447,228.3178681067,37317.5628556609,25554.2292162492,124.7062268735,1.86128696826133,8277.1431478581,4343.6233549325,1271.2589993224,2420.2934877291,209.0845694346,493.8614755786,2629.9984861532,343687.259118445,1788.0763475097,1129.8011897346,1830.2655187903,1062.1744298878,1929.5341570975,1231.5515439995,5392.148347053,1734.0990254301,111.0567891062,6041.1170699868,1667.0926945727,797.2512514052,1281.8062921426,1011.2992527553,1113.0496070202,1704.9388629273,320.7617875303,1260.0912775129,168.1362561329,2219.2744951569,2142.9617294582,3224.369458018,152.005102408,48.3934611747947,1073.9625806867,790.4265325216,3231.814605891,279.8134742286,130.2900877782,8440.9364010651,0,249.412453747,3491.7743524582,70.7289047939307,1225.9676830947,50.8751771324765,277.3317582709,207.8437114558,229.5587260855,2603.9404685976,1122.3560418615,997.649814988,112.2976470851,5934.4032838065,954.2197857286,9.30643484130667,19150.1611874514,1936.9793049706,669.4428795846,7.44514787304534,775.5362367755,0,395.8336952502,86.2396295294418,1955.5921746532,169.9975431012,8926.1118707919,9876.609082584,147.662099482,88.7213454871236,780.4996686909,61.422469952624,1268.7772833648,86.8600585188623,244.4490218316
"M-2236-ST-1",169830.299173161,7840.8445509122,128.8969014681,5562.1314713869,0,291.7443260907,5.17889336255764,633.5512880195,86.3148893759606,777.9848695753,10.3577867251153,4916.4960988547,4623.6009075722,27.0453320044677,12737.7759415084,1947.8393369175,8055.4809091604,291.7443260907,45.4591750713392,25.8944668127882,685.9156542409,612.8357145693,5.75432595839737,565.6502417104,34.5259557503842,3420.3713496713,3301.2568023325,1491.5212884165,1485.1915298623,71.3536418841274,720.4416099913,466.675835226,0,1.15086519167947,1497.8510469708,0.575432595839737,3851.9457965512,890.7696583599,242.2571228485,71.3536418841274,865.4506241429,8.63148893759606,1117.4901011207,2443.2868019355,4.02802817087816,60.9958551590122,369.4277265291,751.5149701666,995.4983908027,0,220.9661168024,105.8795976345,2718.9190153427,5186.9494188993,1293.5724754477,1.15086519167947,4637.9867224682,646.7862377238,297.4986520491,1.72629778751921,983.4143062901,4.02802817087816,98.9744064844348,2342.5860976635,295.7723542616,203.1277063314,5462.5816323066,963.8495980315,439.0550706257,4586.1977888427,118.5391147429,1561.1486325132,483.9388131012,27.6207646003074,16.1121126835126,260.6709659154,61.5712877548519,28325.0940976152,4627.0535031473,3887.6226174932,82990.6152697944,239.9553924651,1555.3943065548,78.2588330342043,9.2069215334358,35.6768209420637,61010.816406504,2520.394769778,172.6297787519,9329.4886763496,729.0730989289,19501.4106730087,13978.4086181389,207.1557345023,3.45259557503842,5903.9384333157,3357.073764129,2383.4418119681,6322.2779304911,258.369235532,653.1159962781,248.5868814027,345704.942333022,3851.3703639553,877.5347086555,819.9914490716,448.2619921591,3893.9523760475,1107.1323143956,6689.9793592327,2045.6628782102,8226.9598227207,921.2675859394,1074.9080890286,795.8232800463,5650.7480911462,1787.2936426782,10759.4386770114,567.3765394979,180.1104024978,3978.5409676359,186.440161052,1862.0998801373,94.3709457177169,3593.0011284233,1.72629778751921,867.7523545263,1947.2639043216,4117.7956558291,145.0090141516,8.05605634175632,203.7031389272,2121.6199808611,116.8128169554,595.5727366941,2307.4847093173,5.17889336255764,1873.6085320541,2080.7642665564,2861.626299111,1175.0333607047,24.7436016211087,939.1059964104,94.9463783135567,242.8325554443,214.6363582482,5042.5158373436,35.6768209420637,4.6034607667179,21291.0060460702,3143.0128384766,86.8903219718003,17.8384104710319,118.5391147429,112.2093561887,382.6626762334,309.0073039659,1891.4469425252,357.3436420164,5516.0968637197,8994.5869055709,192.1944870104,123.1425755097,63.8730181382109,0.575432595839737,0.575432595839737,31.6487927711856,0.575432595839737
"M-2236-ST-5",103197.78541428,7663.9461626575,1188.4306987399,1682.4169530355,0,1758.7819778541,29.8300878197785,2205.040091638,39.3757159221077,38.1825124093165,2.38640702558228,6909.8415425735,5732.1496754486,50.1145475372279,7082.8560519282,186.1397479954,1115.6452844597,44.1485299732722,38.1825124093165,731.4337533409,64.4329896907217,75.1718213058419,0,473.701794578,113.3543337151,159.889270714,1549.9713631156,3704.8969072164,25019.0912562046,2842.2107674684,1092.9744177166,10.7388316151203,0,0,343.6426116838,0,547.6804123711,7342.9744177166,57.2737686139748,19.0912562046583,541.7143948071,0,355.5746468117,6697.4513172966,7.15922107674685,11.9320351279114,4.77281405116457,5383.7342497136,39.3757159221077,0,280.4028255059,73.9786177930508,106.1951126384,18235.729285987,335.2901870943,1.19320351279114,2838.6311569301,1155.0210003818,424.7804505536,3.57961053837343,940.2443680794,13.1252386407026,20.2844597174494,2237.2565864833,712.3424971363,46.5349369988545,694.4444444444,1656.1664757541,11.9320351279114,1194.3967163039,23.8640702558228,35.7961053837343,1478.3791523482,8.35242458953799,32.2164948453608,13.1252386407026,5520.9526536846,72382.1114929362,2568.9671630393,8809.4215349369,83227.1382206949,21.4776632302406,1301.7850324551,9.54562810232913,38.1825124093165,206.4242077128,73291.332569683,510.6911034746,47.7281405116457,64726.5177548682,498.7590683466,30517.3730431462,3613.0202367315,54.8873615883925,4.77281405116457,9352.3291332569,1570.2558228331,558.4192439862,411.6552119129,119.3203512791,347.2222222222,39.3757159221077,229892.134402444,108.5815196639,298.3008781977,435.5192821687,188.526155021,198.0717831233,2176.403207331,1956.8537609774,680.1260022909,840.0152730049,729.0473463153,511.8843069873,4988.7838869797,434.3260786559,1206.3287514318,1149.0549828178,44.1485299732722,155.1164566628,509.4978999618,335.2901870943,2221.7449408171,206.4242077128,4133.2569683085,13.1252386407026,87.1038564337533,320.9717449408,51.3077510500191,186.1397479954,2.38640702558228,36.9893088965254,2521.2390225276,26.2504772814051,1169.3394425353,2561.8079419625,0,760.0706376479,27.4436807941963,8829.7059946544,83.5242458953799,19.0912562046583,1793.384879725,8.35242458953799,45.3417334860634,39.3757159221077,11804.3623520427,14.3184421534937,2.38640702558228,22439.3852615502,10308.0851470026,45.3417334860634,1.19320351279114,23.8640702558228,53.6941580756014,206.4242077128,28.6368843069874,461.7697594501,7.15922107674685,1561.9033982436,92398.1004200076,53.6941580756014,1.19320351279114,46.5349369988545,0,0,28.6368843069874,52.5009545628102
"M-2236-ST-9",163899.531127581,7238.0729266236,137.5786380709,3750.5373302229,0,64.0928595029267,0.828786976330949,1245.6668254254,463.5681820944,2533.3255243182,0.828786976330949,7661.8593338541,3018.7184301227,25.9686585917031,11386.15174316,727.1224405676,5971.6864267899,1185.7179008041,68.7893190354688,25.4161339408158,925.2025279107,120.4503738934,0.552524650887299,762.4840182244,38.1242009112237,11752.1993243728,3475.932578732,3919.8861357199,1569.7225331708,152.7730659703,991.7817483427,181.5043478164,0.552524650887299,9.94544371597139,2453.485712265,0,4592.0323735243,87.2988948401933,356.1021374968,13.2605916212952,188.1346436271,0,1997.9291376084,359.969810053,0.552524650887299,114.6488650591,2037.4346501469,428.2066044376,3391.1200448207,0,579.8746211062,100.5594864614,6633.3346962274,11135.858076308,4446.4421280155,0.27626232544365,1901.5135860286,855.8606842244,452.5176890766,0.27626232544365,1354.5141816502,0.27626232544365,157.7457878283,2700.4642312116,397.8177486388,151.6680166685,15096.0785115427,1340.701065378,1367.498510946,4818.2912180626,215.2083515206,3694.1798158324,788.7289391416,130.6720799348,61.6064985739339,985.151452532,37.2954139348927,44396.1844857708,5670.0079674054,3240.2808151285,91643.1199077946,461.3580834908,2097.1073124427,2.2100986035492,16.2994772011753,8.01160743786584,48035.1118365145,279.024948698,63.8165971774831,4193.3858379091,3011.8118719866,21273.8566331136,1378.5490039638,619.6563959701,0.27626232544365,10896.3386401484,2120.5896101054,3467.3684466432,6429.1768377246,41.9918734674348,1439.3267155614,235.6517636034,313935.113715098,647.2826285144,1804.5455097979,389.5298788755,105.8084706449,14347.131347265,1479.9372774016,6676.4316189966,2317.5646481467,33.4277413786816,846.7440274847,1859.2454502357,553.629700189,11946.1354768343,733.2002117274,270.1845542838,865.5298656149,303.0597710116,172.9402157277,204.4341208283,2164.7915821764,8.01160743786584,5067.4798356128,1.38131162721825,100.5594864614,2810.6928990636,16878.2467729797,248.6360928992,0,447.5449672187,4051.939527282,983.4938785793,974.1009595143,1483.5286876323,22.6535106863793,1788.5222949221,3690.0358809508,4081.4995961044,2936.3922571405,21.5484613846047,1632.9866056974,421.8525709524,833.207173538,225.7063198874,7054.634742529,186.200807349,29.5600688224705,13521.1069941885,639.2710210766,195.0412017632,10.221706041415,18.2333134792809,401.1328965441,381.7945337631,398.0940109642,381.2420091122,12.9843292958515,4020.7218845068,2023.0690092238,111.3337171537,479.5913969701,3.59141023076745,0,0.27626232544365,11.3267553431896,2.2100986035492
"M-2242-ST-1",235451.765182273,6825.2293724625,42.6243832784544,2376.3093677738,0,404.9316411453,0,591.4133179885,0,570.1011263493,63.9365749176817,2035.3143015461,3457.9030934646,0,9734.343531217,2695.9922423622,3905.4591178883,404.9316411453,15.9841437294204,1166.8424922476,21.3121916392272,607.3974617179,0,15.9841437294204,234.4341080314,1268.075402534,2733.2885777308,37.2963353686476,122.5451019255,10.6560958196136,1166.8424922476,277.0584913099,10.6560958196136,0,9872.872776872,0,5370.6722930852,793.8791385612,250.4182517609,2248.4362179384,2450.9020385111,0,229.1060601216,3074.2836439585,165.169485204,745.9267073729,1710.3033790479,783.2230427416,340.9950662276,0,37.2963353686476,889.7840009377,884.4559530279,10.6560958196136,362.3072578668,239.7621559413,3393.9665185469,751.2547552827,570.1011263493,186.4816768432,1657.0228999499,0,85.2487665569089,1284.0595462634,95.9048623765225,42.6243832784544,660.677940816,5557.1539699284,783.2230427416,5748.9636946815,95.9048623765225,804.5352343808,122.5451019255,21.3121916392272,383.619449506,63.9365749176817,335.6670183178,2072.6106369148,3532.4957642019,4038.6603156335,54607.1630276099,564.7730784395,2221.7959783894,26.640239549034,10.6560958196136,468.8682160629,54761.6764169943,5988.7258506228,1001.6730070436,10794.6250652685,1177.4985880673,24359.8350436367,2184.4996430207,74.5926707372953,0,6692.0281747173,3319.3738478096,2456.2300864209,7464.5951216393,15.9841437294204,1118.8900610594,335.6670183178,366154.108457743,26.640239549034,1646.3668041303,2829.1934401074,889.7840009377,1742.2716665068,490.1804077022,2690.6641944524,985.6888633142,111.8890061059,309.0267787687,2221.7959783894,687.318180365,3346.0140873586,1198.8107797065,1172.1705401574,2887.8019671152,143.8572935647,719.2864678239,346.3231141374,1726.2875227774,0,15019.7670577453,69.2646228274885,255.7462996707,2179.1715951109,6494.8904020544,0,31.9682874588408,10.6560958196136,6654.7318393487,0,474.1962639728,4257.1102799356,0,1491.8534147459,325.0109224982,687.318180365,1294.715642083,3937.4274053472,804.5352343808,2658.6959069935,117.2170540157,1401.2766002791,5216.1589037008,74.5926707372953,5.32804790980681,17753.0556354762,4667.3699689907,410.2596890551,0,362.3072578668,10.6560958196136,101.2329102863,175.8255810236,4368.9992860415,0,3314.0457998998,250.4182517609,3788.2420638726,0,0,0,117.2170540157,250.4182517609,0
"M-2242-ST-10",126083.58774329,198.6715495718,0,900.6443580591,0,509.9236439011,13.2447699714575,19.8671549571863,0,225.1610895147,0,13191.7908915716,7840.9038231028,0,11999.7615941405,2059.5617305616,23880.3202585379,0,158.9372396574,0,324.4968643007,0,0,0,0,3529.7311973934,3887.3399866227,19.8671549571863,0,0,1735.0648662609,39.7343099143726,0,0,390.7207141579,0,3238.3462580213,6.62238498572876,145.692469686,0,6.62238498572876,0,1437.0575419031,0,0,99.3357747859314,0,4933.6768143679,331.1192492864,0,0,13.2447699714575,1105.9382926167,0,0,0,728.4623484301,695.3504235015,0,6.62238498572876,192.0491645861,0,13.2447699714575,225.1610895147,172.1820096289,4701.8933398674,19.8671549571863,4417.130785481,26.489539942915,4893.9425044535,6.62238498572876,655.6161135871,0,0,0,6.62238498572876,0,311.2520943292,7741.5680483169,2165.5198903333,66051.6678476586,19.8671549571863,754.951888373,19.8671549571863,0,19.8671549571863,88236.65754985,2913.8493937206,1344.3441521029,1370.8336920458,19.8671549571863,23337.2846897081,1569.5052416177,6.62238498572876,0,10311.0534227796,9960.067018536,430.4550240723,6.62238498572876,1635.729091475,172.1820096289,158.9372396574,422388.959159752,66.2238498572876,622.5041886585,986.7353628735,317.8744793149,1258.2531472884,443.6997940438,476.8117189724,900.6443580591,0,2516.5062945769,112.5805447573,218.538704529,1430.4351569174,32780.8056793573,19.8671549571863,19.8671549571863,0,86.0910048144739,112.5805447573,1324.4769971457,0,9549.4791494208,46.3566949001013,0,1437.0575419031,218.538704529,0,0,0,251.6506294576,0,0,5927.0345622272,6.62238498572876,1046.3368277451,13.2447699714575,26.489539942915,0,0,0,13.2447699714575,655.6161135871,26.489539942915,3973.4309914372,0,0,47422.8988828036,423.8326390866,430.4550240723,0,13.2447699714575,0,66.2238498572876,0,99.3357747859314,92.7133898002026,14556.0021986318,3973.4309914372,0,0,0,0,0,0,0
"M-2242-ST-5",190816.27051655,4215.8423450623,79.5959817752649,2629.4120876104,0,562.6612504803,0,540.7037382664,0,406.2139759565,10.9787561069331,7586.3204698907,6101.443706428,5.48937805346654,12054.6742054125,3606.5213811275,8146.2370313443,263.4901465663,172.9154086841,576.3846956139,499.5334028654,389.7458417961,0,148.2132074435,68.6172256683318,2709.0080693857,2456.4966789262,148.2132074435,1800.516001537,167.4260306307,1841.686336938,145.4685184168,0,0,3054.8388867541,0,3230.498984465,955.1517813031,159.1919635505,658.7253664159,966.1305374101,0,537.9590492397,321.1286161277,71.3619146950651,118.0216281495,548.9378053466,3030.1366855135,507.7674699456,0,192.1282318713,1136.3012570675,1880.1119833122,79.5959817752649,376.0223966624,134.4897623099,7860.789372564,787.7257506724,115.2769391227,98.8088049623978,1226.8759949497,120.7663171762,161.9366525772,1784.0478673766,1729.1540868419,1987.1548553548,109.7875610693,2547.0714168084,521.4909150793,4391.5024427732,82.3406708019981,864.5770434209,345.8308173683,181.1494757643,175.6600977109,63.1278476148652,472.0865125981,6008.1242795191,4838.8867541307,7344.7878355382,79003.1289454904,334.8520612614,1707.196574628,5.48937805346654,16.4681341603996,76.8512927485316,74035.2418071032,7314.5962562441,1822.4735137508,9068.4525443267,1287.2591535379,26777.1861448097,6697.0412252291,474.8312016248,0,6672.3390239885,5585.4421694022,1372.3445133666,4191.1401438217,417.1927320634,1092.3862326398,244.2773233792,350436.405555251,570.8953175605,1010.0455618378,2330.2409836965,441.894933304,2110.6658615578,812.427951913,4130.7569852335,1490.3661415161,112.532250096,2563.5395509688,258.0007685129,1965.197343141,3988.0331558434,9142.5591480485,192.1282318713,1616.6218367458,219.5751221386,109.7875610693,483.065268705,1419.0042268211,730.087281111,7081.2976889718,332.1073722347,312.8945490475,1429.982982928,2950.5407037382,27.4468902673327,134.4897623099,211.3410550584,1558.9833671844,0,1287.2591535379,3771.2027227315,27.4468902673327,3891.9690399077,680.6828786298,946.9177142229,1419.0042268211,1624.855903826,1139.0459460943,960.6411593566,1440.9617390349,304.6604819673,4342.098040292,1254.3228852171,16.4681341603996,27076.3572487237,1224.131305923,354.0648844485,0,332.1073722347,5.48937805346654,142.7238293901,49.4044024811989,3134.4348685293,43.9150244277323,4284.4595707306,642.2572322555,483.065268705,109.7875610693,266.2348355931,19.2128231871329,307.4051709941,115.2769391227,5.48937805346654
"M-2243-ST-1",94977.288155273,2576.4501828748,16.6957007432243,2523.3274986918,0,1835.7681862663,0,284.9652558673,3391.8833850836,1331.1026865279,19.7312826965378,3632.0738071396,3057.2104747308,98.656413482689,8692.7683710573,2417.46157807,2347.2637453996,128.2533375274,33.0119537422844,335.0523580969,4578.7959288292,360.0959092118,14.039566534075,2774.1424575843,59.5732958337776,2995.7399401762,3359.6303268297,631.4010462892,2749.4783542137,143.431247294,6099.2430396951,1838.0448727313,3.03558195331351,0.758895488328377,2141.2236203185,26.9407898356574,2451.9913227889,66.0239074845688,1564.4630491889,491.7642764367,835.5439326495,11.7628800690898,1235.4818549985,2613.6360618029,124.83830783,1995.8951343036,166.9570074322,3328.5156118082,465.2029343452,4.93282067413445,785.836278164,2779.8341737468,1809.9657396631,3108.8153679371,864.0025134618,12.5217755574182,5014.0224913855,2219.3898556163,8101.5887856495,3.79447744164188,2451.9913227889,31.1147150214635,683.7648349838,1178.1852456298,875.0064980426,1233.5846162777,647.3378515441,1154.2800377474,149.8818589448,2866.3482594162,387.4161467916,1797.8234118499,347.1946859102,1884.7169452635,84.2373992044499,439.4004877421,30.7352672772993,5409.4070408046,11719.6230262551,3233.274228023,204067.376259245,1314.4069857847,8904.500212301,2387.1057585369,3.4150296974777,130.5300239924,52740.580304613,1069.2837430546,3355.835849388,19116.1979032476,362.7520434209,13771.676426695,1804.6534712448,1011.6076859417,1.89723872082094,15696.2353850958,1311.3714038314,539.1952444573,1608.4789875119,184.4116036637,811.6387247671,3939.0470321684,267336.493121182,3059.1077134516,3135.7561577728,2759.7234433061,395.0051016749,2739.2332651212,3608.1685992572,1897.9976163092,8759.9306217744,618.4998229876,5171.1138574695,4587.1437792008,445.8510993929,3185.8432600025,5073.9752349635,1860.8117373811,1284.0511662516,743.3381308176,942.927644248,454.5783975086,3833.1811115466,2647.4069110335,3355.4564016439,12.9012233015824,95.2413837852113,4296.4868071711,966.4534043861,791.9074420706,39.8420131372398,2237.223899592,4882.7335719047,2072.9230263689,1454.8026511254,1272.2882861825,7.58895488328377,2291.1054792633,757.3776973517,1226.7545568828,616.6025842668,982.0107618969,1275.70331588,831.7494552079,337.7084923061,264.8545254266,16246.0551663897,212.1112889877,4.55337292997026,17701.2372652593,4725.2627580766,279.652987449,4.17392518580607,69.8183849262107,141.5340085732,302.0404043546,116.4904574584,1822.4875152205,15.5573575107317,8860.1048262338,24565.8264049337,2198.8996774314,33.0119537422844,1168.3196042815,2.65613420914932,31.1147150214635,72.8539668795242,547.5430948289
"M-2243-ST-5",132728.18803529,3334.4209276593,43.6340238580422,2176.4911602026,0,1234.1264956864,2.60501634973386,427.8739354437,1412.5701156431,754.1522332479,63.1716464810462,3862.5879925678,4681.8656345591,31.2601961968064,11310.9809905444,2974.928671396,4659.7229955864,128.9483093118,39.075245246008,239.6615041755,2237.7090444213,328.2320600664,7.16379496176813,9040.0579876639,56.0078515192781,1783.1336913928,3480.3018432444,905.8944356199,2067.7317276012,145.2296614976,5862.589295076,2130.2521199948,18.8863685355705,1.30250817486693,2823.186469024,45.5877861203426,3208.7288887846,440.247763105,624.5526698486,547.0534334441,993.8137374234,6.51254087433466,1828.7214775131,2209.7051186617,85.9655395412176,1818.3014121142,85.3142854537841,2550.9622604768,393.3574688098,3.25627043716733,1286.226822681,3099.9694561832,1299.9031585171,4189.5175444594,882.4492884723,10.4200653989355,5622.2765368131,1148.1609561452,5487.4669407143,3.9075245246008,1952.4597541255,93.7805885904191,286.5517984707,1885.3805831198,938.4571399916,612.1788421874,1570.8248588895,1902.3131893931,270.9217003723,3531.7509161516,291.1105770827,1043.3090480684,348.4209367769,810.1600847672,567.8935642419,289.8080689078,5.21003269946773,8137.4198224811,8897.433342516,3809.8364114857,140711.26063905,2250.73412617,4882.4518934886,635.623989335,8.46630313663506,97.0368590275865,61579.3302372714,1508.9557205833,2090.5256206614,18016.2930747594,885.7055589095,15831.9868655075,8181.7051004266,907.8481978822,7.16379496176813,10436.9980052087,1935.5271478522,988.603704724,2513.1895234057,146.5321696725,868.1216985488,1339.6296578506,302402.671704768,2573.756153537,1946.5984673386,2382.938705919,794.5299866688,2458.4841800613,2303.4857072521,2924.7821066636,4173.2361922736,762.6185363845,3126.670873768,4093.1319395193,916.9657551063,2354.2835260719,1772.7136259938,814.7188633792,1040.0527776312,295.0181016073,451.9703366788,754.1522332479,2941.7147129369,1764.2473228572,3370.8911565556,18.2351144481371,91.1755722406853,2894.1731645543,617.3888748869,2610.2263824333,186.9099230934,1215.8913812382,5006.8414241884,855.7478708875,1126.6695712598,1556.4972689659,20.1888767104375,2029.3077364426,1099.3168995876,1289.4830931182,519.7007617719,2321.0695676128,1841.0953051744,897.4281324833,430.4789517935,253.989094099,9799.4202536113,600.4562686136,7.8150490492016,20317.1737656618,4237.0590928421,423.9664109191,18.2351144481371,136.763358361,10.4200653989355,204.4937834541,199.2837507546,2219.4739299732,94.4318426778526,9248.4592956426,23382.6267552111,2354.2835260719,210.355070241,796.4837489311,0,14.3275899235363,217.5188652027,270.2704462848
"M-2243-ST-9",123639.007002963,3945.7378103115,46.9679394260087,2160.9561121232,0.430898526844117,2092.0123478281,0.861797053688233,254.6610293648,2255.3228895021,921.2610503927,42.2280556307234,3064.9812214422,3386.4315224679,32.3173895133087,7898.8008955794,2821.9544523021,2270.4043379416,104.7083420231,22.8376219227382,212.4329737341,2904.2560709293,442.5327870689,6.03257937581763,10337.2556589903,15.0814484395441,1881.3029682014,3107.6401755997,489.069827968,3622.5639151784,265.8643910628,7113.7037796695,1821.40807297,9.47976759057056,1.72359410737647,2266.9571497268,23.6994189764264,2749.9943983191,93.9358788520174,918.2447607048,942.8059767349,724.3404236249,9.04886906372644,1696.4475001852,1345.2652008073,194.3352356066,2291.9492642838,327.4828804015,2895.6381003924,288.2711144587,3.44718821475293,2011.0034247814,3816.0373537314,1304.7607392839,668.754513662,581.2821127127,8.61797053688233,13241.5117299196,1408.6072842534,8861.859103076,2.5853911610647,1935.5961825837,13.7887528590117,311.1087363814,817.4145054232,278.3604483412,1554.2509863267,1248.7439307942,2802.5640185941,241.3031750327,3186.4946060122,278.7913468681,1175.0602827039,311.5396349082,1126.3687491705,165.0341357812,280.5149409755,444.2563811762,2812.0437861847,8567.9863077684,4641.2080326379,158274.199692166,1759.7895836313,6280.3460287529,1328.4601582604,12.0651587516353,193.0425400261,58126.4876771639,1636.5526049539,2391.9177225116,18660.0607049844,711.4134678196,21946.0928706976,2922.3538090567,420.5569621998,5.1707823221294,11850.5712852668,1688.2604281752,893.2526461478,3690.214983893,186.5790621235,1084.1406935397,2124.3297373414,273394.773717948,2572.4642052593,2229.8998764183,3465.2859528803,636.4371241487,1899.4007063288,2759.0432673828,2419.0643297028,5990.3513201869,973.3997721408,5326.3366903201,3167.535070831,413.2316872435,2900.8088827145,4393.8722782294,1161.7024283717,1110.4255036772,583.8675038737,568.7860554342,492.5170161828,3074.8918875596,3119.2744358245,4394.3031767562,16.3741440200764,177.9610915866,3839.7367727079,1238.8332646768,2633.6517960712,21.5449263422058,1478.4128456021,7139.988589807,1251.3293219553,1025.1075953621,1389.2168505454,14.6505499127,2293.2419598643,667.8927166083,696.33201938,514.9237395787,2205.769558915,1834.7659273022,808.7965348864,514.4928410518,630.4045447729,12468.9106712881,392.5485579549,1.29269558053235,18436.8552680792,3915.1440149056,163.7414402007,6.46347790266175,122.8060801505,4.30898526844116,276.6368542339,115.0499066673,4175.4067251194,14.2196513858558,10916.8141775956,18256.3087853315,6559.1373756211,27.1466071911793,1871.3923020839,2.5853911610647,34.4718821475293,214.5874663683,335.6699524115
"M-2246-ST-1",68665.7185023084,1185.0460388951,80.3421043318741,2150.1077445006,0,268.7634680625,0.956453622998501,200.8552608296,1440.4191562357,2140.5432082706,29.6500623129535,2909.5319211614,3875.5500803899,188.4213637307,9547.320064771,4970.6894787232,3356.1957631017,106.1663521528,72.6904753478861,179.8132811237,6816.6449711103,272.5892825545,24.867794197961,1194.6105751251,117.6437956288,444.7509346943,2899.0109313084,279.2844579155,2046.8107532167,307.9780666055,850.2872708456,162.5971159097,2.8693608689955,1333.2963504599,3243.3342355879,2.8693608689955,3003.2643762152,412.2315115123,2231.4063024555,152.0761260567,826.3759302707,141.5551362037,495.4429767132,1205.1315649781,0.956453622998501,2708.6766603317,219.9843332896,3068.3032225791,99.4711767918441,0,1441.3756098587,104.2534449068,273.5457361775,431.3605839723,2136.7173937786,8.60808260698651,1274.952679457,3432.7120529416,1934.9056793259,48.7791347729236,3245.2471428339,2.8693608689955,1556.1500446185,1197.4799359941,510.7462346811,1491.1111982546,853.1566317146,1381.1190316098,186.5084564847,3493.9250848135,814.8984867947,2900.9238385544,33.4758768049475,2918.1400037684,65.9952999868966,810.1162186797,167.3793840247,2347.1371908383,14696.8663709949,2258.1870038994,282784.121722114,1507.3709098456,12390.8566859455,7789.3583056997,4.78226811499251,359.6265622474,42922.7692393037,737.4257433318,1729.2681503812,5054.857397547,430.4041303493,12727.528361241,2769.8896922036,381.6249955764,4378.6446860871,18537.9841209569,1685.2712837233,299.3699839985,855.0695389606,68.8646608558921,414.1444187583,648.4755563929,280332.731086369,5597.1666017872,4818.6133526664,818.7243012867,462.9235535312,528.9188535181,5126.5914192719,1711.0955315443,11109.2088311275,299.3699839985,733.5999288398,961.2358911134,827.3323838937,806.2904041877,4620.6274527057,96.6018159228486,1809.6102547131,84.1679188238681,285.0231796535,5617.2521278701,5684.20388148,194.1600854686,2075.5043619067,103.2969912838,87.0372796928636,6904.6387044261,913.4132099635,574.828627422,24.867794197961,4233.2637353913,856.9824462066,1841.1732242721,1988.4670822138,2261.0563647684,10.5209898529835,505.0075129432,736.4692897088,243.8956738646,116.6873420058,293.6312622605,1087.4877693492,111.9050738908,118.6002492518,347.1926651484,25031.3477674937,223.8101477816,3.825814491994,14947.4572202205,3637.3931282633,1747.4407692182,119.5567028748,144.4244970727,162.5971159097,1799.0892648601,233.3746840116,1506.4144562226,19.12907245997,2305.0532314263,1734.0504184962,1133.3975432532,57.3872173799101,54.5178565109146,22.954886951964,436.1428520873,285.0231796535,4.78226811499251
"M-2246-ST-6",121564.775864945,160.6038705532,0,0,0,0,6.17707194435694,0,0,12.3541438887139,160.6038705532,13095.3925220367,2606.7243605186,0,11470.8226006708,525.0511152703,22175.6882802414,0,376.8013886057,0,12.3541438887139,43.2395036104986,0,0,0,0,1970.4859502498,0,0,0,0,0,0,0,117.3643669427,0,580.6447627695,0,0,0,1260.1226766488,0,24.7082877774277,0,0,12.3541438887139,0,11279.3333703957,0,0,0,0,0,0,0,0,24.7082877774277,0,0,0,105.010223054,0,0,1396.0182594246,0,0,0,21490.0332944177,0,2143.4439646918,0,0,0,0,481.8116116598,18.5312158330708,0,6.17707194435694,494.1657555485,3619.7641593931,47458.4437484943,0,0,0,0,0,109297.110983452,34356.8741545132,12.3541438887139,12.3541438887139,6584.7586926844,26919.6795335075,117.3643669427,6.17707194435694,0,3465.3373607842,1204.5290291496,197.6663022194,0,883.321288043,49.4165755548555,0,387185.046544237,0,111.1872949984,148.2497266645,0,111.1872949984,129.7185108314,864.7900722099,80.3019352766402,6.17707194435694,0,67.9477913879263,0,833.9047124881,10445.4286579075,0,0,0,0,80.3019352766402,80.3019352766402,0,48551.7854826455,0,0,642.4154822131,0,0,0,0,0,0,0,26993.8043968398,0,0,0,0,0,12.3541438887139,0,0,302.6765252734,0,327.3848130509,0,0,74946.4139008827,12.3541438887139,6.17707194435694,24.7082877774277,0,0,166.7809424976,0,49.4165755548555,0,0,0,0,0,0,0,0,18.5312158330708,0
"M-2250-ST-1",163894.967329203,2214.6279334792,125.6969758418,727.0979762786,0,1000.7145977245,95.8352633490536,900.712583795,0,1158.3566613494,226.3934482013,5375.8027071378,4126.4719914498,6.94458430065605,10399.5149902324,4168.8339556838,3932.0236310314,600.0120835766,106.2521398,127.780351132,359.0350083439,229.8657403517,0.694458430065605,1652.8110635561,25.0005034823618,9798.8084482256,4279.2528460642,254.171785404,2077.8196227562,281.2556641765,6273.7374572126,292.3669990576,0,0,4575.0921372722,0.694458430065605,4175.7785399844,206.9486121595,206.2541537294,132.6415601425,268.7554124353,446.5367705321,1852.1206329849,636.12392194,89.5851374784631,210.4209043098,1245.8584235376,1285.4425540514,2258.3788145733,0,122.9191421216,2220.8780593498,6232.7644098388,509.038029238,2231.9893942308,22.2226697620994,3122.979560005,581.2617059649,6836.2487855658,1.38891686013121,1229.1914212161,13.8891686013121,426.3974760602,2676.4427894728,257.6440775543,65.2790924261669,893.7679994944,4275.7805539139,637.5128388002,5109.8251284227,136.8083107229,2461.1606761525,1134.0506162971,63.1957171359701,77.7793441673478,574.3171216642,701.4030143662,14932.2451632706,5107.0472947024,3970.218844685,76859.1867475108,1386.833484841,1267.3866348697,232.6435740719,24.3060450522962,354.1737993334,59503.2816633112,942.380089599,413.8972243191,17592.0209504219,677.791427744,33006.2202641581,16754.5040837628,123.6136005516,1.38891686013121,7932.7986466394,1827.1201295026,3188.9531108612,3916.74554557,101.3909307895,919.4629614068,283.3390394667,319635.603772576,1564.6148429378,1170.1624546605,1015.2982247559,350.007048753,8879.3454868188,1111.1334881049,3902.8563769687,1836.1480890934,184.0314839673,6068.1777619132,1093.0775689232,1303.4984732331,7306.3971427202,612.5123353178,372.2297185151,1109.7445712448,2840.3349789683,359.7294667739,567.3725373635,1668.7836074476,1148.6342433285,4944.5440220671,20.8337529019682,215.2821133203,2168.7936770948,8604.3399485128,671.5413018734,19.444836041837,159.725438915,12531.5023705338,17.3614607516401,186.1148592575,1436.1400333756,2.77783372026242,1500.0302089417,2903.5306961042,285.4224147569,1926.4276850019,1117.3836139755,2797.9730147343,599.3176251466,541.6775754511,1061.1324811402,5630.6689509719,3.47229215032803,9.72241802091848,19480.2534217703,2309.0742799681,125.6969758418,0,66.6680092862981,320.8397946903,54.8622159751828,129.1692679922,5678.5865826464,135.4193938627,9784.2248211943,6620.2722138154,2960.4762873696,256.9496191242,895.8513747846,31.2506293529522,89.5851374784631,1304.8873900932,62.5012587059045
"M-2254-ST-1",212984.213946678,3491.5594748767,15.5383536840066,522.8199004265,0,1064.8342377569,0,740.3568520026,117.9086838374,1475.2295791756,60.3253731261431,2039.1804158246,5836.9368603568,1.82804160988312,7997.6820432386,841.8131613511,3541.8306191485,71.2936227854418,538.3582541105,713.8502486593,44.7870194421365,651.6968339233,0,1445.0668926126,30.1626865630715,4979.5853453216,1467.0033919312,165.4377656944,1289.6833557725,172.7499321339,6011.5148341006,394.8569877347,4.57010402470781,0,1707.3908636308,0,3318.8095427428,604.1677520663,206.5687019167,333.6175938036,255.0118045786,3.65608321976625,649.8687923134,956.0657619688,7.3121664395325,24842.1714575067,1480.7137040053,1649.8075529195,659.9230211678,0,435.9879239571,3249.3439615672,2864.5412026868,834.5009949116,772.3475801756,13.7103120741234,13100.6601972274,495.3992762783,5086.5257794997,20.1084577087144,1230.2720034513,11.8822704642403,55.7552691014353,1176.3447759597,240.3874716996,486.2590682289,316.2511985097,3802.3265485568,1606.8485750872,4600.2667112708,66.723518760734,1116.9334236385,295.2287199961,0,5.48412482964937,53.0132066866106,0,8456.5204873193,4535.37123412,6599.230211678,58071.3978211572,350.9839890975,1775.9424240014,807.9943915683,19.1944369037728,269.6361374577,54418.0566638057,6751.8716861033,305.2829488504,14806.2230192483,453.354319251,38685.0165483466,947.8395747243,266.8940750429,0,5167.8736311395,4870.8168695335,2498.0188599052,10726.0341459892,126.1348710819,2645.1762095008,255.0118045786,304194.350071796,880.2020351587,1043.8117592432,2341.7213022602,5251.9635451942,5717.2001349094,854.6094526203,2913.8983261537,1041.9837176333,13.7103120741234,6651.3293975597,940.5274082848,903.9665760872,6733.5912700044,548.4124829649,3144.2315689989,2142.464766783,227.5911804304,244.0435549193,360.1241971469,1721.1011757049,218.450972381,13543.0462668191,15.5383536840066,266.8940750429,1375.601311437,7751.8104467093,1056.6080505124,10.9682496592987,0,2867.2832651016,123.3928086671,269.6361374577,1553.8353684006,0,1724.7572589247,646.2127090936,1351.8367705085,2539.1497961276,1159.8924014708,1146.1820893967,1062.092175342,940.5274082848,4569.1900039028,5126.7426949172,3.65608321976625,0,15274.2016713784,2724.6960195307,1085.8567162705,5.48412482964937,71.2936227854418,4.57010402470781,308.0250112653,454.2683400559,9412.5862492882,0,6706.1706458562,1503.5642241288,3872.7061505373,32.9047489778962,61.2393939310847,0,52.099185881669,83.1758932496821,18.2804160988312
"M-2254-ST-6",139951.516584875,3013.9158620208,97.7854995474578,3114.7334700814,0,381.2876455222,297.1466342837,153.1214799115,193.29691771,1273.4855755017,11.370406924123,2939.6292034499,3821.9727807618,21.2247595916963,11392.3897108429,1838.9738131948,6401.5390982812,124.316449037,58.3680888771647,454.0582498366,1213.601432368,360.0628859305,3.03210851309947,2179.3279937902,12.1284340523979,830.7977325892,3880.340869639,140.2350187308,1998.9175372608,180.4104565294,5741.2974695538,347.9344518781,10.6123797958481,8.33829841102354,1672.9658721026,91.7212825212589,3957.659636723,263.7934406396,461.6385211193,188.7487549404,413.882812038,139.4769916025,843.6841937699,2859.2783278527,83.3829841102353,476.0410365566,3.03210851309947,2530.2945541815,93.9953639060835,3.03210851309947,294.1145257706,1302.2906063762,460.8804939911,693.5948223715,2008.0138628001,1.51605425654973,2735.7199059439,1494.0714698297,7566.6267944397,3.03210851309947,2213.4392145626,15.1605425654973,267.583576281,955.1141816263,1031.674921582,222.1019485845,543.505450973,811.0890272541,330.4998279278,4617.1432383222,454.0582498366,848.2323565395,209.9735145321,347.1764247498,163.7338597073,81.1089027254107,53.0618989792407,11506.8518072124,11515.9481327517,3417.186294263,148285.266833129,1181.0062658522,4999.1889109727,191.7808634535,3.79013564137433,128.8646118067,51971.0979416531,726.1899888873,2239.9701640522,24629.8174519069,816.395217152,21819.810887392,3219.3412137833,69.7384958012877,639.0168691357,10439.5496106014,3373.9787479514,834.5878682306,2712.9790920957,1021.8205689145,707.2393106804,795.1704575603,340173.012111757,2864.5845177507,3030.5924588429,1146.8950450798,1156.7493977474,853.5385464374,3532.4064177608,1977.6927776691,3837.8913504556,42.4495191833925,5527.5338193803,958.9043172677,1485.7331714187,1124.1542312316,2165.6835054812,176.620320888,384.3197540353,361.5789401871,142.5091001156,219.8278671997,3386.1071820038,49.2717633378663,2172.5057496357,36.3853021571936,97.0274724191829,3149.602717982,1887.4875494044,642.0489776488,260.0033049982,410.8507035249,5594.9982337967,344.902343365,412.3667577815,1953.4359095643,8.33829841102354,1417.510729874,908.1164996732,1699.4968215922,183.4425650425,438.1396801428,543.505450973,758.0271282748,267.583576281,418.4309748077,12900.1056689816,989.2254023987,1.51605425654973,17839.4104368207,4337.4312279887,1245.4385717556,38.6593835420182,46.9976819530417,2.2740813848246,615.5180281591,137.960937346,1786.6699413438,187.9907278121,7419.5695315543,10281.121940792,106.8818250867,37.9013564137433,19.7087053351465,60.6421702619893,29.5630580027198,101.5756351888,110.6719607281
"M-2254-ST-8",131729.58759533,1644.5584992951,76.8063035385116,3295.8940253731,0,643.8175443669,343.3693569956,286.8941338056,101.6554017421,1256.0089637474,11.2950446380164,4911.0854086095,4854.6101854194,4.51801785520656,13901.9409404705,2234.1598293996,4633.2273105143,149.0945892218,81.3243213937182,94.8783749593378,912.6396067517,167.1666606426,2.25900892760328,6413.3263454657,85.8423392489247,840.3513210684,4251.4548017493,350.1463837785,1190.4977048469,70.0292767557017,5466.8016047999,354.6644016337,29.3671160588427,0,1969.85578487,47.4391874796689,3648.2994180793,192.0157588462,458.5788123034,54.2162142624788,1195.0157227021,180.7207142082,1091.1013120323,2487.1688292912,38.4031517692558,1161.130588788,51.9572053348755,3302.6710521559,90.3603571041313,0,137.7995445838,1000.7409549282,664.1486247153,341.110348068,1965.3377670148,2.25900892760328,5003.7047746412,1278.5990530234,8161.7992554306,9.03603571041313,1983.4098384356,6.77702678280985,232.6779195431,2611.4143203093,993.9639281454,417.9166516066,456.3198033758,1362.1823833447,390.8085444753,4540.6079444825,234.9369284707,1219.8648209057,153.612607077,359.1824194889,286.8941338056,133.2815267285,24.8490982036361,8620.3780677341,8288.3037553764,5410.3263816098,127719.846748834,1676.1846242816,3528.5719449163,275.5990891676,51.9572053348755,149.0945892218,62721.3828749051,1350.8873387067,2159.6125347887,24419.8865073914,612.1914193804,19818.2853218635,1527.0900350598,115.2094553077,679.9616872085,9528.4996566306,4999.186756786,585.0833122492,2191.2386597751,1258.267972675,831.315285358,6804.134889941,340753.424657534,1845.6102938518,1847.8693027794,815.5022228647,508.2770087107,820.0202407199,1888.5314634763,1628.7454368019,3883.23634655,110.6914374525,5213.7926049083,1405.1035529692,2338.0742400693,914.8986156793,1922.4165973903,625.7454729461,440.5067408826,1145.3175262948,605.4143925976,390.8085444753,2685.9616149203,243.9729641811,2249.9728918928,99.3963928145444,45.1801785520656,2609.1553113817,871.9774460548,1843.3512849242,144.5765713666,483.4279105071,6411.0673365381,275.5990891676,295.930169516,2857.6462934181,15.813062493223,1463.8377850869,1443.5067047384,1086.5832941771,332.0743123576,607.6734015252,442.7657498102,1594.8603028879,268.8220623847,264.3040445295,11145.9500487945,1357.6643654895,2.25900892760328,21878.5014638377,3783.8399537354,1802.6891242274,13.5540535656197,192.0157588462,11.2950446380164,219.1238659775,352.4053927061,2814.7251237936,74.5472946109083,8254.4186214623,14037.4814761267,135.5405356561,214.6058481223,63.2522499728919,72.288285683305,70.0292767557017,76.8063035385116,31.6261249864459
"M-2256-ST-1",207919.548668805,4224.7897265479,92.5782809742777,2166.331774798,0,2963.310019707,0.805028530211111,317.9862694333,151.3453636796,553.054600255,154.5654778005,1629.3777451472,7244.4517433697,25.7609129667555,7868.3488542833,2639.6885505622,1948.974071641,343.7471824001,207.6973607944,277.7348429228,771.2173319422,898.4118397155,158.5906204515,867.0157270373,53.1318829939333,1162.4611976248,3047.032986849,1276.7752489148,4243.3053827427,297.8605561781,6401.5868722387,1622.1324883753,49.9117688730889,0,9948.5425763489,109.4838801087,2730.656774476,246.3387302445,316.3762123729,894.3866970645,330.8667259167,29.7860556178111,1209.152852377,3010.8067029895,307.5208985406,1062.6376598786,799.3933304996,3637.923928024,173.8861625255,0,2221.0737148524,5071.6797403299,800.1983590298,3983.2811674845,285.7851282249,28.9810270876,8887.5149735306,732.5759624921,11813.793680848,54.7419400543555,1448.2463258497,34.6162267990778,276.9298143926,490.2623748985,1462.7368393935,218.1627316872,808.2486443319,3477.7232505119,564.3249996779,3544.5406185195,184.3515334183,772.0223604724,945.908522998,297.0555276478,53.1318829939333,140.0749642567,150.5403351494,8426.2336257196,4628.1090201836,6118.2168296044,67396.1835207439,2302.3815964037,2370.0039929415,2287.8910828599,7.2452567719,175.496219586,56600.7509306129,3804.5648337777,7977.0277058618,35038.8667774385,235.8733593518,27659.9752695235,2254.0798845911,916.1224673802,1.61005706042222,5359.0749256153,3446.3271378337,1612.4721460128,9731.1848731919,270.4895861509,2751.5875162615,4981.5165449463,259999.259373752,985.3549209783,912.9023532593,3414.1259966253,1681.704599611,2143.7909759521,865.4056699769,4678.0207890567,2279.0357690276,634.3624818063,5103.0758530082,1678.4844854901,1005.4806342336,3161.347038139,920.9526385615,766.3871607609,1269.5299921429,625.507167974,334.0868400376,639.9976815178,1659.163800765,3249.9001764622,7730.6889756172,370.3131238971,710.8401921764,1470.7871246956,1618.9123742545,311.5460411916,8.85531383232222,494.2875175496,11724.4355139946,169.0559913443,921.7576670917,2507.6638716076,55.5469685845666,5706.0422221363,1658.3587722348,1401.5546710975,875.0660123394,1045.7320607442,2873.1468243234,2751.5875162615,1552.095006247,1243.7690791761,5156.2077360021,635.1675103365,2.41508559063333,19127.4778778159,6234.945966485,295.4454705874,19.3206847250667,256.8041011373,23.3458273761222,528.9037443486,345.3572394605,5292.2575576078,0.805028530211111,14517.8845138271,5482.2442907376,2582.5315249172,220.5778172778,2324.9223952496,3.22011412084444,50.7167974033,155.3705063307,45.0815976918222
"M-2260-ST-1",181566.036260102,1722.4962362918,71.7065823447745,3316.370269599,94.5438272169551,2144.3344641122,0.118327693638242,195.9506606649,4.02314158370022,1363.3716860998,132.6453445684,911.7148794826,3801.9871242903,0.473310774552967,6217.4103345277,2192.2571800357,2028.2549966531,221.0361317162,183.1712697519,239.6135796174,1575.5332407931,269.5504861079,3.78648619642374,670.6813675415,13.2527016874831,2368.447115863,2016.3038995956,781.9093995615,1849.5801792593,155.1276063597,2053.458795398,1305.2727885234,5.91638468191209,10.1761816528888,2078.8992495302,1.53826001729714,3034.8686864336,80.8178147549191,542.5324753313,651.867264253,2349.9879956554,1.65658771093538,433.5526694905,2537.4190623784,142.3482154468,556.376815487,941.5334582794,1690.7844143968,572.3510541281,0,872.5484128883,3333.6461128701,1332.6064857538,841.5465571551,318.0648404995,14.672634011142,6078.7302775837,929.7006889156,8229.9277479269,52.7741513626558,1460.2820671895,1.4199323236589,279.2533569862,652.9322134958,272.2720230615,415.5668600575,1375.7960939318,2506.2988789515,782.2643826424,4041.837359295,147.9096170478,1097.4893584946,1240.9025231842,662.5167566805,51.9458575071881,146.0163739495,65.0802315010329,3196.5043159434,6337.8679266515,7263.7821293707,94621.5685116754,3310.453884917,3223.6013577866,1298.6464376797,1664.2790110218,248.4881566403,49435.6538143464,3577.5194894586,348.8300408455,15392.7763546243,2708.7575627666,29128.0183767641,11817.8600744257,915.7380210663,1.30160463002066,7208.0497856671,3172.3654664412,1571.2734438222,8811.8633452398,73.3631700557099,2243.6113990747,318.4198235805,276099.923950791,1121.2732249159,1314.1473655463,3116.2781396567,205.8901869305,2457.429541479,1394.4918695266,2566.4093473198,2696.9247934028,20765.2086288814,4593.954377811,3062.0840559704,138.7983846376,4620.459781186,1195.4646888271,20293.9094251202,1272.6143450792,806.6398875318,9908.6427375727,840.8365909933,2077.2426618193,2179.1228060418,10407.5122939515,1.4199323236589,194.7673837285,2156.7588719442,5153.4077133327,265.1723614432,6.03471237555033,837.1684324905,7044.520913059,12.1877524447389,2378.9782805968,1449.8692301493,12.7793909129301,4028.9396406884,1532.2253049215,231.8039518373,1087.0765214545,368.7090933767,4386.6442585568,385.5116258733,474.257396102,1124.2314172569,8019.0677978636,562.8848386371,169.4452572899,13989.2915803811,6835.199223013,91.2306517950844,5.44307390735912,168.6169634344,1.18327693638242,563.9497878798,129.8054799211,7085.8172781388,19.6423971439481,11633.3872000437,6856.9715186424,5637.3679803131,1.89324309821187,1487.4974367263,5.08809082644439,33.2500819123459,30.7652003459428,206.8368084796
"M-2260-ST-4",92633.9396736784,1208.1379455785,43.8938549597818,3052.5502702767,423.0223642299,1781.9910352085,0,121.8582942226,1.24345198186351,1859.9554744714,18.6517797279526,1215.2256218752,2534.1551390378,0.870416387304455,6982.6046041545,3898.4706535384,2176.662694252,215.2415380605,150.8307254,574.9721964136,6645.1317362767,135.1632304285,17.4083277460891,836.3458030013,18.1543989352072,1526.5859981338,2800.6268987511,508.6962057803,700.5608465818,53.0953996255717,2605.4049375986,763.355171666,4.10339154014957,41.9043317888002,1495.7483889836,1.11910678367716,2369.2734062427,64.7838482550887,1997.2325732691,436.7003360304,203.553089431,4.97380792745403,303.7753191692,2434.4302900923,93.3832438379494,135.5362660231,144.3647750943,3788.9225339362,281.2688382975,0.497380792745403,2133.0175296886,2742.9307267927,903.6165552202,2111.6301556006,1420.8925796754,15.0457689805484,4884.0306943634,2624.9271337138,11365.3998046288,16.9109469533437,3382.6867714614,1.98952317098161,951.8624921165,682.1577572503,399.7698121691,1368.2945608426,799.7883147346,1481.8217267867,258.6380122276,3052.4259250785,538.539053345,2019.2416733481,178.0623238028,2416.1515459589,61.6752183004299,440.430691976,42.7747481761046,1419.4004372971,12937.4961452988,1721.3105784936,239978.647442567,12598.5311350428,11237.5729408932,555.0769647038,5140.8035286182,114.2732371332,40260.9856495693,1603.5556758111,399.8941573673,17081.7972556517,2659.1220632151,16606.0525273907,1164.4927810151,216.3606448442,2.36255876554066,15920.5374497894,1733.9937887086,524.3637007518,3909.1643405824,44.1425453561545,1057.1828749803,157.2966757057,242180.179176457,4252.1083971804,3758.3336151824,2256.741001884,326.7791808337,1212.3656823169,4131.1205193451,1954.2091346966,9694.697721797,4851.079216844,5696.6265645112,8271.1938929596,205.7913029984,1700.7936207929,3630.631096645,5004.3968462078,573.231363639,2643.081532649,2678.2712237358,3319.3950655846,4401.6956705986,1632.9011425831,3436.0308614834,3.23297515284512,327.8982876174,5883.0200165926,877.8770991956,315.8368033933,23.6255876554066,3238.3219963671,12028.5327465566,6.21725990931753,1551.9524185638,722.9429822554,1.74083277460891,2670.8105118446,1005.2065821384,220.4640363843,542.518099687,180.9222633611,1783.2344871904,825.7764611555,323.2975152845,477.112525441,21122.7675063117,561.2942246131,811.7254537604,12058.6242845177,6104.851850157,174.5806582536,23.0038616644749,488.5522836741,14.548388187803,346.7987577417,69.135930191611,1956.9447290567,15.9161853678529,11826.2231091074,6411.9844896773,351.1508396782,2.98428475647242,1275.7817333919,2.23821356735431,8.5798186748582,28.1020147901153,876.5093020155
"M-2260-ST-5",99405.4611272265,1666.1472442643,111.875594339,2273.471899248,387.5690232461,1150.7203989164,0,235.7378595002,0,1849.9428635357,55.9377971695475,2181.5740896123,2265.4807853666,0,7459.7048082532,3596.0012466137,1550.2760929846,259.7112011443,147.8356068052,771.1424895516,4934.5128217422,207.7689609154,27.9688985847737,2197.556317375,0,3176.4677678421,2768.9209598925,439.511263475,1486.3471819336,183.7956192713,1446.3916125268,687.2357937972,35.9600124661377,27.9688985847737,1462.3738402895,0,2712.983162723,51.9422402288655,1766.0361677814,411.5423648902,383.5734663054,39.9555694068196,411.5423648902,2509.2097587482,131.8533790425,271.6978719663,263.706758085,2529.1875434516,343.6178968986,0,1750.0539400186,2744.9476182485,1941.8406731714,2389.3430505278,922.9736532975,11.9866708220459,4554.9349123774,2641.0631377907,6440.8377883793,183.7956192713,2405.3252782905,7.99111388136392,1038.8448045773,1026.8581337552,291.6756566697,2565.1475559178,723.1958062634,1873.9162051798,243.7289733815,3004.6588193928,607.3246549836,2165.5918618496,547.3913008734,2273.471899248,179.8000623306,583.3513133395,87.9022526950032,1530.2983082811,11527.1817738674,2357.3785950023,235721.877272473,9912.9767698319,9988.8923517049,1730.0761553152,9013.9764581785,163.8178345679,40115.3916844468,1805.9917371882,631.2979966277,11547.1595585708,2968.6988069266,15886.3343961514,3056.6010596217,327.6356691359,0,13832.6181286409,1482.351624993,1082.7959309248,4738.7305316488,31.9644555254557,1106.7692725689,323.6401121952,246913.432263323,4730.7394177674,4015.5347253853,1985.7917995189,251.7200872629,3300.3300330033,4103.4369780803,2069.6984952732,8482.5673850678,4830.6283412844,3647.9434868426,8047.0516785334,379.5779093647,2772.9165168332,4311.2059389958,5050.3839730219,958.9336657636,3100.5521859692,3172.4722109014,4207.3214585381,4674.8016205978,986.9025643484,5214.2018075899,15.9822277627278,307.6578844325,4786.6772149369,1226.6359807893,918.9780963568,43.9511263475016,3048.6099457403,6456.820016142,11.9866708220459,1845.947306595,910.9869824754,3.99555694068196,3619.9745882578,958.9336657636,339.6223399579,1234.6270946707,75.9155818729573,1997.7784703409,363.595681602,295.6712136104,583.3513133395,20936.7183691734,910.9869824754,879.02252695,12977.568943335,6201.1043719384,279.6889858477,3.99555694068196,247.7245303222,3.99555694068196,627.302439687,167.8133915086,2237.5118867818,19.9777847034098,8990.0031165344,6005.3220818449,767.1469326109,23.9733416440918,1006.8803490518,0,0,43.9511263475016,1042.8403615179
"M-2261-ST-1",94188.123490541,8508.7623641434,39.3082757868629,1806.9126772993,0,913.3890750044,3841.2216166775,308.5488314452,876.6168170102,1498.363845854,21.1334816058403,3377.5530302453,3717.8020840994,55.7923914394183,9615.3114610252,3163.2595267621,2394.8461355738,997.5003317956,37.1949276262789,1628.1234229139,3121.8379028147,135.2542822773,59.5964181284696,9897.6547752792,106.0900776613,2006.8354132905,2344.5484493519,639.9218230248,4312.9209261198,131.0275859562,6883.5976286542,618.3656717868,94.2553279620476,0,5495.1278871505,76.9258730452586,3194.9597491709,179.6345936496,860.1327013576,195.2733700379,726.1464279766,19.4428030773731,741.7852043649,2243.530407276,655.9832690452,133.986273381,51.1430254861335,2361.8779042687,562.9959499795,0,393.5054275007,1757.4603303416,1071.4675174161,2242.6850680117,237.1176636175,11.8347496992706,2725.3737878891,2033.886269746,6922.483234809,19.8654727094899,1547.3935231796,51.1430254861335,857.1740139328,770.1040697168,3769.3677792176,494.5234695766,394.3507667649,1595.5778612409,88.7606227445292,3825.5828402892,327.1462952584,407.4535253606,174.9852276963,467.4726131211,2333.1363692847,36.7722579941621,3292.1737645577,9340.1535305171,10426.4144850573,1716.4613760263,163665.712278637,653.0245816204,6470.6493980761,5250.824839787,5353.5335603914,52.4110343824839,43455.510217193,901.9769949372,3837.8402596205,28099.4998127573,2123.9149013869,23385.8880753907,1629.8141014424,336.4450271649,4.64936595328486,10638.5946403799,1620.0926999037,1623.8967265927,2792.5782593957,10192.6781784967,683.8794647649,3726.6781463738,283578.777588704,2297.2094505548,2639.1491829373,1084.5702760117,588.7787975387,1776.903133419,2911.7710956526,2176.3259357694,4750.8066649928,1808.6033558278,6467.2680410192,1910.4667371679,678.8074291795,4760.1053968994,2705.5083151796,1910.4667371679,2381.320707346,1677.1531002394,1309.8531899299,2297.2094505548,3927.4462216293,239.2310117781,2601.5315856789,55.7923914394183,87.069944216062,3725.8328071096,752.7746148,2324.2603070103,74.3898552525578,1667.0090290686,8072.5673037988,1233.3499865168,928.1825121285,3284.1430415475,40.9989543153302,1759.5736785022,1404.108517892,886.3382185489,491.5647821518,213.4481642189,938.7492529314,727.8371065051,164.4184868934,184.706629235,13915.1296285494,5414.3979874162,2.53601779270083,14934.186111583,4151.4611266512,226.5509228146,12.6800889635042,408.7215342569,8.03072301021931,170.7585313751,341.9397323824,2644.6438881548,27.0508564554756,12527.9278959421,15198.354631656,3249.0614620818,388.0107222832,104.3993991328,6.34004448175208,10.1440711708033,86.2246049518283,2.53601779270083
"M-2261-ST-4",155623.625461312,7529.8090840168,48.5592014987563,2160.1012537672,0.783212927399294,462.8788400929,55.6081178453499,902.2612923639,627.3535548468,653.199581451,36.0277946603675,3792.3169944673,3904.3164430854,153.5097337702,10871.7786452296,2767.0912725017,2690.3364056165,151.9433079154,133.1461976578,57.9577566275478,1722.285227351,444.8649427627,8.61534220139224,4736.0885719835,145.6776044962,4519.1385910939,2951.1463104405,655.5492202332,2283.8488962963,83.8037832317245,5188.7856440203,678.2623951277,7.04891634659365,0,6935.3504721207,32.8949429507704,3297.326424351,315.6348097419,600.7243153152,817.6742962048,1183.4347333003,314.0683838871,1436.4125088503,2330.8416719403,156.6425854798,139.411901077,295.2712736295,1801.3897330183,1236.6932123634,4.69927756439577,628.9199807016,3381.9134205101,3103.8728312834,3687.3664621958,598.374676533,1.56642585479859,6415.2970883276,1380.8043910049,5292.9529633644,70.4891634659365,1554.6776608875,99.4680417797104,567.046159437,1370.6226229487,2087.2624515191,1504.552033534,1898.5081360158,1883.6270903953,285.0895055733,3742.1913671138,336.7815587816,775.3807981253,429.9838971422,295.2712736295,310.9355321775,61.8738212645443,18.0138973301838,5716.6711570874,8185.35830425,4365.6288573236,123215.840951384,752.6676232307,4347.6149599934,3855.7572415867,2987.1741051009,177.0061215922,50707.5545586125,1173.2529652441,9161.2416117895,15513.8816659252,1029.1417866026,23194.0676320027,363.4107983132,1475.5731552202,8.61534220139224,8801.7468781132,2366.8694666006,1288.3852655718,5773.0624878602,219.2996196718,1065.9527941904,9935.8391969874,287469.68965971,1589.9222426205,2062.9828507697,2939.3981165295,410.4035739572,4873.9340472058,2198.4786872098,2088.8288773739,4214.4687623356,1146.6237257125,5056.4226592898,1403.5175658995,888.1634596708,3806.4148271605,1834.2846759691,2160.8844666946,775.3807981253,1964.2980219174,743.2690681019,2729.4970519865,2769.4409112839,90.8526995783182,5512.2525830362,210.6842774704,205.2017869786,2268.1846377483,1918.8716721282,1446.5942769064,101.8176805619,1009.5614634176,3534.639941353,986.8482885231,791.0450566732,1709.7538205126,51.6920532083534,4725.9068039273,1270.3713682416,1187.3507979373,1375.3219005131,3340.4031353579,2320.6599038841,1723.8516532058,1134.8755318015,456.6131366737,9529.3516876672,1310.315227539,7.04891634659365,17453.1168741658,5245.9601877204,402.5714446832,72.0555893207351,266.2923953157,384.557547353,167.6075664634,335.2151329268,3001.271937794,6.26570341919436,5798.9085144643,14873.99670424,5666.5455297338,36.0277946603675,74.405228102933,177.0061215922,43.0767110069612,236.5303040745,1.56642585479859
"M-2261-ST-9",51340.2954230231,4313.6611691387,51.9239820685109,1373.847478495,0,305.4351886382,156.3828165828,451.1277736187,1995.1026521853,1969.4460963397,22.9076391478725,5672.2368882018,1834.4437429616,127.3664736621,6883.8982815299,1492.3563316867,1550.389017528,47.953324616213,15.271759431915,35.7359170706811,6999.3527828352,55.5892043321705,21.0750280160427,12134.0237390337,91.9359917801282,2404.9966753379,2708.5992528444,1024.4296226928,2074.8212364199,133.1697422462,4693.6225438047,383.6265969297,71.4718341413621,0,4891.849981231,147.5251961122,2387.8923047742,162.4915203555,2262.6638774325,164.3241314874,220.5242061968,0.916305565914899,353.0830780658,2719.900354824,9.16305565914899,288.9416884518,38.7902689570641,4133.1489726534,772.1401568776,109.9566679097,390.6516062683,2571.7642883344,1887.284030596,3603.8297907432,776.7216847071,0.610870377276599,4141.3957227467,3491.4296413244,4672.2420806,70.5555285754472,2556.4925289025,53.1457228230642,1482.5824056503,564.4442286035,811.8467314006,1417.8301456589,635.9160627449,1110.5623458888,155.4665110168,2690.2731415261,785.5793051777,295.3558274132,134.3914830008,1356.132237554,38.4848337684258,54.062028388979,32.3761299956598,9996.5882889429,15430.8911651955,1512.8204893254,283131.394858365,1811.5361038137,13766.5748223054,8995.3717405865,12955.6443964707,125.8392977189,32486.6975339468,772.7510272548,9410.1527267573,11263.2280162259,2896.7473290456,8149.9271384357,285.2764661881,53.7565932003407,0,17968.4467124025,1683.5587597743,522.9050429487,2725.0927530309,241.5992342128,407.7559768321,5785.247907998,220667.149865135,5820.9838250687,4935.8326483949,910.1968621421,244.9590212879,2551.3001306957,5792.2729173367,1282.8277922808,11066.2223195542,4455.6885318555,3565.9558273521,1712.2696675063,690.5889615111,2383.3107769446,4747.379137005,4763.5672020029,335.3678371248,3476.4633170811,2408.3564624129,5437.6626633276,5893.6773999646,24.434815091064,1447.4573589569,159.7426036578,91.3251214028516,6261.4213670851,293.2177810927,2877.81034735,34.2087411274896,4246.7708628269,3978.5987672024,2925.7636719662,1678.9772319447,688.4509151907,13.4391483000852,1002.1328539222,1625.2206387443,1384.2322749087,673.1791557588,76.3587971595749,2072.6831900995,872.3228987509,410.8103287185,71.4718341413621,25470.851250925,3570.231919993,2.4434815091064,10330.7343853132,5425.4452557821,224.1894284605,25.3511206569789,115.4545013052,531.4572282306,376.9070227796,367.7439671205,1715.018584204,9.77392603642559,5531.1258310509,6453.2346655499,4361.0036233776,10.9956667909788,17.1043705637448,72.6935748959153,11.6065371682554,48.8696301821279,14.6608890546384
"M-2263-ST-6",23312.0725236768,6.23484154150222,0,0,0,0,6.23484154150222,0,0,0,0,0,4853.8241400594,0,11961.543497372,1795.6343639526,45040.495295812,0,1518.1839153557,0,0,0,0,0,0,7634.5634675694,1998.2667140514,0,0,0,19808.0915773525,0,0,0,87.2877815810311,0,392.7950171146,0,0,0,0,0,0,0,0,0,0,6998.6096303362,0,0,0,0,0,0,0,0,6.23484154150222,0,0,0,0,0,0,140.2839346838,0,0,0,13682.3597628266,0,1474.5400245652,0,0,0,0,0,0,0,1025.6314335771,37.4090492490133,3.11742077075111,14589.5292071152,0,1306.1993029447,0,0,0,51459.2646627885,1546.2407022925,3.11742077075111,1608.5891177075,0,3148.5949784586,557151.67499018,0,0,240.0413993478,127.8142516007,0,0,215.1020331818,0,0,172761.224273485,0,0,420.8518040514,0,0,0,997.5746466403,0,0,0,40.5264700197644,0,367.8556509486,2054.3802879249,49.8787323320178,0,0,0,165.2233008498,0,18.7045246245067,0,0,0,4015.2379527274,0,0,0,0,0,0,0,77.9355192687778,0,1739.5207900791,0,0,0,0,0,0,0,0,554.9008971936,6241.0763830437,0,35672.6458797049,0,0,0,0,0,52.9961531027689,0,0,0,0,1521.3013361265,0,18.7045246245067,31.1742077075111,0,0,18.7045246245067,0
"M-2272-ST-1",188473.21160859,2857.0595391468,192.9132062548,5023.9683442887,0,514.4352166796,1.49545121127809,218.3358768466,0,1656.2122164904,19.4408657466152,7291.8201061919,3396.9174264181,0,12198.3955303954,1386.2832728547,6886.5528279356,340.9628761714,80.7543654090171,322.2697360304,687.9075571879,496.4898021443,0,8964.4822860065,31.40447543684,320.7742848191,2921.3639412317,302.8288702838,1880.5298981822,134.590609015,6982.2617054574,2047.2727082397,3063.4318063031,0,5715.6145295048,56.0794204229286,4819.8392539492,280.3971021146,149.5451211278,37.3862802819524,657.9985329623,0,1784.0732950547,2457.7740657355,14.9545121127809,148.7973955221,637.0622160044,1412.4536690521,109.1679384233,0,294.6038886217,2589.373772328,882.316214654,1488.7216808273,2651.434997596,5.98180484511238,6438.6651901578,682.6734779484,1799.0278071675,100.9429567612,2899.6798986682,15.70223771842,180.201870959,2576.6624370321,1790.0550998998,1450.5876749397,258.7130595511,1064.0135368243,1117.8497804303,5095.7500024301,132.3474321981,2712.7484972584,68.7907557187924,684.1689291597,14.2067865071419,683.421203554,1001.9523115563,5486.8104941793,6364.6403551995,3049.9727454016,81487.1365025433,670.7098682582,1895.4844102949,11.9636096902248,0,251.9835291003,57333.3562635852,2145.972488184,1573.2146742645,11603.2059483067,535.3715336375,14054.2504835915,768.6619225969,5421.010640883,0,8260.8724911001,1587.4214607716,4226.8928486775,821.0027149916,130.1042553811,978.0250921758,1965.0228916194,353529.900425381,102.4384079725,2018.1114096197,963.070580063,815.7686357522,722.3029350473,1431.1468091931,3515.0580721091,1650.2304116453,119.6360969022,7160.9681252051,981.763720204,708.0961485401,1968.7615196476,1258.4221942905,385.8264125097,730.5279167093,533.1283568206,246.7494498608,370.1241747913,2384.4969563829,204.876815945,7326.963209657,20.1885913522543,8.97270726766857,1973.995598887,6335.4790565796,2391.9742124393,192.1654806492,2.24317681691714,4404.1038172139,0,101.6906823669,6396.792556242,15.70223771842,901.009354795,3748.3484610685,384.3309612984,91.2225238879638,2574.4192602152,1038.5908662326,1203.8382250788,953.3501471897,822.4981662029,6410.2516171435,1216.5495603747,8.22498166202952,18605.6562451164,3689.278138223,215.344974424,39.6294570988695,14.9545121127809,331.9901689037,2411.4150781859,1457.3172053905,1515.6398026303,2.24317681691714,8189.0908329588,6521.6627323837,69.5384813244314,62.0612252680409,111.4111152402,0,15.70223771842,72.5293837469876,71.0339325357095
"M-2273-ST-1",209403.622847419,2504.9076226192,33.2720177577512,1425.9436181893,0,2630.3906610199,1.90125815758578,582.7356253,3.80251631517156,530.4510259664,76.0503263034313,4421.3758454657,5011.7165033961,22.8150978910294,10196.4474991325,1910.7644483737,3413.7090219452,293.744385347,38.0251631517157,919.2583191927,79.8528426186028,215.7928008859,6.65440355155024,1238.6696896671,4.75314539396446,5673.3543422359,2689.329663905,509.5371862329,3486.9074610123,475.3145393964,3931.8018698873,1300.4605797886,269.0280292983,0,3928.949982651,6.65440355155024,3446.0304106242,366.942824414,142.5943618189,1662.6502588087,441.0918925599,8.55566170913602,1585.6493034265,1873.6899143007,212.9409136496,1081.8158916663,392.6098095414,2974.5183875429,1356.5476954374,0,1246.2747222974,3310.0904523568,2917.4806428153,737.6881651432,865.0724617015,50.3833411760232,5211.3486099426,634.0695955548,7220.9784825108,17.111323418272,1277.6454818976,28.5188723637867,172.0638632615,1324.2263067584,283.2874654802,984.8517256294,3974.580178433,2691.2309220626,567.5255600393,4172.3110268219,72.2478099882597,982.9504674718,378.3503733595,3.80251631517156,28.5188723637867,127.3842965582,218.6446881223,5564.9826272535,3453.6354432545,5852.072609049,56606.1591258015,321.3126286319,1123.6435711331,7511.8709806214,0,178.718266813,60277.4886280996,2744.466150475,685.4035658096,12858.2089197526,760.5032630343,36276.0056467367,8078.4459115819,503.8334117602,0.950629078792891,6512.75981881,2502.0557353828,2056.210697429,9119.3847528602,89.3591334065318,2060.9638428229,1657.8971134148,314454.790457585,1747.2562468213,803.2815715799,5154.310865215,1115.087909424,5012.6671324749,708.2186637007,2696.9346965354,911.6532865623,210.0890264132,2322.386839491,1171.1750250728,1177.8294286243,5649.5886152661,1414.5360692438,1416.4373274014,2140.8166854415,830.8498148649,77.9515844610171,918.3076901139,1277.6454818976,4175.1629140583,7261.8555328988,27.5682432849938,397.3629549354,2318.5843231758,1951.6414987618,434.4374890083,15.2100652606863,32.3213886789583,14241.3742293963,2.85188723637867,496.2283791298,1572.3404963234,47.5314539396446,6148.6688816324,1642.6870481541,722.4780998825,1693.0703893301,601.7482068759,1339.4363720191,324.1645158683,590.3406579303,404.9679875657,3872.8628670022,817.5410077618,2.85188723637867,17588.539215826,2548.6365602437,129.2855547158,7.60503263034313,873.6281234106,145.4462490553,462.9563613721,495.277750051,5420.487007277,13.3088071031005,13017.9146049898,4970.839453008,627.4151920033,44.6795667032659,1738.7005851121,1.90125815758578,89.3591334065318,253.8179640377,144.4956199765
"M-2273-ST-5",181621.596187326,614.3835662478,46.3812539071165,2423.924660711,0,553.8862785429,14.1160337978181,1016.3544334429,0.672192085610384,218.4624278233,1.34438417122077,6816.6999401749,4478.1436743363,15.4604179690388,14895.1044250405,7.39411294171422,10423.6826715602,394.5767542532,84.024010701298,278.2875234426,78.6464740164149,126.3721120947,1.34438417122077,208.3795465392,513.5547534063,180.8196710291,2565.0849986892,31.593028023688,1228.0949404101,266.1880659017,910.820276002,8.73849711293499,1.34438417122077,6.72192085610384,1908.3533310478,2.68876834244154,3638.575759409,293.7479414117,50.4144064207788,11.4272654553765,730.0006049728,1.34438417122077,1083.5736420039,14.1160337978181,1.34438417122077,704.4573057196,10.0828812841558,819.402152359,6.04972877049346,7.39411294171422,4.70534459927269,10.0828812841558,21.5101467395323,5.37753668488307,187.5415918852,0.672192085610384,404.6596355374,303.8308226958,32.2652201092984,0.672192085610384,1393.4541934703,5.37753668488307,1.34438417122077,156.6207559472,49.070022249558,1570.9129040714,1.34438417122077,2437.3685024232,27.5598755100257,5608.0985702474,98.1400444991161,14.1160337978181,207.7073544536,13.4438417122077,2639.0261281063,49.7422143351684,0,7853.2201361861,5124.7924606935,3648.6586406931,72322.4908749924,5868.9090994642,1870.038382168,28.2320675956361,88.0571632149603,991.4833262753,75918.718533008,15459.7457769532,717.9011474318,2637.6817439351,19.4935704827011,12512.1834815516,5049.5069471052,129.7330725228,14.7882258834284,6435.5670276338,3661.4302903197,1107.7725570859,110.2395020401,195.6078969126,346.1789240893,3325.3342475145,416746.993620897,113.6004624681,1675.102677341,2505.9320951555,1861.9720771407,617.0723345903,1086.9346024319,4309.4234608481,807.302694818,407.3484038798,50.4144064207788,146.537874663,709.1626503189,331.3906982059,10416.9607507041,1621.9995025778,771.6765142807,30.9208359380777,637.9102892442,203.0020098543,2801.0244207384,29.5764517668569,12662.7545087284,4.0331525136623,8.73849711293499,592.2012274227,280.9762917851,3.36096042805192,280.9762917851,5.37753668488307,1736.2721571316,0,262.8271054736,6249.3698199197,9.41068919854538,613.0391820766,32.9374121949088,401.970867195,299.7976701822,17.47699422587,202.3298177687,78.6464740164149,63.8582481329865,19.4935704827011,6249.3698199197,1.34438417122077,0,32741.1321059105,835.5347624137,86.7127790437395,28.9042596812465,7039.8677125975,0,8.73849711293499,29.5764517668569,670.8477014391,0,79.9908581876357,225.856540765,49.070022249558,7.39411294171422,7.39411294171422,0,0,231.2340774499,1.34438417122077
"M-2273-ST-8",161237.462262932,896.1573725092,12.5424404829843,185.6281191481,0,2102.1130249481,0.627122024149215,144.2380655543,15.0509285795812,213.2214882107,5.64409821734294,15161.3020558314,8360.7908259573,5.64409821734294,10768.9393986903,469.0872740636,7964.449706695,221.3740745246,170.5771905685,304.7813037365,201.3061697518,82.1529851635472,0,46.4070297870419,15.0509285795812,106.6107441053,4634.4317584626,108.4921101778,1436.1094353017,78.3902530186519,1632.3986288604,53.9324940768325,0.627122024149215,0,870.4453695191,0,2446.403016206,20.0679047727749,26.9662470384162,42.0171756179974,930.6490838374,0,927.5134737166,47.6612738353403,11.2881964346859,688.5799825158,28.8476131108639,4729.7543061333,30.1018571591623,0,4.3898541690445,83.4072292118456,68.3563006322644,59.5765922941754,21.9492708452225,6.27122024149215,1207.8370185113,1474.3638787748,91.5598155257854,5.01697619319372,975.174747552,264.0183721668,262.1370060943,715.5462295542,13.1695625071335,2461.4539447856,1.88136607244764,1277.4475631919,93.441181598233,4548.5160411542,31.98322323161,107.2378661295,12.5424404829843,6.89834226564136,259.6285179977,8.77970833808901,180.6111429549,3365.7639036088,8455.4862516038,6784.8331792703,92873.0090443538,840.970634384,1077.3956374883,145.4923096026,1.88136607244764,263.3912501426,79131.5112511962,9954.3078893204,1079.9041255849,4006.0554902651,100.966645888,19414.4436236113,5975.2186460937,36.3730774006545,0,14308.4161029884,1108.1246166716,1078.6498815366,169.3229465202,135.4583572162,1066.7345630778,3752.0710704847,383182.217829581,12.5424404829843,1259.8881465157,1359.6005483554,1101.8533964301,618.9694378352,2358.6059328251,2991.3720551917,1572.194914542,164.305970327,645.9356848736,602.0371431832,468.4601520394,253.9844197804,10829.1431130086,1338.9055215585,792.0551165004,487.2738127639,870.4453695191,178.1026548583,1238.5659976946,72.7461548013089,3575.8497816988,25.0848809659686,149.8821637716,771.3600897035,1696.3650753236,3.76273214489529,172.458556641,10.6610744105367,1288.1086376024,0,582.5963604346,3532.5783620325,1.25424404829843,388.8156549725,52.6782500285341,94.0683036223822,52.6782500285341,470.968640136,8009.6024924337,11.2881964346859,26.9662470384162,57.0681041975786,4018.5979307481,132.3227470954,1.25424404829843,34664.797006872,1816.7725039602,2258.8935309854,176.2212887859,232.6622709593,19.4407827486257,1216.6167268494,64.5935684873691,1670.0259503093,0,636.5288545114,22234.6113662104,355.5781876926,1.88136607244764,287.8490090844,0,6.89834226564136,26.339125014267,0
"M-2275-ST-1",167967.571360891,2957.242855719,68.2650705382974,2379.720358965,0,6195.7378020558,746.8198716889,557.0429755925,0,1145.4878836326,25.940726804553,5610.0234968372,7210.1567502549,13.6530141076595,12175.7579812107,914.7519452131,10471.8618205748,1004.8618383237,106.4935100397,338.5947498699,483.3166994111,226.6400341871,4.09590423229784,681.2854039722,0,854.6786831394,2865.7676611977,546.1205643063,4639.2941937826,759.1075843858,1279.2874218876,214.3523214902,15.0183155184254,0,2914.9185119852,13.6530141076595,4232.4343733744,92.8404959320844,143.3566481304,79.187481824425,161.1055664703,24.5754253937871,1138.6613765788,1217.8488584032,372.7272851391,899.7336296947,783.6830097796,1137.296075168,289.4438990823,0,6.82650705382974,81.9180846459569,368.6313809068,200.6993073825,1531.8681828793,2.7306028215319,3716.3504401049,805.5278323519,4258.3751001789,12.2877126968935,1063.5697989866,161.1055664703,196.6034031502,1424.0093714288,2626.8399143136,1196.0040358309,148.8178537734,2142.1579134917,753.6463787428,5259.1410342704,148.8178537734,1594.6720477746,45.0549465552763,2.7306028215319,309.9234202438,419.1475331051,875.1582043009,14364.3361426685,5437.9955190807,1821.3120819617,78091.1447915799,2826.1739202855,1104.5288413096,20.4795211614892,8.19180846459569,5668.7314575002,58970.0985338028,3141.5585461724,1792.6407523356,11185.9144584054,1945.5545103414,26571.4960563268,18125.7415293287,264.8684736885,0,8351.5487296553,2759.2741511579,2957.242855719,554.3123727709,2615.9175030275,838.2950662102,914.7519452131,357726.718539018,214.3523214902,1292.9404359953,1032.167866539,1148.2184864541,2191.3087642793,1127.7389652926,5775.2249675399,1564.6354167377,152.9137580057,185.6809918641,952.9803847146,1849.9834115878,1849.9834115878,6459.2409743336,1682.0513380636,1313.4199571568,199.3340059718,584.3490038078,488.7779050542,1975.5911413783,7806.7934667596,4045.3880800995,8.19180846459569,136.5301410765,1668.3983239559,7318.0155617054,177.4891833995,172.0279777565,9.55710987536163,2701.9314919058,337.2294484591,152.9137580057,2165.3680374747,8.19180846459569,991.208824216,1953.746318806,647.152868703,137.8954424873,81.9180846459569,8852.6143474064,178.8544848103,750.9157759212,181.5850876318,6336.3638473647,35.4978366799146,0,23072.2285405337,1608.3250618822,1090.8758272019,45.0549465552763,434.1658486235,709.9567335982,45.0549465552763,197.968704561,2133.9661050271,47.7855493768082,2618.648105849,678.5548011506,241.6583497055,296.2704061362,4180.5529197653,0,305.8275160115,24.5754253937871,0
"M-2275-ST-3",165192.135344491,1998.9848963365,6.74404500825771,1864.8533345056,0,723.3612719968,0,585.9825773841,0,453.8492511112,0,4513.7643460824,5930.0137978165,96.9144245631108,14137.2667934214,2488.8023874918,12330.6120695425,64.9426556350742,80.4289812095919,90.1703795548531,1086.7903641084,293.2410681368,0,1458.9617367864,0,405.1422593849,3023.0806198127,1.99823555800228,320.4670276146,3.99647111600457,406.3911566087,669.4089119307,5.49514778450628,0,3198.4257900274,0,4800.2613692109,26.7264005882805,141.1253862839,18.7334583562714,116.3972212536,486.8201378183,608.9622863011,27.2259594777811,28.4748567015325,1485.6881373746,1.49867666850171,2100.1455714604,8.74228056625999,0,65.9417734140754,731.104434784,646.9287619032,37.2171372677925,24.9779444750286,0,550.7636756743,1191.9475103483,0,0,1200.6897909146,45.9594178340525,335.7035737443,246.2825325237,3996.7208954493,23.7290472512771,0,1406.2582739441,632.1917746629,5961.7357872998,74.4342745355851,75.6831717593365,0.499558889500571,219.3063524907,0,0,0.499558889500571,550.7636756743,6290.1957571464,1638.8029370066,94366.9240061026,1134.248458611,2228.0326471725,0,0.499558889500571,12061.3498281017,61391.5412690594,1277.3720804529,1125.5061780447,503.8051400613,304.4811431505,12122.5457920656,28986.1552249363,2784.7910295209,0.999117779001142,11704.9145604431,2091.1535114493,425.6241738544,3459.1955303467,261.2692992087,297.7370981423,566.7495601383,408451.08768957,2883.9534690867,930.6782111395,1592.0941808383,1959.5197440659,405.6418182744,2246.2665466393,6286.4490654751,1869.3493645111,229.7970891702,573.2438257019,1991.7412924387,772.8176020573,553.5112495666,988.8768217663,3096.0162176797,663.164425812,573.9931640361,1527.4013046479,473.3320478017,1941.7854034887,1.99823555800228,5392.9879916034,6.24448611875714,117.1465595878,1206.6844975886,2338.4351617521,560.2552945748,541.2720567738,187.8341424522,28.7246361462828,0,494.5633006055,4300.4527002656,0,459.3443988957,130.8844290491,17.2347816877697,440.11138165,32.4713278175371,12986.5328914568,2.99735333700343,21.2312528037743,51.7043450633091,7700.7002816513,1276.1231832292,7.99294223200914,22255.0987478056,365.4273276696,277.005404228,486.8201378183,0.999117779001142,0.249779444750285,178.5923029964,417.3814521777,1669.0262498214,285.2481259048,320.7168070593,981.8829973133,0.249779444750285,93.9170712261073,2.99735333700343,0.249779444750285,0,23.2294883617766,0
"M-2275-ST-7",171929.381338776,1457.6484158669,0,3007.8195552039,0,254.2989824716,0,418.8453828944,0,823.8400586826,48.2004607299212,3079.2892038724,6556.924744122,126.3184488094,15201.4280633054,623.2818197834,10372.5175377653,59.2810264149605,88.0904971960629,58.1729698464566,511.3681063645,351.2539322157,0,948.4964226393,0,23.8232162228346,3294.8062064464,2.21611313700787,67.0374223944881,0,658.1856016913,715.2505149692,13.2966788220472,0,3015.5759511834,0,4706.4702747204,144.0473539055,208.3146348787,0.554028284251968,126.3184488094,99.1710628811022,172.8568246866,36.5658667606299,11.0805656850394,723.0069109488,0,8200.7266634976,166.7625135598,0,108.5895437133,407.7648172094,4.98625455826771,69.2535355314959,1875.3857421929,0,2403.374697085,1239.9153001559,4.43222627401574,1.10805656850394,2655.4575664196,36.0118384763779,72.5777052370077,387.2657706921,2842.7191264968,16.0668202433071,62.0511678362204,1576.2104686968,153.4658347377,6746.4024173362,99.1710628811022,575.0813590535,0,0,122.4402508196,23.8232162228346,0,208.8686631629,5746.3813642614,1829.9554228842,90181.3999408297,1998.934049581,1714.7175397598,0,2.21611313700787,9636.7679762787,65480.60291574,2679.2807826425,1007.7774490543,1946.3013625771,537.4074357244,13560.9503136354,19053.5867237094,580.621641896,0,9534.2727436921,2357.3903494921,762.3429191307,5657.736838781,309.1477826125,997.2509116535,737.9656746236,417341.196102743,4860.4901377425,1012.7637036125,1263.7385163787,734.0874766338,278.6762269787,2215.5591087236,5459.9487413031,1663.1929093244,545.1638317039,863.7300951488,644.334894585,599.4586035606,777.8557110897,621.6197349307,1663.7469376086,532.4211811661,1101.4082290929,718.0206563905,314.1340371708,2193.3979773535,7.20236769527558,2991.7527349606,17.728905096063,68.699507247244,1935.2207968921,610.5391692456,305.823612907,275.9060855574,0,238.7861905125,0,576.7434439062,3239.9574063055,1.6620848527559,429.9259485795,122.4402508196,12.1886222535433,18.8369616645669,62.0511678362204,2643.8229724503,5810.0946169503,45.9843475929133,80.8881295007873,6053.3130337369,345.7136493732,0,25815.5019330046,433.250118285,192.8018429196,117.4539962614,4.43222627401574,2.21611313700787,191.6937863511,164.5464004228,1893.6686755732,448.2088819598,1332.9920519102,1641.5858062385,4.43222627401574,45.4303193086613,6.09431112677164,0,34.349753623622,63.1592244047243,0
"M-2277-ST-1",156541.442448239,83.3177867173335,0,1.81125623298551,0,3.62251246597102,0,12.6787936308986,0,190.1819044634,76.0727617853915,1389.2335306998,10286.1241471247,0,15276.1350689998,0,10458.1934892583,0,121.35416761,38.0363808926957,581.4132507883,41.6588933586668,0,0,0,0,7071.1443335754,61.5827119215074,0,0,10.8675373979131,0,0,0,1503.3426733779,0,3805.4493455025,43.4701495916523,94.1853241152466,0,0,0,1226.2204697311,0,0,891.1380666288,0,10226.3526914362,0,0,0,0,0,0,0,0,400.2876274897,1514.2102107758,0,134.0329612409,514.3967701678,0,23.5463310288117,1545.0015667366,0,0,0,840.4228921052,0,7071.1443335754,5.43376869895654,0,0,0,0,0,0,18.1125623298551,6529.5787199127,1305.9157439825,72957.4010646564,2537.5699824127,2220.6001416402,0,0,33924.8292438186,94239.6618022361,2869.029873049,4988.199665642,0,1.81125623298551,10943.6101596984,818.6878173094,68.8277368534494,0,7007.7503654209,3577.2310601463,735.3700305921,0,412.9664211206,95.9965803482321,2923.3675600386,428693.55899171,61.5827119215074,675.5985749035,327.8373781703,3117.171976968,523.4530513328,2108.3022551951,1410.9686054957,45.2814058246378,0,7.24502493194205,103.2416052801,400.2876274897,255.3871288509,2198.8650668444,335.0824031023,0,74.261505552406,36.2251246597102,427.4564709845,2088.3784366322,0,4008.3100435969,30.7913559607537,0,959.9658034823,2128.2260737579,0,0,0,0,0,0,2919.7450475726,1.81125623298551,541.5656136626,0,0,121.35416761,1.81125623298551,0,0,367.685015296,19.9238185628406,19499.984604322,0,0,41642.5920525699,668.3535499716,5.43376869895654,0,5.43376869895654,0,70.638993086435,43.4701495916523,3798.2043205706,1.81125623298551,0,0,0,0,0,0,0,12.6787936308986,0
"M-2277-ST-4",93181.9978740413,1159.6138134603,0,35.1398125291002,0,0,0,0,0,0,0,26.3548593968251,4172.8527378306,0,17157.0134673331,149.3442032486,10893.341884021,8.78495313227504,1317.7429698412,61.4946719259253,0,0,0,0,0,17.5699062645501,8178.791366148,0,0,0,500.7423285396,0,0,0,562.2370004656,0,667.6564380529,0,0,0,0,0,0,0,0,404.1078440846,0,22006.3075963489,0,0,0,0,0,0,0,0,0,8.78495313227504,0,0,52.7097187936502,0,0,1212.3235322539,0,0,0,14732.3664028252,0,5332.4665512909,0,0,0,0,0,0,729.1511099788,263.5485939682,3390.9919090581,2494.9266895661,28366.6136641161,0,0,0,0,0,150187.558749374,6228.531770783,254.7636408359,746.7210162433,0,6571.1449429417,26750.1822877774,0,0,2732.1204241375,1976.6144547618,26.3548593968251,289.903453365,509.5272816719,0,237.1937345714,450606.601013784,0,35.1398125291002,456.8175628783,3549.1210654391,571.0219535978,0,289.903453365,368.9680315555,0,0,1519.7968918835,166.9141095132,3549.1210654391,3294.3574246031,2345.5824863174,781.8608287724,0,1836.0552046454,79.0645781904754,1660.3561419999,0,14670.8717308993,0,0,2609.1310802856,0,0,0,0,0,0,0,3426.1317215872,0,0,0,0,17.5699062645501,0,0,0,1765.7755795872,0,5692.6496297142,0,0,84950.4967890996,175.6990626455,219.6238283068,0,0,0,0,0,17.5699062645501,0,0,96.6344844550254,0,843.3555006984,764.2909225079,0,43.9247656613752,0,0
"M-2290-ST-1",138349.010415121,1127.5629803269,252.2180350731,845.6722352452,0,5333.6696240467,0,148.363550043,0,630.5450876828,140.9453725408,11772.647695914,3323.3435209637,0,9205.9582801697,407.9997626183,9576.8671552772,7.41817750215127,74.1817750215127,22.2545325064538,289.3089225838,274.4725675795,0,0,0,281.8907450817,1624.5808729711,14.8363550043025,7143.7049345716,1587.4899854603,830.8358802409,51.9272425150589,59.3454200172102,89.0181300258153,1609.7445179668,793.7449927301,1743.2717130055,1320.4355953829,44.5090650129076,89.0181300258153,163.1999050473,0,793.7449927301,192.8726150559,430.2542951247,14.8363550043025,304.1452775882,6090.3237292661,7.41817750215127,0,14.8363550043025,615.7087326785,200.290792558,148.363550043,7.41817750215127,0,1409.4537254087,571.1996676656,697.3086852022,59.3454200172102,1609.7445179668,0,81.599952523664,1713.5990029969,185.4544375537,1572.653630456,489.5997151419,7714.9046022373,474.7633601376,2959.8528233583,22.2545325064538,274.4725675795,133.5271950387,74.1817750215127,1550.3990979496,103.8544850301,155.7817275451,2396.0713331948,3278.8344559508,2655.7075457701,74426.5748790837,222.5453250645,1112.7266253226,0,0,66.7635975193615,79901.1898756713,22892.4957716388,163.1999050473,6134.8327942791,29.6727100086051,28033.2927806296,6987.9232070264,126.1090175365,0,7084.3595145544,2039.9988130915,793.7449927301,1149.8175128334,734.3995727129,378.3270526097,14.8363550043025,368794.69451945,7.41817750215127,726.9813952108,571.1996676656,838.254057743,556.3633126613,882.763122756,2173.5260081303,667.6359751936,0,964.3630752796,289.3089225838,1721.017180499,801.1631702323,15363.0456069552,356.0725201032,778.9086377258,51.9272425150589,66.7635975193615,126.1090175365,971.7812527818,6157.0873267855,34754.1615975787,0,51.9272425150589,1372.3628378979,6661.5233969318,0,0,51.9272425150589,1572.653630456,0,22.2545325064538,16379.33592475,22.2545325064538,838.254057743,385.7452301118,1164.6538678377,37.0908875107564,0,838.254057743,96.4363075279665,59.3454200172102,719.5632177086,7544.2865196878,548.9451351591,0,44642.5922079463,593.4542001721,140.9453725408,0,29.6727100086051,0,89.0181300258153,140.9453725408,1335.2719503872,0,1387.1991929022,942.1085427732,289.3089225838,7.41817750215127,3887.1250111272,0,0,0,0
"M-2292-ST-1",157568.685403282,428.9820670692,317.6333834938,7047.4705827076,0,556.7434178768,0,3.8618040546368,1.28726801821227,13.1944971866757,0,14403.8854897861,5140.0611967215,236.857315351,11635.6156166206,663.9084803929,4372.2058238579,29.2853474143291,2.25271903187147,1.9309020273184,37.3307725281558,70.4779239971217,0,202.7447128684,516.5162923076,344.0223778672,5647.2447958972,64.6852179151665,400.9839876731,64.6852179151665,4708.1827766113,33.1471514689659,0,0.643634009106134,4103.8104420607,0.643634009106134,2609.9359069253,3.21817004553067,132.9104228804,3.8618040546368,608.2341386052,0,968.6691837047,58.8925118332113,1.9309020273184,22.8490073232678,3.53998705008374,6818.3368754658,38.9398575509211,0,141.2776649987,9.65451013659201,14.8035822094411,9.01087612748588,1466.1982727437,0,3963.8200450801,2527.2289367552,33.790785478072,0,1191.0447338509,0,125.5086317756,1209.0664861058,141.5994820033,583.4542292547,0.643634009106134,518.1253773304,0.643634009106134,4411.1456814088,19.309020273184,109.7395985525,171.2066464222,2.57453603642454,177.3211695087,27.6762623915638,8378.8275305436,57.605243814999,10064.8268173971,1492.9090841216,108629.973520897,135.8067759213,2340.5750741144,3.53998705008374,2.25271903187147,26.7108113779046,76454.3875886766,1034.9634866426,1955.6819366689,37274.4545523589,378.1349803498,14954.5143845764,6514.2198061631,29.9289814234352,0,13849.3947909412,1446.2456184614,785.2334911094,1896.7894248357,109.417781548,684.1829516798,480.4727877977,359776.929325124,1682.1374827988,838.3332968607,805.8297794008,119.0722916846,84.9596892020097,3181.161090007,3740.1572269157,954.1874184998,4.50543806374294,4765.1443864172,890.7894686028,696.4119978528,558.9961369086,808.4043154373,11.5854121639104,752.0863396405,322.4606385621,13.5163141912288,228.1682562281,2170.6556957104,3.21817004553067,1581.7305773783,8.04542511382667,2.8963530409776,2501.8053933955,18.3435692595248,32.5035174598598,520.6999133668,64.3634009106134,104.9123434842,2.8963530409776,281.2680619793,999.5636161418,0,3809.9915169037,19.9526542822902,7.07997410016747,14.481765204888,734.38640439,351.7459859765,8.04542511382667,5.47088907740214,70.7997410016747,8873.4602665417,15.7690332231003,1.9309020273184,31876.9397519949,2292.624340436,125.5086317756,17.3781182458656,89.1433102611996,0.321817004553067,6403.1929395923,109.0959645434,3806.7733468582,145.7831030625,2592.5577886795,14289.9622701743,8.04542511382667,0,56.9616098058929,0,0.965451013659201,17.0563012413125,0.643634009106134
"M-2292-ST-5",168601.725734829,1092.5194655874,37.963996873695,8846.2138746959,0,417.6039656106,1.20520624995857,121.7258312458,7.23123749975143,68.6967562476385,0,8709.4229653256,6390.6061404053,60.2603124979286,13386.2258182898,975.0118562164,9901.3719465346,89.7878656219135,39.7718062486328,7.83384062473071,410.9753312358,318.174449989,2.41041249991714,26.5145374990886,194.6408093683,244.6568687415,4098.3038529841,10.2442531246479,206.0902687429,51.8238687482186,6390.0035372803,41.5796156235707,1.80780937493786,0,2215.1690874238,3.61561874987571,3321.5484248858,16.2702843744407,158.4846218695,12.0520624995857,338.0603531133,0,665.8764531021,138.5987187452,0,13.8598718745236,3.61561874987571,1699.9434155665,19.2832999993371,0,457.9783749842,21.091109374275,10.2442531246479,27.1171406240678,404.949299986,0.602603124979286,5651.2121060557,1342.5997624538,2203.7196280492,3.61561874987571,638.156709353,0.602603124979286,16.87288749942,2679.1734936579,109.6737687462,63.8759312478043,30.7327593739436,475.4538656086,3.01301562489643,4279.6873936028,58.4525031229907,591.1536656046,67.49154999768,40.9770124985914,48.8108531233221,8.43644374971,1204.0010437086,195.2434124932,8288.80598409,2216.9768967987,96217.6409654425,79.5436124972657,1343.2023655788,7.23123749975143,0.602603124979286,52.4264718731978,66335.7572039697,2112.7265561773,697.814418726,37086.0041206001,321.7900687389,7918.8076653527,18289.6074462462,39.1692031236536,0,9253.5735871819,2264.5825436721,344.0863843631,7810.9417059814,232.604806242,671.9024843519,105.4555468713,377382.617430777,6866.6626091389,642.9775343528,815.9246312219,732.1627968498,151.8559874947,2054.8766561793,5762.0910810519,1890.9686061849,16.2702843744407,4740.678784212,179.5757312438,1136.5094937109,242.2464562416,259.721946866,130.1622749955,667.684262477,142.81694062,16.2702843744407,214.5267124926,1645.1065311934,8.43644374971,948.4973187173,8.43644374971,7.23123749975143,1185.3203468342,45.7978374984257,10.8468562496271,351.9202249879,18.6806968743578,79.5436124972657,4.82082499983428,602.0005218543,1798.7703280631,0.602603124979286,7616.3008966131,68.0941531226593,9.64164999966857,3.61561874987571,329.0213062386,58.4525031229907,94.6086906217478,81.9540249971828,55.4394874980943,4055.5190311105,1.80780937493786,0,26140.3209584764,1101.5585124621,72.9149781224936,54.836884373115,72.3123749975143,5.42342812481357,2227.8237530484,98.8269124966028,2250.1200686726,759.2799374738,11180.6983808656,11164.4280964912,19.8859031243164,1.20520624995857,11.4494593746064,0,1.80780937493786,3.01301562489643,12.0520624995857
"M-2292-ST-8",157747.120997458,579.9844760374,131.2900182074,6020.5851206569,0,4625.4483337709,1.44274745282937,191.8854112263,4.32824235848812,183.2289265093,7.21373726414686,12158.0327849931,4908.2268345255,11.541979622635,9885.7055467868,924.8011172636,7935.1109905615,119.7480385848,115.4197962263,70.6946251886392,429.9387409431,288.5494905658,1.44274745282937,62.038140471663,145.7174927357,507.8471033959,3309.6626567905,579.9844760374,5003.4481664122,463.1219323582,9132.5913764099,60.5953930188336,0,0,1337.4268887728,1.44274745282937,3179.8153860359,173.1296943395,191.8854112263,17.3129694339525,272.6792685847,0,653.5645961317,145.7174927357,266.9082787734,1061.8621252824,69.2518777358099,3436.6244326395,89.4503420754211,0,5.77098981131749,86.5648471697623,460.2364374525,46.1679184905399,425.6104985846,2.88549490565874,1527.8695525463,1211.9078603766,659.335585943,210.641128113,956.5415612258,20.1984643396112,206.3128857546,1390.8085445275,344.8166412262,2787.3880788663,1012.8087118862,1660.6023182066,59.1526455660043,2839.3269871682,27.4122016037581,207.7556332074,5.77098981131749,0,229.3968449998,7.21373726414686,450.1372052827,947.8850765088,6900.6610668828,3074.4948219793,85168.2676354234,1064.747620188,1387.9230496218,37.5114337735637,30.2976965094168,626.1523945279,64702.8950170388,11254.8728795219,1656.2740758481,29486.8724409267,313.0761972639,14172.1082291429,9618.7972680134,46.1679184905399,1.44274745282937,9273.9806267872,1206.1368705653,613.1676674524,2083.3273218856,135.6182605659,326.0609243394,272.6792685847,355705.056252723,1767.3656297159,825.2515430184,1097.9308116031,1043.1064083956,463.1219323582,1194.5948909427,4081.5325440542,1289.8162228294,304.4197125469,8567.0343749008,307.3052074526,1499.0146034897,783.4118668863,15195.0161731989,1066.1903676409,551.1295269808,249.5953093394,288.5494905658,463.1219323582,1429.7627257539,5214.0892945253,20188.3651074414,0,69.2518777358099,2195.8616232063,613.1676674524,12.9847270754643,249.5953093394,0,3223.0978096208,7.21373726414686,219.29761283,5313.6388687705,2.88549490565874,6724.6458776377,382.3280749997,14.4274745282937,59.1526455660043,350.5876310375,315.9616921696,33.1831914150756,116.8625436791,109.648806415,4332.5706008466,2.88549490565874,0,32593.1077068683,1090.717074339,239.4960771696,569.8852438676,85.122099716933,2.88549490565874,4667.288009903,137.0610080187,1572.594723584,248.1525618866,6076.8522713173,4987.5779444311,33.1831914150756,0,1770.2511246216,5.77098981131749,17.3129694339525,14.4274745282937,216.4121179244
"M-2298-ST-1",117875.072044174,1447.5988486946,21.8979253029651,2501.3270142733,18.9782019292364,4351.5557162052,0,57.2265781250821,266.278771684,1068.0348101099,34.7447081473713,3085.8556336938,4044.9847619637,18.9782019292364,8767.3453466324,2239.1358553125,2962.6433073224,106.2779308037,32.4089294483883,87.8836735492333,2579.5756006892,452.2651505905,470.659407845,5601.7812648358,19.2701742666093,552.9956069842,4494.6221615179,1032.122212613,5030.3914005971,591.5359555174,7553.0323954987,1440.5915125977,31.5330124362697,327.3009901949,3666.2966403911,249.3443761164,2685.853531493,116.4969626117,839.7124422843,564.0905558043,1184.5317727217,23.9417316645752,923.5085031103,1402.6351087392,214.599667969,1702.4906992211,76.7887247290643,2777.8248177654,12.2628381696605,0,2857.8252382056,3141.622350132,333.7243816171,458.3965696754,752.7046857472,21.0220082908465,9877.4241733241,1624.5340851426,18111.0440872389,16.9343955676263,2248.7709424458,4.08761272322015,518.5428711742,739.5659305654,1786.5787323845,1619.8625277446,1251.9773826548,2224.5372384438,69.7813886321154,3304.2509420487,432.1190593118,632.1201104122,1394.1679109554,361.4617536676,6.71536375957596,156.4971728318,45.2557122927945,2805.2702174785,11166.7740151627,3467.4634786401,157554.696637822,2361.1802923343,5421.3423603394,4681.1924850991,15.1825615433891,223.3588380902,53262.761672908,962.3408239809,3212.863600451,24865.5321400229,940.442898678,20537.3342108075,3810.8229473906,200.5849957751,1677.6730505444,11409.9869721943,2359.1364859727,818.3984616561,5112.4356273989,155.6212558197,1084.6772333402,3777.8300732675,276639.702048069,2486.7283974047,2667.7512465758,2517.6774651662,627.4485530142,332.2645199303,3215.4913514873,1386.5766301837,6077.1122300788,1717.0893160898,6673.3197429942,1830.3745829905,2149.2083754016,1023.6550148292,2276.2163421588,2037.6749425252,1502.1976757834,194.4535766903,868.6177036842,617.5214935436,3561.4785712742,5338.1302441881,2740.1603862443,18.9782019292364,78.2485864159286,3412.572679214,668.3246802464,3175.7831136046,3.21169571110155,1333.1456924445,6756.5318591455,57.518550462455,232.1180082114,1314.1674905152,12.5548105070333,2360.0124029848,433.2869486613,248.4684591043,301.8993968435,632.4120827496,4107.4668421615,1212.2691447721,406.7174659604,461.6082653865,12880.359663204,933.1435902436,5.25550207271162,16951.0379908565,3662.7929723426,86.1318395249961,10.8029764827961,160.0008408803,82.6281714765216,597.0834299275,63.9419418846581,2156.7996561733,242.0450676821,14465.1855104639,15435.7015598914,457.2286803259,14.3066445312705,4356.2272736031,2.04380636161008,40.5841548948286,188.3221576054,17.5183402423721
"M-2298-ST-4",117042.605435407,974.4227350759,9.13283479894191,3131.8012664704,20.2951884420931,2145.9624878958,0.253689855526164,865.8434769107,330.8115716061,1194.8792195282,74.5848175246923,4924.8811653294,2424.260259408,29.9354029520874,10168.6504790552,657.8177953793,5847.551169878,38.560858039977,29.428023241035,47.1863131278665,3478.5952989747,311.2774527306,754.9810100458,5751.9100943447,8.37176523236342,54.5433189381253,3713.5121051919,619.2569373393,2566.8339582137,628.1360822827,5374.9269690328,100.4611827883,1.01475942210466,354.1510383145,1976.2439745488,89.8062088562621,3575.2511339302,45.9178638502357,1069.0490511872,111.877226287,1327.3053241128,56.3191479268084,547.9700879365,1753.5042813968,8.87914494341575,670.7559780111,16.7435304647268,2941.0264951148,1.01475942210466,0,925.7142828149,651.7292388467,133.1871741512,469.8336124344,241.5127424609,22.5783971418286,1103.2971816832,2495.0397290998,1066.7658424875,0.507379711052328,3065.0808344671,3.80534783289246,615.9589692175,1108.6246686493,1887.1988352591,792.2734188082,175.8070698796,902.8821958176,46.425243561288,3662.0130645201,543.403670537,187.4768032338,503.8280530749,485.3086936215,12.1771130652559,36.2776493402415,23.5931565639333,645.640682314,12398.8379989857,1992.733815158,205453.266396419,427.4674065615,7104.5844040102,8202.8077885829,2.28320869973548,60.3781856152271,47326.6036179725,882.0796276644,372.9240876234,9729.0059594283,929.7733205033,15377.1569028629,21262.5078612144,548.223777792,1964.320551339,16075.5650751264,1111.4152570601,1004.358138028,1761.8760466292,75.0921972357446,599.4691286083,100.9685624994,318721.220471452,4677.5335561914,3816.7638763911,1211.6227499929,642.3427141922,981.2723611752,3884.4990678166,1842.295730831,8039.1778317686,2632.539630795,4819.3461854305,904.9117146618,2963.8585821121,536.0466647267,2478.296198635,2748.4758947704,426.1989572839,152.9749828822,1899.3759483243,204.2203336985,4403.8022020786,4088.4657116596,912.5224103276,67.4815015699597,96.6558349554686,3565.3572295647,231.1114583843,1461.2535678307,27.9058841078781,1975.9902846932,589.8289140983,131.9187248736,112.8919857091,1805.7643916352,2.53689855526164,3393.6091973734,34.7555102070845,141.305249528,164.898406092,212.5920989309,1206.0415731713,308.9942440308,409.2017369637,227.8134902624,16662.8570906695,958.4402741778,0.761069566578493,14692.1942929422,3487.9818236292,91.8357277004714,8.11807537683725,319.3955281074,21.563637719724,376.2220557453,76.1069566578493,1068.5416714762,151.9602234601,2888.0053153098,2860.8605007685,110.3550871538,55.0506986491776,2130.4874067087,1.52213913315699,62.1540146039102,378.505264445,1.26844927763082
"M-2299-ST-4",174731.712661346,853.2850655683,357.9349424565,4777.6940749476,0,47.5217745707473,0.468194823357116,300.5810765952,0,1261.7850489474,0.702292235035674,6400.2232352917,3207.3686374079,0,11327.7396537137,1807.9343103935,9859.4806876658,28.7939816364626,2208.0067869521,1760.178438411,113.7713420757,961.4380697638,0,95.7458413765302,3.51146117517837,447.3601537177,2474.8778362657,960.0334852937,817.4681615815,1.17048705839279,129.2217712465,1586.0099641222,0,0,792.6538359435,0,3687.2683313489,3.51146117517837,64.1426907999249,22.0051566977845,1637.9795895148,0,481.7724732344,2966.0142059673,38.157878103605,61.0994244481036,1194.364994384,1823.1506421526,275.2985561339,0,1512.2692794434,34.8805143401051,520.6326435731,0,0,0.234097411678558,5707.5289941349,1393.8159891341,1463.1088229909,0,2773.8202309792,1.87277929342846,213.2627420391,866.3945206223,0,2.10687670510702,2532.9339943619,3400.967196866,807.1678754676,5085.0639764816,22.4733515211416,0.936389646714232,9.59799387882088,0,93.4048672597446,7.95931199707097,0,10758.6488459231,7491.5853685372,1407.3936390114,94045.5918755088,160.8249218231,4316.9903687642,0,166.9114545268,219.3492747428,59374.3606214443,607.9509781292,93.4048672597446,4684.9914999229,91.5320879663162,23735.838862324,9496.3956021523,58.0561580962824,0,9053.0151044331,1683.1603899688,3435.3795163828,0.234097411678558,181.6595914625,192.4280723997,45.1808004539617,384193.180929676,136.9469858319,2736.5987425223,1032.1354880907,1651.3231419805,1635.8727128097,2215.2638067141,1285.8970823503,831.9822011055,18.7277929342846,5.61833788028539,320.0111617645,323.288525528,2812.6804013178,936.8578415375,175.3389613472,119.8578747794,7.95931199707097,58.5243529196395,872.0128585026,2641.5551933808,0.234097411678558,14024.0736414273,0.702292235035674,1.40458447007135,2231.1824307083,14250.2117411088,0,47.7558719824258,2.10687670510702,12614.5731257107,0,44.9467030422831,1053.2042551418,14.7481369357492,569.0908077905,200.8555792202,1082.7005290133,172.2956949954,13.5776498773564,1797.1658294562,0,214.4332290975,1594.905665766,7268.0223403841,5504.0983433862,121.4965566611,21234.976213362,4751.7092622513,16.8550136408562,0,18.9618903459632,0,152.3974150027,215.3696187442,2271.9153803404,0,7052.8868190515,122.4329463078,3.74555858685693,0,0,0,0,2.34097411678558,0.234097411678558
"M-2299-ST-6",189718.261871588,866.0910577483,205.4427082611,3098.2607081817,0,975.5066124851,0.923338014657068,327.3233261959,0.923338014657068,417.8104516323,11.5417251832133,4157.3294109934,6106.4959599345,1.3850070219856,10721.3393571905,7776.3527594418,3956.9650618128,301.9315307928,528.1493443838,437.6622189474,307.9332278881,380.4152620387,0,3003.6185616794,104.7988646635,1072.4571040241,2747.3922626121,227.6028206129,659.7250114724,32.7784995203259,798.6873826783,479.212429607,0,0,1845.7526912994,0,3572.8564477155,79.8687382678363,101.1055126049,78.9454002531793,1754.3422278484,0,736.362066689,1348.9968394139,19.851767315127,463.9773523651,154.1974484477,4017.9053707802,242.3762288474,0,1394.2404021321,847.6242974551,595.0913504464,120.0339419054,269.1530312725,4.61669007328534,8747.704350861,785.2989814658,1903.4613172155,14.3117392271845,1794.507431486,2.30834503664267,288.5431295803,498.1408589074,21.6984433444411,5909.8249628125,4177.1811783085,4244.1231843712,270.5380382945,4938.9350404006,29.5468164690262,290.3898056096,409.9620785077,0,444.12558505,48.0135767621675,100.1821745902,10870.9201155649,4032.6787790147,2711.3820800404,68587.3944047563,2727.0788262896,1364.2319166558,14078.5963784836,132.9606741106,1764.9606150169,69578.5977634906,9101.3428104747,650.9533003332,6934.7301590819,384.1086140973,27153.524335035,3065.4822086614,323.1683051299,25.3917954030694,5728.8507119397,2597.3498352303,1543.8211605066,2497.16766064,377.1835789874,526.3026683545,462.1306763358,363875.046513152,381.8002690606,1070.6104279948,883.1728110194,905.3329233712,929.3397117523,1385.4686909929,2963.4533580418,407.653733471,528.1493443838,1142.1691241307,854.0876635577,472.287394497,1876.2228457831,4997.105335324,718.3569754031,1525.3544002134,851.7793185211,307.4715588808,405.8070574417,1573.3679769756,164.8158356162,10008.5224098752,21.6984433444411,57.7086259160667,2243.2497066093,3986.9735472892,1200.3394190541,179.1275748434,4.61669007328534,6733.4424718866,24.9301263957408,160.199145543,2618.5866095674,14.7734082345131,800.5340587076,702.1985601467,471.8257254897,138.9623712058,6.00169709527094,1956.0915840509,62.3253159893521,46.1669007328534,393.8036632512,5453.2343145646,1514.7360130449,25.8534644103979,26666.9252013107,5293.4968380289,496.2941828781,28.6234784543691,159.7374765356,457.0523172552,96.027153524335,783.9139744438,1970.8649922855,102.0288506196,2240.018023558,4074.6906586816,0,26.3151334177264,84.0237593337932,72.9437031579083,1135.7057580281,55.8619498867526,0
"M-2301-ST-1",247161.821196187,6191.73022929,87.1052318305745,876.1334568291,0,1813.2405759397,0.725876931921454,617.7212690651,0,398.5064356248,162.5964327504,1831.3874992378,4588.9939636074,0.725876931921454,8497.1153650725,2015.0343630139,2001.9685782393,360.034958233,1030.0193663965,246.7981568532,42.8267389833658,881.9404722845,0.725876931921454,2193.6000882666,26.1315695491724,3456.6259498099,2938.349820418,359.3090813011,7286.3526426275,384.7147739183,6291.1753689632,1890.9094076553,2.17763079576436,0,3779.641184515,34.1162158003084,2653.8060631048,591.5896995159,101.622770469,1167.2101065296,569.8133915583,42.8267389833658,1967.1264855071,2158.0321186024,282.3661265174,1357.3898626931,495.0480675704,2139.1593183725,1165.7583526658,0,2592.1065238915,10440.2879118262,1905.4269462938,337.5327733434,152.4341557035,178.5657252526,8782.3849993176,436.9779130167,15328.3431713853,5.80701545537163,1247.056569041,63.877170009088,95.815755013632,403.5875741483,454.3989593828,3262.090932055,1419.8152788383,2550.00566184,488.5151751831,3415.2509646904,132.1096016097,240.265264466,1401.6683555403,39.1973543237585,11.6140309107433,55.892523757952,334.6292656157,7023.5851932719,3226.5229623908,6854.4558681342,41152.8667783549,483.4340366596,614.8177613374,1379.1661706507,9.43640011497891,351.3244350499,56150.935945716,3450.8189343545,2987.7094517887,28674.3164416932,668.5326542996,32867.7074774034,1408.2012479276,1048.1662896945,5.80701545537163,2945.6085897372,2767.0428644845,2837.4529268809,7334.9863970662,84.2017241028887,2237.1527041819,2252.3961197522,264735.301718006,62.4254161452451,434.074405289,4144.7572812715,861.6159181907,3954.577525108,508.113852345,2052.7799634738,845.6466256884,426.8156359698,7417.0104903734,1663.7099279639,410.8463434675,3957.4810328357,1257.2188460879,1445.9468483875,1515.6310338519,307.7718191346,167.6775712738,490.6928059789,1152.6925678912,2740.1854180034,6018.9715194926,47.907877506816,496.4998214342,819.5150561393,2225.5386732711,500.8550830258,10.8881539788218,37.7456004599156,10175.3428316749,42.8267389833658,410.8463434675,3499.4526887933,15.969292502272,5701.0374233111,1758.7998060456,836.9361025054,1739.9270058157,4430.7527924485,3897.2332474862,3649.709213701,1336.3394316673,882.6663492164,2399.7491369323,448.5919439274,15.969292502272,17145.9390089166,4529.4720551898,132.1096016097,3.62938465960727,354.2279427776,251.8792953767,609.736622814,428.2673898336,5319.9520340523,50.8113852345018,14553.8324850251,11405.7042312818,4155.6454352503,248.2499107171,1383.5214322422,2.17763079576436,263.4933262874,434.8002822209,39.1973543237585
"M-2301-ST-4",141588.147096511,1272.2895202748,55.1954267444899,3462.6396828568,0,1461.6307942971,1.39735257580987,615.5338096442,0,602.9576364619,20.2616123492431,2882.7383638957,4370.2201808453,9.08279174276416,11815.3147047603,4373.0148859969,8289.0954797041,151.6127544753,147.4206967479,1060.5906050396,463.2223788809,382.1759294839,0,2725.5361991171,123.6657029591,946.7063701111,3289.3679634564,589.6827869917,2650.7778363113,370.2984325896,6332.8018735703,1641.1906002886,11.178820606479,1.39735257580987,2200.8303069005,90.1292411397366,3438.1860127801,127.1590843986,240.3446430392,155.1061359148,524.7058922166,5.58941030323948,1028.451495796,2404.8437829687,80.3477731090676,825.8353723036,6.28808659114442,3001.5133328396,43.317929850106,0,1323.2928892919,4899.8168070773,173.9703956883,960.6798958692,1470.0149097519,4.89073401533455,3162.2088790577,1008.1898834468,18668.6304128198,15.3708783339086,1696.3860270331,6.98676287904935,398.2454841058,799.2856733632,2942.8245246555,1.39735257580987,208.2055337956,2508.2478735787,401.7388655453,4463.1441271367,275.2784574345,1242.9451161828,665.1398260854,6.28808659114442,64.278218487254,127.8577606866,302.5268326628,2218.2972140981,8266.0391622032,4039.7462966663,98052.9289208665,2028.9559400759,2820.5561742722,760.1598012405,15.3708783339086,384.2719583477,59224.6928968376,962.077248445,5304.3503777742,47612.6929918576,232.6592038723,20448.1589181137,3436.0899839164,153.0101070511,0,8416.9532403907,2935.1390854886,985.8322422338,677.7159992677,310.9109481176,990.7229762491,2577.4168260813,329951.972991969,983.0375370822,1669.8363280927,1266.7001099716,570.1198509304,378.6825480444,2657.7645991903,3144.0432955722,1948.6081669668,71.2649813663034,5327.4066952751,1129.0608812543,4043.2396781058,1534.2931282392,1043.123697842,533.0900076714,636.4940982813,200.5200946287,108.2948246252,278.771838874,2492.1783189569,1285.564369745,3134.2618275415,23.7549937887678,25.8510226524826,1603.4620807418,171.8743668246,873.3453598811,0,2.09602886371481,8872.4901801047,2.79470515161974,327.6791790274,2355.9364428154,13.2748494701938,2297.9463109193,612.7391044926,256.4141976611,152.3114307632,1731.3198414284,2392.2676097864,1259.7133470925,606.4510179014,317.1990347088,6701.0042772962,123.6657029591,11.178820606479,21295.6532553424,4486.8991209254,472.3051706237,13.9735257580987,168.380985385,1.39735257580987,132.049818414,64.278218487254,2580.9102075208,126.4604081107,11038.38667261,25832.1583927091,515.6231004738,14.6722020460036,554.0502963086,55.8941030323948,35.6324906831517,934.1301969288,21.658964925053
"M-2301-ST-7",176222.526813942,4128.9099846858,60.6363146658093,3457.6800828038,0,2540.3795551268,0,620.464615185,0,612.7088074952,31.0232307592513,3890.5951665806,4334.791425179,0,10676.2218217405,3387.1727401691,4661.2404215775,268.632975438,441.3759648929,1317.7822338418,456.1825068462,413.8781012654,0,4786.0384180408,294.7206922128,1440.4650100261,2742.030555062,1126.7073353018,1066.071020636,74.7377831927417,7391.2847283916,1075.2369751785,25.3826433484783,3.5253671317331,3648.7549813437,28.9080104802114,3532.4178659965,353.946860026,165.6922551914,402.5969264439,318.6931887086,0,1322.0126743999,3936.4249392931,430.7998634977,528.0999963336,155.8212272226,2003.818677677,297.5409859182,0,1226.1226884167,5316.9587080798,708.5987934783,1999.588237119,1355.1511254382,16.9217622323189,2823.1139990918,819.2953214147,10882.80833566,47.2399195652235,1561.0325659314,64.1616817975424,488.6158844582,535.150730597,1986.1918420184,17.6268356586655,351.8316397469,2247.774083193,728.340849416,4865.0066417916,277.0938565542,696.6125452304,999.7941185595,0,25.3826433484783,65.5718286502356,731.1611431214,5316.9587080798,6494.4313300787,6032.6082358216,80360.0386944296,3661.4463030179,2503.0106635305,4800.8449599941,23.2674230694385,243.9554055159,53072.9920213891,2486.0889012981,2625.6934397148,32878.2789439692,557.0080068138,34581.0312685963,3777.0783449388,218.5727621674,3.5253671317331,7054.2596305979,2811.1277508439,2574.2230795915,1826.845247664,142.424832122,1274.0676814083,1392.5200170345,316366.446401728,786.8619438028,1685.1254889684,1780.3104015252,607.0682200844,796.7329717716,1356.5612722908,2398.6597964312,1177.4726219988,79.673297177168,7268.6019522073,1796.5270903311,643.0269648281,2297.8342964636,1088.6333702791,633.8610102856,2627.8086599938,282.7344439649,270.0431222907,626.8102760221,2175.1515202793,3370.2509779368,4523.0460300135,47.9449929915701,214.3423216093,1572.3137407529,1013.8955870864,1356.5612722908,25.3826433484783,21.1522027903986,8950.9071474703,2.82029370538648,493.5513984426,2994.446841694,9.16595454250606,3141.1021143741,1023.7666150552,879.2265626542,859.4845067165,3603.6302820575,2902.0822228426,1773.2596672617,1728.8400414019,506.2427201168,5602.5134457502,145.9501992537,45.1246992861837,18072.4420641165,5953.6400120708,265.8126817326,7.75580768981282,285.5547376703,3.5253671317331,475.9245627839,483.6803704737,2048.9433769632,83.9037377352478,10550.7187518508,11059.0766922467,939.86287732,15.5116153796256,1986.1918420184,272.8634159961,157.9364475016,1525.778894614,34.5485978909844
"M-2302-ST-12",153412.827043297,4114.3783283167,60.1991201667053,2862.9312340819,0,898.3561009492,2.31535077564251,251.2155591572,151.6554758045,1528.131511924,38.2032877981014,5038.2032877981,4437.3697615188,0,9993.053947673,1444.7788840009,4551.9796249131,209.5392451956,287.1034961796,640.1944894651,1765.4549664274,921.5096087057,6.94605232692753,2010.8821486455,320.6760824264,1031.4887705487,3262.3292428802,144.7094234776,591.5721231766,53.2530678397777,4880.7594350544,1795.5545265107,26.6265339198889,0,4894.6515397082,13.8921046538551,3662.8849270664,1588.3306320907,681.8708034267,781.4308867793,824.2648761287,8.10372771474879,1230.6089372539,1001.3892104653,69.4605232692753,114.6098633943,1192.4056494558,2155.5915721231,348.4602917341,0,661.0326464459,3645.5197962491,507.0618198657,67.1451724936328,1926.3718453345,28.9418846955314,5820.7918499652,1452.8826117156,1743.4591340588,28.9418846955314,2054.8738133827,15.0497800416763,611.2526047696,1573.280852049,605.4642278305,1313.9615651771,1702.940495485,3094.4663116462,933.0863625839,4157.2123176661,397.0826580226,1786.2931234081,727.0201435517,996.7585089141,155.128501968,700.3936096318,175.9666589488,18063.209076175,8780.9678166242,4333.1789766149,148753.183607317,1502.6626533919,4780.0416763139,5684.1861542023,0,327.6221347534,50276.6844176892,2010.8821486455,4224.3574901597,9563.5563787913,581.1530446862,19136.3741606853,9431.5813845797,2194.952535309,2.31535077564251,9521.8800648298,2727.4832137068,2112.7575827737,4723.3155823107,145.8670988654,1040.7501736513,1641.5836999305,293730.03009956,2206.5292891873,2531.836073165,2776.1055799953,429.4975688816,1880.0648298217,2376.707571197,3578.3746237554,4301.9217411437,25.4688585320676,5111.1368372308,737.4392220421,1017.5966658948,4370.2245890252,2052.558462607,83.3526279231304,842.7876823338,378.5598518175,65.9874971058115,630.9330863625,3313.2669599444,920.3519333178,7027.089604075,10.4190784903913,426.0245427182,3347.997221579,7424.1722620977,560.3148877054,1065.0613567955,1551.2850196804,4536.9298448714,1.15767538782125,1652.0027784209,1320.907617504,18.5228062051401,2229.6827969437,2025.9319286871,1391.5258161611,467.7008566797,169.0206066219,1723.7786524658,362.352396388,547.5804584394,1530.4468626996,12441.537392915,42.8339893493864,6.94605232692753,16546.6543181291,2279.46283862,809.215096087,17.3651308173188,255.8462607084,131.9749942116,551.0534846029,309.0993285482,4250.9840240796,37.0456124102802,5004.6307015512,8491.5489696689,883.3063209076,169.0206066219,563.7879138689,498.9580921509,59.041444778884,130.8173188238,23.1535077564251
"M-2302-ST-15",227477.010539085,3519.3108044897,73.675932129046,4208.0951002078,0,484.8904370353,0,267.289428189,179.9063458965,618.5351511298,101.0902324561,3390.8062717065,6307.0024690004,3.42678754088586,11058.2433944386,1209.6560019327,5703.8878618045,346.1055416294,66.8223570472743,376.9466294974,887.5379730894,1550.6213622508,0,1281.6185402913,279.2831845821,1005.7621432499,3245.1678012189,155.9188331103,299.8439098275,30.8410878679727,6063.7005535975,1394.7025291405,3.42678754088586,0,6845.0081129195,15.4205439339864,3649.5287310434,2563.2370805826,409.5011111358,1519.7802743828,1375.8551976656,35.9812691793015,702.4914458816,803.5816783377,22.2741190157581,73.675932129046,964.6406927593,1309.0328406183,435.2020176925,0,303.2706973683,4838.6240077308,418.068079988,150.7786517989,789.8745281741,29.1276940975298,5837.532575899,1060.5907439041,1094.858619313,13.7071501635434,1338.1605347159,49.688419342845,289.5635472048,1302.1792655366,447.1957740856,531.1520688373,995.4817806273,3036.1337612248,938.9397862027,4996.2562346115,299.8439098275,808.721859649,491.7440121171,275.8563970413,97.663444915247,121.6509577014,54.8286006541737,3306.8499769548,5974.6040775344,6942.6715578347,88063.2996194552,5697.0342867227,2588.9379871392,870.404035385,0,137.0715016354,50034.5248844744,3683.7966064522,3224.6070759735,13287.3686897849,966.3540865298,22059.9447944527,12262.75921506,1463.2382799582,0,7206.5341984829,2712.3023386111,1819.6241842103,8743.4484105702,114.7973826196,1271.3381776686,1105.1389819356,308254.959846617,3094.3891494199,1110.279163247,4895.1660021554,282.709972123,1792.2098838833,1506.0731242193,4021.3351792295,2799.6854209037,77.1027196699318,6949.5251329165,793.301315715,837.8495537465,6317.282831623,923.5192422687,217.6010088462,1034.8898373475,490.0306183466,337.5385727772,359.812691793,1612.3035379867,728.1923524382,6961.5188893096,0,394.0805672018,1370.7150163543,3867.1297398896,304.9840911388,1667.1321386409,647.6628452274,4408.5621713496,77.1027196699318,1297.0390842252,2506.695086158,20.5607252453152,2770.5577268062,1449.5311297947,310.1242724501,1117.1327383287,157.6322268807,711.0584147338,741.8995026017,707.6316271929,2419.3120038654,6641.1142542367,161.0590144216,3.42678754088586,17298.4235063918,1607.1633566754,438.6288052333,10.2803626226576,248.4420967142,0,430.0618363811,546.5726127712,6211.0524178556,169.6259832738,3154.3579313854,1641.4312320843,1168.534551442,198.7536773713,318.6912413023,798.4414970264,142.2116829467,3.42678754088586,0
"M-2302-ST-20",114201.445687576,3561.2473307654,200.2229667406,1815.1281086802,0.971956149226372,1800.0627883672,0,352.8200821691,259.0263137688,1864.2118942161,10.6915176414901,3782.3673547144,2679.6831034171,2.42989037306593,8609.5875698471,1450.1585746457,5492.5241992782,574.4260841927,1454.0463992426,10601.125719612,3392.1269608,159.8867865477,4.85978074613186,1952.6599037957,627.3976943256,1276.1784239342,2021.6687903908,179.3259095322,810.1254503801,42.2800924913472,3020.8397117955,493.2677457323,8.74760534303734,39.8502021182812,2459.5350356173,3.4018465222923,3440.7247682613,96.709636848024,1076.4414352682,210.4285063075,483.5481842401,34.9904213721494,658.9862691754,3064.0917604361,95.2517026241844,99.1395272210899,236.185344262,2032.8462861069,52.4856320582241,0,652.1825761308,689.1169098014,980.2177764947,24.7848818052725,1240.2160464128,2.42989037306593,2451.7593864235,2465.3667725126,4578.8854190054,605.528680968,2559.160540913,16.5232545368483,869.9007535576,1220.2909453537,2924.1300749475,787.2844808733,672.5936552646,1817.5579990533,588.0334702819,3694.4053232094,453.4175436141,2030.9023738085,161.3447207715,1809.7823498595,118.5786502056,542.8375093429,991.8812502855,20243.9026760868,12145.5640407327,1833.5952755155,203466.384410601,2778.8226306381,8125.0674294578,3405.7343468892,197.3070982929,111.2889790864,41345.556653866,970.4982150025,1388.4393591698,12941.5961269491,204.1107913375,24360.6229461351,6063.5484369487,593.3792291026,5.34575882074504,13371.6867229818,1177.0388967131,2149.9670020887,889.8258546167,145.7934223839,867.9568412591,1715.9885814591,288870.713308898,3081.1009930475,3858.6659124286,1066.2358957013,984.1056010917,1010.3484171208,3389.6970704269,2554.7867382415,7786.826689527,22.8409695068197,2643.7207258957,514.1648029407,521.9404521345,1073.5255668205,4738.7722055531,48.1118293867054,1849.1465739031,76.7845357888834,65.1210619981669,181.7557999053,4232.3830518062,1266.4588624419,4788.8279472383,11.1774957161033,83.1022507588548,4312.5694341174,1899.2023155883,715.8457039052,1843.3148370078,2053.2573652407,5760.7840964647,5.83173689535823,1495.3545355847,2066.8647513298,18.4671668353011,976.3299518978,860.6671701399,1073.0395887459,423.286902988,64.6350839235537,428.1466837342,668.7058306677,268.2598971864,450.0156970918,18811.7252902018,54.4295443566768,7.28967111919779,12906.6057055769,9075.6405434012,946.6852893464,222.0919800982,49.569763610545,205.5687255613,1886.5668856483,143.8495100855,1784.9974680542,34.018465222923,3027.1574267655,6512.5921778913,83.1022507588548,57.8313908789691,788.7424150972,841.71402523,164.7465672938,45.1959609390263,10.6915176414901
"M-2303-ST-1",122333.624552433,1408.4521194102,80.8848907526465,5156.7885784505,0,32288.6455197055,0.502390625792835,332.5825942748,25.873117228331,781.4686184207,20.3468203446098,7109.0785502815,5569.2512822264,30.1434375475701,9620.7804839327,3498.1459273955,3505.6817867824,165.5377111987,118.5641876871,144.1861096025,135.8966642769,116.0522345581,0,6443.9133617318,61.5428516596223,2419.0108631925,3757.6306856175,9255.5424989814,3774.2095762686,368.503524019,29214.768475792,1706.6209558182,6.27988282241044,0,2637.0483947865,9.04303126427103,3110.3003642834,1613.1762994207,128.36080489,50.4902578921799,1592.8294790761,0,1815.3885263024,833.7172435032,1202.9743534609,93.1934610845709,35.4185391183949,3137.6806533891,244.6642347611,0,419.9985631628,3086.1856142453,1429.5525256935,9622.2876558101,4096.4931627147,0,5497.409422738,909.8294233108,7457.7376445817,15.5741093995779,2091.9545658013,3.26553906765343,445.8716803911,647.330321334,1612.673908795,25.873117228331,650.0934697759,1054.5179235391,161.2673908795,3794.8075919261,47.7271094503193,3955.5725921798,6.53107813530686,0.502390625792835,406.6852115793,1035.9294703848,120.3225548773,2393.1377459641,6053.5558454907,3030.1690594694,70219.6401576903,3391.1367241016,1974.1439640529,307.965453611,3.01434375475701,93.9470470232602,50681.9199159199,1244.6727754017,1782.7331356258,18943.8945220833,390.8599068668,17583.9230980621,7326.8648865627,184.6285549788,0,8647.649841772,2706.1271058331,1199.2064237674,3245.9458332475,98.4685626553957,743.2869308604,865.8702435539,277543.189266123,1535.3057524229,829.9493138097,659.8900869788,475.5127273129,2069.5981829535,1115.5583845729,2943.5066765202,996.49180626,1525.0067445941,36874.2159566296,857.3296029154,2182.384878444,2492.862285184,365.7403755771,2228.1024253912,2935.7196218204,194.4251721818,939.2192749197,210.5016722071,1542.0880258711,29505.1502575003,2375.5540740614,5.52629688372119,92.6910704587781,2445.6375663595,189.150070611,1510.688611759,236.3747894355,46.2199375729408,7401.21869918,13.0621562706137,301.4343754757,1852.8166279239,22.3563828477812,2139.4304799387,851.3009154059,315.7525083107,409.4483600211,1454.1696663573,54.2581875856262,1701.8482448732,381.5656802896,69.5811016723077,4482.0779680107,47.4759141374229,79.6289141881644,20262.1675241637,2667.443027647,509.9264851797,5.52629688372119,422.0081256659,252.7024847737,578.5028056004,161.2673908795,3117.8362236703,125.3464611353,18701.993435764,18990.1144596562,26.1243125412274,116.5546251839,16946.1381986181,115.0474533065,55.7653594630047,707.8683917421,73.0978360528575
"M-2303-ST-5",132888.728555514,1735.0009647108,46.9418667486732,4154.1703967585,2.21772598812629,18627.0501952707,1.10886299406315,831.6472455473,118.2787193667,609.5050257367,14.0455979247999,8789.2177119425,3999.2991985877,76.8811675883782,9632.6928294265,3378.3359219123,7529.1797296887,559.2365700058,147.8483992084,383.6665959458,483.0946444135,255.4081096325,0,4024.0638054551,187.0282249986,2283.518525774,3278.5382524467,6087.2882164086,4390.358214494,334.507003209,21874.1706628856,1236.0126173823,8.50128295448413,0.369620998021049,2654.6180077871,11.0886299406315,2213.29053615,406.9527188211,130.8458332994,840.5181494998,1356.8786837352,1.84810499010525,3674.0327203292,3184.2848979513,674.5583213884,309.7423963416,90.557144515157,4242.8794362836,121.2356873509,0,2740.370079328,6792.8947016308,1364.6407246937,5523.9858154245,3832.6001284802,1.4784839920842,8825.8101907466,1068.5743052788,11433.4863317851,29.2000588436629,1713.9325678236,34.7443738139786,265.018255581,881.1764592821,4186.3274235864,72.0760946141046,807.991501674,2558.5165483017,114.2128883885,3396.0777298174,88.3394185270307,3395.7081088193,485.6819913996,22.546880879284,4.80507297427364,803.1864286997,138.6078742578,6744.104729892,4833.9034121192,2536.3392884204,70820.122462829,717.0647361608,1441.152271284,2288.6932197463,8.50128295448413,244.3194796919,59723.3608602411,858.2599574048,527.079543178,18875.4355059409,575.1302729207,22462.2376707371,8430.315722864,472.7452564689,9.97976694656833,9331.0820950413,2453.1745638657,1518.7726808684,5041.6304130071,148.5876412044,370.360240017,489.0085803818,279129.276422542,628.3556966357,1349.1166427768,3353.940936043,487.8997173877,2629.8534009197,1531.3397948012,2775.114453142,1261.8860872438,93.8837334973465,23834.6404363893,1937.1836506283,1146.9339568593,2456.8707738459,659.7734814675,747.3736579985,6225.8960906665,388.1020479221,159.676271145,267.9752235652,1936.4444086322,12804.7802344432,2743.3270473122,49.1595927367995,138.2382532598,2362.6174193505,43.2456567684628,1025.6982695084,51.0076977269048,68.7495056319152,2145.2802725141,50.6380767288837,334.876624207,5318.1069195268,21.4380178852208,2975.4490340694,1133.6276009305,1003.5210096271,452.0464805797,8032.6035289934,781.7484108145,2478.3087917311,565.8897479702,159.676271145,5301.8435956139,275.3676435256,76.5115465903572,22219.3966750373,5435.2767758995,898.1790251911,12.5671139327157,306.7854283574,49.8988347328416,369.990619019,187.7674669946,3452.9993635126,130.1065913034,15354.4258787924,19532.9912614203,403.2565088409,14.784839920842,8302.0572365507,79.4685145745256,0.739241996042098,457.960416548,11.4582509386525
"M-2303-ST-8",123771.822401959,1395.4945461794,0,3056.7975773455,0,24292.9968957366,0,531.6169699731,175.6234632946,436.6853681922,4.74658008904584,21630.1654657819,2734.0301312904,161.3837230275,5904.745630773,1865.405974995,17386.7228661749,85.4384416028252,52.2123809795043,142.3974026713,275.3016451646,166.1303031166,0,2173.9336807829,85.4384416028252,944.5694377201,2828.9617330713,1960.3375767759,431.9387881031,42.7192208014126,4779.8061496691,588.5759310416,0,0,1409.7342864466,9.49316017809168,1362.2684855561,541.1101301512,128.1576624042,33.2260606233209,175.6234632946,0,2496.7011268381,621.801991665,882.8638965625,128.1576624042,66.4521212466418,2928.6399149412,9.49316017809168,0,2814.7219928041,773.6925545144,873.3707363844,2273.6118626529,1817.9401741045,0,1575.8645895632,859.1309961172,318.020865966,18.9863203561834,1903.3786157073,0,52.2123809795043,697.7472730897,56.9589610685501,1960.3375767759,550.6032903293,1248.350563419,66.4521212466418,2041.0294382897,28.4794805342751,2359.0503042557,42.7192208014126,9.49316017809168,0,802.1720350487,0,3398.5513437568,2800.482252537,1400.2411262685,84432.1666239474,351.2469265893,1300.5629443985,455.6716885484,0,28.4794805342751,66129.3538005866,3066.2907375236,275.3016451646,4262.4289199631,1167.6587019052,27444.726074863,2624.8587892423,332.2606062332,0,10167.1745507361,18791.7105725324,935.076277542,987.2886585215,1594.8509099194,227.8358442742,71.1987013356876,349547.650917514,313.274285877,337.0071863222,251.5687447194,175.6234632946,1651.8098709879,607.5622513978,1153.4189616381,1381.2548059123,0,12336.3616514301,85.4384416028252,346.5003465003,4115.2849372027,22119.0632149536,204.1029438289,270.5550650756,412.9524677469,109.171342048,71.1987013356876,759.4528142473,16280.7697054272,14823.5696180901,9.49316017809168,156.6371429385,2254.6255422967,123.4110823151,308.5277057879,0,175.6234632946,2297.3447630981,123.4110823151,175.6234632946,9346.0161953312,0,854.3844160282,1371.7616457342,735.7199138021,351.2469265893,3583.6679672296,37.9726407123667,1067.9805200353,132.9042424932,128.1576624042,4680.1279677992,232.5824243632,0,43905.865823674,1404.9877063575,232.5824243632,33.2260606233209,113.9179221371,118.6645022261,223.0892641851,147.1439827604,797.4254549597,61.705541157596,2397.0229449681,1547.3851090289,147.1439827604,52.2123809795043,9108.6871908789,4.74658008904584,0,99.6781818699627,14.2397402671375
"M-2311-ST-1",109528.78144441,2048.0488319094,284.451226654,3115.577553117,0,4132.9089990328,105.4142781129,202.4623436773,607.3870310319,1251.5853972779,174.0172210119,4586.3577191696,6840.2153797758,56.8902453308168,10369.0838327962,3575.7192432928,4112.8300889161,425.0035974713,140.5523708173,128.8396732492,2735.7515034083,306.2033792805,68.6029428989261,5320.911180941,112.1072481519,1444.0082858969,2901.4025118716,1800.4089404693,7044.3509659629,983.8665957211,5270.7139056492,945.3820179973,1.67324250972991,48.5240327821673,4885.8681284113,219.1947687746,3639.3024586625,110.4340056421,850.0071949427,394.8852322962,3246.090468876,0,870.0861050595,2278.9562982521,138.8791283075,1696.6679048661,108.7607631324,2275.6098132326,540.4573306427,0,1177.9627268498,1273.3375499044,893.5115001957,1474.126651072,2700.613410704,28.4451226654084,5319.2379384313,1502.5717737374,1738.4989676093,1013.9849608963,1825.5075781153,11.7126975681093,769.6915544757,1940.9613112866,1194.6951519471,2417.8354265597,518.7051780162,3886.9423501025,441.7360225686,4007.4158108031,398.2317173157,2988.4111223776,1229.8332446514,1074.2216912465,3.34648501945981,819.8888297676,30.1183651751383,7645.0450269559,9806.8743495269,3384.9695971835,167439.704706162,2168.5222926099,5550.145404774,321.2625618681,3.34648501945981,491.9332978605,53587.2646166099,1311.8221276282,2188.6012027267,13161.7255815354,486.9135703314,18445.8254272624,9631.1838860053,488.5868128411,224.2144963038,11868.3091215142,2237.1252355088,1149.5176041844,6093.9492204363,137.2058857978,1201.388121986,1919.2091586602,291641.149718393,3960.5650205306,2794.3149912489,640.8518812265,931.9960779195,1345.2869778228,2715.6725932916,2724.0388058402,5426.325459054,418.3106274324,5842.9628439768,1440.6618008774,2362.6184237386,2329.153573544,2819.4136288948,1664.8762971812,997.252535799,205.8088286967,525.3981480551,2729.0585333694,3271.1891065219,4245.0162471847,2258.8773881353,192.4228886189,61.9099728600065,3607.5108509776,1000.5990208184,1477.4731360915,137.2058857978,1462.4139535039,7357.2473152823,736.2267042811,1199.7148794763,3234.3777713079,0,925.3031078806,309.5498643,1019.0046884255,220.8680112843,1269.9910648849,3980.6439306474,1221.4670321028,563.8827257789,430.0233250005,12249.8084137326,289.4709541832,5.01972752918972,17676.1338727867,4941.0851312324,1785.3497578818,58.5634878405467,148.9185833659,316.2428343389,140.5523708173,162.3045234438,2971.6786972803,1087.6076313244,4591.3774466988,11244.1896653849,1464.0871960136,396.5584748059,2713.9993507819,13.3859400778392,18.405667607029,435.0430525297,40.1578202335177
"M-2311-ST-3",136235.504520744,2378.8908918002,73.808070628646,3125.4879139284,0,769.3071977062,0,743.7582501809,0,377.5566689849,85.1631584176685,6818.7302173079,4252.4803769889,0,12848.2818332789,6015.3577562346,7806.6228549529,136.2610534682,48.2591231033455,945.3110584361,14.1938597362781,107.8733339957,17.0326316835337,4831.589854229,0,1666.359133039,2344.8256284331,315.1036861453,15096.5892155053,1567.0021148851,34718.1809149362,124.9059656792,11.3550877890225,0,10009.5098860233,5873.4191588718,3412.2038806012,210.0691240969,53.9366669978567,28.3877194725562,167.487544888,0,721.0480746029,4102.0254637843,48.2591231033455,496.7850907697,0,2256.8236980682,420.1382481938,0,176.0038607298,1586.8735185158,695.4991270776,119.2284217847,0,0,4544.8738875562,232.7792996749,513.8177224532,76.6468425759017,1067.3782521681,8.51631584176685,130.5835095737,1572.6796587796,28.3877194725562,53.9366669978567,88.0019303649241,2898.3861581479,19.8714036307893,4229.7702014108,62.4529828396236,53.9366669978567,116.3896498374,0,39.7428072615786,28.3877194725562,0,7727.1372404297,6097.682142705,3202.1347565043,80570.0254070089,1007.7640412757,692.6603551303,158.9712290463,31.2264914198118,405.9443884575,64692.7739060082,9086.9090031652,3080.0675627723,6021.0353001291,252.6507033057,12110.2011269924,9081.2314592707,246.9731594112,8.51631584176685,7693.0719770627,2472.5703660596,258.3282472002,70.9692986813904,232.7792996749,107.8733339957,1070.2170241153,327775.964117923,5.67754389451123,718.2093026556,1436.4186053113,1459.1287808893,936.7947425943,828.9214085986,5081.4017855875,1192.2842178473,161.8100009935,38752.0758519864,2693.9945779455,1672.0366769335,1396.6757980497,3165.23072119,1144.025094744,210.0691240969,62.4529828396236,752.2745660227,164.6487729408,1294.4800079485,255.489475253,17696.9043191915,14.1938597362781,187.3589485188,1697.5856244588,156.132457099,1132.6700069549,42.5815792088343,11.3550877890225,18980.029239351,0,420.1382481938,7710.1046087462,22.7101755780449,786.3398293898,79.4856145231573,1532.936851518,48.2591231033455,116.3896498374,323.6200019871,215.7466679914,0,93.6794742594354,2410.11738322,0,0,29710.5871999772,5808.1274040849,258.3282472002,0,587.6257930819,0,5.67754389451123,51.0978950506011,843.1152683349,39.7428072615786,8212.5672434105,1754.3610634039,1033.312988801,22.7101755780449,181.6814046243,652.9175478687,0,0,0
"M-2311-ST-6",170291.101668195,855.5414563306,76.703716774476,6005.0159805556,0.737535738216115,663.7821643945,1.47507147643223,907.5377258749,0,458.7472291704,43.5146085547508,1386.5671878462,7450.9547953283,12.1693396805659,10986.7011243363,2969.318882058,5817.6819030487,148.9822191196,38.351858387238,598.5102515623,525.1254456098,270.3068480562,0.737535738216115,62.6905377483698,286.1638664278,2394.7785419877,3335.5053760823,172.9521306116,3173.985049413,370.2429405844,4494.1740208198,899.7936006236,3.31891082197252,0,2675.0421225098,20.6510006700512,4491.5926457361,278.7885090456,235.2739004909,57.1590197117489,735.6918988705,1.10630360732417,303.1271884068,2363.4332731135,14.3819468952142,673.0013611222,35.7704833034816,775.5188287342,243.3867936113,0,36.8767869108057,438.8337642385,1437.0883859141,212.4102926062,1305.0694887734,9.58796459680949,3050.0790453927,886.5179573357,1016.3242472618,137.9191830464,1622.5786240754,17.7008577171868,227.5297752396,842.2658130428,571.9589649865,1833.5138452052,1516.3734777723,1922.7556695294,643.4999315935,4921.9447489852,539.8761603741,1229.8408434753,47.5710551149394,12.1693396805659,240.0678827893,50.5211980678039,15.4882505025384,3493.3380240606,10235.5209749632,4513.3499500135,130494.779537661,6636.3465724686,4288.7703177267,24.7074472302399,29.8701973977527,182.9088630775,48115.3564897429,2570.3120476831,3391.9268600559,15405.6464998582,893.8933147179,16340.8418159162,5138.7802560207,105.4676105649,1.47507147643223,10056.2997905767,2214.8198218629,2153.2355877219,1102.615928633,1180.794716884,1206.9772355906,998.6233895446,361943.819690213,910.1191009586,2277.8791274804,1488.3471197201,666.3635394782,2656.9724969235,3570.7792765733,3966.0984322571,3034.5907948902,248.1807759097,4117.6620264605,956.5838524663,863.654349451,3078.474171314,2201.1754107059,689.9646831011,1135.8050368528,444.3652822752,157.4638801091,248.9183116479,2970.0564177962,164.8392374913,4708.7969206407,31.3452688741849,14.3819468952142,1844.5768812785,1932.7124019953,1.47507147643223,97.7234853136352,165.5767732295,7624.275693809,1.47507147643223,261.4564191976,2183.4745529888,58.2653233190731,1470.6462620029,537.6635531595,198.3971135801,695.4962011377,133.4939686171,349.9607077835,111.7366643397,538.4010888977,208.353846046,10661.447863783,458.7472291704,0.368767869108058,16776.3566693328,4052.3901136284,283.9512592132,36.5080190416977,976.8660852672,164.101701753,18.4383934554029,57.1590197117489,1589.3895158557,74.4911095598276,3243.6821766744,6021.6105346654,270.3068480562,14.7507147643223,152.6698978107,366.9240297625,91.8231994079063,547.6202856254,8.48166098948532
"M-2312-ST-1",147009.982644904,5327.1489807393,56.5642005549285,2927.1037293788,0,416.5522583912,0.374597354668401,507.9540129303,189.5462614622,1424.5937398039,224.0092180917,3501.3614740855,3991.3348139918,16.4822836054096,10026.847392409,1200.5845217122,4083.4857632402,217.6410630623,47.9484613975553,1107.6843777544,3164.9730495933,970.9563433004,22.8504386347724,2033.6890384947,242.3644884704,3157.4811024999,2646.1557133775,35.2121513388297,901.6558326868,49.4468508162289,1016.2826232153,352.8707080976,36.7105407575033,2.2475841280104,2183.1533830074,552.9056954905,3781.5602953775,1645.9807764129,608.7207013361,648.428020931,634.9425161629,10.8633232853836,1759.1091775228,569.7625764506,71.5480947416646,766.0515902968,306.4206361187,1203.2067031949,509.8269997036,0,34.0883592748245,1320.4556752061,2149.4396210872,16.1076862507412,947.3567099563,56.9387979095969,3753.4654937773,2296.2817841172,2183.1533830074,267.8371085879,2606.8229911374,2.99677883734721,95.1477280857738,1571.8105001886,24.3488280534461,705.3668188405,2003.3466527666,1261.2692931685,501.2112605463,4304.8727998492,360.362655191,821.8665961424,117.9981667205,1261.2692931685,604.9747277894,135.9788397446,231.1265678304,12887.2727926569,9086.982629546,2644.2827266042,171264.412164974,213.1458948063,6882.1025999678,2.99677883734721,14.983894186736,117.2489720112,49771.6267227264,3425.6928084425,419.5490372286,5105.3873467756,881.8021728894,21072.5995895162,2832.7051960024,271.9576794892,2.99677883734721,13026.2484112389,2307.1451074026,1711.1607161252,2557.0015429665,44.2024878508713,929.7506342869,111.6300116911,324145.833746951,2662.2633996283,2991.1598770271,2306.770510048,689.6337299445,4025.4231732666,2860.7999976025,3134.2560665105,6307.0956605518,36.3359434028349,1777.0898505468,1093.0750809223,718.4777262539,5830.2332280589,2916.9896008028,207.9015318409,543.1661642691,150.9627339313,161.451459862,79.7892365443694,3393.477435941,416.9268557459,8161.3525661604,15.3584915414044,319.1569461774,4133.6818087658,3134.2560665105,505.3318314476,2722.9481710846,1849.7617373525,2468.9711646194,13.8601021227308,874.6848231507,1147.0170999946,7.86654444803642,2607.197588492,1438.0792445719,1988.3627585798,1262.3930852325,2639.0383636388,1008.790676122,771.6705506169,1164.623175664,1163.4993836,15644.3093230164,1877.481941598,0,14777.8656416684,695.6272876192,707.2398056139,874.6848231507,5.99355767469441,72.2972894510013,137.4772291633,94.398533376437,3166.8460363666,2.99677883734721,5258.597664835,513.1983758957,239.3677096331,206.7777397769,307.9190255374,5.61896032002601,4.49516825602081,169.6926016647,6.74275238403121
"M-2322-ST-1",209499.166828447,2382.7290817317,39.4340904678703,4181.024720119,0,215.8763670484,0,230.0321943959,9.60573998576328,665.3238853297,91.5073124959555,6261.9313401928,3912.5695657801,106.1687051058,9068.3241118229,362.4902931469,5403.9870898854,200.7094091762,630.4398822235,2021.2499191095,130.9414029638,191.6092344528,0,444.8974309195,32.8617420565586,2153.2024525982,2507.6037015466,2.52782631204297,282.1054164239,87.4627903966867,1183.5282792985,809.4099851161,110.213227205,1.51669578722578,3803.3674690998,0,4147.1518475376,1018.7140037533,171.8921892189,2059.6728790526,586.4557043939,6.57234841131172,611.7339675143,889.7948618391,12.6391315602148,350.8622921115,871.08894713,1563.7133566297,678.4685821523,0,82.9127030350094,1590.5083155374,1850.8744256778,51.5676567656766,451.9753445932,519.2155244936,7556.1784119588,485.8482171746,1639.548145991,10.1113052481719,1483.3284799068,72.8013977868375,132.458098751,609.7117064647,724.9805862939,1277.5634181065,170.8810586941,1990.4104381026,1194.6507150715,5004.5905325826,49.0398304536336,391.3075131042,162.7920144955,10.1113052481719,89.9906167087297,9.60573998576328,32.8617420565586,4352.4113440755,4366.567171423,6279.6261243771,65159.7788455316,424.6748204232,1600.1140555231,1.51669578722578,7.07791367372031,54.6010483401281,58990.8715136219,10554.6859833042,1400.9213421342,4050.0833171552,1100.1100110011,27973.4315343299,933.7790396686,273.510806963,4.55008736167734,5808.9448650747,3796.2895554261,1925.6980845143,2987.3851355723,231.0433249207,1768.4672879052,248.2325438426,370871.048501909,555.616223387,1086.459748916,5308.9408205526,1085.4486183912,1854.4133825147,984.8411311719,2436.318999547,760.3701546625,337.2120300265,2921.6616514592,405.9689057141,122.3467935028,7504.6107551931,9165.3926422053,1100.1100110011,3626.4196272568,226.9988028214,93.0240082831813,190.0925386656,1299.8082896524,143.0749692616,8931.8214909726,5.05565262408594,96.0573998576328,1100.6155762635,7411.0811816475,51.5676567656766,5.05565262408594,96.0573998576328,1423.1662136801,34.3784378437844,457.0309972173,4827.6426907396,2.02226104963438,3696.1876334692,4497.5085743868,371.5904678703,674.424060053,29.3227852196984,519.721089756,1076.3484436678,561.6830065359,603.6449233158,5150.6988934187,6.06678314890313,0,22773.1872451951,1919.125736103,212.842975474,52.0732220280852,377.6572510192,173.9144502685,4163.8355011971,1986.8714812657,6102.6782825341,43.9841778295477,978.774348023,782.6150262085,4523.2924027696,29.828350482107,75.3292240988805,114.7633145667,1.01113052481719,46.5120041415906,0
"M-2322-ST-4",180327.607952669,218.8296987709,751.9784194129,0,0,0,0,0,0,0,0,19447.9921380457,728.1060886379,0,23052.714085073,186.9999244042,3541.0623982939,497.3402244794,31.829774366687,0,0,0,0,509.2763898669,31.829774366687,0,648.5316527212,0,7.95744359167174,0,71.6169923250457,0,23.8723307750152,0,27.8510525708511,0,31.829774366687,0,0,0,0,0,7.95744359167174,0,0,0,0,3807.6367586149,0,0,95.4893231000609,0,0,135.2765410584,0,0,238.7233077501,664.4465399045,1062.3187194881,0,15.9148871833435,0,222.8084205668,24262.2455110071,18298.1415390491,0,0,274.5318039126,0,592.8295475795,0,0,0,0,0,0,0,0,2614.0202198641,16961.2910156483,145239.260435192,0,529.1699988461,0,0,0,125425.22589193,366.0424052169,222.8084205668,982.7442835714,67.6382705292098,16949.3548502608,620.6806001503,7.95744359167174,0,3724.0836009023,1917.7439055928,11.9361653875076,0,107.4254884875,63.6595487333739,0,315635.978785455,0,55.7021051417022,19.8936089791793,7.95744359167174,0,1249.3186438924,568.9572168045,6497.2526925999,0,27.8510525708511,3.97872179583587,7432.2523146214,71.6169923250457,684.3401488837,0,0,35.8084961625228,0,2717.4669865558,226.7871423626,11.9361653875076,1400.5100721342,473.4678937044,0,123.3403756709,0,206.8935333834,0,1897.8502966137,0,0,0,644.5529309254,0,107.4254884875,0,0,0,505.2976680711,0,0,0,0,7034.3801350378,0,0,37563.1124744864,322.2764654627,0,0,3.97872179583587,0,39.7872179583587,0,18616.439282716,0,0,186.9999244042,0,0,0,0,0,0,0
"M-2324-ST-1",188747.295235285,4161.9580861972,57.6515794765678,4573.6919718077,0,2310.039150061,0,147.1109269402,9.05637838520797,192.8345934216,132.0905920574,1732.8606934623,4359.652199728,1.76709822150399,7341.8513357937,401.352183559,2497.5724488182,199.0194371968,122.3715518391,858.5888483732,130.5443811136,431.3928533246,5.30129466451198,656.9187638441,14.136785772032,2031.7211801742,4355.6762287296,734.0084237572,1710.3301911381,140.4843086095,4509.4137740005,1759.8089413402,10.602589329024,0.220887277687999,9888.4607602586,0,4962.4535805385,298.6395994341,138.2754358326,3235.1150690184,878.4687033651,120.1626790622,662.4409457863,2759.5447601561,134.0785775566,164.3401345998,1167.389262581,869.4123249799,224.2005868533,0,838.4881061036,8328.9965797813,1160.0999824173,542.9409285571,159.0388399353,40.2014845392159,11445.4951806813,312.9972724838,7132.8919711008,21.2051786580479,770.0130500203,19.6589677142319,64.9408596402718,1553.0584494243,608.5444500304,553.1017433307,572.0980492119,5838.9342984045,154.1793198262,4947.2123583781,37.1090626515839,1123.4326943211,74.6598998585438,55.6635939773758,59.6395649757598,35.5628517077679,1056.945623737,3853.5994465448,4500.1365083376,3055.7545995357,51407.7587981611,235.9076125707,986.2616948769,384.1229758994,6.40573105295198,664.4289312855,57222.1746087423,5764.7161731014,499.2052475748,25858.1691625456,1005.4788880357,34046.9023209951,3676.0060752836,168.7578801536,1.76709822150399,6767.1026392495,2864.2453297802,2242.8894176439,6669.028687956,45.2818919260399,1138.2321419262,103.8170205133,323909.545776238,1278.2746759804,467.6183668654,4431.6614522543,1139.5574655923,2322.6297248893,594.1867769807,2251.0622469184,481.3133780821,25.1811496564319,1948.8884510412,1995.9374411887,257.1127912288,3116.7194881776,478.6627307498,449.9473846504,2478.3552556593,226.4094596301,195.4852407538,112.2107370655,1190.5824267383,2484.7609867123,6328.6413930388,13.25323666128,566.7967545474,927.7265662895,2807.035524859,283.6192645513,47.9325392582959,41.7476954830319,22381.1825244588,0.220887277687999,498.9843602971,1354.7016740605,5.74306921988798,4919.1596741117,2303.6334190081,1830.4928702004,599.2671843675,721.1969616513,1355.3643358935,201.007422696,604.568479032,1808.4041424316,4161.9580861972,92.3308820735837,0.220887277687999,18546.1376092398,7157.6313462019,142.9140686641,7.28928016370398,52.5711720897439,0.220887277687999,782.6036248485,254.6830311742,7160.9446553672,73.9972380254798,22978.2408360495,2622.8155352673,12184.5840118254,104.9214569017,1172.4696699679,23.1931641572399,54.1173830335598,470.04812692,3.75508372069599
"M-2324-ST-5",97601.9521042862,104.3906035407,0,0,0,0,0,0,0,45.6708890490995,0,13371.7838723041,15756.4567219393,0,18415.154905869,270.7631279339,1070.0036862931,0,234.8788579667,0,0,0,0,0,0,0,1207.0163534404,0,0,0,1653.9386248495,0,0,0,61.9819208523493,0,358.8426996714,0,0,0,9453.8740331635,0,0,0,0,32.6220636064996,0,3193.7000270763,0,0,0,0,0,0,0,0,140.2748735079,0,0,0,0,0,153.3236989505,3575.3781712723,0,0,0,4785.6567310734,0,574.1483194743,0,0,0,0,0,0,0,0,153.3236989505,6579.8702294309,179411.563216666,75.0307462949491,3.26220636064996,0,0,0,114943.841117501,714.4231929823,9.78661908194989,6067.7038308089,0,5320.65857422,25288.6237077585,0,0,35874.4833480676,707.898780261,26.0976508851997,169.6347307537,296.8607788191,7144.2319298234,104.3906035407,348106.778538597,0,0,707.898780261,0,192.4701752783,0,88.079571737549,0,22.8354445245497,2198.727087078,0,0,652.4412721299,508.9041922613,0,0,0,202.2567943602,75.0307462949491,0,0,192.4701752783,0,0,120.701635344,0,0,0,0,0,0,0,45.6708890490995,0,49667.0918408956,0,0,0,97.8661908194989,0,16.3110318032498,446.922271409,0,0,0,0,40063.1563151421,26.0976508851997,3.26220636064996,0,0,0,0,0,91.3417780981989,0,1520.1881640628,0,0,0,0,0,0,0,0
"M-2326-ST-1",206671.381063265,3028.2742209969,79.6191771612979,2848.2485938194,0,1317.0502310721,0,145.9031226798,20.0028474641684,1261.7482410241,7.05982851676533,5780.0384917539,3797.0111039336,4.31433964913437,11997.0019261565,1611.9941779947,6611.1371932553,587.1424049776,47.8499488358539,319.6533467313,280.0398644983,461.6343424573,0,416.9220951845,120.8015101757,340.0484068908,2356.8060865134,212.1870681983,1470.7976076594,266.7046328555,2425.0510955088,2748.6265691939,2166.1907165608,0,5449.0109768567,91.7777707179492,4919.5238380993,1434.3218269894,144.3342718983,0,188.2620937804,0,1450.7947601952,3516.1868140445,0.784425390751703,130.9990402555,281.2165025844,956.998976717,169.0436717069,0,10.9819554705238,2101.8678345191,788.7397304008,0,2263.459465014,20.0028474641684,7141.4087574035,826.3921491569,2975.7177198165,43.9278218820954,1673.1793584733,13.7274443381548,396.1348223296,1390.7862178027,11.3741681658997,836.981891932,4983.4545074455,1932.0397374214,738.9287180881,5455.678592678,50.9876503988607,1881.0520870225,15.2962951196582,68.2450089953982,1112.7074167812,464.7720440203,261.998080511,1972.0454323497,4875.9882289125,2480.3530855568,66091.7612977847,79.226964465922,1972.8298577405,16.4729332057858,50.9876503988607,10.1975300797721,54826.2360485041,3692.2903142682,502.8166754718,20423.2994736113,1218.6048445327,20706.869252368,1120.9438833841,2558.4034119366,0.392212695375852,10324.2147803785,1798.6874209936,2457.9969619204,2485.0596379013,84.7179422011839,766.7758194597,92.1699834133251,369374.542336811,789.5241557915,1623.3683461606,707.9439151534,1224.095822268,558.1186655198,1119.767245298,4385.7223596927,944.0559577696,93.7388341948285,2934.9275994974,626.7558872106,814.2335556002,6671.1457356478,323.9676863804,118.8404466988,1054.2677251702,509.4842912932,219.6391094104,212.1870681983,1781.4300623971,1819.0824811531,6413.8542074813,34.1225044976991,235.3276172255,2095.5924313931,3817.4061640931,62.3618185647604,252.1927631266,164.7293320578,5433.714681737,0,391.0360572897,4508.4849333454,260.0370170341,4741.851487094,2143.0501675336,1138.593454676,713.4348928886,3.13770156300681,1017.0075191095,114.9183197451,92.1699834133251,316.9078578636,5388.2180090734,823.6466602892,0,17141.6558514015,4919.9160507946,109.8195547052,1.17663808612755,201.9895381185,0,3374.9902437092,1002.4956493806,4617.9122753552,5.88319043063777,11927.580279075,1346.4661832252,25.8860378948062,39.2212695375852,644.4054585025,91.7777707179492,234.1509791393,42.358971100592,0
"M-2326-ST-5",121732.658180369,64.4677309702979,0,0,0,0,0,0,0,2.93035140774082,0,20072.9071430245,2631.4555641512,0,9529.5027779731,583.1399301404,6268.0216611576,5.86070281548163,49.8159739315939,0,29.3035140774082,11.7214056309633,0,0,0,0,647.6076611107,0,0,0,193.4031929108,0,11.7214056309633,0,252.0102210657,0,313.5476006282,0,14.6517570387041,23.4428112619265,11.7214056309633,0,234.4281126192,0,0,234.4281126192,0,6672.4101554258,11.7214056309633,0,32.233865485149,8.79105422322245,0,0,0,0,108.4230020864,23.4428112619265,0,0,79.119488009002,8.79105422322245,8.79105422322245,41.0249197083714,123.0747591251,10074.5481398129,0,2071.7584452727,14.6517570387041,2115.7137163888,0,0,0,0,0,0,480.5776308694,70.3284337857796,1447.5935954239,18575.497573669,57555.0319994373,5.86070281548163,70.3284337857796,0,0,20.5124598541857,108238.389947723,40890.1235436153,23.4428112619265,788.2645286822,58.6070281548163,28852.239960616,266.6619781044,35.1642168928898,0,4501.0197622898,9989.5679489884,981.6677215931,29.3035140774082,1110.6031835337,20.5124598541857,0,387260.590289988,290.1047893663,58.6070281548163,290.1047893663,246.1495182502,23.4428112619265,52.7463253393347,902.5482335841,8.79105422322245,0,0,0,0,102.5622992709,53150.7138336029,0,2.93035140774082,0,49.8159739315939,67.3980823780388,723.7967977119,0,4744.2389291323,0,5.86070281548163,565.5578216939,105.4926506786,0,41.0249197083714,43.9552711161122,149.4479217947,20.5124598541857,105.4926506786,24814.2157207492,0,533.3239562088,0,0,23.4428112619265,0,0,8.79105422322245,0,175.8210844644,732.5878519352,0,0,65534.3788827156,137.7265161638,11.7214056309633,2.93035140774082,0,0,20.5124598541857,105.4926506786,351.6421689288,0,46.8856225238531,99.6319478631878,8.79105422322245,14.6517570387041,35.1642168928898,0,5.86070281548163,0,0
"M-2326-ST-9",219158.486701175,1336.7133638298,14.2868495800113,4411.362450528,0,584.2726192825,0.595285399167136,528.3157917608,0,1109.0166986483,41.0746925425324,2444.2418489802,4029.4868669623,0,10054.0727492333,63.3978950113,7806.5727246778,76.494173792977,380.0897273682,2679.6772243508,79.4706007888127,79.7682434883963,0,62.8026096121329,5.35756859250423,316.6918323569,1376.597485574,51.1945443283737,258.6515059381,39.8841217441981,78.577672690062,186.0266872397,202.9923211159,0,1780.7962716084,0,5247.4407936583,52.0874724271244,112.8065831421,608.3816779488,538.7332862462,0,227.994307881,83.6375985829826,0.297642699583568,6552.6040313322,1309.3302354681,1095.6227771671,343.777318019,0,47.9204746329545,32.4430542546089,18.7514900737648,0,0,23.2161305675183,9354.3147625123,772.3828054193,50.301616229623,3.86935509458639,1510.8343430861,0.297642699583568,232.1613056751,739.3444657655,4.46464049375352,339.6103202248,0,3729.4630257821,1332.248723336,5456.3859687659,45.8369757358695,320.5611874515,111.6160123438,0,257.7585778393,7.14342479000563,125.6052192242,1453.3893020665,6133.8207530181,2954.699078766,81945.2021931504,60.4214680154643,3955.373834766,13.3939214812606,19.0491327733484,254.4845081439,51292.4687765367,7722.042197996,5.95285399167136,2330.5423377393,249.424582251,27189.6606069589,1839.4318834264,216.0885998976,8.03635288875634,3901.2028634418,2774.3276028184,4455.4135700664,4450.9489295726,83.9352412825662,1115.5648380392,19.9420608720991,387771.290159069,558.9729898179,2267.7397281272,2981.7845644281,1478.3912888315,705.413198013,1009.901679687,4277.4232357154,586.3561181796,0,141.9755677013,572.6645539987,77.3871018917277,3660.7075621783,1927.2364798036,14.5844922795948,847.0911230148,118.1641517346,3.57171239500282,58.0403264187958,2245.1188829588,0,18168.4080252805,0,755.1195288435,2274.5855102176,12873.6420423884,2.08349889708498,90.7810233729883,0,2016.5292896786,0,495.8727375062,2558.2390029207,25.5972721641869,2301.3733531801,5017.3629868802,109.8301561463,382.7685116644,0,704.2226272147,226.8037370826,765.2393806293,526.2322928637,6986.8647300246,5.65521129208779,0,17066.2371087226,489.0269554158,12.5009933825099,121.43822143,203.5876065151,115.1877247388,170.2516241618,744.9996770576,7671.1452963673,47.3251892337873,643.5035164996,256.2703643414,355.3853833027,0,2.08349889708498,13.6915641808441,98.2220908625775,27.0854856621047,0
"M-2328-ST-1",157732.578084358,4082.7896324522,618.4580745016,3259.7894343524,6.44227160939219,3923.3434101198,0,584.6361485523,9.66340741408828,1025.9317537957,11.2739753164363,5430.8349667176,3693.032200084,28.9902222422648,8930.5990185199,649.0588646462,10103.0924514292,236.7534816451,83.7495309220984,264.133135985,1422.1314577733,338.219259493,11.2739753164363,143.3405433089,20.9373827305246,3457.8892863412,2328.8811867952,1151.5560501788,1563.8614331799,259.301432278,3171.2081997233,402.641975587,515.3817287513,0,1663.7166431255,297.9550619343,3763.8971877873,454.1801484621,486.3915065091,1096.796741499,1013.0472105769,0,661.943407865,789.1782721505,207.7632594028,22.5479506328727,649.0588646462,1803.8360506298,1278.7909144643,0,148.172247016,2188.7617792909,2357.8714090375,1354.4876058747,963.1196056041,83.7495309220984,5450.1617815457,1230.4738773939,1513.9338282071,107.9080494573,1241.7478527103,106.2974815549,486.3915065091,1254.6323959291,45.0959012657453,2179.0983718769,1971.335112474,2330.4917546976,592.688988064,4205.1927930307,219.0372347193,911.5814327289,721.5344202519,521.8240003607,43.4853333633973,136.8982716995,51.5381728751375,5255.2830653616,7022.0760542374,2132.3919027088,116799.994846183,958.287901897,3578.6818790173,4356.5861758514,12.8845432187844,291.5127903249,56923.9119405893,4077.9579287452,599.1312596734,9821.2430685183,478.3386669973,30852.0387373791,3008.5408415861,132.0665679925,14.4951111211324,9627.9749202366,5119.9953615644,1628.2841492738,5037.8563985446,442.9061731457,1087.1333340849,212.5949631099,323542.154198992,2336.934026307,1749.0767419499,1976.166816181,1062.9748155497,3813.8247927601,1911.7441000871,3238.8520516219,3296.8324961064,104.6869136526,3834.7621754907,534.7085435795,2243.5210879708,3081.0163971918,10860.0593655328,5570.9543742218,383.3151607588,397.8102718799,386.5362965635,161.0567902348,2335.3234584046,6923.8314121942,6540.5162514354,45.0959012657453,241.5851853522,1977.7773840834,3857.3101261235,9.66340741408828,259.301432278,715.0921486425,3821.8776322719,9.66340741408828,589.4678522593,3465.9421258529,3.22113580469609,2473.8322980066,2124.339063197,644.2271609392,1061.3642476473,40.2641975587012,2061.5269150055,249.6380248639,444.516741048,360.7672101259,9452.4230188806,133.6771358948,22.5479506328727,22554.392904482,1699.1491369771,911.5814327289,57.9804444845297,106.2974815549,682.8807905955,568.5304695288,251.2485927662,5936.5532880549,692.5441980096,7911.1095363336,769.8514573223,1839.2685444814,86.9706667267945,3759.0654840803,0,12.8845432187844,267.3542717897,0
"M-2328-ST-9",139177.554119048,277.3004573184,54.5509096364182,918.2736455463,0,90.9181827273636,0,118.1936375455,4.54590913636818,468.2286410459,0,12305.7760321486,8464.4828119175,0,11396.594204875,72.7345461818909,15874.3147041976,50.00500050005,50.00500050005,263.6627299093,1968.3786560474,22.7295456818409,0,54.5509096364182,0,613.6977334097,1436.5072870923,22.7295456818409,331.8513669548,9.09181827273636,1309.221831274,0,0,0,550.0550055005,0,3023.0295756848,0,109.1018192728,27.2754548182091,136.377274091,0,1331.9513769558,977.3704643191,31.8213639545773,390.9481857276,477.3204593186,3504.8959441398,0,0,0,0,9.09181827273636,386.4022765912,27.2754548182091,0,1877.46047332,454.5909136368,372.7645491821,9.09181827273636,918.2736455463,63.6427279091546,322.7595486821,1018.2836465464,1954.7409286383,7759.8668957804,195.4740928638,2900.2900290029,159.1068197728,3954.9409486403,40.9131822273136,63.6427279091546,40.9131822273136,36.3672730909455,0,36.3672730909455,0,686.4322795915,5132.3314149596,5418.7236905508,85449.4540363127,554.6009146369,1850.1850185018,59.0968187727864,9.09181827273636,613.6977334097,76284.9012173944,6041.5132422333,631.8813699551,9064.5428179181,1486.5122875923,27893.6984607551,2359.326841775,13.6377274091045,0,8837.2473610997,3791.288219731,1113.7477384102,54.5509096364182,1127.3854658193,509.1418232732,1409.2318322741,391966.46937421,200.0200020002,1191.0281937284,950.0950095009,1527.4254698197,222.749547682,663.7027339097,1336.4972860922,2009.2918382747,281.8463664548,1372.8645591831,1177.3904663193,204.5659111365,890.9981907281,40531.3258598587,500.0500050005,272.754548182,27.2754548182091,31.8213639545773,400.0400040004,1259.2168307739,250.0250025002,17074.4347161988,0,18.1836365454727,1177.3904663193,86.3722735909955,0,54.5509096364182,59.0968187727864,122.7395466819,9.09181827273636,0,10728.3455618289,0,504.5959141368,1527.4254698197,204.5659111365,390.9481857276,31.8213639545773,63.6427279091546,40.9131822273136,68.1886370455227,54.5509096364182,5123.2395966869,0,0,40690.4326796316,518.2336415459,440.9531862277,0,154.5609106365,0,31.8213639545773,700.0700070007,2159.3068397748,236.3872750911,1118.2936475465,290.9381847275,131.8313649546,9.09181827273636,0,0,0,0,0
"M-2329-ST-1",188362.553547707,2889.0559142062,34.4542887294917,2755.7050559754,0,2822.6995062828,0.957063575819214,699.6134739238,160.1486383537,842.8539891047,81.669425136573,3226.8993564704,4709.3908354144,42.7488397199249,11848.7660898338,2212.411966102,4918.9877585188,139.7312820696,133.0318370388,702.8036858432,1232.0598432712,1427.3008127383,179.927952254,1687.9411265531,42.7488397199249,2951.9030890183,2536.5374971128,1105.7274512631,1218.3419320178,63.4852171960079,2963.0688307362,1009.3830512973,8.29455099043319,0,3239.9792253399,61.8901112363092,3749.4560688677,243.41316945,325.0825945865,433.868821038,739.8101441082,22.3314834357817,1688.8981901289,1702.6161013823,48.4912211748402,83.2645310962717,339.4385482238,1448.9942537902,222.6767919739,0,556.3729587429,223.9528767416,1836.605001997,2795.5827049679,879.2224049859,3.82825430327686,11115.9744119482,1074.7823956449,4671.7463347655,0.319021191939738,1682.8367874821,5.10433907103581,231.2903641563,1511.2033862185,574.5571666834,1555.5473318981,891.9832526635,1041.2851704913,403.2427866118,3880.254757563,219.1675588626,866.1425361163,1006.8308817618,421.4269945523,119.3139257854,91.2400608947651,76.2460648735974,11649.3778448714,6828.64861347,5259.7023915104,97379.3047124534,1175.9121134898,3933.5312966169,3159.2668637792,12.4418264856498,59.3379417007913,57669.7798881384,2858.1108585881,1211.6424869871,13446.7432402599,544.5691746411,22015.0144133774,1811.7213490257,663.8831004265,4.46629668715633,8873.2554326118,2068.2143873453,2110.0061634894,3527.0982980857,110.3813324111,1014.8064115603,2547.7032388307,335663.88948085,1128.3779558908,2067.8953661533,2667.974228192,747.1476315228,2553.7646414776,1738.6654960715,3641.3078848001,3304.4215061118,55.8287085894542,3827.6162608929,648.2510620215,684.9384990946,3385.1338676725,1375.3003584522,1503.5468776119,891.3452102796,689.7238169737,64.4422807718271,388.2487905906,2540.0467302241,3025.5969843564,6804.4030028826,145.7926847164,698.0183679641,2423.9230163581,1004.9167546101,499.5871865776,53.9145814378158,402.285723036,3091.9533922799,209.9159442963,580.9375905222,2251.9705939026,37.0064582650096,2756.0240771673,2849.8163075976,1188.9919823594,562.4343613897,3145.5489525258,2642.1335116449,1061.0644843915,1425.7057067786,628.1527269293,7936.9282342687,58.6998993169118,10.5276993340114,17410.9005713031,2808.6625738374,167.8051469603,120.5900105532,74.0129165300193,49.4482847506594,649.2081255973,659.7358249313,3232.0036955414,41.7917761441057,6855.127372401,6642.3402373772,190.7746727799,133.3508582308,331.7820396173,0.319021191939738,62.8471748121284,250.1126144807,222.6767919739
"M-2333-ST-1",188529.14356857,4035.5244038257,36.1710165663256,1249.4630166985,0,2616.8167540576,34.3847935260132,467.5438808017,0,747.5343423707,97.7957114571025,5852.5597915834,5049.652534963,23.667455284139,12577.6895383595,1828.1992817597,5992.3317444879,355.9049407822,77.7007022535883,142.4512874649,104.0474920981,461.2921001606,9.82422672171806,7139.0869363684,33.9382377659351,1925.5484374567,2144.360759895,394.755291909,2735.6005862384,455.0403195195,2771.7716028047,770.7552418947,10.2707824817962,0,2020.2182585932,62.071250650855,4459.3058201398,918.1186427205,124.5890570617,219.2588781983,2602.9735254952,0,1321.8050498311,1290.0995908656,219.2588781983,427.3538623947,950.7172132062,927.9428694422,553.2825867367,0,77.7007022535883,1936.2657756986,1262.4131337407,58.0522488101522,827.9143791847,20.9881207236704,5524.341307926,706.4512124435,3154.4698891916,17.8622304031237,1427.1922092095,113.8717188199,439.4108679168,2710.1469079139,63.8574736911674,18.7553419232799,311.6959205345,1026.1851366594,617.586616188,4941.1394852641,57.159137289996,877.4820685534,506.3942319285,0,365.2826117438,199.1638689948,55.8194700097617,6927.8660618515,5066.621653846,3736.3320445734,81257.5188826103,506.8407876886,1796.4938227941,12.9501170422647,72.7885888927293,75.0213676931197,61723.8302695142,2516.7882638001,183.087861632,5970.003956484,1040.4749209819,18954.9523480348,9428.5783182888,376.4465057458,4.01900184070284,9023.552243898,2330.5745118475,1848.2942909632,2658.7929955049,147.8099565858,576.5034862608,438.5177563966,369180.150417842,871.2302879123,1394.5936387238,1543.2967068298,1420.0473170483,3283.9710596143,852.474945989,5278.7356398831,1776.3988135906,1896.9688688117,3809.5671892262,1724.1517896615,1237.8525669364,8657.823076394,501.0355628076,2243.0495828722,2718.1849115953,130.8408377028,847.1162768681,134.4132837835,1741.5674643045,3909.1491237236,5147.0016906601,44.6555760078094,132.6270607431,1875.5341923279,6603.2200242747,2417.2063293027,191.5724210735,2.67933456046856,729.6721119676,94.6698211365558,318.3942569356,3755.9804980168,2.67933456046856,2649.8618803034,2174.2799958202,470.6697711223,820.3229312634,185.3206404324,2945.9283492351,745.3015635703,665.3680825163,1006.9832389761,5208.6263855508,10.7173382418742,0,19823.0567456266,2190.356003183,356.7980523023,8.03800368140569,125.928724342,732.7980022881,540.3324696944,142.0047317048,3897.9852297216,50.9073566489027,6490.687972735,593.4726051437,840.864496227,96.0094884167901,1880.8928614489,0,6.6983364011714,108.5130496989,2.67933456046856
"M-2333-ST-5",167889.128738342,1638.4032479661,11.1537298670197,6441.2789982038,0,677.1907419261,5.57686493350983,354.9276182683,0,153.3637856715,0,7123.6482575683,5124.342178905,0,13283.2955766299,1744.762029198,8546.1471631085,90.82322891716,43.4198769823265,15.9338998100281,1412.9385656542,409.8995726129,0,1881.395220069,70.5075066593743,275.2581192182,3236.1750514167,119.1059010799,597.9195903713,36.6479695630646,16848.9040066189,554.8980608842,25.4942396960449,0,1000.2505605745,62.1422092591095,4282.6339214402,959.2207685636,146.5918782522,16.7305948005295,2166.2136791733,0.398347495250702,1424.4906430165,236.6184121789,0.398347495250702,719.0172289275,103.5703487651,1452.374967684,108.3505187081,0,389.9821978504,893.095084352,431.4103373565,347.3590158586,484.7889017201,0,3495.8976183201,685.1576918312,4594.1416627263,0,870.3892771227,8.76364489551544,180.8497628438,701.4899391364,37.0463170583153,25.8925871912956,389.1855028599,785.5412606343,237.8134546646,5330.2878339496,90.82322891716,832.1479175787,539.3625085694,0,739.7312986805,144.2017932807,306.727571343,1412.5402181589,6393.875646269,2229.1525834229,82505.3348688301,450.9293646237,1366.3319087099,3.98347495250702,2.78843246675491,76.8810665833855,68408.6137068983,1715.2843145495,10.755382371769,5483.2532721259,198.3770526348,21335.8901931228,36472.6966651542,5.17851743825913,0,8591.1604300718,3111.8906328984,1191.0590107995,7686.9116158527,300.354011419,605.488192781,185.2315852915,382277.360597298,6544.849346969,1057.6125998906,1432.0592454262,820.1974927211,1742.3719442265,1570.2858262782,6144.510114242,1612.1123132795,164.1191680432,16308.7448030589,617.0402701433,900.2653392665,1137.2820989407,623.4138300673,1416.5236931114,762.0387584145,886.721524428,113.5290361464,137.0315383662,1990.940781263,2.78843246675491,3096.3550805837,21.5107647435379,49.395089411087,1205.0011731333,30.672757134304,570.0352657037,974.3579733832,0,347.3590158586,10.3570348765183,440.173982252,1730.421519369,39.0380545345688,1975.0068814529,3.98347495250702,15.9338998100281,108.7488662034,38.6397070393181,1706.9190171492,1076.7332796626,330.2300735628,22.70580722929,3627.7506392481,6.77190741926193,0,22040.9652597165,856.8454622842,405.1194026699,0.398347495250702,33.0628421058083,0,44.6149194680786,2.78843246675491,1327.6922016705,649.7047647538,3786.2929423579,1557.1403589349,0,3.18677996200562,3.58512745725632,0,0.796694990501404,19.5190272672844,0.796694990501404
"M-2333-ST-8",182572.560299908,1948.1055336807,29.4720958196779,3622.1205762384,0,2191.5450451512,14.736047909839,180.9586683328,0,231.0612312262,40.6714922311555,6468.5355905029,4500.9784735812,0,11608.4691014547,930.139344069,5014.9718246763,524.6033055902,187.4425294131,111.4045221983,122.6039186098,279.3954683705,0,2454.4361398627,81.9324263787046,805.1776577936,3452.361304317,357.2018013344,513.9933510951,12.3782802442647,3184.165232358,1244.9013274231,20.6304670737746,0,2428.5006955414,116.7094994459,4266.3805908565,591.7996840591,114.3517317803,1690.5194162167,1586.7776389314,0,1303.8455190625,413.7882253082,95.4895904557565,696.1309032607,544.6443307476,1866.173107302,175.6536910852,0,294.7209581967,3126.3999245514,566.4536816542,352.4862660033,199.8208096574,0,5754.7214297503,722.6557894985,3464.7395845613,5.30497724754203,828.1658925329,190.3897389951,247.5656048852,1488.3408388937,37.7242826491878,634.8289439558,348.3601725885,2562.8934524791,179.7797845,5177.0683516846,59.5336335557494,592.9785678919,420.861528305,108.4573126164,124.372244359,71.9119138000141,227.5245797279,6099.5449508405,5283.7573385518,3725.2729116072,68922.264400066,1059.8165656756,1237.23858251,18.2726994082003,6.48386108032914,344.8235210902,67648.4804187395,3897.3899511942,458.5858109541,12411.2889915827,649.5649918657,35335.2745620446,13505.2931884092,182.1375521656,1.17888383278712,7237.1678494801,3105.7694574776,1481.267535897,4558.7437813877,515.1722349279,900.0778063329,348.3601725885,377714.380024992,982.599674628,945.4648338952,4734.397472473,727.960766746,1580.2937778511,1458.2793011576,2682.550161507,2139.0847145922,764.5061655624,3241.3410982481,1022.6817249428,732.0868601607,1227.2180699313,1894.4663192888,721.4769056657,713.8141607525,1025.6289345247,302.9731450262,136.1610826869,1995.2608869921,3231.9100275858,5047.9805719944,37.1348407327942,204.5363449885,890.0572937542,802.819890128,601.2307547214,190.9791809115,101.3840096196,4992.5730318534,43.0292598967298,975.5263716313,2908.8958574022,5.89441916393559,1046.8488435149,244.0289533869,264.0699785443,169.1698300049,129.6772216065,2738.5471435644,1178.2943908707,594.1574517247,396.6944097328,4291.7265932615,1.17888383278712,0,23690.8495036899,1409.3556220969,738.5707212411,10.0205125786905,64.2491688868979,1.17888383278712,42.4398179803362,206.8941126541,2335.9583146676,110.2256383655,11823.0259590219,2373.6825973168,2473.2982811873,60.123075472143,1264.3529106641,7.66274491311626,101.973451536,133.2138731049,2.94720958196779
"M-2338-ST-1",231017.222363621,2871.623490876,21.5171959282088,2464.0263222931,0,4544.4317800376,1.84433107956075,1025.4480802357,11.6807635038848,159.8420268952,48.5673850950999,4608.3685907958,8335.1469255615,29.5092972729721,10078.654572773,1101.0656544977,3449.5138958051,124.184959357,142.6282701526,582.8086211411,91.6017769515174,814.5795601393,16.5989797160468,513.3388171444,160.4568039217,1989.4184578195,2242.7065927458,1575.6735189714,807.202235821,55.3299323868226,4575.1706313637,703.3049183391,34.4275134851341,0,8882.2984791645,9.22165539780377,4152.2040371177,62.0924796785454,131.5622836753,661.5000805357,1462.5545460916,32.5831824055733,950.4452830003,1090.6144450469,464.7714320493,59.6333715724644,548.9958846825,1275.047553003,473.9930874471,25.2058580873303,647.3602089258,2265.4533427271,1063.56425588,1359.8867826627,96.5199931636795,81.1505675006732,7580.2007369946,598.1780468042,7923.8610948195,31.3536283525328,1288.5726475864,1.84433107956075,92.831331004558,563.750533319,463.5418779962,248.9846957407,1938.3919646183,2612.1875856845,598.1780468042,4457.7482192983,239.1482633163,692.8537088883,84.8392296597947,17.213756742567,110.0450877471,17.213756742567,54.1003783337821,3474.1049768659,4007.7314358855,5641.8087723763,61092.2374563969,310.4623983927,1279.3509921886,33.1979594320936,25.2058580873303,171.5227903991,54535.6404685584,2709.9371329012,377.4730942834,14051.3437181468,261.8950132976,30676.1440693075,4406.1069490706,432.1882496437,4.30343918564176,8463.6353241043,3025.3177475061,2233.484937348,7204.5719737908,402.0641753442,1773.6317215109,49.7969391481404,337246.389107135,1916.2599916636,924.0098708599,3141.5106055184,438.9507969354,2201.516531969,528.7082428074,3572.4693011091,947.3713978677,117.4224120653,4929.8969756658,513.9535941709,129.7179525957,4916.9866581089,2482.4696330887,147.5464863648,1153.9364787785,998.3978910688,69.4698039967884,354.1115672756,1814.8217822877,6244.9050353927,7540.8550072974,13.5250945834455,270.5018916689,1272.5884448969,2018.3129780659,309.8476213662,164.1454660809,43.0343918564176,6953.7429469705,410.6710537155,229.9266079185,1339.5991407876,679.9433913313,4984.6121310261,1399.23251236,507.1910468792,699.0014791535,2028.1494104903,234.8448241307,1101.6804315242,1141.0261612215,1089.9996680204,3707.1054699171,134.6361688079,3.68866215912151,18314.8223970648,1750.8849715296,121.725851251,47.9526080685796,84.2244526332744,16.5989797160468,99.5938782962807,783.8407088133,7479.3773046453,89.1426688454365,6543.071893255,863.1469452344,2784.3251531102,144.4726012322,1023.6037491562,25.2058580873303,159.8420268952,327.6761551352,19.0580878221278
"M-2342-ST-1",203150.376252956,4574.5696495966,95.6248544420058,1812.2452253122,0,3457.1469553509,0,402.5497904736,0,586.8589857287,105.6500407947,2382.1385110593,10486.3449250193,2.31350454295175,8755.8435268914,1880.1080252387,2596.5232653728,377.8724086821,1128.9902169604,303.0690951266,47.041259040019,363.2202132434,10.0251863527909,3898.2551548737,13.8810272577105,1608.6568255324,2157.728570393,837.4886445485,2114.5431522579,132.6409271292,16644.1228501759,1959.5383478801,0,0,8910.0771630881,26.2197181534532,3351.4969145561,40.8719135921477,90.9978453561023,636.9849174927,1199.9376896109,83.2861635462632,826.6922900147,4032.4384183649,249.0873224578,156.5471407397,754.9736491832,1277.8256758903,524.394363069,0,903.0379399321,6222.5560523592,1228.4709123073,2534.8298108941,337.0004950899,15.4233636196784,7801.9084870142,522.0808585261,7425.5784146941,1.54233636196784,841.3444854534,30.0755590583728,124.9292453193,1608.6568255324,1227.6997441263,180.4533543502,1354.9424939887,3729.3693232382,1052.644567043,4151.1983182364,89.4555089941345,426.4560040841,463.4720767713,18.508036343614,120.3022362334,116.4463953285,93.3113498990541,3011.4117467422,4165.0793454941,4851.4190265698,52893.6543655059,289.1880678689,904.5802762941,698.6783719714,6.16934544787134,110.2770498807,51857.9754984445,4350.1597089302,1169.0909623716,20120.5490100514,1223.8439032214,35001.781398498,3006.7847376562,295.3574133168,9.25401817180702,5783.7613573793,3906.7380048645,2571.8458835813,11907.6078825726,193.5632134269,1647.9864027626,676.3144947228,289287.548564316,661.6622992842,696.3648674284,3581.3050324893,355.5085314335,2514.7794381885,694.0513628855,4111.8687410062,1010.2303170889,131.0985907672,18476.4184481936,1278.5968440713,444.9640404277,2895.7365195946,653.9506174743,2209.3968385189,2618.8871426213,880.6740626836,290.7304042309,330.8311496421,1078.8642851965,5202.3005489175,9662.7373077284,38.5584090491959,647.0101038455,915.3766308279,3185.6957556445,1128.2190487794,2.31350454295175,0,12977.9893177783,0.771168180983918,758.0583219071,2008.1219432821,25.4485499724693,6321.2655795251,1846.9477934564,305.3825996696,960.8755535059,1683.4601390878,1587.0641164649,1125.1343760555,867.5642036069,1424.3476302772,3583.6185370322,827.4634581957,10.0251863527909,17904.9828260846,7384.706501102,242.9179770099,3.85584090491959,269.9088633443,20.8215408865658,868.3353717878,521.3096903451,6125.3888615552,50.8970999449386,19303.1107382084,4767.3616948425,1139.0154033132,13.1098590767266,2368.2574838016,15.4233636196784,40.1007454111637,310.0096087555,29.3043908773889
"M-2342-ST-7",176139.572015499,799.8310469249,8.98686569578561,37.44527373244,0,675.5127381332,1.4978109492976,268.1081599242,0,1339.042988672,17.9737313915712,7674.7833042009,1810.8534377008,937.6296542602,13033.9508807877,212.6891548002,11125.7397313825,898.6865695785,119.8248759438,3383.5549344632,471.8104490287,29.956218985952,0,217.1825876481,0,360.9724387807,1262.6546302578,23.9649751887616,209.6935329016,68.8993036676897,10.4846766450832,0,0,0,89.8686569578561,0,4042.5917521542,0,131.8073635381,23.9649751887616,675.5127381332,0,38.9430846817376,0,5.99124379719041,16.4759204422736,793.8398031277,1371.9948295566,97.3577117043441,0,0,0,250.1344285326,0,140.7942292339,13.4802985436784,9457.178333865,934.6340323617,0,13.4802985436784,1366.0035857594,2.9956218985952,272.6015927721,1178.7772170972,0,1801.866572005,88.3708460085585,5094.0550385611,852.2544301503,4343.651752963,49.4277613268208,0,32.9518408845472,0,124.3183087917,20.9693532901664,17.9737313915712,3003.1109533416,7538.4825078148,4834.9337443326,92380.4859198281,190.2219905607,3817.9201097595,0,0,35.9474627831424,60244.9520026481,23994.9314077475,22.467164239464,483.7929366231,46.4321394282257,16478.9160641722,1280.6283616494,160.2657715748,0,6758.1230032307,757.8923403445,3358.0921483252,1.4978109492976,329.5184088454,5.99124379719041,43.4365175296304,399693.847441964,41.9387065803328,2646.6319474088,907.6734352743,1827.329358143,305.5534336567,1139.8341324154,272.6015927721,1055.9567192548,4.4934328478928,4.4934328478928,14.978109492976,489.7841804203,2571.7413999439,10643.4446057087,83.8774131606657,67.4014927183921,4601.2752362422,52.4233832254161,20.9693532901664,2129.8871699011,7.48905474648801,27134.3431574753,0,92.8642788564513,2219.755826859,14724.9794425447,0,34.4496518338448,11.9824875943808,0,13.4802985436784,22.467164239464,5437.0537459502,10.4846766450832,419.3870658033,0,711.4602009163,901.6821914771,38.9430846817376,897.1887586292,61.4102489212017,112.3358211973,175.2438810678,7782.6256925503,470.3126380794,0,24595.5535984159,38.9430846817376,443.352040992,161.7635825241,0,272.6015927721,19.4715423408688,244.1431847355,4078.5392149373,0,2.9956218985952,16.4759204422736,0,11.9824875943808,0,0,0,4.4934328478928,0
"M-2346-ST-1",192321.233986964,2045.0816909005,63.962825497311,1154.2120673073,81.8263173028663,1308.0685935035,0,359.5748027956,51.8617504032251,551.4632792876,84.1312839874541,2808.025663499,4339.0997837365,79.5213506182785,9314.9466140903,1012.4566162051,3033.9123985886,195.9221681899,286.39211056,137.1455177329,223.0055267338,441.9773617697,18.4397334767023,9554.0869076163,106.028467491,2574.0715450134,2095.7909579614,531.2948207974,3720.7924705958,531.8710624686,1824.9573725223,1339.7618854166,23.6259085170248,28.8120835573473,5554.9697098565,2.88120835573473,4228.4613828762,135.4167927195,179.7874013978,1396.8098108601,1851.4644893951,1.15248334229389,792.332297827,1304.0349018055,81.2500756317193,6666.539893499,715.6921555645,1234.8859012679,201.6845849014,0,563.5643543817,2064.6739077195,1190.5152925895,1001.5080244533,214.9381433378,33.4220169265228,10081.9242783869,512.2788456496,5873.0551123296,27.6596002150534,964.6285574999,9.21986673835113,307.7130523924,1349.5579938261,679.9651719533,648.8481217114,552.0395209587,3551.9536609497,781.3837060752,4898.054204749,89.3174590277766,777.3500143772,459.2646119041,9.21986673835113,9.21986673835113,46.0993336917557,69.1490005376335,4301.6440751119,4933.204946689,5314.1006913171,63142.2573575977,951.9512407347,1503.4145200223,8147.4809883466,23.6259085170248,730.6744390143,60613.1326629337,2974.5595064605,2600.5786618861,24720.1914505328,632.7133549193,36186.2482230147,2451.9083107302,172.2962596729,1.72872501344084,6169.8195729703,3543.8862775537,2245.6137924596,12125.277244274,125.62068431,2210.4630505196,934.0877489291,332048.314406676,1765.028238723,896.0557986335,3257.4941669936,633.8658382616,2722.1656544981,740.4705474238,4053.2839148476,1159.3982423476,391.8443363799,1660.7284962454,3746.1471041262,1620.9678209363,4629.5255859945,656.3392634363,1511.4819034184,526.6848874283,448.3160201523,128.5018926657,367.0659445206,1954.6117485304,1816.8899891263,8908.6962359317,59.3528921281354,174.0249846863,915.0717737813,4293.0004500447,2557.9367782212,12.6773167652328,38.6081919668454,3872.9202717786,9.79610840949808,2127.4842498745,1706.2515882661,108.3334341756,2143.0427749954,456.3834035483,160.7714262499,732.4031640277,36.3032252822576,1479.2123698342,1024.5576912992,737.589339068,1254.4781180869,4492.9563099327,282.358418862,101.4185341218,18307.1978923384,3331.2531009004,297.3407023118,28.8120835573473,120.4345092697,803.2808895788,109.4859175179,173.4487430152,6075.3159389022,178.6349180555,8019.555337352,4389.2328091262,2573.4953033422,1.15248334229389,924.2916405197,32.8457752553759,80.6738339605724,6.3386583826164,12.6773167652328
"M-2346-ST-4",201614.864482198,3240.3896018807,34.4249752084654,1391.4352882647,47.7507720633553,941.6896444122,0,240.9748264592,51.0822212770777,926.1428814148,44.4193228496328,3368.0951550734,4172.0848986517,109.9378240528,9541.2705481011,972.7831704069,3215.9589743134,225.4280634618,589.6665108288,263.184487884,167.6829437573,309.8247768761,12.215313783649,3462.4862161288,137.6999008338,2309.8047881809,2141.0113613523,192.1135713246,6274.2293525106,905.0437030612,3626.8377106725,1543.5714690247,3.33144921372246,15.5467629973715,5896.6651082887,0,3641.2739905986,156.5781130449,207.660334322,2584.0941067773,1059.4008499637,0,692.9414364542,1830.0761014048,83.2862303430615,255.4111063853,1124.9193511669,1232.6362090773,230.980478818,0,195.4450205383,1309.2595409929,1093.8258251722,284.2836662376,146.5837654037,31.093525994743,4977.1851253013,480.8391698472,5703.4410538928,6.66289842744492,950.5735089821,11.1048307124082,157.6885961161,1962.2235868825,786.2220144385,129.9265193351,453.0770930662,4173.195381723,906.1541861325,4937.2077347366,69.9604334881717,696.2728856679,403.1053548604,43.308839778392,0,48.8612551345961,159.9095622586,3350.3274259335,5167.0777304835,7254.7859044162,66013.7766529818,427.5359824277,1341.4635500589,3533.5571326882,34.4249752084654,724.034962449,64070.4312783103,3814.5093497122,3582.4183878228,25845.3830000588,624.0914860373,35552.1155257748,1943.3453746714,96.6120271979514,2.22096614248164,6022.1496953389,3634.6110921712,2209.8613117692,10741.7027481124,93.2805779842289,2895.0293667248,819.5365065757,329650.231147051,548.5786371929,701.8253010241,4315.3372148418,839.525201858,2687.3690324027,734.0293100901,3134.8937101128,1453.6223402542,678.5051565281,2029.9630542282,2871.7092222287,2094.3710723601,4770.6352740505,498.6068989871,2215.4137271254,595.218926185,296.4989800212,83.2862303430615,400.8843887179,1593.5432072305,1047.18553618,11595.6642298966,134.3684516201,99.9434764116738,965.0097889082,6193.16408831,1044.9645700376,66.6289842744492,17.7677291398531,3850.0448079919,0,3204.854143601,1525.8037398848,7.77338149868574,2390.8700523814,425.3150162852,133.2579685488,770.6752514411,47.7507720633553,1642.4044623651,829.5308542168,541.9157387655,984.9984841906,4293.127553417,609.6552061112,81.0652642005799,21275.7451619028,3776.75292529,439.7512962113,45.5298059208736,127.7055531926,602.9923076837,106.6063748391,222.0966142481,7348.0664824005,67.73946734569,7523.5228076565,1772.3309817003,420.8730840002,15.5467629973715,453.0770930662,25.5411106385389,58.8556027757635,18.8782122110939,0
"M-2346-ST-7",180649.581441793,2960.4969053916,68.3114318176567,2563.6878529214,216.989254009,525.3952770681,0,569.5967917736,192.8793368969,620.8303656369,136.6228636353,3639.5929040495,4371.93163633,352.6075377646,11998.7020827954,858.915797119,3511.0066794516,292.3327449843,330.5067804118,407.8594311465,837.8196196459,508.3174191137,56.2564732615996,1943.8620671642,310.4151828184,4982.7162031702,2273.3642676964,82.3755501330566,3748.087531054,547.4960344209,2466.2436045933,1052.7997138956,6.02747927802853,62.2839525396282,4070.5576724286,0,4449.2842870647,198.9068161749,174.7968990628,934.2592880944,1196.4546366886,0,834.8058800069,1121.1111457133,59.2702129006139,555.5326734582,455.0746854911,2046.3292148906,348.5892182459,0,100.4579879671,1295.9080447761,2700.3107165567,107.4900471248,126.5770648385,32.1465561494855,6249.4914314359,707.2242352886,4753.6719906051,6.02747927802853,1576.1858312044,9.0412189170428,351.6029578849,1745.9598308689,667.0410401018,96.4396684484565,244.1129107601,2687.251178121,514.3448983917,5261.9894097189,179.8197984611,357.630437163,273.2457272706,141.6457630336,2.00915975934284,80.3663903737138,137.6274435149,6020.4472188708,5938.0716687377,4212.2034354622,80656.7139589388,506.3082593543,2323.5932616799,6970.7797850399,48.2198342242283,779.553986625,62017.7388715152,2879.1259351382,1445.5904468471,17539.964699063,487.2212416406,27197.995662224,799.6455842184,131.5999642369,2.00915975934284,7435.9002693278,2368.7993562652,2930.3595090015,6106.8410885225,163.7465203864,1466.6866243202,861.929536758,356291.332183424,639.9173833506,1428.5125888927,1950.8941263219,757.4532292722,5237.8794926067,1159.2851811408,4696.4109374638,2017.1963983802,511.3311587527,1324.0362814069,7470.0559852366,1713.8132747194,5507.1069003587,1010.6073589494,1526.9614171005,344.5708987272,542.4731350225,359.6395969223,177.8106387018,2788.7137459678,949.3279862894,6309.7662242162,128.5862245979,67.3068519379853,2081.4895106791,2168.8879602106,539.4593953835,92.4213489297708,118.5404258012,2577.7519712368,0,1810.2529431679,2715.3794147518,4.01831951868569,1909.7063512553,958.3692052065,404.8456915075,1435.5446480504,67.3068519379853,945.3096667708,947.3188265301,682.1097382968,836.8150397662,5754.2335507579,1959.9353452389,296.351064503,20238.2662558604,2202.0390962397,266.2136681129,53.2427336225854,176.8060588221,2009.1597593428,202.9251356936,264.2045083535,4953.5833866597,65.2976921786424,12962.0941874003,1262.7569087469,245.1174906398,5.02289939835711,400.8273719888,89.4076092907566,64.293112298971,30.1373963901427,4.01831951868569
"M-2348-ST-1",172280.233974829,6315.0240162276,304.2693389636,4938.4763569328,0,635.967570119,8.93033699264523,1164.1332151126,117.3701433319,951.7187709304,197.7431762657,7357.3219195121,4716.4936945442,6.37881213760374,11712.7748470679,812.0227851169,5607.6137501674,669.1373932346,50.3926158870695,602.1598657897,147.9884415924,139.0581045997,0,3526.2073496673,73.356339582443,7474.0541816302,2904.2731662509,242.3948612289,2763.3014180099,406.9682143791,17765.6296844401,413.9849077304,4.46516849632261,0,4734.9922497432,0,3495.5890514068,3432.4388112445,119.9216681869,192.6401265556,512.8564958633,0,2508.1489325057,1564.7226173541,453.5335429836,2795.1954786979,170.9521652877,2008.0500609176,3397.9932257015,22.9637236953734,786.5075365665,3695.8837525276,5319.9293227615,3421.5948306106,1872.1813623866,324.0436565902,11158.4560723102,491.8064158092,5635.6805235729,185.6234332042,1393.1325708526,114.1807372631,288.3223086196,2601.9174709285,1430.7675624645,24.8773673366546,4682.0481090011,3141.5649777698,945.9778400066,4849.8108682201,59.9608340934751,1593.4272719734,918.5489478149,424.1910071506,12.7576242752075,348.2831427131,0,12143.9825475699,3802.4099152255,3270.4169829494,63545.0886335946,685.7223047924,987.440118901,1880.4738181655,5.74093092384336,225.1720684574,53903.5140876066,1370.1688471572,866.2426882865,14295.5558815837,1561.5332112853,21385.6055725302,5002.9023595226,278.7540904132,0,6685.6330014224,2337.8346484317,2399.7091261665,5868.5071665954,2494.7534270168,1006.5765553138,519.2353080009,312967.487194535,315.7512008113,1153.9271156925,1050.5903590633,621.9341834163,8142.5536936511,1194.1136321594,3043.3312708507,1247.0577729015,44.0138037494658,17298.0627547538,895.5852241195,816.4879536132,7380.9235244212,339.9906869342,974.044613412,810.7470226894,1387.3916399288,512.2186146495,338.7149245067,1405.2523139141,965.7521576332,7262.9154998756,48.4789722457884,1122.0330550044,1794.9977355216,2311.6815186675,742.493732817,20.412198840332,15.9470303440093,10740.6438772971,0,488.6170097404,3255.1078338191,121.1974306144,2428.4137807857,4071.5957874324,1335.0853804004,1721.6413959392,73.9942207962033,1913.0057600673,2646.5691558917,108.4398063392,606.6250342861,4183.2249998405,5.10304971008299,0,17806.4540821208,2190.4840880531,280.6677340545,10.206099420166,45.2895661769865,231.550880595,2610.2099267074,518.5974267871,6968.2143791183,22.3258424816131,5512.5694493171,10185.6872213256,166.4869967914,457.9987114799,272.3752782756,49.1168534595488,0,333.6118747966,449.706255701
"M-2348-ST-5",119055.168453725,3834.4364360068,72.9706979212907,3920.4376156998,6.94959027821816,1628.8102214573,1474.181837767,620.2509323309,919.9520130791,1570.6074028773,72.9706979212907,4266.1797320411,3565.1398127259,40.8288428845317,9463.6045613635,447.3798741602,4611.0531495977,350.95430905,32.141855036759,1765.1959306674,3728.455184264,226.7303828268,613.3013420527,1528.9098612079,0.86869878477727,3711.9499073532,2307.2639723684,328.3681406458,529.0375599293,69.4959027821816,4224.4821903718,189.3763350814,37.3540477454226,0,973.8113377353,0,3473.0577415395,1179.6929497275,1047.6507344413,250.1852500158,345.7421163413,0,973.8113377353,729.7069792129,188.5076362966,458.6729583623,97.2942638950542,969.4678438114,1736.5288707697,10.4243854173272,508.1887890947,1131.9145165647,2714.6837024289,744.4748585541,1065.0247101369,97.2942638950542,5113.161047199,2122.2311312108,645.4431970895,46.9097343779726,2309.0013699379,39.9601440997544,945.1442778376,2964.00025366,802.6776771341,771.4045208822,1608.8301494075,1985.8454220008,494.2896085382,3817.9311590961,464.7538498558,1568.8700053077,470.8347413492,1687.0130400374,4.34349392388635,509.9261866642,20.8487708346545,21343.9291419775,10711.9247150885,2600.8841616231,192939.737496601,239.7608645985,8059.7873251635,3065.6380114789,0.86869878477727,179.8206484488,45258.3379881109,1012.9027830502,357.0352005434,6136.4882156666,333.5803333544,18313.9077806744,5730.8058831756,72.9706979212907,0,11895.0924599551,1639.2346068747,1904.1877362317,3147.295697248,7236.2608771946,839.1630260948,105.112552958,289041.277960156,3579.0389932823,3237.6403708648,1240.5018646619,3803.1632797548,4275.7354186737,3187.2558413478,1568.8700053077,7897.3406524101,3037.8396503661,4424.2829108706,589.8464748637,622.8570286853,4227.0882867261,2924.0401095602,3016.9908795314,232.8112743203,423.9250069713,1699.1748230243,334.4490321392,3905.6697363586,2760.7247380221,8988.4263260904,1767.8020270217,610.6952456984,4245.3309612065,2084.8770834654,272.77141842,6.94959027821816,2232.5558768775,1063.2873125673,745.3435573388,1453.3330669323,2653.8747874945,46.9097343779726,3003.091698975,4198.4212268285,3009.1725904684,929.5076997116,111.1934444514,3037.8396503661,1159.7128776776,178.9519496641,330.1055382153,16214.2628178677,1.73739756955454,47.7784331627498,13865.30130383,1996.2698074181,1059.8125174282,11.2930842021045,11.2930842021045,127.6987213622,1049.3881320109,473.4408377036,2728.5828829854,62.5463125039634,3462.6333561221,3262.8326356234,136.38570921,130.3048177165,1347.3518151895,0,0,79.0515894147316,342.2673212022
"M-2348-ST-9",166992.112904562,3334.0756735123,179.6678404248,8625.1321957239,0,131.2543504899,19.3653959739342,1285.6471216028,282.9499522858,1425.5083147479,81.7650052232776,7108.1761777657,4940.3276840169,0,13196.4415009042,375.4735108279,5504.0758779248,676.7130037558,68.8547412406548,2152.7865191023,135.5577718175,268.9638329713,0,4157.1050024045,10.7585533188523,7409.4156706935,2152.7865191023,52.7169112623764,3214.655731673,471.2246353657,7084.5073604642,182.8954064204,4.30342132754093,6.45513199131139,2153.8623744342,0,4242.0975736234,668.1061611007,114.0406651798,117.2682311754,621.8443818296,0,1231.8543550085,577.7343132223,78.5374392276219,713.2920850399,582.0377345499,1505.1216093074,3178.0766503889,0,4.30342132754093,1650.3620791119,4847.8041254748,2309.8613975575,1505.1216093074,104.3579671928,5646.0887817336,718.6713616993,1103.8275705142,106.5096778566,2159.2416510936,111.888954516,292.6326502727,3797.7693215548,1650.3620791119,200.1090917306,578.8101685542,2097.9178971762,870.3669634951,5345.9251441377,74.234017900081,1277.0402789477,541.1552319382,178.5919850929,0,395.9147621337,63.4754645812287,15012.4853011265,4557.3231858658,3272.7519195948,82835.4812785034,604.6306965195,1901.0363714412,1037.1245399373,0,328.1358762249,55473.2526226663,801.5122222544,108.6613885204,9104.9636737447,2136.648689124,22456.3283424404,5465.3450859769,101.1304011972,0,9943.0549772833,2279.7374482648,2753.1137942943,1379.2465354768,7421.2500793443,817.6500522327,35.5032259522127,351665.908188658,59.1720432536878,1712.7616883612,811.1949202414,1122.1171111562,8003.2878138942,980.1042073474,4293.7386295539,1869.8365668165,100.0545458653,5943.024853334,1137.1790858026,988.7110500025,6231.3540822792,1050.0348039199,403.4457494569,677.7888590876,1882.7468307991,311.9980462467,413.1284474439,2060.2629605602,86.0684265508186,10649.8919303319,187.198827748,498.1210186628,2110.8281611588,4740.2185922863,885.4289381415,3.2275659956557,31.1998046246717,1725.6719523439,0,187.198827748,4067.809009858,33.3515152884422,935.9941387401,5288.9048115478,1934.3878867296,1572.9004952162,36.5790812840979,1266.2817256289,2760.6447816175,258.2052796524,713.2920850399,6218.4438182966,0,0,17225.5197188144,838.0913035385,489.5141760077,0,68.8547412406548,681.0164250833,4089.3261164957,322.7565995655,1781.6164296019,0,5132.9057884244,5230.8086236259,89.2959925464743,284.0258076177,2.15171066377046,37.6549366159831,62.3996092493435,409.9008814482,570.2033258991
"M-2351-ST-1",192305.246569056,5697.7459542326,128.710679079,2355.8651081437,0,2198.041299273,0.766134994518304,953.8380681752,347.0591525167,504.8829613875,43.6696946875433,1116.2586870131,5095.5638485412,55.9278545998362,8177.7249314883,625.1661555269,1092.5085021831,589.1578107845,16.8549698794027,286.5344879498,2018.7657105557,375.4061473139,4.59680996710982,3939.4661418131,65.8876095285742,6777.2301615089,2383.4459679464,671.9003901925,1608.1173534939,78.145769440867,2014.9350355831,923.958803389,5.36294496162813,0.766134994518304,7843.6900738783,299.5587828566,3835.2717825586,452.0196467657,592.2223507626,1703.8842278087,283.4699479717,822.0628491181,401.4547371275,1700.8196878306,254.35681818,699.4812499952,1221.2191812621,801.3772042661,1893.1195714547,0,536.2944961628,4288.8236993134,4268.9041894559,610.609590631,847.3453039372,375.4061473139,10352.0160459313,1102.4682571118,5135.4028682561,756.941374584,1135.4120618761,4.59680996710982,382.3013622646,1016.6611377257,619.8032105653,344.7607475332,2446.2690374969,3708.0933734685,785.2883693812,4386.1228436172,255.1229531745,1995.0155257256,1703.8842278087,843.5146289646,6.89521495066474,558.5124110038,381.5352272701,3972.4099465774,5667.1005544518,6034.0792168261,102839.066449186,1143.0734118213,4157.0484802563,32.9438047642871,0,19.9195098574759,45410.3533950889,3505.0675999212,85.0409843915318,12376.9108364432,1352.9944003193,35086.6843439547,4704.0688663423,407.5838170837,1.53226998903661,7954.013513089,2778.7716251178,2876.0707694217,8017.602717634,243.6309282568,1437.2692497163,162.4206188378,279737.338278479,2240.1787239715,1662.5129381047,5432.6632461292,625.9322905214,6254.7260952474,1651.7870481814,5156.0885131081,3210.8717620262,153.9931338981,1859.4096316959,1067.9921823585,273.510193043,9934.4724739188,1398.1963649959,754.6429696005,3045.3866032102,1306.2601656537,287.3006229443,484.1973165355,2486.8741922064,3033.8945782924,9392.8150327944,33.7099397588054,652.7470153295,2563.4876916582,3215.4685719933,842.7484939701,29.8792647862139,1039.6451875613,6555.0510130986,448.9551067877,2953.450403868,2268.5257187686,9.19361993421965,3144.2180175031,1932.1924561751,1287.8729257852,2082.3549151007,2951.918133879,4347.0499588968,1257.2275260045,660.4083652747,732.4250547594,8419.0574547616,44.4358296820616,0,14562.6939758039,3156.4761774154,435.9308118809,12.2581599122929,126.4122740955,30.6453997807322,131.7752190571,832.0226040468,4291.8882392915,18.3872398684393,13140.7474259779,1595.8591935816,5408.1469263047,291.1312979169,1986.5880407859,0,0,674.1987951761,4.59680996710982
"M-2352-ST-1",175756.07538182,779.9012017274,344.6451368629,7881.5326838471,0,396.4228100066,3.23610457148312,88.9928757157859,134.2983397165,388.3325485779,3.23610457148312,4344.470387216,4135.7416423554,194.1662742889,10620.8952036076,535.5753065804,4763.5459292231,156.9510717169,1009.6646263027,1082.4769791611,51.77767314373,496.7420517226,0,66.340143715404,74.4304051441118,804.1719860135,2965.8898397642,205.4926402891,1109.9838680187,160.1871762884,1974.0237886047,1708.663213743,249.1800520042,0,5632.4400066663,0,3931.8670543519,1998.2945728908,87.3748234300443,2482.0922063275,1747.4964686008,0,328.4646140055,333.3187708627,37.2152025720559,190.9301697175,1529.0594100257,1787.9477757444,106.7914508589,0,9.70831371444937,9682.4248778775,402.8950191496,1171.4698548768,27.5068888576065,0,14764.7271073917,449.8185354361,728.1235285837,134.2983397165,995.102155731,0,169.8954900028,3724.756361777,279.9230454332,980.5396851593,1124.5463385903,3638.9995906327,404.5130714353,4710.1502037936,9.70831371444937,616.4779208675,58.2498822866962,0,428.7838557215,12.9444182859325,275.068888576,11205.0120787603,4444.789628932,2927.0565849064,73034.0260215168,632.6584437249,2192.4608471798,247.5619997184,46.9235162865053,396.4228100066,65298.1180433864,5629.2039020948,2095.3777100353,11093.3664710441,76.0484574298534,37433.639630631,17670.7490125835,1061.4422994464,0,9161.4120418687,1719.9895797432,1786.3297234586,5514.3221898072,987.0118943023,1480.5178414535,1.61805228574156,343815.076040367,48.5415685722468,1420.649906881,1092.1852928755,2540.3420886142,1143.9629660192,810.6441951565,1519.3510963113,1051.733985732,1846.1976580311,734.5957377266,1333.275083451,614.8598685817,1490.2261551679,938.4703257301,48.5415685722468,987.0118943023,84.1387188585612,666.6375417255,210.3467971464,1309.0042991649,1.61805228574156,11442.8657647643,6.47220914296625,215.2009540036,830.0608225854,3139.0214343386,0,0,3.23610457148312,11946.0800256299,0,686.0541691544,2160.0998014649,0,3894.6518517799,2546.8142977572,1462.7192663103,67.9581960011456,3231.2504146258,783.1373062989,898.0190185865,116.4997645733,1506.4066780253,3990.1169366386,218.4370585751,0,22570.211333809,1100.2755543042,45.3054640007637,6.47220914296625,14.5624705716741,1101.89360659,283.1591500047,1.61805228574156,8030.3934941353,0,4687.4974717933,1920.6280631752,3650.3259566329,0,0,0,0,118.1178168591,0
"M-2352-ST-5",142769.800510079,4075.976196299,2620.2704119065,349.3693882542,0,5.82282313757002,11.64564627514,0,0,52.4054082381302,0,8478.0304883019,6428.3967438773,0,15465.4182533859,471.6486741431,6987.387765084,11.64564627514,11.64564627514,1513.9340157682,34.9369388254201,0,0,221.2672792276,0,442.5345584553,518.2312592437,29.1141156878501,11.64564627514,0,69.8738776508402,349.3693882542,0,0,3883.8230327592,0,3965.3425566851,46.5825851005602,81.5195239259803,23.2912925502801,2701.7899358324,0,337.723741979,110.6336396138,0,1682.7958867577,0,285.3183337409,0,0,5.82282313757002,0,0,0,0,0,460.003027868,52.4054082381302,0,954.9429945614,1764.3154106837,11.64564627514,1123.804865551,3499.5167056795,139.7477553016,0,786.0811235719,1362.5406141913,0,5223.0723544003,29.1141156878501,139.7477553016,786.0811235719,0,3051.1593240866,17.4684694127101,203.7988098149,55992.2672908733,2748.372520933,3685.8470460818,101474.338818433,1624.567655382,902.5375863233,215.44445609,0,0,69245.0127519826,110.6336396138,0,512.4084361061,192.1531635398,23978.3856805133,8384.8653181008,1234.4385051648,0,19640.3824430236,1746.846941271,302.7868031536,69.8738776508402,6137.2555869988,1513.9340157682,5.82282313757002,347628.364136068,11.64564627514,1164.564627514,2544.573711118,2783.3094597584,1764.3154106837,407.5976196299,5846.1144301202,2282.5466699274,960.765817699,1467.3514306676,3953.69691041,2416.4716020915,110.6336396138,337.723741979,203.7988098149,0,145.5705784392,867.6006474979,541.522551794,1088.8679267255,5.82282313757002,4233.1924210134,0,949.1201714239,518.2312592437,6451.6880364275,0,0,0,1834.1892883345,23.2912925502801,850.1321780852,3883.8230327592,0,5356.9972865644,11010.9585531449,7814.2286506189,0,17270.4934260326,3447.1112974414,6474.9793289778,11.64564627514,29.1141156878501,2416.4716020915,221.2672792276,0,22085.968160803,262.0270411906,320.2552725663,0,11.64564627514,0,273.6726874657,0,1758.4925875461,0,803.5495929846,570.6366674818,0,17.4684694127101,81.5195239259803,0,0,1106.3363961383,0
"M-2352-ST-9",135025.976446577,2809.6172428772,64.2454354925402,1187.7935166644,0,170.3251080499,0,486.3230058795,1615.1003666845,1941.9303437541,54.5339161739004,4394.8360116583,3835.3030909151,1953.5094629417,7562.6589094038,550.9419613459,3685.5215814238,37.3519973793839,36.2314374580024,48.9311165669929,5078.377563701,430.2950098105,28.3875180083317,1717.444839504,991.3220104488,837.8053012195,2735.2867680922,32.1227177462701,249.884862468,10.4585592662275,643.5749148467,352.6028552613,22.7847184014242,0,1135.874240307,0,2976.2071511893,51.5457563835497,2071.5417746606,954.717053017,352.6028552613,0.373519973793839,314.1302979606,86.6566339201706,5.60279960690758,1108.9808021939,363.4349345014,2590.3610182602,51.5457563835497,0,127.7438310374,82.9214341822322,491.5522855126,52.6663163049313,0,0.747039947587677,1810.0777930049,3550.6808708842,1243.0744727858,57.5220759642512,3033.7292271535,140.8170301202,45.5694368028483,1385.3855828013,709.3144302344,1704.745160395,820.623382425,1220.2897543844,269.3079011053,3150.2674589772,689.5178716234,61.6307956759834,165.8428683644,1991.2349802949,155.0107891244,5.97631958070142,4.48223968552606,6447.3282676554,15074.5191023717,2998.2448296431,273237.704749643,1001.780569715,10691.262209901,16.4348788469289,57.5220759642512,193.1098264514,36525.7711973518,2647.1360542769,447.1034086312,3172.305137431,152.7696692816,7803.5792925008,4246.9221020359,70.9687950208293,0,17631.6368429643,1829.1273116684,2132.425530389,271.1755009743,493.7934053554,850.8785003023,657.3951538771,271326.029523766,4734.7391878106,4931.9577339738,2139.1488899173,510.6018041761,1060.7967255745,5479.5380155556,1999.0788997446,10337.1652747444,72.0893549422109,714.5437098676,424.3186902298,223.7384643025,1279.3059102438,5426.124659303,174.4338277617,689.1443516496,807.1766633684,342.1442959951,103.4650327408,5304.3571478463,114.6706319547,1646.4760444832,0.747039947587677,209.9182252721,5151.2139585908,1776.8345153372,66.4865553353033,2489.5106253359,3787.4925342695,2153.7161688952,1891.1316273182,104.5855926622,3261.5764111677,33.2432776676516,1136.9948002284,514.3370039141,584.9322789611,817.2617026609,611.0786771267,1659.549243566,279.7664603715,833.6965815078,264.452141446,24072.2417510915,3050.911145948,3.73519973793839,12236.5143414861,171.8191879451,245.0291028087,1060.7967255745,45.1959168290545,2478.3050261221,70.5952750470355,230.8353438045,1374.5535035613,0,2807.0026030606,169.2045481286,184.5188670541,208.7976653507,44.4488768814668,1428.3403797876,89.6447937105213,281.2605402667,0
"M-2354-ST-1",161264.94130864,4912.2864986466,240.9333344347,2255.1360103091,0,1948.1181041437,288.4316203661,994.7104807377,0,493.5691451134,64.0194288640888,4153.0023046994,4647.2598307684,28.2236191766413,9347.5249951124,2557.3352497859,5257.8537383216,197.5653342364,93.6198099517858,283.6129536774,933.4445756957,709.7207651491,117.0247624397,1847.6144846367,140.4297149276,7289.2659380842,2819.608393842,594.761145576,2098.1851524488,159.0160007269,4751.2053550531,1680.3379124434,99.1268575960085,0,6516.902505982,57.8240002643383,3448.1002062389,314.5900966762,308.3946680764,2369.4072489268,1008.4780998482,15.8327619771402,842.578289566,4346.4373532027,145.9367625719,459.150097337,303.5760013877,2591.0659166067,2041.7379140955,0,796.4567655457,11407.8491950073,4391.8704962675,1202.6015293071,782.0007654796,293.9386680103,5654.3611687056,939.6400042954,14143.4751122749,152.8205721271,1483.4609591624,83.9824765743961,342.8137158528,1158.5451481533,1959.8205803877,1663.1283885552,1904.0617229899,4534.3653540618,378.6095255403,4274.1573528723,212.7097152581,905.9093374746,794.3916226791,231.9843820128,170.7184769709,142.4948577942,557.5885739775,6421.9059341191,5618.5653590182,3847.361160445,84912.4792453141,1184.7036244634,2205.5725815111,1240.4624818611,21.3398096213629,228.5424772352,52137.9735716783,2300.569153374,1522.010292672,29356.0058484846,298.757334699,31414.2649055128,5445.0933582251,296.6921918324,0,6844.5718408132,2685.374107514,1124.8144813324,5285.3889765427,313.2133347651,1009.8548617593,512.8438118682,289350.608941793,860.4761944097,1301.0400059476,5601.35583513,523.8579071566,8036.1592748319,1449.041911386,4137.1695427222,2275.787438975,130.1040005947,9737.8369968967,1229.4483865727,505.9600023129,9139.633946543,3037.1367757888,656.7154315735,2486.4320113665,1907.5036277676,274.6640012556,600.2681932202,1771.2041985731,2284.7363913968,7130.2499373573,63.331047908561,411.6518114056,1442.8464827863,2631.6803929829,372.4140969405,472.9177164476,476.3596212252,5712.8735499255,59.8891431309218,818.4849561225,1638.3466741562,100.503619507,4585.3055447709,1953.625151788,856.3459086766,2535.9954401645,3200.2830622489,2602.7683928507,2356.3280107717,343.5020968083,807.4708608341,6291.8019335244,206.5142866583,4.13028573316702,18841.6751337524,7517.1200343639,751.0236224808,21.3398096213629,616.1009551974,0,497.6994308466,623.6731457082,3678.7078263407,30.2887620432248,11062.2819553323,4196.3703048976,2051.3752474729,8.94895242186188,1395.3481968549,27.5352382211135,0.688380955527837,475.6712402697,1.37676191105567
"M-2354-ST-5",154130.278920439,829.0259163075,60.9257891249642,3893.8107013972,0,1143.4465066131,4.35184208035459,619.0495359304,0,40.2545392432799,4.35184208035459,4038.509450569,4744.5958281065,67.4535522454961,14036.8666301837,2087.7962380501,7524.334956933,96.8284862878896,39.1665787231913,176.2496042543,594.0264439684,367.7306557899,0,5289.664048671,242.6151959797,2556.7072222083,2746.0123527037,252.4068406605,963.9330207985,69.6294732856734,11600.9230257052,339.4436822676,89.2127626472691,0,4340.9624751537,36.990657683014,3875.3153725557,26.1110524821275,147.962630732,374.2584189104,1529.6724912446,3.26388156026594,848.6092056691,937.8219683164,95.7405257678009,1265.298084863,0,802.9148638254,932.3821657159,0,1651.5240694945,5301.6316143919,1807.1024238672,797.4750612249,444.9758527162,19.5832893615956,3318.2795862703,701.7345354571,8611.2075165016,25.0230919620389,735.4613115799,701.7345354571,102.2682888883,1836.4773579096,9435.8815907288,45.6943418437232,769.1880877026,1415.4366366353,11.9675657209751,4483.4853032853,112.0599335691,518.9571680822,362.2908531895,2.17592104017729,33.726776122748,62.0137496450529,8.70368416070918,724.581706379,6164.3843068222,3928.6254380401,81079.1697990863,1395.8533472737,1540.5520964455,12272.1946665999,3.26388156026594,205.6245382967,64647.7020641874,4115.7546474953,8646.0222531444,14184.8292609157,548.3321021246,29477.2023312818,5407.1637848405,270.902169502,2.17592104017729,7383.9880498416,2064.9490671282,1130.3909803721,1048.7939413654,230.6476302587,645.1605884125,9779.6771150768,342495.411526506,566.8274309661,886.6878238722,1868.0282129922,1136.9187434926,6014.24575505,929.1182841557,5548.5986524521,2035.5741330858,149.0505912521,10502.0829004157,835.553679428,997.6597969212,4518.3000399281,486.3183524796,4129.8981342565,1337.1034791889,393.841708272,441.7119711559,958.493218198,1451.3393337982,1563.3992673673,1693.954529778,9.79164468079782,30.4628945624821,926.9423631155,674.5355224549,8283.7313999549,790.9472981044,0,10438.9811902505,0,456.9434184372,1483.9781494009,9.79164468079782,943.2617709168,50.0461839240778,388.4019056716,945.437691957,118.5876966896,2144.3701850947,350.3232874685,109.8840125289,463.4711815577,3422.7237961988,335.0918401873,4.35184208035459,22163.9317152459,1462.2189389991,1272.9138085037,4.35184208035459,1624.3250564923,4.35184208035459,277.4299326226,95.7405257678009,1196.7565720975,54.3980260044323,8909.3086990059,3420.5478751587,1048.7939413654,2.17592104017729,926.9423631155,44.6063813236345,2.17592104017729,85.9488810870031,0
"M-2354-ST-7",182707.493271811,1681.8162507226,45.2548030123075,3016.3711558815,0,1189.5548220377,0,1236.6567598669,0,196.7198579922,78.5032297152272,3947.3271035633,4485.7669026689,132.0701394032,11641.5671830639,1850.8290864625,5503.5381867416,353.7263174227,390.6690137593,308.4715144104,542.1340687392,567.0703887664,0,3371.0210407126,290.9237336505,6489.9081789282,2717.1353155552,460.8601367988,708.3762022538,50.7962074627941,5323.4425421008,336.1785366628,90.5096060246149,0,5661.4682135805,34.1719941113342,3698.8874706998,91.4331734330294,116.3694934602,1802.8035812249,1712.2939752003,0,763.7902467587,836.7520720234,134.8408416285,714.8411741127,510.7327768531,1137.8350471665,1934.8737206282,0,271.5288180738,7474.431036298,4946.6270394677,169.9364031482,189.3313187249,7.3885392673155,4719.4294569977,482.1021871923,6540.704386391,74.8089600815695,1089.809541929,179.1720772324,133.91727422,1416.7524045077,2789.1735734116,1064.8732219018,750.8603030409,3279.5878672796,432.2295471379,4809.9390630223,112.6752238265,467.3251086577,314.0129188609,56.3376119132807,29.554157069262,60.0318815469385,0,2477.9313567759,5286.4998457642,5870.1944478821,66274.2736604116,932.8030824985,1348.408416285,349.1084803806,7.3885392673155,490.414293868,60755.9583951353,4543.951649399,4581.817913144,21182.0185119851,378.6626374499,28033.9651150118,4519.0153293718,466.4015412492,0,6559.1757345593,2826.1162697481,2493.6320027189,4023.0596310532,266.9109810317,1405.6695956067,4612.2956376217,331268.852319724,1089.809541929,1097.1980811963,4073.855838516,652.0385903405,8252.074794183,766.5609489839,4229.9387305381,1628.2493410346,193.0255883586,6337.5195565398,1227.4210857827,617.8665962292,8854.2407444692,3529.8746349599,2019.8419222023,2636.7849510232,2292.2943076846,240.1275261877,1073.1853285775,1578.3767009802,1489.7142297724,4187.454629751,5.54140445048663,145.000083121,1345.6377140598,3864.206036806,1034.3954974241,127.4523023611,45.2548030123075,4398.0279988695,60.9554489553529,845.9877461076,2532.4218338723,30.4777244776764,3307.2948895321,459.0130019819,435.0002493632,2931.4029543074,3189.078261255,1721.5296492845,1607.0072906411,228.1211498783,708.3762022538,3572.358735747,797.96224087,2.77070222524331,21873.7705008875,2412.3580707785,558.7582820907,13.8535111262166,615.095894004,56.3376119132807,303.8536773683,782.261594927,2333.8548410632,100.6688475171,12152.2999599171,2481.6256264095,1872.9947042644,47.1019378291363,611.4016243703,89.5860386162005,170.8599705566,377.7390700415,0
"M-2361-ST-4",176313.960344138,3589.7846972968,24.2588652968494,2750.7443780079,0,182.9962230001,6.8557662795444,43.7714308617065,0,1626.3987081626,36.9156645821621,7888.877521208,5965.5713964774,0,12520.7386929956,709.8354932512,5599.0515838402,46.9356306830347,88.5975949971891,41.1345976772664,71.1944959798841,32.1693648501699,0,2927.9395680023,0,163.4836574352,3456.3609381641,17.403099017305,7633.1047023173,1268.3167617157,4687.2346686608,246.2802194267,0,0,3068.2190934145,0,5095.943812249,194.5982890116,131.3142925851,3.69156645821621,48.5177305936988,34.80619803461,1926.9976911888,135.5332256802,46.9356306830347,874.9012505972,0,2363.1298998952,28.4777983919536,0,3.16419982132818,77.5228956225405,0,0,3021.8108293684,0,3306.5888132879,777.8657894098,64.3387297003397,13.1841659222008,1351.640690344,11.6020660115367,362.300879542,1789.8823655979,0,0,128.1500927637,3916.2246455305,1100.0868045484,6161.7517853997,47.4629973199227,2530.8324904256,0,0,36.9156645821621,740.9501248276,2348.8910006992,7649.9804346977,4736.2797658914,4013.2601067179,82872.5027871326,1243.5305297819,1744.5288348256,0.527366636888031,1.58209991066409,258.4096520751,63550.3165781921,900.2148491678,3134.1399230255,1865.8231613098,41.6619643141544,16981.7330744314,15157.0445107988,344.8977805247,29.5325316657297,13043.3590301516,1509.8506814104,2436.4338624227,32.1693648501699,145.0258251442,1629.562907984,72.7765958905482,395185.353551867,27.4230651181776,1777.2255663126,704.5618268824,599.0884995048,642.3325637296,1960.7491559496,5785.7393732985,764.6816234876,197.762488833,3858.7416821097,3896.1847133287,2332.5426349557,1099.0320712746,824.8014200928,287.4148171039,316.4199821328,361.2461462683,223.6034540405,518.4014040609,2282.9701710882,32.6967314870579,3310.807746383,5.27366636888031,117.0753933891,1914.8682585404,12899.9153049181,989.8671774388,17.403099017305,24.2588652968494,2776.0579765785,3.16419982132818,50.0998305043629,1982.8985546989,12.1294326484247,814.781453992,2875.7302709504,55.3734968732432,15.2936324697529,5.27366636888031,2035.6352183877,54.3187635994671,87.015495086525,172.4488902623,10123.8573283395,13.1841659222008,0,22437.3409330381,515.2372042396,236.2602533258,51.681930415027,327.4946815074,0.527366636888031,24.2588652968494,159.792090977,2057.2572505002,1.58209991066409,5858.5159691891,115.4932934784,4.74629973199228,369.6840124585,24.7862319337374,2.63683318444015,235.7328866889,460.9184406401,1.05473327377606
"M-2362-ST-1",200924.457557318,2641.8341631323,292.5809822361,2302.538570287,0,2775.831335669,2.45866371627021,445.0181326449,0,1129.7559776261,19.6693097301617,5257.8523572438,4839.8795254779,0,10559.9606613805,2809.0232958387,5620.5052553936,601.143278628,130.3091769623,281.5169955129,280.2876636548,116.7865265228,102.0345442252,6832.6264675149,84.8238982113221,1644.8460261847,2947.9377958079,1576.0034421292,2993.4230745589,463.4581105169,3268.7934107812,1099.0226811727,9.83465486508083,0,7470.649701887,126.6211813879,3948.6139283299,1126.0679820517,149.9784866924,692.11383613,636.7939025139,56.5492654742148,1497.3262032085,666.2978671092,290.1223185198,2109.5334685598,201.6104247341,2933.1858135103,390.9275308869,0,460.9994468006,6922.3676931587,1781.3018624377,4317.4134857704,1644.8460261847,12.293318581351,6638.3920339295,553.1993361607,818.7350175179,62.6959247648903,1400.2089864158,24.5866371627021,103.2638760833,1707.5419509496,4414.5307025631,1148.1959554981,2327.1252074497,3515.8891142663,1199.8278935398,4563.2798573975,61.4665929067552,1521.9128403712,274.1410043641,0,88.5118937857275,410.5968406171,695.8018317044,6603.9707419017,4843.5675210523,3908.0459770114,60888.8069334316,2292.7039154219,869.1376237015,6.14665929067552,1.2293318581351,454.8527875099,56323.0684123179,4196.9389636732,12044.9935460077,10135.8411703239,1820.640481898,23807.2407646444,6982.6049542073,861.7616325527,6.14665929067552,5981.9288216854,4096.1337513061,2292.7039154219,4028.5204991087,1909.1523756838,1428.4836191529,1875.9604155141,317949.474460631,158.5838096994,1145.7372917819,3292.1507160858,564.263322884,2393.509127789,1197.3692298235,4654.2504148995,877.7429467084,56.5492654742148,1895.6297252443,2675.0261233019,1519.4541766549,3817.0754195094,4211.6909459708,489.2740795377,2346.7945171799,2488.1676808654,84.8238982113221,496.6500706865,1247.7718360071,4153.9123486385,7904.6038478087,159.8131415575,223.7383981805,1904.2350482512,8712.2748786034,2376.2984817751,18.4399778720266,116.7865265228,2719.2820701948,0,111.8691990902,4527.6292335115,38.1092876021882,4298.9735078984,3174.1348577048,355.276907001,492.9620751121,341.7542565615,1889.4830659536,267.9943450734,972.4014997848,630.6472432233,4440.3466715839,1467.8222386133,23.357305304567,20338.0662609871,1711.229946524,158.5838096994,6.14665929067552,276.5996680803,0,735.1404511647,1256.377159014,2730.346056918,0,11855.6764398549,2051.7548712274,2060.3601942344,208.9864158829,2661.5034728624,3.68799557440531,149.9784866924,98.3465486508083,132.7678406785
"M-2362-ST-5",80215.8130677986,213.2344190105,0,24.7946998849526,0,0,104.1377395168,0,0,9.91787995398104,19.8357599079621,4953.9810370135,35119.2129170468,0,9595.5488554766,1462.8872932122,20678.7797040504,0,2003.4117507041,0,9.91787995398104,0,0,0,0,89.2609195858293,5003.5704367834,14.8768199309716,4.95893997699052,0,49.5893997699052,0,0,0,79.3430396318483,0,694.2515967786,0,0,0,208.2754790336,0,0,24.7946998849526,0,4.95893997699052,0,3615.067243226,0,0,119.0145594477,1755.4647518546,0,352.0847383663,0,0,188.4397191256,69.4251596778673,0,89.2609195858293,664.4979569167,0,9.91787995398104,1180.2277145237,768.6356964335,2350.5375490935,0,2896.0209465624,0,6699.5279089141,0,0,0,0,89.2609195858293,0,0,64.4662197008767,2395.1680088864,4408.4976395445,45453.643829095,0,79.3430396318483,0,0,0,139266.870313802,39205.379458087,0,7864.8788035069,133.8913793787,7964.0576030467,3024.9533859642,4.95893997699052,0,2777.0063871146,28047.7645098583,262.8238187804,4.95893997699052,203.3165390566,649.6211369857,74.3840996548578,410629.983734677,0,724.0052366406,267.7827587574,0,342.1668584123,193.3986591026,84.3019796088388,19.8357599079621,0,0,500.852937676,332.2489784583,6049.9067719284,11683.2625857896,14.8768199309716,555.4012774229,0,0,2603.44348792,64.4662197008767,0,14926.4093307414,0,0,4096.0844209941,0,0,0,0,3059.6659658031,0,4.95893997699052,5137.4618161621,0,64.4662197008767,0,14.8768199309716,0,0,0,0,9.91787995398104,0,128.9324394017,0,0,74121.2758360772,317.3721585273,0,0,0,0,59.5072797238862,0,138.8503193557,0,173.5628991946,213.2344190105,0,0,138.8503193557,0,0,9.91787995398104,0
"M-2362-ST-7",75129.8603056129,226.9403399061,0,0,0,0,25.2155933229109,0,0,25.2155933229109,0,10432.9517373543,30926.9252105502,0,8031.1664733471,567.3508497654,9745.826819305,0,1557.0628876897,0,0,0,0,0,0,69.3428816380049,3876.8974733975,6.30389833072772,18.9116949921832,0,0,0,0,0,308.8910182056,0,163.9013565989,0,0,0,384.5377981743,0,12.6077966614554,0,0,0,0,2685.46068889,12.6077966614554,0,113.470169953,668.2132230571,0,113.470169953,0,0,107.1662716223,75.6467799687327,0,69.3428816380049,573.6547480962,0,0,970.800342932,416.057289828,132.3818649452,0,5824.8020575924,0,3750.8195067829,0,0,0,0,642.9976297342,0,0,6.30389833072772,4828.7861213374,11233.5468253568,60158.1017701346,0,119.7740682838,0,0,0,129507.28730647,33643.9053910938,0,4658.5808664077,25.2155933229109,16175.8031166473,28071.2592667305,0,0,2994.3517070956,23072.2678904634,321.4988148671,0,1027.5354279086,592.5664430884,94.5584749609158,399812.143829744,0,18.9116949921832,220.6364415754,0,258.4598315598,50.4311866458218,951.8886479398,25.2155933229109,0,0,0,743.8600030258,6158.9086691209,6883.8569771546,0,214.3325432447,0,0,2256.7956024005,6.30389833072772,0,17386.151596147,0,0,4116.4456099652,0,0,0,0,1437.2888194059,157.5974582681,0,5868.9293459075,0,2300.9228907156,0,0,0,31.5194916536386,0,31.5194916536386,119.7740682838,201.7247465832,605.1742397498,813.2028846638,113.470169953,74682.2835241313,44.1272883150941,0,0,0,0,56.7350849765495,0,0,0,50.4311866458218,113.470169953,0,18.9116949921832,31.5194916536386,0,0,18.9116949921832,0
"M-2363-ST-1",262656.450835241,9667.5262877095,108.2795632393,2279.1242839247,0,1354.5160458054,12.5499224239679,543.4408268239,2.91858661022509,356.6512837695,263.2565122423,1073.1642965797,5797.7723012121,34.1474633396336,7361.8428656317,972.473058527,1999.5236866652,716.2211541492,564.7465090785,231.7357768518,120.2457683412,902.7188385426,0,405.6835388212,5.25345589840517,2128.8170734981,2671.674183,298.863268887,2570.3992276252,159.9385462403,3937.7570545156,1007.4960978497,130.460821477,0,9134.8842313435,17.5115196613506,3720.9060693759,189.7081296646,144.7618958671,1908.4637844261,654.6389766734,146.8049064943,1416.3900819422,1234.5621361252,181.827945817,157.3118182911,1370.8601308227,662.519160521,477.1889107718,0,775.7603209978,4577.511239477,1490.8140405029,312.5806259551,110.0307152054,136.5898533585,8296.9580155478,344.6850786675,5940.1993277911,8.17204250863026,883.4561669151,36.1904739667912,79.677414459145,434.8694049235,363.655891634,215.6835504956,2309.18572601,4185.2531990627,1064.9922540711,4404.1471948296,97.1889341204956,747.7418895396,939.7848884924,43.7787991533764,71.5053719505148,29.7695834242959,150.0153517655,4662.7339684956,2914.5005889707,6501.4435329374,35186.4801728737,356.6512837695,964.3010160183,2244.9768205851,8.75575983067528,109.7388565444,48187.3242281214,6192.3652109145,255.9600457167,12680.966962767,803.7787524559,47212.8081589672,1339.0475367712,1414.347071315,8.75575983067528,4212.1041958768,3348.2025592502,2744.0551309336,11813.5630222081,1143.5022338861,2593.747920507,114.7004537818,285197.862660654,273.7634240391,450.6297726187,5049.7385530114,1964.2087886814,3368.6326655218,405.3916801602,4212.1041958768,559.7849118411,1033.4715186807,5012.3806444005,1874.0244624255,218.6021371058,4186.7124923678,564.7465090785,3301.7970321476,4213.5634891819,971.0137652218,518.6328406369,240.1996780215,1384.5774878907,2198.2794348215,11409.9224940139,21.3056822546432,703.3793730642,897.4653826442,4638.5096996307,151.4746450706,8.75575983067528,35.3148979837236,6679.4773161611,2.04301062715757,797.9415792355,2672.8416176441,15.7603676952155,8708.4787275896,3039.4160958884,591.8893645536,1448.4945346547,2775.284007663,3249.8461904856,1407.9261807725,1286.5129777872,1979.6772977156,3175.7140905859,693.7480372505,0.583717322045019,15131.4122807119,2921.5051968353,36.7741912888362,8.46390116965277,270.5529787678,56.9124388993893,154.6850903419,460.8448257545,8100.8289953407,26.2672794920258,10170.1069019903,1330.2917769405,9218.3558083959,187.3732603764,853.6865834908,18.6789543054406,451.5053486018,184.7465324272,6.1290318814727
"M-2363-ST-5",151865.344462584,428.7312944778,155.0214850089,10962.9256429758,9.68884281305862,38.7553712522345,14.5332642195879,4.84442140652931,0,324.5762342374,21.7998963293819,7419.2313840996,6179.0595040281,0,13552.2688847657,1337.060308202,13450.5360352286,278.5542308754,125.9549565697,0,329.4206556439,273.7098094689,0,9.68884281305862,0,113.8439030534,3279.6732922203,276.1320201721,188.9324348546,0,951.928806383,113.8439030534,0,0,5331.2857578855,0,3093.1630680689,19.3776856261172,147.7548528991,21.7998963293819,2460.9660745168,0,450.5311908072,792.0628999675,0,72.6663210979397,0,1383.0823115641,1504.1928467273,0,65.3996889881457,60.5552675816164,21.7998963293819,24.2221070326466,244.6432810297,0,1378.2378901575,871.9958531752,622.508150739,4.84442140652931,695.1744718369,4.84442140652931,67.8218996914104,1266.8161978074,96.8884281305862,2233.27826841,125.9549565697,1291.03830484,0,4352.7126337665,72.6663210979397,605.5526758161,0,0,7.26663210979397,4.84442140652931,0,43.5997926587638,6256.5702465326,1860.2578201072,83915.0676039007,164.7103278219,980.9953348221,31769.7155840192,0,380.2870804125,69134.7378925798,3817.404068345,96.8884281305862,19191.1754019658,399.6647660386,29766.5473324193,11796.1661248988,12.1110535163233,0,7884.2958391264,5566.2401961021,724.2410002761,12384.7633257921,670.9523648043,339.109498457,123.5327458664,362752.697131618,10212.0403249637,690.3300504304,712.1299467598,213.1545418872,867.1514317687,1237.7496693682,4970.376363099,2199.3673185643,9.68884281305862,368.1760268962,1075.4615522495,1283.7716727302,467.48666573,12401.718800715,220.421173997,850.1959568458,205.8879097774,41.1775819554992,443.2645586974,1802.1247632289,4.84442140652931,5617.1066208707,0,108.9994816469,864.7292210654,46.0220033620285,0,334.2650770505,0,1305.5715690596,283.3986522819,508.6642476855,3841.6261753777,12.1110535163233,1530.8371644632,0,0,7.26663210979397,280.9764415787,116.2661137567,966.4620706025,19.3776856261172,302.776337908,3873.1149145201,46.0220033620285,4.84442140652931,31910.2038048085,1060.9282880299,356.0649733799,201.0434883709,16.9554749228526,0,79.9329532077336,87.1995853175276,3022.9189576742,985.8397562287,1220.7941944453,9541.0879601594,12.1110535163233,7.26663210979397,4.84442140652931,0,7.26663210979397,4.84442140652931,0
"M-2363-ST-9",193900.21445366,10756.788879415,105.4181846368,3751.6471591349,0,323.4891352091,283.1821822597,115.7533007777,137.4570446735,542.5935973955,289.3832519442,2844.2239619667,4524.7138464718,855.7476164638,11031.7029687621,1320.8278428028,5871.3794796269,739.9943156861,151.9262072707,156.0602537271,1645.3504896261,311.0869958401,0,1402.4752603157,134.3565098312,730.6927111593,3131.5401906828,139.5240679017,962.1993127147,49.6085574761646,728.6256879311,307.9864609978,2.06702322817353,0,4007.9580394284,280.0816474175,3320.6728160607,1554.4014675864,467.1472495672,663.5144562437,910.5237320104,351.3939487894,907.4231971681,349.3269255613,0,62.0106968452058,988.0371030669,1429.3465622819,557.0627599927,24.8042787380823,1204.041030411,1886.1586957083,363.7960881585,177.7639976229,127.1219285326,65.1112316874661,5907.5523861199,1251.582564659,768.9326408805,14.4691625972147,1442.7822132651,68.2117665297264,127.1219285326,1883.058160866,72.3458129860734,634.5761310492,869.1832674469,1993.6439035733,321.4221119809,4691.1092163398,196.3672066764,598.4032245562,323.4891352091,417.538692091,32.0388600366897,58.9101620029455,716.2235485621,7650.0529674702,6649.6137250342,7751.3371056507,101268.635506292,167.428881482,2984.7815414825,8012.8155440146,0,166.3953698679,55622.5615585355,3599.7209518641,885.7194532723,8664.9613725034,1081.0531483347,24407.410278273,11938.0926543162,8364.2094928041,0,8892.3339276025,2453.5565718419,2256.1558535514,7344.1335297005,214.97041573,1427.2795390538,753.4299666692,317404.852337028,3533.5762085626,1509.9604681807,3201.8189804407,1650.5180476965,2150.7376689145,1694.9590471022,2897.9665658992,3475.6995581737,112.6527659354,611.8388755393,1292.9230292225,562.2303180631,2496.9640596336,1355.9672376818,829.9098261116,5726.6878536547,171.5629279384,267.6795080484,369.997157843,2028.7832984523,204.6352995891,8730.0726041908,47.5415342479911,293.5172984006,1869.6225098829,4507.1441490323,248.0427873808,102.3176497945,807.1725706017,1074.8520786502,6.20106968452058,1196.8064491124,2306.7979226416,13.4356509831279,5285.3783944397,3033.3565873446,700.7208743508,366.8966230008,102.3176497945,926.0264062217,808.2060822158,1042.8132186135,118.8538356199,8210.2162623052,22.7372555099088,6.20106968452058,21077.4358576854,1519.2620727075,415.4716688628,164.3283466397,429.94083146,805.1055473735,865.0492209906,688.3187349817,4548.4846135958,777.2007337932,5301.914580265,1273.2863085548,3903.5733664057,186.0320905356,2.06702322817353,515.7222954292,234.6071363976,20.6702322817353,1.03351161408676
"M-2364-ST-1",183563.660456858,11121.3371361723,97.3140292666767,1353.079109059,0,2569.7115260185,969.2063212708,808.5346474178,1125.944023728,1302.7656854168,156.530651331,990.5325872591,4094.2289674877,90.4813421053994,6280.0677057182,773.3359559809,2090.8022713508,223.8222673133,241.2145619056,273.1004353249,3197.0764380994,895.2890692534,457.1688864272,3466.6570042807,12.8371698181573,4716.8317036684,2173.4156706644,1480.8296538622,1031.3216591006,58.5954686861053,3259.6058781814,643.9290021688,2.48461351319175,0,3172.8514563458,0,2739.700500546,132.9268229557,905.6416255583,1054.3043340976,1371.2996081557,386.3574013013,1275.0208345195,2420.4276641009,226.5139319526,51.762781524828,952.2281289307,1055.132538602,1857.662703363,0,754.0802012536,2512.9795174673,3243.2488392196,3104.524584733,643.9290021688,331.0747506328,9497.0210519232,1593.2584153342,2641.1441645228,112.8428637241,1768.8377702664,62.5294400819922,753.2519967492,149.4909130437,505.6188499345,616.5982535237,1671.1096387475,3920.0989704382,897.1525293883,3399.5724394246,412.0317409376,1494.0809259326,990.325536133,1298.8317140209,35.6127936890817,357.1631925213,67.705718234475,23003.1730585074,8330.4950074797,6675.9494588201,139723.276169968,353.6433233776,5859.1327663583,412.2387920637,3.31281801758899,222.7870116828,36067.2709108696,4767.9733318149,733.7891908959,9141.5142684107,354.8856301342,26570.2498589464,4624.279850302,361.5112661693,1.6564090087945,9518.5543690375,3110.5290673899,2159.957347468,9092.0290492729,72.6749452608585,2113.7849463478,1981.4792767704,237929.695790133,2861.8606649446,2380.2597456376,3095.8284374369,950.3646687958,5643.1784418367,2538.2397548514,4872.5341504951,4976.2667646708,2230.5617814678,3887.5919436406,708.943055764,105.8031254367,5176.4852036089,2089.9740668464,3573.495385348,4104.7885749188,260.677367759,1332.373996449,188.0024224981,3263.9539518295,4217.2173363907,8119.5099099845,1352.2509045546,345.7753805858,3164.3623601757,3606.0024121456,819.508357101,16.564090087945,1846.4819425536,4044.3296460978,1454.3271097215,1618.7257038444,2949.0291890325,4.55512477418487,4210.5917003556,2913.8304975956,2779.4543167571,1897.6235707001,5939.4686032848,3566.2485959345,1889.7556279084,1614.7917324485,1799.4813369291,12817.9140634301,130.8563116947,2.89871576539037,11167.0954350402,4773.1496099674,789.6929949427,14.4935788269518,281.3824803689,16.1499878357463,268.1312082986,526.3239625444,5291.1915274679,63.3576445863895,7118.8318175465,2599.1127859246,3144.4854520702,271.4440263161,2464.5295539601,3.10576689148968,113.6710682285,582.6418688434,4.96922702638349
"M-2364-ST-5",145965.215063336,1563.4117465115,83.1740247520699,2632.9777210577,0,2860.4066949891,0,6.49797068375546,0,29.8906651452751,2.59918827350218,3215.1958943222,4084.6243718086,0,11923.7762046912,2156.02667287,9632.5917415991,67.5788951110568,96.1699661195808,50.6841713332926,463.9551068201,398.9753999825,0,41753.3604255391,0,587.4165498114,3187.9044174504,627.7039680507,1720.6626370584,266.4167980339,12378.6341525541,109.165907487,0,0,1572.5089054688,0,2955.2770669719,9.09715895725765,111.7650957605,15.5951296410131,1944.1928285796,5.19837654700437,178.0443967348,10017.2716060774,0,362.5867641535,0,570.5218260337,24.6922885982708,0,133.8581960853,1593.3024116568,122.1618488546,2753.8399757755,20.7935061880175,0,4417.3204708169,592.6149263584,2298.9820279126,0,120.8622547178,1273.602254016,25.9918827350218,1382.7681615031,404.1737765295,11.6963472307598,522.4368429739,2580.9939555876,5.19837654700437,4442.0127594152,110.4655016238,643.2990976917,0,0,23.3926944615197,0,0,9446.7497800436,5649.335712457,1903.9054103403,73232.129605924,271.6151745809,1117.6509576059,2712.2529633995,0,888.9223895377,53119.6107455641,6006.7241000635,187.1415556921,24025.5968061174,387.2790527518,14992.1179615606,35039.6571150829,133.8581960853,0,6348.517358029,2495.220742562,383.3802703415,4382.2314291246,235.2265387519,408.0725589398,15.5951296410131,321887.374572921,3287.9731659802,771.9589172301,564.0238553499,1380.1689732296,2345.7674168357,1221.618488546,6516.1650016699,1911.7029751608,284.6111159484,11701.5456073068,1438.6507093834,1638.7882064431,608.2100559995,245.6232918459,1343.7803374006,1282.6994129733,53.2833596067948,45.4857947862882,287.2103042219,1538.7194579132,3347.7544962708,2440.6377888185,50.6841713332926,62.3805185640525,270.3155804442,279.4127394014,10366.8624288634,122.1618488546,0,10073.1541539577,0,244.3236977092,795.3516116916,3.89878241025328,1768.7476201182,44.1862006495371,29.8906651452751,5.19837654700437,79.2752423418167,9081.5638276166,528.9348136576,18.1943179145153,64.9797068375546,3336.05814904,159.8500788203,0,20456.9113065989,13875.7665980914,2540.7065373483,0,2.59918827350218,0,10.3967530940087,0,3672.6530304585,296.3074631792,14884.2516482102,5415.4087678418,2256.0954213998,0,2479.625612921,0,0,85.7732130255721,0
"M-2364-ST-7",213013.697471457,1805.0144553406,27.0667584680891,3197.260844043,0,1519.1218190215,0,426.3014458724,47.366827319156,404.309704617,18.6083964468113,5503.0103310433,6159.3792238945,1.69167240425557,9698.3578935971,1889.5980755534,7575.3090262564,147.1754991702,282.5092915106,318.034412,290.9676535319,324.801101617,0,11016.1706965122,3.38334480851114,673.2856168937,2320.9745386386,356.9428772979,830.6111504894,52.4418445319227,4677.4741977666,411.0763942341,3.38334480851114,0,3562.6620833622,0,3105.9105342132,54.1335169361783,109.9587062766,1261.9876135746,2955.3516902344,0,715.5774270001,3068.6937413196,89.6586374255453,155.6338611915,610.6937379362,1086.053683532,257.1342054468,0,243.6008262128,1016.6951149575,328.1844464255,424.6097734681,208.0757057234,1.69167240425557,6372.5299468307,103.1920166595,3104.2188618089,72.7419133829896,632.6854791915,416.1514114468,64.2835513617117,1055.6035802554,262.2092226596,1261.9876135746,1064.0619422767,3586.3454970218,548.1018589788,4115.8389595538,60.9002065532006,539.6434969575,451.6765319362,28.7584308723447,175.9339300425,16.9167240425557,52.4418445319227,3136.3606374898,4247.7894070857,5756.7611916817,53998.1831438378,593.7770138937,979.4783220639,7944.0936103841,13.5333792340446,250.3675158298,62821.9464044348,8032.0605754054,296.0426707447,13655.1796471509,1994.4817646173,40151.8445150059,14577.1411074702,328.1844464255,0,5002.2752993837,3322.4446019579,2312.5161766173,7214.98280415,429.6847906809,1042.0702010214,483.818307617,320326.628107814,2965.50172466,456.751549149,3170.1940855749,1060.6785974682,1784.7143864896,659.7522376596,3210.794223277,1113.1204420001,98.1169994468231,3665.8541000218,2016.4735058726,1052.2202354469,1936.9649028726,6142.4624998519,1654.4556113619,1566.4886463406,1082.6703387235,197.9256712979,191.1589816808,1212.9291138512,2072.298695213,12235.8664999805,25.3750860638336,224.9924297659,658.0605652554,3955.1300811495,3248.0110161706,37.2167928936226,0,5570.6772272135,3.38334480851114,976.0949772554,3204.02753366,3.38334480851114,1842.2312482343,290.9676535319,184.3922920638,864.4445985745,91.3503098298008,2916.4432249366,732.4941510426,617.4604275532,1006.545080532,2642.3922954472,91.3503098298008,5.07501721276671,23673.2636251524,4474.4735092559,334.9511360426,0,184.3922920638,28.7584308723447,378.9346185532,189.4673092766,4758.6744731709,294.3509983404,5415.043366022,2013.0901610641,3097.4521721919,35.525120489367,722.3441166171,8.45836202127786,135.3337923404,362.0178945106,5.07501721276671
"SRX15436820",98315.1440833844,573.8810545677,0,877.9889638258,0,4.90496627835684,0,0,0,475.7817290006,9.80993255671367,44.1446965052115,8416.9221336603,0,15367.2593500919,4129.9816063764,794.6045370938,0,1971.7964438994,0,245.2483139178,431.6370324954,0,0,0,0,5164.9294911097,0,0,0,15867.5659104843,9.80993255671367,0,0,1079.0925812385,0,922.133660331,0,0,4.90496627835684,4.90496627835684,0,0,4.90496627835684,0,117.7191906805,0,8353.1575720416,0,0,49.0496627835684,29.429797670141,0,29.429797670141,4.90496627835684,4.90496627835684,1520.5395462906,377.6824034334,24.5248313917842,6945.4322501532,961.3733905579,0,230.5334150827,416.9221336603,0,0,0,11492.33599019,24.5248313917842,5792.7651747394,0,225.6284488044,9.80993255671367,0,9.80993255671367,4.90496627835684,49711.8332311465,88.2893930104231,1133.0472103004,1152.6670754138,33898.2219497241,362.9675045984,328.6327406499,4.90496627835684,0,318.8228080931,80583.6909871244,7529.1232372777,3271.612507664,10187.6149601471,0,23641.9374616799,138545.677498467,0,0,3835.683629675,1540.159411404,1049.6627835683,24.5248313917842,1706.9282648681,4.90496627835684,1000.6131207847,340291.845493562,0,446.3519313304,333.5377069282,1020.2329858982,1407.7253218884,0,1579.3991416309,29.429797670141,107.9092581238,14136.1128142244,117.7191906805,4.90496627835684,1285.1011649294,774.9846719803,784.794604537,4.90496627835684,4.90496627835684,819.1293684855,1054.5677498467,740.6499080318,0,4208.4610668301,0,98.0993255671367,2589.8221949724,0,9.80993255671367,0,0,34.3347639484979,9.80993255671367,9.80993255671367,1981.6063764561,0,1451.8700183936,0,103.0042918454,9.80993255671367,9.80993255671367,39.2397302268547,39.2397302268547,0,0,4272.2256284488,4208.4610668301,0,59992.6425505824,745.5548743102,0,0,4.90496627835684,0,44.1446965052115,0,3708.1545064377,29.429797670141,44.1446965052115,4.90496627835684,14.7148988350705,0,0,0,68.6695278969957,58.859595340282,0
"SRX15436831",178202.682752481,2682.9391201452,99.8519950801896,1376.9310162693,0,1776.3389965901,0.933196215702706,583.714232922,1.86639243140541,417.1387084191,84.4542575210949,2229.4057593137,4739.703579554,27.0626902553785,8761.3126711248,8068.8810790734,7785.6560276076,290.2240230835,435.3360346253,95.186014001676,625.2414645208,617.7758947951,10.7317564805811,17007.9676292896,53.1921842950542,2243.8703006571,3392.1682440793,461.9321267728,3687.991444457,404.5405595071,5752.6880716993,3293.2494452148,106.8509666979,13.5313451276892,3602.1373926124,163.3093377479,2872.3779519329,103.584779943,305.1551625347,682.6330317865,1075.5086385973,1.39979432355406,1433.3893873193,5084.5195812561,146.5118058653,584.6474291377,678.4336488158,4189.1178122894,406.4069519385,1.86639243140541,1055.9115180676,2016.6370221335,1135.2331964023,626.1746607365,2384.3163311204,5.13257918636488,12725.5301954299,945.7943646146,5052.7909099223,700.3637598848,2094.5589061447,7.932167833473,371.4120938496,704.5631428555,747.02357067,998.5199508018,486.6618264889,2014.3040315942,499.2599754009,4277.3048546733,144.6454134339,1046.1129578027,666.7686961195,248.6967914847,24.7296997161217,134.3802550611,221.6341012293,3777.1116830567,6944.8462372595,3585.8064588376,81034.5599886523,799.2825587493,2622.2813661246,2119.7552039686,15.3977375590946,297.2229947013,48644.7191359349,1431.9895929958,2367.9853973456,18906.5553301368,559.4511313137,31299.8676727766,1886.9227481508,364.8797203397,0.466598107851353,8209.7937076445,3894.6944062352,1578.5013988611,7379.715673777,444.2013986744,1183.7593996188,1239.751172561,285993.844637761,687.299012865,1165.5620734126,2405.3132459737,841.7429865638,2834.1169070891,1209.4222955507,1369.4654465437,2543.4262858977,153.0441793752,5096.6511320603,2569.5557799374,665.8354999038,2905.5064175903,1076.9084329209,579.9814480592,1471.6504321631,1035.3812013221,252.4295763475,466.5981078513,2793.522871706,1820.1992187281,7095.5574260955,25.6628959318244,671.9012753059,3030.5547104945,495.5271905381,4207.7817366035,31.2620732260407,512.3247224207,12463.3020588174,12.1315508041352,1369.4654465437,2197.6770879798,439.5354175959,4658.9821068957,743.757383915,1345.6689430433,1187.4921844816,5810.079638965,3045.4858499457,2488.3677091712,728.3596463559,249.6299877004,7128.2192936451,978.4562321642,1.86639243140541,18017.2193365721,8152.8687384866,785.7512136216,28.9290826867839,1657.8230771958,4.19938297066218,195.5046071897,253.3627725632,3523.7489104934,37.3278486281082,17805.3837956076,15852.2041161418,2881.2433159821,125.0482929041,674.2342658452,7.46556972562165,46.193212677284,495.0605924302,11.6649526962838
"SRX15436849",166199.778550609,5321.1229446309,345.5195498861,3609.9785070996,0,5876.8792576753,6.09381922197772,354.6602787191,0,1475.923015563,115.7825652175,7385.0995151148,6184.6171283851,25.5940407323064,10380.2116627168,2707.4838803247,4360.7370352472,509.4432869573,212.0649089248,92.0166702518636,70.6883029749416,435.7080743714,5.48443729977995,737.9615077815,45.7036441648329,379.6449375292,2070.679771628,4.87505537758218,755.024201603,95.6729617850503,434.489310527,187.6896320369,0,0,4268.1109830731,56.6725187643928,3657.510297031,3116.3791501194,149.9079528606,42.6567345538441,194.392833181,1.21876384439554,1619.7371492016,163.314355149,589.8817006874,4914.665202525,728.2113970263,4731.2412439435,35.3441514874708,610.6006860421,396.0982494285,3158.426502751,427.7861093828,140.1578421054,1343.687138446,0,6888.4532485236,749.5397643032,3218.1459311264,1129.7940837546,2620.3422654504,133.4546409613,541.7405288338,651.4292748294,3117.5979139638,23.7658949657131,4229.1105400525,1677.0190498882,912.8541194522,5410.0927052718,140.1578421054,734.3052162483,15.8439299771421,165.7518828377,240.7058592681,146.8610432496,0,6492.354999095,5036.5415869645,4210.8290823866,86807.0641989948,2265.0726048091,1976.8349556095,517.3652519459,2.43752768879109,2797.6724048099,59671.8965854502,3002.4247306684,868.978621054,30131.498524991,1678.8471956548,22855.4783739496,2332.1046162508,380.8637013736,0,8798.2561926914,3650.8070958868,948.1982709397,6054.818778957,719.6800501155,1113.3407718553,361.9728617854,338916.287377202,1808.0361631607,1223.6388997731,1587.4399073251,1308.9523688808,2272.3851878754,1007.9176993151,6535.0117336489,1450.9383567528,370.5042086962,359.5353340966,1118.2158272329,1861.0523903919,1083.4810576676,540.5217649894,987.8080958825,839.1189068663,420.4735263164,872.025530665,335.7694391309,1998.1633228864,9745.2356997867,8563.034770723,272.3937192224,171.8457020597,2847.0323405079,1146.8567775762,124.3139121283,47.5317899314262,47.5317899314262,8003.6221661455,0,1015.2302823814,3553.9153702574,1.82814576659332,2347.948546228,305.300343021,1041.4337050359,251.0653519454,624.6164702527,1182.8103109858,816.571775745,1890.3027226574,984.1518043494,5192.5433590472,16.4533118993399,5.48443729977995,18974.324911472,511.2714327239,1681.8941052658,10.9688745995599,139.5484601832,538.0842373006,3137.7075173963,315.6598356984,2811.6881890205,210.8461450804,7784.2446741543,1862.8805361585,1981.1006290649,157.220535927,6568.5277393697,2.43752768879109,0,56.6725187643928,3.65629153318663
"SRX15436865",82756.4576472433,668.0149162842,0,0,0,0,0,0,0,28.5128317926221,0,1030.535206219,9541.6154963167,0,10830.8028195117,2054.9605199111,2767.7813147266,0,6704.5887329508,0,0,0,0,0,0,0,7044.7060836199,0,0,0,0,0,0,0,16.2930467386412,0,18.3296775809713,0,0,0,0,0,22.4029392656316,0,0,0,0,9205.5714073322,0,0,10.1831542116508,0,0,0,0,0,183.2967758097,4.0732616846603,0,0,124.2344813821,0,712.8207948155,1537.6562859592,0,910.3739865215,0,35946.5343671271,0,6321.7021345927,0,0,0,0,0,0,0,0,1140.5132717048,8828.7947015012,34472.0136372801,30.5494626349523,1057.0114071693,0,0,0,89597.5006466302,4598.7124419814,0,33740.8631648835,42.7692476889331,10608.8100576977,148651.648550835,0,0,209.77297676,452.1320469972,116.0879580128,112.0146963281,3175.1074831927,0,0,387173.706281173,0,16.2930467386412,4.0732616846603,3059.0195251798,3036.6165859142,0,2820.7337166272,0,0,0,0,0,26.476200950292,2433.7738565845,0,0,0,0,75.3553411662156,0,0,10.1831542116508,0,0,14.2564158963111,0,0,0,0,0,12.2197850539809,4.0732616846603,741.3336266081,0,3547.8109273391,0,0,0,0,0,12.2197850539809,0,0,659.8683929149,0,0,77929.6425509208,8.1465233693206,0,0,0,0,24.4395701079618,0,42.7692476889331,0,0,0,0,3004.0304924369,0,0,65.1721869545648,2.03663084233015,0
"SRX15436866",56475.0438966008,1017.0363429735,0,0,0,0,1.31230495867552,0,0,0,0,0,6389.612843791,0,7554.9396470949,1354.2987173531,0,0,4351.603242968,0,0,0,0,0,0,0,4959.2004388347,0,0,0,0,0,0,0,6.56152479337758,0,0,0,0,0,0,0,0,0,0,0,0,6133.7133768493,0,0,0,0,0,0,0,0,190.2842190079,0,0,13327.7691603085,11.8107446280797,0,573.4772669412,3271.576261978,0,0,0,18172.7990677385,0,4099.6406909023,0,0,0,0,0,0,126733.226774171,0,523.6096785115,0,21712.0855412864,0,702.0831528914,0,0,0,58921.180339572,2271.5998834673,0,25205.4413412806,0,36357.4088801052,253159.374188011,0,0,13.1230495867552,19.6845743801328,0,52.4921983470207,2174.4893165253,0,0,257409.929949161,5.24921983470207,0,0,2335.9028264424,2355.5874008225,0,1486.8415181793,13.1230495867552,0,0,0,0,0,0,0,0,0,0,2304.4075074342,0,0,13565.2963578288,0,0,11.8107446280797,0,0,0,0,0,0,0,3.93691487602655,0,2576.05463388,0,0,0,0,0,0,0,0,6.56152479337758,10552.2441727098,0,51597.2063652039,0,0,0,0,0,0,0,38.05684380159,0,0,0,0,0,0,0,0,1.31230495867552,0
"SRX15436877",147159.567527262,1717.3082300307,384.4719917979,1638.0836983875,0,7363.2211762512,0,298.2570603038,0,1978.2831577966,102.5258644794,8451.3934197036,8428.0920868673,0,14651.8780874266,1661.3850312237,2987.2308696057,482.3375897101,13.9807997017429,2111.1007549631,2383.7263491471,97.8655979122006,794.5754497157,0,0,6074.6574704073,2087.7994221269,330.8789262745,829.52744897,41.9423991052288,6829.6206543014,0,0,0,6724.7646565383,0,1694.0068971945,0,260.9749277658,0,880.7903812098,577.8730543387,396.122658216,249.3242613477,671.0783856836,226.0229285115,0,4045.1113803709,2763.5380743778,137.4778637338,0,20.9711995526144,3863.3609842482,354.1802591108,0,1873.4271600335,1195.358374499,1819.8340945102,0,16.3109329853668,2153.0431540684,0,46.6026656724765,2264.8895516823,4604.3433684406,0,55.9231988069718,3530.15192469,20.9711995526144,3714.2324540963,172.4298629881,633.7962531456,116.5066641811,0,0,27.9615994034859,6184.1737347376,3949.5759157423,8362.8483549259,5582.9993475626,103516.171124988,894.7711809115,1943.3311585422,0,4.66026656724765,2.33013328362382,58579.5507503029,2236.9279522788,135.1477304501,4142.9769782831,1001.9573119582,42096.1879019479,27798.4900736322,242.3338614968,0,7882.8408984993,2672.6628763165,561.5621213533,4.66026656724765,30.2917326871097,1782.5519619722,1018.2682449436,300817.876782552,184.0805294062,1053.2202441979,424.0842576195,121.1669307484,5788.0510765215,1029.9189113617,1346.8170379345,1864.106626899,37.2821325379812,14950.1351477304,556.901854786,1384.0991704725,5019.1070929257,1279.2431727094,153.7887967191,3395.0041942399,135.1477304501,1980.6132910802,904.091714046,2647.0314101966,11454.9352222947,3781.8063193214,643.1167862801,389.1322583651,2758.8778078106,37.2821325379812,11.6506664181191,0,827.1973156864,5878.9262745829,11.6506664181191,2691.3039425855,5123.9630906887,0,803.8959828502,0,2320.8127504893,1714.9780967471,16490.3532482058,48.9327989561003,3474.2287258831,81.5546649268338,205.0517289588,6512.7225277285,0,0,26845.46556063,939.0437133004,160.77919657,0,69.9039985087147,0,307.5775934383,144.4682635846,1766.2410289868,4.66026656724765,0,661.7578525491,4830.3662969521,629.1359865784,7013.7011837077,0,6.99039985087147,447.3855904557,1200.0186410662
"SRX15436887",46704.0402624387,798.0868124135,0,2.77595413013395,0,2.77595413013395,0,0,0,0,0,117.9780505306,22661.5015413485,0,6449.9294213662,2045.8781939087,11.1038165205358,1.38797706506698,3830.8166995848,0,0,0,0,0,0,16.6557247808037,4184.7508511769,0,0,0,15.2677477157367,2.77595413013395,0,0,0,0,5.55190826026791,0,0,0,0,0,8.32786239040186,4.16393119520093,0,0,0,4601.143970697,0,0,0,8.32786239040186,5.55190826026791,0,0,0,180.4370184587,0,9.71583945546884,10921.991525012,59.68301379788,0,409.4532341947,705.092349054,0,0,0,14194.8414444399,0,3388.0520158284,0,0,0,0,0,5.55190826026791,172053.636985702,0,526.0433076603,70.7868303184158,19142.9796814037,0,524.6553305953,1.38797706506698,0,0,47464.6516940954,1965.3755241348,0,20440.7382372413,9.71583945546884,39264.4831936797,313401.057360928,0,0,44.4152660821433,48.5791972773442,0,55.5190826026791,1818.2499552377,0,0,209510.974040665,2.77595413013395,4.16393119520093,0,1877.9329690356,1630.8730514536,2.77595413013395,1371.3213402861,0,0,2.77595413013395,0,0,5.55190826026791,0,0,0,0,0,0,0,0,2323.4736069221,0,0,0,0,5.55190826026791,0,0,2.77595413013395,0,0,0,0,2052.818079234,0,0,0,0,0,2.77595413013395,0,0,156.8414083525,0,0,41994.6340806664,8.32786239040186,0,0,1.38797706506698,0,0,0,830.01028491,0,16.6557247808037,9.71583945546884,0,0,0,0,0,0,0
"SRX15436888",241926.059903164,1795.9430591526,147.2805201508,5132.8360380924,7.91358018720893,1420.9272869477,3.07750340613681,375.0157722049,102.8765424337,797.0733821894,433.9279802652,1210.3381252992,7917.0973339588,26.3786006240298,7754.4292967772,1093.392995866,1930.9135656789,353.0336050182,1165.0548608946,231.2523988039,594.3978007281,561.4245499481,0.879286687467659,371.498625455,182.4519876495,1803.4169959961,3046.2887287317,307.7503406136,590.0013672907,44.4039777171168,7170.143292955,1218.2517054864,11.4307269370796,127.056926339,3990.6426310719,0,3467.9066953724,970.7325029642,305.1124805512,1212.0966986741,635.7242750391,9.67215356214425,1088.1172757412,536.3648793552,150.3580235569,1492.5891519763,675.2921759751,1184.3991680189,601.8717375716,0,1001.9471803693,1753.7372981542,1245.0699494542,506.4691319813,284.8888867395,3.07750340613681,5303.8572988049,591.320297322,3895.6796688254,298.0781870515,1114.4958763652,14.0685869994825,156.9526737129,670.456099194,633.9657016641,193.4430712428,3657.8326198654,3555.8353641192,737.2818874416,4449.63028193,142.004800026,1374.7647358556,391.2825759231,228.1748953978,6.59465015600744,134.9705065262,285.7681734269,3642.005459491,5088.4320603753,5291.1076418366,67193.7697262472,1121.0905265212,2258.8875001044,1224.4067122987,4.39643343733829,226.8559653666,49378.9817948087,6518.5918575414,280.9320966459,17990.2056255883,1981.4725502083,34677.3083803495,2990.0143807337,760.1433413157,488.0041115445,7037.8106464911,3085.8566296677,3321.9451052528,9730.6261268608,245.3209858034,2253.1721366358,143.7633734009,298851.959336508,550.4334663547,795.3148088144,2840.975287208,811.5816125326,2788.2180859599,1217.3724187989,3554.516434088,1516.3298925379,234.7695455538,4624.1686893924,1639.4300287834,228.1748953978,4486.1206794599,569.3381301353,2017.5233043945,2210.5267322936,1139.1159036143,244.8813424597,511.3052087624,2034.2297514564,848.0720100625,13376.5883764454,764.9794180968,552.1920397296,1747.1426479982,3340.4101256896,106.3936891835,224.2181053042,366.2229053302,8092.5150281085,145.5219467758,1580.0781773793,1945.8614393659,75.1790117784848,5173.7228690597,661.2235889756,495.0384050442,1484.6755717891,263.7860062402,1655.2571891578,1800.33949259,600.5528075404,954.0260559024,5941.3401472189,1041.5150813054,0,16533.6672277981,3608.5925653672,225.5370353354,47.9211244669874,233.8902588663,37.8093275611093,81.7736619344923,457.6687208269,5619.9608629495,218.9423851794,12193.5081384577,2799.2091695532,4954.3408405365,181.572700962,458.9876508581,120.9019195268,94.0836755590395,282.2510266771,4.39643343733829
"SRX15436906",115359.820852984,722.2106431552,140.5644875939,18612.6769779604,0,2704.6546233598,9.69410259268774,140.5644875939,0,58.1646155561264,87.2469233341896,9655.3261823169,7612.294060908,9.69410259268774,12466.6159341964,3640.1355235542,1604.3739790898,67.8587181488142,627.6931428765,36.352884722579,58.1646155561264,36.352884722579,0,552.5638477832,0,1262.6568626975,4236.3228330045,744.0223739887,3674.0648826286,809.4575664894,5569.2619394991,181.7644236128,4.84705129634387,0,1759.4796205728,0,540.4462195423,53.3175642597826,140.5644875939,4.84705129634387,3211.1714838278,0,1766.7501975173,516.2109630606,242.3525648171,2033.3380188162,0,4311.4521280978,77.5528207415019,0,256.8937187062,327.1759625032,702.8224379698,5561.9913625545,152.6821158348,0,35923.9206828525,1427.4566067732,855.5045538046,121.1762824085,816.7281434339,1010.6101952876,1257.8098114012,4153.9229609666,205.9996800946,0,1323.2450039018,6281.7784800616,0,2227.22007067,7.2705769445158,79.9763463896738,2.42352564817193,0,12.1176282408597,26.6587821298913,1507.4329531629,48.4705129634387,7253.6122649786,7081.5419439583,82661.6128078483,1257.8098114012,2173.9025064102,14.5411538890316,2.42352564817193,1812.7971848326,76234.4227888963,2585.9018665994,2125.4319934467,18026.1837711028,2804.0191749349,26241.9357184057,29814.2125238111,256.8937187062,26.6587821298913,9122.1505397191,11834.0757400235,802.1869895449,884.5868615827,760.9870535259,538.0226938941,92.0939746305335,252107.255551085,126.0233337049,196.3055775019,569.5285273204,1541.3623122373,1885.5029542777,2026.0674418717,3019.7129576222,2001.83218539,0,7837.681946188,1003.3396183431,6429.6135446001,1546.2093635336,1589.8328252007,31.5058334262351,1485.6212223293,550.140322135,26.6587821298913,2862.183790491,2823.4073801203,4376.8873205985,4851.8983476402,1046.9630800102,0,3295.9948815138,4.84705129634387,94.5175002787055,4.84705129634387,0,1446.8448119586,2.42352564817193,50.8940386116106,7016.1067514577,7.2705769445158,1761.9031462209,346.5641676885,21.8117308335474,271.4348725952,351.4112189849,67.8587181488142,1735.2443640911,60.5881412042984,99.3645515750493,7200.2947007188,198.72910315,16.9646795372035,27579.7218761966,1725.5502614984,887.0103872309,0,75.12929509333,0,75.12929509333,116.3292311122,8380.5516913785,9.69410259268774,10001.8903500055,70241.0438609671,741.5988483406,232.6584622245,1885.5029542777,7.2705769445158,0,7.2705769445158,0
"SRX15436907",128232.182131605,2422.2790227664,364.08488379,1686.6789514355,0,289.7818462818,0,304.6424537835,74.3030375081733,208.0485050228,52.0121262557213,995.6607026095,16643.8804018308,0,7757.2371158532,3046.4245378351,1790.7032039469,141.1757712655,2674.9093502942,572.1333888129,215.4788087737,29.7212150032693,0,81.7333412589907,482.9697438031,3358.4972953694,3611.1276228972,104.0242525114,1084.8243476193,59.4424300065387,2318.254770255,505.2606550555,14.8606075016347,29.7212150032693,3143.0184865957,520.1212625572,2860.6669440646,22.290911252452,349.2242762884,104.0242525114,274.9212387802,14.8606075016347,252.6303275277,289.7818462818,0,237.7697200261,44.581822504904,3819.1761279201,995.6607026095,0,52.0121262557213,1396.8971051536,1775.8425964453,148.6060750163,631.5758188194,661.2970338227,3841.4670391725,200.618201272,401.2364025441,8492.8371871842,743.0303750817,74.3030375081733,260.0606312786,393.8060987933,2608.0366165368,334.3636687867,193.1878975212,10848.2434761933,274.9212387802,4339.2973904773,118.884860013,304.6424537835,230.3394162753,245.2000237769,74.3030375081733,133.7454675147,29639.4816620103,1939.3092789633,3395.6488141235,2808.6548178089,47219.5803364441,1203.7092076324,1226.0001188848,0,0,319.5030612851,49901.9199904892,5030.3156393033,1560.3637876716,16703.3228318373,661.2970338227,27276.6450692504,195409.558342745,104.0242525114,326.9333650359,2689.7699577958,2600.606312786,958.5091838554,289.7818462818,921.3576651013,653.8667300719,460.6788325506,277298.935980503,185.7575937704,765.3212863341,245.2000237769,1723.8304701896,3841.4670391725,772.751590085,2682.339654045,505.2606550555,341.7939725375,1612.3759139273,312.0727575343,438.3879212982,6248.8854544373,661.2970338227,572.1333888129,1092.2546513701,319.5030612851,208.0485050228,200.618201272,780.1818938358,7.43030375081733,3625.9882303988,215.4788087737,215.4788087737,869.3455388456,2073.054746478,0,74.3030375081733,89.163645009808,3239.6124353563,29.7212150032693,52.0121262557213,2957.2608928252,0,3254.4730428579,4160.9701004577,59.4424300065387,1523.2122689175,14.8606075016347,1946.7395827141,1426.6183201569,222.9091125245,282.351542531,3544.2548891398,527.551566308,0,31222.1363609344,334.3636687867,163.4666825179,0,133.7454675147,14.8606075016347,609.284907567,601.8546038162,2556.0244902811,0,5000.5944243,2630.3275277893,1218.569815134,0,14.8606075016347,74.3030375081733,0,37.1515187540867,7.43030375081733
"SRX15436914",100917.497848428,1480.8366396765,71.3337899576555,1418.7498224911,0,1731.8259006386,1192.19898957,459.0461483386,0,2678.980111743,28.4014163720295,3484.7877390425,3166.4276764537,0,8112.8976115729,8966.2610988441,5801.8149165559,370.5394089467,112.9451674329,573.972809937,2422.0463682844,262.878225955,3.96298833098086,66.7103035715111,180.9764671147,387.7123583809,3417.4169374158,191.5444359974,619.5471757433,31.0434085926834,359.971440064,2776.073325852,111.6241713226,95.1117199435406,655.8745687773,0,2920.7223999328,144.6490740808,1450.4537291389,54.8213385785686,367.2369186708,0,689.5599695906,9171.0154959448,64.7288094060207,780.7087012032,359.3109420089,3403.5464782573,7.92597666196172,0,664.4610434944,422.0582572494,35.0063969236643,91.8092296677232,1783.3447489413,0.660498055163477,3505.2631787525,2885.055504954,14754.2055562417,145.3095721359,2927.3273804845,169.748000177,521.7934635791,354.0269575676,111.6241713226,1484.1391299523,549.534381896,1957.7162355045,241.7422881898,3558.1030231656,457.7251522282,685.5969812596,93.1302257780502,1058.778382427,963.6666624835,35.6668949788277,19.8149416549043,3103.019863158,12112.2133355878,3343.4411552375,200683.747586705,702.7699306939,6209.3422165918,2531.6890454416,246.3657745759,287.9771520512,44263.2771667803,2261.5453408797,3122.8348048129,43348.4873603789,1046.2289193789,11846.0326193569,920.0737908427,74.6362802334729,2544.2385084897,15597.0010746303,1133.4146626605,1038.3029427169,120.2106460397,3248.9899333491,450.4596736214,2359.2990530439,289635.002169736,2375.1510063678,3612.263863689,1734.4678928592,1017.8275030069,566.7073313302,4175.6687047434,1822.314134196,6558.7456877733,49.5373541372607,20.4754397100678,1350.0580247541,1655.2081262396,1007.9200321794,5553.4676478145,169.0875021218,390.3543506016,375.1628953328,66.0498055163476,159.8405293495,5232.465593005,768.1592381551,7896.2542494793,10.5679688826156,28.4014163720295,4410.8060123816,3788.6168444177,0,47.5558599717703,2097.081325144,9042.8788732431,0,284.0141637202,1044.2474252134,0,2946.4818240842,93.7907238332137,134.7416032533,296.5636267684,89.8277355022328,482.8240783245,210.6988795971,150.5935565772,136.0625993636,17725.125808367,4647.2643161302,0,16029.6273007624,12994.6387372862,883.0858997535,0,1162.4765770877,63.4078132956938,311.7550820371,85.8647471712519,1760.2273170106,22.4569338755582,3105.6618553786,4974.8713514913,395.6383350429,24.4384280410486,481.5030822141,0,80.5807627299441,116.2476577087,8.5864747171252
"SRX15436917",163868.579559436,983.4066180954,178.4510703854,5846.5192412619,0.42794021675172,392.4211787613,15.4058478030619,1811.47093751,0,77.4571792320613,5.56322281777236,2973.7565662077,11324.154015684,2.56764130051032,10763.1243915225,4062.436477624,7087.9738100587,124.1026628579,283.2964234896,98.8541900696473,422.8049341506,188.2936953707,42.794021675172,1047.1697103914,1.28382065025516,8864.7815900118,2790.1702132212,138.2246900108,75.7454183650544,4.70734238426892,1809.759176643,656.8882327138,0.85588043350344,0,3949.0323201848,0.42794021675172,3785.1312171689,54.3484075274684,116.8276791732,60.7675107787442,190.4333964545,18.4014293203239,906.3773790801,3338.7895710969,45.789603192434,1476.3937477934,325.662504948,688.9837489702,3018.2623487498,4.2794021675172,36.3749184238962,387.713836377,5135.2826010206,1090.8196125001,3661.0285543109,3479.5819024082,2794.0216751719,311.5404777952,2926.2552021482,0,1348.4396229846,932.4817323019,416.8137711161,333.3654288495,168.6084454001,1.71176086700688,618.8015534229,3149.6399952926,23.1087717045929,5451.1024809834,114.2600378727,7811.6207165858,159.6217008483,0,1609.9110954199,2312.1609911095,39.7984401579099,10580.8218591862,5198.6177530998,3915.2250430614,82057.5365621422,601.2560045361,1746.8519647805,110.8365161386,0.85588043350344,592.6972002011,47438.4568475783,6935.1991526783,285.0081843566,8539.9749654973,236.6509398637,31434.7765617143,24464.4863112623,31.2396358228755,0,8663.2217479218,3005.852082464,637.63092296,611.9545099549,417.6696515496,1491.3716553797,113.8320976559,336976.388398541,121.5350215574,965.4331289918,2054.1130404082,2476.4900343422,9918.7983438713,913.6523627649,6296.284409068,1339.4528784328,383.8623744262,491.2753688309,790.8335205571,1704.0579431053,7547.1536626333,721.5072054433,2328.4227193461,2092.1997196991,52.2087064437098,1474.6819869264,244.7818039819,2832.9642348963,682.1367055022,6114.8377571653,182.7304725529,117.2556193899,645.7617870783,542.6281948411,293.9949289084,46.6454836259375,5.99116303452408,3475.7304404574,0,277.3052604551,2114.0246707534,0.85588043350344,3024.6814520011,1960.8220731563,316.2478201795,2326.2830182623,53.9204673107167,23390.3563672155,128.3820650255,273.8817387211,130.5217661092,3955.8793636528,1.28382065025516,1.71176086700688,18350.9323747472,4802.7730526045,2223.5773662419,0.85588043350344,179.3069508189,0,125.3864835082,31.6675760396273,3179.1678702485,5.56322281777236,5414.7275625595,902.9538573461,4135.6142546886,1.71176086700688,312.3963582287,2.99558151726204,55.6322281777236,1134.4695146088,0.85588043350344
"SRX15436922",128846.024178416,1142.9736721359,260.6637799043,2678.9987221718,0,195.7034057326,0,356.0486331186,0,513.1047276351,1.64456643472798,2344.3294527047,12673.8512292311,1.64456643472798,16536.1155011898,273.8203113822,33986.6099400884,117.586500083,2301.5707254018,2274.4353792287,68.2495070412112,164.4566434727,12.3342482604599,62769.8116806975,51.8038426939314,480.2133989405,2878.8135439913,1.64456643472798,32.8913286945596,2.46684965209197,4945.211269227,1.64456643472798,1.64456643472798,11.5119650430959,409.4970422472,0,2179.8728092319,82.228321736399,59.2043916502073,8.2228321736399,12.3342482604599,11.5119650430959,173.5017588638,1.64456643472798,9.04511539100389,37.8250279987436,452.2557695501,4926.2987552276,794.3255879736,0,0.82228321736399,3.28913286945596,635.6249270223,1573.0277948173,0,168.5680595596,1451.3298786474,626.5798116313,245.8626819918,116.7642168656,697.2961683246,1.64456643472798,261.4860631217,511.4601612004,41.1141608681995,101.9631189531,104.4299686052,12573.5326767127,178.4354581679,4344.9445205513,61.6712413022993,18.9125139993718,434.9878219855,0.82228321736399,21.3793636514637,4.93369930418394,4589.1626361084,8242.5669708566,5061.9754860927,877.3761929273,70520.6532875705,222.0164686882,2022.8167147154,10.6896818257319,104.4299686052,64.1380909543912,69030.6760977069,5474.7616612094,62.4935245196633,5023.3281748766,879.0207593621,9679.0957515915,7453.9973654045,318.2236051198,1.64456643472798,3637.7809536182,786.9250390173,1808.2007949834,81.406038519035,675.0945214558,124.9870490393,66.6049406064832,363023.239368289,115.9419336483,1407.7488681271,753.2114271054,1004.8300916187,470.3460003322,657.8265738911,3746.3223383103,423.4758569424,37.8250279987436,3534.9955514477,529.5503919824,200.6371050368,1603.4522738597,2118.2015679296,1920.8535957622,337.1361191192,52.6261259112954,13.9788146951878,66.6049406064832,1360.8787247374,3.28913286945596,6946.6486202909,42.7587273029275,26.3130629556477,5035.662423137,37.8250279987436,18265.3771073063,91.2734371274029,3.28913286945596,2781.7841243423,2413.4012429633,160.3452273859,4554.6267409791,6.57826573891192,2267.0348302725,11.5119650430959,1189.0215323083,479.3911157232,171.0349092117,1090.3475462246,16.4456643472798,505.7041786788,249.9740980786,7871.7172398254,17.2679475646438,5.75598252154793,41903.5527568689,85.517454605855,277.1094442516,0,278.7540106863,0,1171.7535847436,108.541384692,1625.6539207286,1.64456643472798,75.6500559974871,9310.7128702124,612.6009969361,384.8285457263,0,0,17.2679475646438,7.40054895627591,428.4095562466
"SRX15436924",176271.444842028,2507.2530978901,405.0441159504,4775.5989477289,0,599.6051323372,3.3820176676603,840.4883907113,0,1055.6075144936,0.038000198513037,4512.2575720335,13583.9309624553,0,9632.4423198786,269.9914104351,8224.8389665587,202.3130568834,1301.3167980789,3391.7457184796,435.2542737683,345.7258060716,0,213.4851152462,5.09202660074696,671.881509909,1434.0514914849,169.0248829859,157.624823432,0.190000992565185,11875.4040371106,32.832171515264,0,13.8320722587455,842.7684026221,0,4283.9523793672,125.9326578722,146.7187664588,25.2701320111696,1.78600933011274,6.38403335019022,388.7800309868,36.5561909695416,18.6960976684142,41.7622181658277,739.9398654458,1177.4361509264,1681.1287822167,0,6.84003573234667,0.684003573234667,860.6664961217,2590.7775342218,1.40600734498237,270.1054110306,5207.1292020429,1183.5161826885,3.76201965279067,209.6090949979,1674.2507462858,0.912004764312889,615.9832178963,534.4347918873,4.71202461561659,0.190000992565185,2.62201369739956,1651.9066295602,330.2597252768,4871.5114487758,109.1365701294,3.61001885873852,896.6526841136,0,21.6601131524311,26.4101379665607,5967.6651750828,17773.3768481206,7724.3383519435,1657.7966603297,103697.031713294,1028.8933749389,4101.9694286882,0,247.1912913273,47.158246354679,45678.9746269634,2117.78906333,171.9128980729,9817.123284652,1902.023936173,16860.0420768598,11176.5803864559,533.0287845423,0.418002183643407,9351.6208528673,1045.4234612921,3366.9315888506,21.2421109687877,113.2405915688,215.3091247748,51.5662693821913,359829.465749129,65.2463408468846,2839.2988324971,1638.6825604776,2171.1793422408,903.4547196474,1043.4474509694,5429.7343649323,1884.46784446,119.9286265071,9789.1931387449,1911.7139867938,405.8801203177,1738.8130835595,1333.5789666165,114.0005955391,233.4352194655,51.4902689851652,56.5062951888861,56.8862971740164,3006.4237055574,52.5162743450172,10045.2004761272,45.6382384141575,78.5084101279345,2969.0695104191,9.46204942974622,28.4241484877517,0,0.152000794052148,6030.9735058055,0,471.0504607676,5543.3169582877,0.114000595539111,473.5964740679,7.33403831301615,3174.6505843746,753.1259343298,310.3856214544,1946.3701678377,16.0360837725016,842.2744000414,639.961343158,8424.7200107373,6.68803493829452,1.14000595539111,14839.6855225171,205.8850755436,914.3607766206,0.038000198513037,880.312598753,0,2032.7066188593,214.8911225912,2848.038878155,0.38000198513037,220.8951539562,20326.2301842264,2103.7669900787,15.5800813903452,20.5961075940661,0,1.3300069479563,24.1681262542916,661.3934551194
"SRX15436960",46252.7480941078,16.4065319872685,0,24.6097979809028,0,0,0,2.73442199787809,0,5.46884399575618,0,19.1409539851466,25851.2255679394,0,5403.2178678071,5.46884399575618,41.0163299681713,0,2417.2290461242,0,0,2.73442199787809,0,41.0163299681713,0,0,3084.4280136064,0,5.46884399575618,0,19.1409539851466,5.46884399575618,0,0,295.3175757708,0,615.2449495225,19.1409539851466,0,8.20326599363427,0,2.73442199787809,0,0,0,251.5668238047,5.46884399575618,8050.138361753,8.20326599363427,10.9376879915124,0,8.20326599363427,10.9376879915124,0,2.73442199787809,8.20326599363427,30.078641976659,0,5.46884399575618,9228.6742428385,2.73442199787809,0,492.195959618,164.0653198726,0,0,0,17779.2118302033,0,2928.5659597274,0,0,2.73442199787809,0,0,0,45708.5981165301,41.0163299681713,664.4645454843,21.8753759830247,18419.0665777068,8.20326599363427,13.6721099893904,0,0,2.73442199787809,51193.8486442735,7052.0743325275,0,23833.2221335054,8.20326599363427,40652.6518424535,414385.247246437,2.73442199787809,0,54.6884399575618,27.3442199787809,2.73442199787809,377.3502357071,1635.184354731,5.46884399575618,0,219070.952782001,0,8.20326599363427,16.4065319872685,1129.3162851236,1372.6798429348,8.20326599363427,880.4838833167,0,0,21.8753759830247,0,0,3229.352379494,0,2.73442199787809,0,2.73442199787809,0,0,13.6721099893904,0,626.182637514,0,0,5.46884399575618,10.9376879915124,8.20326599363427,0,0,19.1409539851466,0,5.46884399575618,19.1409539851466,0,1121.11301913,2.73442199787809,2.73442199787809,10.9376879915124,0,43.7507519660494,8.20326599363427,2.73442199787809,0,221.4881818281,13.6721099893904,0,43988.6466798648,0,5.46884399575618,0,2.73442199787809,0,19.1409539851466,0,790.2479573867,0,35.5474859724152,10.9376879915124,5.46884399575618,2.73442199787809,0,0,0,2.73442199787809,19.1409539851466
"SRX15436963",92757.5410200694,732.2873714647,0,0,0,0,0,0,0,119.7666261741,0,379.8313001522,174.5170838537,0,12202.5082553424,0,6.8438072099509,0,61.5942648895581,0,6.8438072099509,588.5674200557,0,0,0,0,6659.0244152822,0,23.9533252348281,0,0,0,0,0,78.7037829144353,0,793.8816363543,0,0,0,0,0,0,0,0,37.6409396547299,0,15737.334679282,0,0,0,0,0,0,0,0,0,0,0,0,424.3160470169,0,0,5776.1732851985,0,17.1095180248772,0,12791.0756753982,0,4633.2574811367,0,0,0,0,0,0,13.6876144199018,0,1543.2785258439,1546.7004294489,32607.319451811,0,0,0,0,0,134330.247916916,34653.6178075863,222.4237343234,3.42190360497545,0,6689.821547727,1327.6985987304,0,0,2648.5533902509,780.1940219344,927.3358769483,0,140.2980478039,10.2657108149263,0,489096.104162746,0,424.3160470169,1625.4042123633,0,3346.6217256659,0,7144.9347271887,0,0,0,0,0,191.6266018786,7576.0945814156,643.3178777353,0,0,465.3788902766,359.2998785224,530.3950587711,0,773.3502147244,0,0,7223.6385101031,0,0,0,0,0,34.2190360497545,0,2573.2715109415,0,0,0,0,0,0,0,0,0,0,622.7864561055,0,0,105798.415658631,0,0,0,0,0,0,0,41.0628432597054,27.3752288398036,0,0,0,0,0,0,0,54.7504576796072,0
"SRX15436986",158386.24911807,2447.1814358649,103.4704977139,3837.4360427326,0,660.4056599056,0,304.8560301772,159.7195602295,263.1900579434,15.9719560229552,1604.1399310011,3863.824491814,4.86103009394288,6145.0364716143,6899.190569046,1365.2550235273,232.6350116386,29.8606134342205,120.831319478,397.9100348327,1238.8682410848,2.08329861168981,222.9129514508,178.4692477347,1779.8314472536,4322.1501863857,1206.9243290389,3565.2183574718,143.053171336,6533.2244462592,2583.9847113659,117.3591551251,0,21542.6965106137,0,1513.8636578279,339.5776737054,210.4131597806,5838.7915756959,216.6630556157,0.694432870563268,475.6865163358,365.2716899162,109.7203935489,615.267523319,167.3583218057,3499.2472347683,454.1590973483,286.8007755426,2781.2036466058,13991.4334761087,1200.6744332038,2816.6197230046,497.2139353233,0,7982.5058471247,699.9883335277,12723.3990544602,175.6915162525,2793.0090054054,6.94432870563268,269.4399537785,272.9121181313,847.9025349577,163.8861574529,9103.3205002138,9265.8177919256,28.471747693094,2733.287778537,125.6923495719,795.8200696655,160.4139931001,225.690682933,48.6103009394288,137.4977083715,6.94432870563268,7108.9092959561,4788.1146425337,3341.6109731504,74639.0337938812,1881.9130792264,2102.7427320655,731.9322455736,0.694432870563268,209.7187269101,39097.2650455825,1027.066215563,1996.4945028693,77939.6732276684,285.4119098015,27816.8974961528,1126.3701160536,390.2712732565,1.38886574112654,5424.2151519696,884.7074770976,472.9087848535,15342.7998422248,191.6634722754,438.8815741959,868.041088204,206061.14898085,609.0176274839,788.8757409598,15822.652955784,461.103426054,2322.1835191635,1230.5350466381,2086.7707760426,1729.8322805731,8.33319444675922,16084.4541479864,1109.0092942895,1493.030671711,3817.9919223568,779.1536807719,131.2478125364,1586.0846763665,161.8028588412,849.2914006988,2141.6309728171,1817.330822264,894.4295372854,13767.8260917873,307.6337616595,45.1381365866124,2752.0374660422,88.8874074320984,61.8045254801309,223.6073843213,340.9665394465,55378.2436959384,154.164097265,1563.1683916379,1413.8653244668,25.6940162108409,1798.5811347588,1652.05579907,1212.4797920034,890.9573729326,1643.0281717526,1481.2253129114,552.7685649683,274.3009838724,906.9293289556,5724.210152053,156.9418287472,9.02762731732249,13162.2806286561,2867.3133225557,204.1632639456,113.8869907723,202.0799653339,10.416493058449,202.7743982044,343.7442709288,1075.6765165025,274.995416743,17210.82426404,25846.7914423648,693.0440048221,3.47216435281634,798.5978011477,43.7492708454859,4.16659722337961,193.0523380165,2.08329861168981
"SRX15436988",107454.676899121,1339.3022652281,616.3570978385,1385.6449041634,0,203.907611315,4.63426389352315,412.4494865235,0,46.3426389352315,134.3936529121,11177.8445111778,3948.3928372817,0,6738.2197011826,2697.1415860304,2669.3360026693,111.2223334445,1385.6449041634,27.8055833611389,250.2502502502,37.0741111481852,0,514.403292181,0,3855.7075594112,7535.3130908686,2117.85859934,17656.5454343232,2836.1695028361,4054.9809068327,37.0741111481852,64.8796945093241,0,2511.7710302895,4.63426389352315,1297.5938901864,23.1713194676158,55.6111667222778,32.4398472546621,55.6111667222778,0,912.949987024,718.310903496,0,8299.9666332999,0,7349.9425351277,1923.2195158121,0,13.9027916805695,203.907611315,2887.1464056649,11826.641456271,333.6670003336,4.63426389352315,13638.6386386386,857.3388203017,69323.9535832128,9.26852778704631,1469.0616542468,0,773.9220702183,2854.7065584102,97.3195417639862,0,2025.1733214696,6335.0387424461,134.3936529121,3962.2956289622,37.0741111481852,565.3801950098,0,0,0,0,0,69.5139584028473,3304.230156082,5834.5382419456,79468.357246135,1056.6121677232,1571.0154599043,0,60.245430615801,176.1020279538,75663.6265895525,917.5842509175,2011.270529789,53372.8172617061,8842.1755088421,14134.5048752456,13647.9071664256,180.7362918474,0,3522.0405590775,1849.0712935157,500.5005005005,861.9730841953,1140.0289178066,810.9961813665,190.0048196344,286244.577911245,648.7969450932,435.6208059911,115.856597338,556.1116672227,3837.1705038371,922.2185148111,3934.4900456011,240.9817224632,18.5370555740926,5380.3803803803,398.5466948429,3990.1012123234,5676.9732695658,820.2647091535,106.588069551,2442.2570718867,208.5418752085,78.7824861898936,310.495680866,1051.9779038297,83.4167500834168,2743.4842249657,18.5370555740926,13.9027916805695,1983.4649464279,152.9307084862,342.9355281207,0,46.3426389352315,556.1116672227,50.9769028287547,245.6159863567,2525.6738219701,0,412.4494865235,0,23.1713194676158,1241.9827234642,0,32.4398472546621,148.2964445927,83.4167500834168,412.4494865235,7799.4661327994,9.26852778704631,0,34696.7337708078,1130.7603900196,792.4591257924,0,74.1482222963704,13.9027916805695,514.403292181,101.9538056575,7753.1234938642,0,866.6073480888,23602.3060097134,4407.1849627405,0,115.856597338,0,454.1578615652,23.1713194676158,69.5139584028473
"SRX15436998",129678.331481524,5082.3419525606,91.8653997874955,4362.9994498193,0,3379.1898159717,0.809386782268683,581.9490964511,947.9942687321,1219.5435341833,96.3170270899732,1626.2603922733,4328.8028582684,22.4604832079559,7491.8864033744,1123.0241603977,1735.9323012707,252.1239826766,144.2731939393,427.3562210378,2696.4720651281,470.0513738025,6.27274756258229,2734.3108971991,330.6345005567,3459.926147503,3145.0746892005,523.2685547367,1428.3653240086,100.971001088,1935.8508364911,857.7476425092,0.202346695567171,48.7655536316881,2962.96266319,19.2229360788812,3253.7348647201,92.2700931786298,1156.8160585575,539.0515969909,375.3531202771,205.3818960006,810.600862442,1586.195746551,361.7958916741,705.7852741382,759.4071484635,2260.6172828764,1267.0950076416,0.404693391134341,901.2521820561,5340.9410294954,2308.1687563347,98.9475341323465,934.4370401291,253.7427562412,6138.3893567256,2464.9874453992,4013.3443598792,112.3024160397,2913.3877227761,4.65397399804493,505.8667389179,278.2267064048,134.3582058566,697.6914063156,4136.9781908708,4247.8641800416,523.0662080411,3696.8741280122,488.060229708,1717.7210986697,263.657744324,1549.1663012622,81.5457183135698,456.2917985039,150.1412481108,4817.065434672,11497.7439355177,3448.5947325512,194546.635146447,2551.9965244931,7802.0838876789,954.4693629903,14.3666153852691,207.0006695652,38778.5301252748,2080.1240304305,3088.8223078328,11320.0835368097,863.8180433762,25685.2824952099,512.7465265672,320.1124723872,48.7655536316881,12427.7293483444,1967.0122276084,1370.696515772,4212.4535083173,125.0502578605,1247.6697248671,1950.824491963,264419.377286138,2840.7452590675,3415.8145678694,2153.1711875302,604.6119263547,3955.6755516426,3510.5128213948,2819.903549424,6379.5866178417,230.0681928598,3242.2011030727,1383.8490509838,398.2182968761,4931.1889709719,2743.0118051085,1431.8052178333,2067.3761886097,503.4385785711,345.6081560287,293.4027085723,4119.3740283564,4593.0676426792,6836.8901498235,1759.2021712609,290.5698548344,4785.297003468,2251.3093348803,696.4773261422,454.4706782438,1659.0405569552,10028.7069257001,960.9444572484,1947.9916382251,1661.0640239109,30.7566977262099,4054.6230857749,1693.0348018105,1092.4698093671,1285.7109036338,1625.0463120999,1218.734147401,1097.1237833651,613.312834264,712.0580217008,16971.8290906964,826.3839046963,4.8563206936121,12944.522808823,3399.0197921373,972.4782188958,14.5689620808363,232.6986999022,105.624975086,1376.766916639,433.2242752093,4507.6773371498,456.6964918951,7824.5443708869,9357.1182431126,968.0265915933,52.6101408474644,2753.3314865824,259.8131571082,11.3314149517616,444.1509967699,6.07040086701512
"SRX15437006",187275.860268393,2677.6669625607,641.2197796459,3097.4883818077,0,4400.8145788731,18.797973996136,236.0190068403,4.17732755469688,962.8740013576,457.4173672393,7901.4150697091,3615.4769985901,91.9012062033314,12389.9535272309,223.4870241762,4649.3655683776,96.0785337580283,217.2210328442,591.0918489896,236.0190068403,79.3692235392408,4.17732755469688,334.1862043757,327.9202130437,430.2647381337,3022.2964858231,4.17732755469688,3632.1863088089,221.3983603989,6443.5277531199,68.9259046524986,221.3983603989,16.7093102187875,4398.7259150958,0,4237.8988042399,142.0291368596,210.9550415121,860.5294762675,781.1602527283,0,1524.7245574643,217.2210328442,198.4230588481,11625.5025847214,127.4084904182,1274.0849041825,102.34452509,0,37.5959479922719,1551.8771865698,1035.9772335648,0,3237.42885489,18.797973996136,967.0513289123,192.157067516,96.0785337580283,4.17732755469688,3074.5130802569,12.5319826640906,513.8112892277,2172.2103284423,217.2210328442,1142.4990862095,2.08866377734844,2109.5504151219,726.8549945172,5163.1768576053,64.7485770978017,1278.2622317372,0,647.485770978,2.08866377734844,555.5845647746,179.6250848519,743.564304736,5737.5593963761,5432.6144848832,92212.4171061563,1368.0747741632,2646.3370059004,14430.5780377003,16.7093102187875,187.9797399613,61753.433241084,4914.6258681008,2646.3370059004,5885.8545245679,827.1108558299,10844.3423319931,2157.5896820009,175.4477572972,0,9574.4347553652,1894.418046055,1501.7492559135,104.4331888674,350.8955145945,916.9233982559,382.2254712547,372064.121977965,64.7485770978017,1647.9557203279,3114.1976920265,1416.1140410422,994.2039580178,1226.0456373035,5031.5910396323,1280.3508955145,357.1615059265,6560.4929246514,432.3534019111,469.9493499033,2078.2204584616,3216.5422171165,1002.5586131272,1157.119732651,210.9550415121,559.7618923293,373.8708161453,2301.7074826379,3099.577045585,8496.6842462534,93.9898699806799,75.1918959845439,2157.5896820009,200.5117226254,146.2064644143,116.9651715315,0,2702.7309278888,0,171.2704297425,6771.4479661636,0,879.3274502636,18.797973996136,177.5364210746,227.6643517309,4.17732755469688,127.4084904182,476.2153412354,48.0392668790141,133.6744817503,6357.8925382486,1430.7346874836,22.9753015508329,22137.7473761161,426.087410579,2566.9677823612,129.4971541956,977.494647799,1075.6618453344,4893.7392303273,1140.4104224322,929.45538092,0,181.7137486293,841.7315022714,29.2412928828782,1205.15899953,1238.5776199676,2.08866377734844,0,716.4116756305,10.4433188867422
"SRX15437027",175183.356281669,2172.2581346781,13.8242986933273,11807.7943239272,0,334.5480283785,9.21619912888486,217.5022994416,0,250.6806163056,5.52971947733091,3521.5096871469,6337.0585210212,1.84323982577697,13334.9185195835,767.7093874361,15223.317721092,168.6564440585,325.3318292496,63.5917739893055,558.5016672104,541.9125087784,8.29457921599637,375.0993045456,238.6995574381,585.2286446841,3515.9799676695,28.5702172995431,1194.4194071034,257.1319556958,13341.3698589737,170.4996838843,9.21619912888486,0,991.663026268,25.8053575608776,3920.5711094276,171.4213037972,250.6806163056,178.7942631003,1095.8060764244,9.21619912888486,891.2064557631,257.1319556958,9.21619912888486,235.9346976994,13.8242986933273,943.7387907978,101.3781904177,0,447.9072776638,1035.9007820866,230.4049782221,223.032018919,503.2044724371,0,2836.7460918707,250.6806163056,1751.0778344881,153.9105254523,791.6715051712,62.670154076417,97.6917107661795,412.885720974,975.9954877489,1540.0268744366,74.6512129439674,1997.1503512293,21.1972579964352,4891.0368776991,106.907909895,858.0281388991,15.6675385191043,0,3628.4175970419,26.7269774737661,2136.3149580755,318.8804898594,8118.5498126346,1771.3534725716,83185.4133373147,1200.8707464936,2398.0550133358,14.7459186062158,0.921619912888486,119.8105886755,56223.422785762,2622.9302720806,835.9092609898,15777.2112887379,523.4801105206,21660.832812618,13703.5664847388,646.9771788477,0,8705.6216971446,4348.2027490078,862.6362384636,10690.7909895064,617.4853416352,693.979794405,1089.3547370341,371560.284080122,8114.8633329831,814.7120029934,1462.610801754,1217.4599049256,2976.8323186298,1334.5056338625,5700.2191612152,1984.2476724489,111.5160094595,12159.8531306506,179.7158830132,1295.7975975212,678.3122558859,4137.1517889564,219.3455392674,1110.5519950306,66.356633727971,1000.8792253968,1290.2678780438,2627.538371645,3.68647965155394,5882.6999039672,0,88.4755116372946,929.9144921044,25.8053575608776,151.1456657137,1003.6440851355,32.256696951097,940.9739310591,28.5702172995431,615.6421018095,1446.021643322,0,1003.6440851355,1068.1574790377,10.1378190417733,64.513393902194,10.1378190417733,46.0809956444243,234.0914578736,301.3697115145,39.6296562542049,5985.9213342107,6.4513393902194,22.1188779093237,25247.77751358,736.3743103979,445.1424179251,469.1045356602,37.7864164284279,2.76485973866546,68.1998735537479,0,2913.2405446405,894.8929354147,900.422654892,7176.6542616626,26.7269774737661,0,5.52971947733091,0,7.37295930310789,223.032018919,0
"SRX15437030",172685.640798019,438.5653615992,0,11064.7710190924,0,222.4606906662,0,33.8987719110539,0,21.1867324444087,1.05933662222043,2573.1286553734,3892.0027500378,16.9493859555269,12206.735897846,6395.2151883447,920.5635247095,166.3158496886,0,548.7363703101,259.537472444,85.8062663998551,0,3333.7323501277,0,114.4083551998,6137.7963891451,78.3909100443121,2361.2613309293,1203.4064028424,25183.6095200463,817.8078723541,0,0,686.4501311988,0,3858.1039781268,3.1780098666613,21.1867324444087,0,52.9668311110217,0,1256.3732339534,386.6578671104,0,64709.5775683351,0,1282.8566495089,0,0,68.8568804443282,283.902214755,0,76.2722367998712,0,0,4907.9065707472,1170.5669675535,2728.8511388398,0,550.8550435546,0,1663.158496886,3100.6782932392,519.074944888,0,0,1302.9840453311,0,4825.278314214,56.144840977683,10.5933662222043,58.2635142221238,0,0,4.23734648888173,0,6.3560197333226,6334.8330008781,2988.3886112838,83093.3053103485,1620.7850319972,3018.050036706,0,2.11867324444087,699.1621706654,58008.2140961687,265.8934921773,246.8254329773,605.94054791,986.2423952872,16918.6651934825,1658.9211503971,131.3577411553,0,8370.8779887858,670.5600818655,1951.29805813,118.6457016886,728.8235960876,466.1081137769,222.4606906662,350051.430793009,30.7207620443926,487.2948462213,295.5549175995,1445.9944893308,119.7050383109,873.9527133318,832.6385850652,1646.2091109305,0,32630.745974256,217.1640075551,1210.8217591979,170.5531961774,1514.8513697752,20.1273958221882,741.5356355543,361.2337881771,15.8900493333065,656.7887057766,1950.2387215078,0,1789.2195549303,0,0,1135.6088590203,0,1307.22139182,0,22.2460690666291,795.5618032875,0,701.2808439099,943.8689303984,0,85.8062663998551,2.11867324444087,612.2965676434,0,63.560197333226,23.3054056888495,225.6387005329,149.366463733,222.4606906662,9315.8062558064,60.3821874665647,0,23884.8628212041,688.5688044432,519.074944888,0,70.975553688769,0,295.5549175995,0,220.3420174218,0,542.3803505768,27477.0733071535,83.6875931554142,2.11867324444087,3.1780098666613,0,3.1780098666613,18.0087225777474,0
"SRX15437033",176906.869127958,6531.0804667596,22.7666135690486,9091.9572898329,0,6989.3503656979,3.67203444662074,300.3724177335,0,143.2093434182,8.81288267188977,5782.7198465383,9213.1344265714,0,11742.4317534037,3149.8711483112,3066.8831698176,80.7847578256562,295.2315695083,10.2816964505381,74.1750958217389,8.81288267188977,27.1730549049935,790.2218129127,132.9276469676,262.1832594887,3576.5615510085,1164.0349195787,227.6661356904,24.2354273476969,1288.8840907638,3536.903578985,4.40644133594488,0,2579.2369953064,9.54728956121392,3648.5334261623,23.5010204583727,155.6942605367,92.5352680548426,2731.2592213965,99.1449300587599,609.557718139,5890.6776592689,769.6584200117,483.9741400646,0,1310.9162974436,0,131.458833189,188.7425705563,443.5817611517,0,518.4912638628,0,0,4519.5399969008,838.6926676081,4902.1659862386,459.7387127169,1716.3089003505,0,396.579720235,2015.9469111947,525.1009258667,403.9237891282,4449.0369355256,4969.7314200565,34.5171237982349,5170.2245008419,48.4708546953937,956.1977699,35.9859375768832,0,71.9718751537664,51.4084822526903,53.6117029206628,3716.8332668695,6433.4043504795,7663.5358900974,73157.2078731356,5522.0054008282,1620.8360047383,0,68.2998407071457,213.7124047933,54803.6453020358,2144.4681168265,298.9036039549,26412.2093676536,128.5212056317,28389.9671206035,4593.7150927225,100.6137438374,0,7471.1212850945,1945.4438498196,690.3424759646,107.9578127306,483.9741400646,670.5134899529,1161.8316989108,336455.29701985,19.828986011752,730.7348548775,1008.340659042,588.9943252379,259.9800388207,656.5597590557,1746.4195828128,1013.4815072673,58.7525511459318,5576.3515106382,720.4531584269,1095.7350788716,473.692443614,2929.549081514,347.3744586503,6850.5474636156,201.9618945641,267.3241077139,313.5917417414,2102.606924135,10453.5476626399,7561.4533324814,546.3987256571,35.2515306875591,1132.4554233378,198.2898601175,226.9317288011,5.87525511459318,0,12431.3054155898,4.40644133594488,547.8675394358,2839.2170341271,38.1891582448557,5701.9350887126,47.0020409167454,38.1891582448557,562.5556772222,63.1589924818767,10120.861341776,622.7770421468,683.7328139607,417.8775200254,7451.2922990827,268.0585146033,0,21554.8422016637,7947.7513562659,210.774777236,0,76.3783164897113,0,104.285778284,142.4749365288,1496.7212404426,0,4388.0811637117,5304.6209615883,3053.6638458098,0,6718.3542235373,0,6.60966200391733,16.8913584544554,0
"SRX15437043",153466.659593655,660.1477080496,0,0,0,5.89417596472925,0,0,5.89417596472925,88.4126394709388,0,580.5763325258,5531.6841428984,0,19111.8655656345,822.2375470797,22029.4826681755,0,1821.3003731013,91.3597274533034,0,5.89417596472925,0,2.94708798236463,0,0,8387.4123978097,0,0,0,8.84126394709388,0,0,0,394.9097896368,0,250.5024785009,0,215.1374227126,0,0,0,0,0,2.94708798236463,0,0,6902.0800546979,0,0,2.94708798236463,0,0,0,0,0,306.4971501659,0,14.7354399118231,35.3650557883755,265.2379184128,8.84126394709388,41.2592317531048,2048.2261477434,0,0,0,13851.3135171137,191.5607188537,6910.921318645,47.153407717834,0,5.89417596472925,0,0,14.7354399118231,126.7247832416,14.7354399118231,7391.2966597704,536.3700127903,67346.8545729964,2.94708798236463,910.6501865506,0,0,0,105370.183721465,5832.2871170995,8.84126394709388,757.4016114677,0,8004.2909601023,75719.5315308943,0,0,4983.5257781785,512.7933089314,943.0681543566,11.7883519294585,722.0365556793,2.94708798236463,2.94708798236463,394898.00128493,0,35.3650557883755,1417.5493195173,20.6296158765524,5.89417596472925,0,1924.4484524841,816.343371115,0,20.6296158765524,0,0,1399.8667916231,3471.6696432255,0,291.761710254,0,265.2379184128,377.2272617426,2572.8078086043,2.94708798236463,1181.7822809282,327.1267660424,0,1476.4910791646,2.94708798236463,0,0,274.0791823599,8.84126394709388,47.153407717834,8.84126394709388,1458.8085512704,0,1821.3003731013,0,0,0,2.94708798236463,47.153407717834,0,4290.9601023228,47.153407717834,4977.6316022138,0,0,50392.2574104527,666.0418840144,41.2592317531048,0,153.2485750829,0,141.4602231535,0,722.0365556793,111.9893433298,32.4179678060109,5.89417596472925,8.84126394709388,394.9097896368,2.94708798236463,0,14.7354399118231,486.2695170901,0
"SRX15437047",69863.3051433434,2836.728542808,62.0534368739252,2256.0856692019,0,22.1619417406876,0,0,0,514.1570483839,13.2971650444125,1883.7650479584,6533.3404251546,172.8631455773,9334.6098611775,1617.8217470701,10770.7036859741,0,3497.1544066804,0,4.43238834813751,283.6728542808,0,305.8347960214,0,35.4591067851001,4405.7940180486,17.72955339255,1733.0638441217,314.6995727177,70.9182135702002,0,0,0,385.6177862879,0,598.3724269985,4.43238834813751,8.86477669627502,0,0,0,292.537630977,4.43238834813751,0,0,0,6506.7460950658,17.72955339255,0,0,0,0,491.9951066432,784.5327376203,13.2971650444125,771.2355725759,62.0534368739252,0,10939.1344432033,1462.6881548853,0,354.591067851,788.9651259684,4.43238834813751,0,0,15406.9818981259,327.9967377621,4773.682250944,44.3238834813751,110.8097087034,0,0,0,26.5943300888251,106208.889598071,3913.7989114054,983.9902132865,292.537630977,37817.1373863092,8.86477669627502,997.2873783309,0,0,0,55781.6073613105,4591.9543286704,0,13939.8613548924,527.4542134283,32852.8624363952,228782.156977466,4.43238834813751,0,1201.1772423452,718.0469123982,4.43238834813751,132.9716504441,1453.8233781891,190.5926989699,31.0267184369626,266324.48628619,13.2971650444125,203.8898640143,57.6210485257876,1569.0654752406,2003.4395333581,367.8882328954,2553.0556885272,35.4591067851001,0,0,39.8914951332376,412.2121163767,1919.2241547435,749.0736308352,8.86477669627502,8.86477669627502,948.5311065014,26.5943300888251,1812.8468343882,296.9700193252,13.2971650444125,6147.7226388667,13.2971650444125,44.3238834813751,1688.7399606403,88.6477669627502,22.1619417406876,270.3756892363,48.7562718295126,57.6210485257876,0,93.0801553108877,762.3707958796,0,2207.3293973724,0,496.4274949914,4.43238834813751,0,203.8898640143,62.0534368739252,0,288.1052426289,2349.1658245128,5921.6708331117,0,45822.0307430455,57.6210485257876,762.3707958796,0,17.72955339255,106.3773203553,53.1886601776501,0,691.4525823094,0,44.3238834813751,819.9918444054,0,190.5926989699,70.9182135702002,0,0,62.0534368739252,0
"SRX15437093",166770.938653354,743.602151947,442.1226706193,3410.1545091198,0.354264960432147,1339.1215504335,18.7760429029038,808.0783747457,20.5473677050645,523.9578764791,41.094735410129,2766.1008110542,4470.4695356932,2.47985472302503,11723.3360706205,2995.6645054142,2343.4627132586,167.9215912448,300.062421486,45.7001798957469,119.3872916656,184.9263093455,119.741556626,1584.6271680129,140.6431892915,1819.8591017399,3955.0140182644,583.8286547921,7649.9975555717,2097.6028307187,10940.0562431051,1172.9712839908,13.1078035359894,13.4620684964216,1892.8376835889,16.6504531403109,3885.2238210593,2334.6060892478,178.9038050182,213.6217711405,759.8983401269,9.21088897123581,1208.0435150736,932.0711108969,93.8802145145188,485.342995792,10.9822137733965,1336.28743075,523.2493465582,0,43.574590133154,434.6831064502,1068.8173856237,1937.4750686034,1932.1610941969,24.090017309386,5781.958419213,839.2536912637,2368.6155254493,795.3248361701,2694.1850240864,61.9963680756256,210.7876514571,1794.3520245888,957.9324530085,56.6823936691435,368.7898238098,4846.6989236721,98.1313940397046,5222.9283116511,158.3564373131,1608.3629203619,139.5803944102,31.1753165180289,352.1393706695,125.7640609534,19.1303078633359,4305.0277991714,6529.4574857248,6131.2636701991,91448.1855611521,12132.8663648801,2630.4173312086,405.9876446552,50.3056243813648,378.0007127811,53064.2856282499,1667.8794337145,8386.1601433497,17049.7097507179,283.4119683457,21889.6776401419,3044.5530699538,125.4097959929,30.1125216367325,9397.5866053835,2378.8892093018,856.6126743249,197.3255829607,825.0830928464,741.8308271449,1841.4692643262,354136.71651647,249.4025321442,1409.6202775595,1428.7505854228,961.1208376524,1714.2881435311,1789.0380501823,2630.7715961691,1889.649298945,131.4323003203,8363.8414508425,1176.5139335951,10312.2987332193,2460.0158852408,1195.289976498,1882.2097347759,2850.0616066766,437.1629611732,227.4381045974,284.474763227,2667.9694170144,1716.0594683333,5654.4230334574,30.4667865971646,183.5092495038,2505.3618001761,320.2555242306,283.7662333061,18.0675129820395,86.0863853850116,3346.0325512816,51.7226842230934,247.2769423816,2745.9077083095,22.3186925072252,1942.080513089,1447.1723633653,69.4359322447007,392.5255761588,113.3647873382,477.1949017021,154.1052577879,738.642442501,156.2308475505,7884.1666944174,362.7673194825,13.8163334568537,18896.1387244902,1695.1578356678,462.6700383243,7.43956416907508,568.949526454,142.7687790541,1140.0246426706,21.2558976259288,1950.9371370998,15.5876582590145,3788.8637518218,16827.5856205269,632.0086894109,8.50235905037152,1171.5542241491,216.8101557844,96.0058042771117,208.6620616945,13.8163334568537
"SRX18091587",162648.310757781,1969.9361975199,61.4018078908248,3487.8996888359,0,1678.1621931063,5.07834501352686,256.2255893188,0,641.7181426183,33.2400764521758,3048.8536790301,5958.745371781,31.3934055381661,10945.2185073359,2370.2021181315,6131.4091022409,59.0934692483126,298.699020341,90.0252070579762,1294.0546429923,243.7605606492,2.77000637101465,3976.80581332,0,1155.5543244416,4638.375668264,417.8092942947,1743.7190105537,302.8540298976,3044.2370017451,147.2720053922,192.977110514,0,2039.1863567952,1.84667091400977,3593.1599309345,246.5305670203,282.0789821149,21.6983832396148,1002.7423063073,0.923335457004884,828.2319049333,1351.7631090551,49.8601146782638,241.4522220067,262.6889375178,2250.1685087209,517.0678559227,1.84667091400977,7.38668365603908,3311.542616548,890.0953805527,110.8002548405,2080.7364523605,36.0100828231905,3263.5291727837,1162.9410080976,529.0712168637,334.2474354357,1785.7307738474,22.1600509681172,411.3459460956,802.3785121372,192.053775057,86.7935329584591,171.2787272744,2765.8513614581,48.9367792212589,4920.454650379,497.2161435971,1368.3831472812,51.7067855922735,23.0833864251221,553.5396064744,90.9485425149811,3759.8219809238,2512.8574462387,10628.9761133117,5038.1799211471,134157.871896439,3655.4850742823,4244.1114281229,39.70342465121,32.7784087236734,79.8685170309225,49413.2203170733,1426.091613344,1074.7624719536,18483.7908460522,645.4114844464,25252.763081355,15721.6328264221,19.851712325605,0.461667728502442,11092.9521804566,3139.8022215451,594.6280343111,1041.5223955015,312.5490521961,1339.759748114,569.2363092435,347033.784844372,950.5738529865,2170.2999916899,1041.060727773,1251.1195442416,1203.5677682058,3518.8314266456,2980.5268552117,2679.9811639566,28.6233991671514,1935.7727856107,1702.630582717,584.471344284,2076.5814428039,1643.5371134686,113.108593483,1899.301035059,728.0500078483,95.5652198000056,301.469026712,3505.443062519,485.6744503845,3647.6367228977,62.7868110763321,18.4667091400977,2246.0134991643,55.8617951487955,1216.4944646039,78.9451815739176,126.9586253381,1810.199163458,16.1583704975855,476.902763543,1534.1218618136,132.4986380802,1783.8841029334,203.5954682695,248.8389056628,231.7571997082,458.4360544029,78.9451815739176,145.4253344782,164.3537113468,49.8601146782638,10966.9168905755,248.8389056628,0.923335457004884,19357.7278561074,2726.1479368069,326.8607517797,34.6250796376832,773.2934452415,321.7824067662,110.8002548405,42.4734310222247,1782.9607674764,90.0252070579762,5400.5890880215,14895.2475924027,39.2417569227076,29.5467346241563,443.2010193623,0.461667728502442,212.3671551111,106.1835775555,8.31001911304396
"SRX18091638",117504.343400663,469.4382535142,232.5254900584,228.1382166611,0,451.8891599248,8.77454679465806,122.8436551252,0,17.5490935893161,653.703736202,24774.932874717,6523.8755418282,0,14741.2386150255,5448.9935594826,3373.813242546,197.4273028798,193.0400294824,552.7964480634,26.3236403839742,0,0,4045.0660723373,0,991.5237877963,2189.2494252671,1289.8583788147,7379.3938543074,1193.3383640734,622.9928224207,3852.0260428548,0,0,1658.3893441903,39.4854605759613,447.5018865275,4.38727339732903,0,0,1675.9384377796,0,2171.7003316778,232.5254900584,0,87.7454679465805,0,6637.9446501588,394.8546057596,0,1417.0893073372,171.1036624958,728.2873839566,10489.9706930137,0,0,1882.1402874541,973.974694207,6852.9210466279,868.6801326711,1465.3493147078,0,57.0345541652774,7146.8683642489,0,0,100.9072881385,1926.0130214274,0,2119.0530509099,0,1118.7547163189,1202.1129108681,0,0,0,0,35.0981871786322,3716.0205675376,13995.4021374796,90088.2719407542,737.0619307512,4913.7462050085,0,0,8.77454679465806,123672.849797308,1307.407472404,210.5891230717,8976.3613709351,1026.6219749749,30285.3482617622,1066.1074355509,153.5545689065,0,6168.5063966446,3860.8005896495,293.947317621,21.9363669866451,1061.7201621536,1842.6548268781,43.8727339732903,305161.188424618,13.1618201919871,952.0383272203,311.4964112103,1123.1419897162,2395.4512749416,851.1310390818,1105.5928961269,166.7163890985,0,1145.0783567028,1158.2401768948,4940.0698453924,2026.920309566,675.6401031886,17.5490935893161,83.3581945492515,87.7454679465805,0,2895.6004422371,644.9291894073,0,2886.8258954425,1526.7711422705,0,758.9982977379,0,539.6346278714,0,0,19290.8411280557,48.2600073706193,0,3193.9350332555,0,1737.3602653422,0,0,324.6582314023,175.4909358931,3452.7841636979,87.7454679465805,0,35.0981871786322,3457.1714370952,833.5819454925,0,43284.8393380481,688.8019233806,74.5836477545935,0,70.1963743572644,0,693.1891967779,438.7273397329,6304.5118719618,8.77454679465806,908.1655932471,40718.2844006107,83.3581945492515,52.6472807679483,0,0,8.77454679465806,4.38727339732903,114.0691083305
"SRX18091647",101767.690145891,1377.4208929017,10.0909955523937,4795.7456362751,0,0,12.6137444404921,900.6213530511,0,45.4094799857717,10.0909955523937,26352.6348850761,2623.6588436223,0,368.3213376623,514.640773172,93.3417088596418,216.9564043764,189.2061666073,0,0,0,2.52274888809843,0,0,0,3622.6674033093,643.300966465,51171.4384461885,7187.3115821924,22818.2636928502,0,5.04549777619686,0,2588.3403591889,0,32.7957355452796,0,0,17.659242216689,595.3687375912,0,2096.4043260097,0,201.8199110478,70.636968866756,0,10951.2529232352,0,0,55.5004755381654,17618.8782344794,0,0,0,0,38504.7162790463,464.1857954101,0,416.2535665362,3239.2095723183,0,0,4442.5607919413,0,0,0,3375.4380122756,0,1314.3521706992,0,0,0,0,0,0,0,80.7279644191497,1982.8806260453,8801.8708705754,108569.021148204,277.5023776908,2830.5242524464,0,0,15.1364933285906,125928.056247209,575.1867464864,885.4848597225,45.4094799857717,21435.7973021723,11079.9131165282,16425.6180104088,2.52274888809843,0,1970.2668816048,1495.9900906423,121.0919466287,0,2310.8379814981,1932.4256482833,151.3649332859,248281.377319983,194.2516643835,27.7502377690827,259.8431354741,7.56824666429528,421.2990643124,1548.9678172924,1495.9900906423,60.5459733143623,55.5004755381654,22909.0826528218,0,6511.214880182,623.1189753603,1745.7422305641,0,2.52274888809843,2232.6327659671,229.5701488169,1687.7190061378,1748.2649794522,0,4230.649885341,0,0,441.4810554172,5.04549777619686,35.318484433378,0,0,5.04549777619686,0,15.1364933285906,1763.4014727808,0,383.4578309909,0,0,10.0909955523937,7.56824666429528,0,90.8189599715434,0,20.1819911047874,13935.6648578557,0,0,33910.790553819,905.6668508273,20.1819911047874,0,148.8421843978,0,0,27.7502377690827,7368.9495021355,0,28814.8377998602,88.296211083445,25.2274888809843,0,0,0,32.7957355452796,37.8412333214764,0
"SRX18091649",149362.398014788,5051.1625334958,80.0674640387642,65.6668410102095,0,600.2179678301,0.576024921142188,2819.9300014515,1.15204984228438,696.1261172003,0,12221.8087643343,3529.8807167593,0,12150.9576990338,304.141158363,1972.5973424514,201.8967348603,3385.010449092,0.864037381713282,2094.1386008124,35.1375201896735,276.2039496876,496.8214944851,0,16748.7886195908,2258.3057033379,8.06434889599064,0.288012460571094,0.288012460571094,74.3072148273423,20.4488847005477,9.50441119884611,0,908.9673255623,0,4725.4204405899,6306.3208366646,326.318117827,0,12.096523343986,0,263.5314014225,12.6725482651281,39.4577070982399,6511.9617335124,4.32018690856641,3711.3285669191,7668.6197751659,0,27.3611837542539,55.5864048902212,12456.8269321603,0,1328.6014806144,0,466.004161204,967.4338550583,38.8816821770977,98.7882739758853,3818.7572147121,73.443177445629,89.2838627770392,1464.8313744645,0,264.1074263436,0,5513.9985576335,255.4670525265,5678.4536726196,94.1800746067478,3369.1697637606,23.9050342274008,0,24.1930466879719,3.74416198742422,181.1598376992,1378.7156487538,5231.1703213527,1309.8806706773,98709.9345866099,1513.7934927616,4512.2912197673,8275.7500420498,88.9958503164681,201.6087223997,56155.8055247702,701.3103414906,639.9636873889,172.2314514215,1224.3409698877,15284.2452575868,1105.3918236718,42.3378317039508,0,7628.8740556071,1306.1365086899,869.7976309247,10934.3930655815,173.0954888032,328.9102299721,131.6216944809,377500.812195139,156.9667910112,2261.4738404042,616.0586531615,361.7436504772,15168.4642484372,2882.4287053955,2148.5729558603,1334.937754747,240.7784170374,35.1375201896735,77.4753518936243,404.6575071023,12794.6655484102,2400.0078339389,1354.8106145264,313.9335820224,387.6647719286,2096.4427004969,213.7052457437,2498.5080954542,952.7452195691,2637.0420889889,3524.696492469,1.44006230285547,1646.8552495455,17.2807476342656,114.0529343861,6.33627413256407,0,13.2485731862703,0,44.9299438490907,3353.6170908898,0,275.9159372271,11546.4195442951,822.563587391,4160.3399929494,0,5.47223675085079,8169.7614565596,27.3611837542539,124.7093954272,13910.1378082021,67.6829282342071,1.72807476342656,18281.014909829,318.253768931,1046.9252941759,33.4094454262469,101.380386121,0,0,102.2444235027,3951.5309590354,9.21639873827501,3.16813706628204,114.3409468467,112.3248596227,19.8728597794055,42.0498192433797,0,7.20031151427735,10.9444735017016,0
"SRX18091659",48729.5429057785,982.0672409824,2.11197256125248,0,0,0,2.11197256125248,0,0,0,0,0,6116.2725373871,0,6882.9185771218,1419.2455611616,122.4944085526,0,3957.8365797871,0,0,0,0,0,0,0,4327.4317780063,0,0,0,14133.3203799016,0,4.22394512250497,0,10.5598628062624,0,10.5598628062624,0,0,0,0,0,0,0,0,10.5598628062624,0,5784.6928452705,0,0,4.22394512250497,0,0,0,0,0,147.8380792876,0,0,59.1352317150696,10.5598628062624,0,498.4255244555,726.5185610708,0,0,0,15411.0637794593,2.11197256125248,3797.3266651319,0,0,0,0,0,0,129765.930081036,38.0155061025447,576.5685092219,1362.2223020078,20925.4241368896,0,690.6150275295,0,0,0,54501.5639156816,2872.2826833033,0,23404.8799238,0,42549.9111915537,292263.210916364,0,0,103.4866555013,120.3824359913,0,40.1274786637972,2065.5091649049,0,0,239689.877949106,2.11197256125248,8.44789024500994,25.3436707350298,215.4212012477,1898.6633325659,0,956.7235702473,4.22394512250497,0,0,0,0,0,0,0,0,0,6.33591768375745,0,0,0,6116.2725373871,0,0,21.1197256125248,0,0,0,0,25.3436707350298,0,0,31.6795884187873,0,7165.9229003296,0,0,0,0,0,0,0,0,373.8191433416,9518.6603335649,0,41808.6088225541,0,0,0,0,0,6.33591768375745,0,2204.8993539475,5396.089894,0,0,73.9190396438369,12.6718353675149,0,0,0,4.22394512250497,0
"SRX18091671",57108.8106338053,528.3453478051,0,7.60209133532635,0,0,9.50261416915794,0,0,0,0,26.6073196736422,31997.2024303886,0,9367.6770479558,3016.1297372907,11.4031370029895,0,4779.8149270864,1.90052283383159,0,0,0,22.806274005979,0,0,4947.0609364636,0,0,0,3.80104566766317,0,0,0,34.2094110089686,0,3.80104566766317,0,3.80104566766317,0,0,0,3.80104566766317,0,0,3.80104566766317,0,6492.1860003687,0,0,0,1.90052283383159,0,0,0,0,201.4554203861,0,0,0,20.9057511721475,0,610.0678296599,1012.9786704322,0,0,0,19723.6259695042,0,4901.4483884516,0,0,0,0,0,0,0,1.90052283383159,756.4080878649,6378.1546303388,24600.367561116,3.80104566766317,792.5180217077,0,0,0,67694.7228182473,2428.8681816367,7.60209133532635,27601.2931157361,0,21551.9289356501,321752.814199186,0,0,108.3298015284,81.7224818547582,0,83.6230046885898,2489.6849123193,0,0,297006.106379865,0,3.80104566766317,0,4405.4119288216,2632.2241248567,0,2552.4021658358,0,0,0,1.90052283383159,0,36.1099338428002,537.8479619743,0,0,0,0,9.50261416915794,0,0,4321.788924133,0,0,24.7067968398106,0,30.4083653413054,0,0,0,1.90052283383159,1.90052283383159,34.2094110089686,0,2818.4753625722,0,0,0,0,0,0,0,1.90052283383159,38.0104566766317,0,0,60907.9557786347,0,3.80104566766317,0,0,0,3.80104566766317,0,908.4499145714,0,7.60209133532635,0,0,2527.695368996,0,0,0,5.70156850149476,0
"SRX18091681",251667.95521576,4916.1064394578,49.6683532696094,2655.7544764266,0,3955.7926910101,0.353511411171597,333.8915278515,69.4649922952188,704.7249981705,261.2449328558,608.923405743,6355.7816614541,21.03392896471,7494.4419168378,405.3008329082,1506.3121230021,328.0585895672,184.0026895148,289.5258457495,306.3176377801,1077.3260255454,0,744.3182762217,60.4504513103431,1518.5082666875,2368.1729434385,760.7565568412,2179.9281169896,308.4387062472,2940.8614295365,1437.0238864125,24.3922873708402,2.47457987820118,8902.1243561231,0.353511411171597,3359.242184658,595.1364607073,225.717036033,715.1535848001,116.6587656866,72.4698392901774,1530.704410373,1406.4451493461,507.2888750312,78.1260218689229,650.6377522613,634.7297387586,855.4976150352,1.23728993910059,1080.1541168348,1897.4724994635,1082.8054524186,518.7779958943,106.5836904682,19.4431276144378,7448.3086776799,548.4729544327,2731.7594298285,80.9541131582957,1014.0474829457,28.2809128937278,162.7920048445,143.1721215244,104.10911059,530.9741395797,3710.1022602459,3625.7897886814,982.5849673514,4280.6696778768,171.4530344182,1109.495563962,813.6065128114,59.2131613712425,9.01454098487572,92.4432340213726,56.9153371986271,8898.5892420114,4407.4035187818,6698.3342188794,53928.3425299326,754.7468628513,1890.4022712401,2524.7784985875,2.47457987820118,111.0025831078,47409.2385965172,6866.605650597,98.8064394224613,5307.0900602135,1378.340992158,40918.23882029,4557.115601413,645.5118367993,6.71671681226034,6599.5277794569,3434.5401152376,2573.5630733292,11438.5687312793,208.7484882968,2309.6668048896,71.5860607622484,295542.609967678,331.4169479733,935.0376825488,2780.0137374534,1627.2130256228,2801.7546892404,795.9309422528,3577.8889924677,1173.6578850897,11.4891208630769,2122.129001263,1671.5787077248,265.4870697898,6432.1401262672,764.4684266585,1673.3462647807,2315.8532545851,1362.0794672441,44.0121706908638,194.4312761443,1747.05339401,5690.4731856291,12659.9506568772,50.021864680781,640.2091656317,1098.5367102157,5787.8655794069,233.84779849,10.2518309239763,189.4821163879,2769.2316394127,162.0849820221,1646.6561532372,1553.1523849824,55.1477801427691,7633.902168545,1994.1578704189,1533.8860130735,1592.7456630336,2474.9333896123,4567.367432337,971.4493578995,1256.2027995982,1133.8878513328,5355.6978792496,70.5255265287336,8.30751816253253,16024.3187569973,3068.8325603806,102.3415535341,0,212.9906252308,19.0896162032662,105.5231562347,221.2981433934,7047.7802488225,2.47457987820118,12046.0780913777,1222.2657041257,6310.0019337074,343.6130916587,3095.8761833352,0,72.1163278790058,150.5958611591,7.07022822343194
"SRX18091682",152372.867388328,3977.0745303541,285.6088152652,7380.6736529819,0,6001.1717863646,1.12888859788649,335.2799135722,3.38666579365948,338.6665793659,2.25777719577299,5551.8741244057,6068.9051022377,38.3822123281408,10909.579409975,2704.817080536,7405.5092021354,190.7821730428,117.4044141801,223.5199423815,434.6221101863,357.85768553,0,19811.9948929079,149.013294921,2374.0527213552,3099.9280897963,1349.0218744743,2271.3238589476,449.2976619588,5680.5674245648,233.6799397625,1.12888859788649,0,4928.7276183724,0,3291.839151437,358.9865741279,171.5910668787,33.8666579365948,1181.9463619871,0,987.7775231506,123.0488571696,511.3865348425,240.4532713498,247.2266029371,1027.2886240767,772.1598009543,0,59.8310956879842,853.4397800021,1482.2307290249,475.2620997102,176.1066212702,0,4597.9632591916,240.4532713498,235.9377169582,0,721.3598140494,32.7377693387083,66.6044272753032,1598.5062546072,4.51555439154598,93.6977536245791,386.0799004771,3208.3013951934,202.0710590216,4490.7188423924,109.5021939949,796.9953501078,155.7866265083,0,804.897570293,31.6088807408219,21.4488833598434,8614.5488904718,6711.2427144352,4597.9632591916,85026.7603042129,1687.6884538403,1565.7684852685,8745.4999678266,4.51555439154598,195.2977274343,55537.9323502218,2251.0038641856,555.4131901601,22587.9319551108,384.9510118792,23562.1628150869,24670.7314182114,76.7644246562816,0,12925.7744458003,3020.9058879442,1117.5997119076,7364.8692126114,530.5776410066,1014.8708494999,1207.9107997385,327889.079921926,6105.0295373701,887.3064379387,1382.8885324109,598.3109568798,2856.0881526528,1475.4573974376,4577.6432644297,2039.9016963808,143.3688519315,6311.6161507833,460.5865479376,1536.4173817235,2968.9770124414,571.2176305305,2349.2171722017,1610.924029184,1407.7240815644,100.4710852118,258.515488916,1640.275132729,7992.5312730363,4546.0343836889,67.7333158731897,133.2088545506,719.1020368536,1634.6306897396,4276.230008794,564.4442989432,38.3822123281408,1969.9106033119,3.38666579365948,458.3287707419,2655.145982229,0,3388.9235708552,1854.7639663275,789.0931299226,580.2487393136,2123.4394526244,1420.1418561412,992.2930775422,144.4977405294,583.6354051073,4189.3055867567,0,3.38666579365948,22927.7274230747,912.1419870922,408.6576724349,351.0843539426,149.013294921,0,685.2353789171,37.2533237302543,2438.3993714348,605.0842884671,7892.0601878244,1013.741960902,681.8487131234,7.90222018520546,4468.1410704347,0,2.25777719577299,251.7421573286,65.4755386774167
"SRX18091705",47268.5980408362,843.269297571,0,0,0,0,2.39565141355412,0,0,0,0,467.152025643,21524.9279507837,0,6705.4283065379,2443.5644418251,9.58260565421647,19.1652113084329,3936.0552724694,0,2.39565141355412,0,0,0,0,0,4065.4204488013,0,0,0,0,0,0,0,28.7478169626494,0,0,0,0,0,287.4781696264,0,0,0,0,0,0,5119.5070707651,0,0,0,0,0,0,0,0,182.0695074301,0,0,12986.8263128768,57.4956339252988,0,476.7346312972,998.986639452,0,0,0,14436.1954180771,0,3454.529338345,0,0,0,0,0,0,108515.822079761,0,596.5172019749,680.3650014493,21752.5148350713,0,606.0998076291,0,0,0,51003.4185945671,2575.3252695706,112.595616437,19692.2546194148,0,42189.8170441015,351909.214394032,0,0,946.2823083538,153.3216904674,0,40.72607403042,1720.0777149318,76.6608452337317,4.79130282710823,212824.880277321,0,0,0,1590.7125385999,1914.1254794297,0,1437.3908481324,273.1042611451,0,0,0,273.1042611451,0,4.79130282710823,0,0,0,0,924.7214456318,0,0,5284.8070183003,0,0,64.6825881659611,0,0,0,0,0,0,0,76.6608452337317,0,2328.5731739746,0,0,0,0,0,11.9782570677706,0,23.9565141355412,165.2999475352,1619.4603555625,0,42295.2257062979,0,124.5738735048,0,0,0,21.560862721987,0,843.269297571,0,0,0,0,0,0,0,0,4.79130282710823,0
"SRX18091785",195352.663275625,14003.1394804763,12.0749249090607,6029.9156264621,0,1812.7481019727,0.754682806816295,528.2779647714,0,6.79214526134666,0,2724.4049326068,4353.7651125232,0,8807.1483555461,393.1897423512,6462.3488747679,36.9794575339985,153.2006097837,2.26404842044889,30.1873122726518,7.54682806816295,0,39.2435059544474,88.2978883975065,371.3039409536,1672.3770999049,144.1444161019,29.4326294658355,4.52809684089777,13804.6579022836,1521.4405385416,0,0,8729.416026444,13.5842905226933,3822.4684165245,141.8803676814,161.5021206586,2582.5245649253,247.5359606357,0,447.526904442,606.0102938734,0.754682806816295,85.2791571702413,2370.4586962099,681.4785745551,1.50936561363259,0,679.2145261346,2036.1342127903,3.01873122726518,131.314808386,587.8979065098,0,22565.770606614,513.9389914418,7103.8292605617,30.9419950794681,949.3909709748,0,52.8277964771407,143.389733295,636.1976061461,1332.0151540307,0,830.1510874979,5.28277964771407,4321.3137518301,18.1123873635911,1750.8641118138,286.7794665901,0,0,30.1873122726518,864.8664966114,30225.8010957994,6559.7029568472,8652.4383801488,48830.9963322415,14.3389733295096,1699.5456809502,9.81087648861184,0,1.50936561363259,48567.6120326626,1239.1891687923,322.2495585105,21884.2920320589,203.0096750335,28685.4934870873,4295.6545363983,486.0157275896,0,5442.7724027591,3343.999517003,3057.9747332196,26.4138982385703,276.9685901015,541.1075724872,47.5450168294266,299814.348029523,28.6779466590192,602.9915626462,6759.6939006535,8.30151087497925,3064.0121956741,485.2610447828,4585.4527342158,563.7480566917,0,16722.2616334354,5039.7717839192,187.1613360904,575.068298794,4749.2189032949,3409.656921196,6913.649193244,76.2229634884458,3.01873122726518,4.52809684089777,2701.7644484023,467.9033402261,11440.2366685282,3.77341403408148,489.0344588169,732.0423226118,268.6670792266,12.0749249090607,7.54682806816295,43.0169199885288,485.2610447828,0,541.1075724872,2457.2472189938,49.0543824430592,11481.7442229031,1566.7215069506,3685.1161456839,1145.6085007471,136.5975880337,26332.3924954341,3.01873122726518,2550.827887039,238.4797669539,5402.7742139978,310.9293164083,1.50936561363259,19187.0556804974,2015.0030941995,131.314808386,0,129.8054427724,0,31.6966778862844,149.4271957496,2088.9620092675,0,11336.8451239943,476.204851101,73.2042322611806,3.77341403408148,310.9293164083,0,327.5323381582,18.1123873635911,0
"SRX18091839",177203.769333153,2696.0286242912,230.8753794282,2347.0557005471,0,3439.0146763683,46.458793709834,518.4943236929,209.5965426145,730.5733972691,97.1733547824008,2082.134182217,5960.5568387876,56.034270275983,7563.562545417,1660.8132133065,2798.1670409968,413.1640814653,82.9874635732912,301.0955409133,1737.7716731159,742.2767575166,3.5464728022774,3012.0193509741,37.9472589843682,3574.8445846956,3230.8367228747,1045.5001821113,2449.9034118132,98.2372966230841,12617.6409359425,1441.2865468455,225.910317505,0,9296.0145093295,27.307840577536,2898.5322213013,284.0724714624,609.6386747114,1379.2232728056,242.2240923955,7.09294560455481,1721.4578982254,3117.3495932018,292.2293589076,80.8595798919248,688.0157236418,1765.7888082539,1384.542982009,0,1737.4170258356,4270.3079012222,2302.7247905187,4268.1800175408,370.2517605577,98.2372966230841,11933.171685103,1061.8139570018,4639.141072659,50.7145610725669,1520.7275376165,33.3368443414076,320.2464940456,248.2530961594,584.8133650955,297.1944208308,1418.2344736307,3950.4160544567,713.1956805379,3426.2473742801,267.7586965719,912.8620993062,5164.0190473961,695.8179638068,34.7554334623185,118.0975443158,74.4759288478255,2179.6621842796,7594.0622115166,5276.087587948,103814.479751945,2865.9046715203,3902.8933189062,559.6334081993,2016.8790826551,199.6664187682,38595.5542126245,3668.8261139559,4938.4633771712,8582.109534231,163.1377489047,28894.8871565551,7443.6917647,879.1706076845,0.709294560455481,8572.1794103847,2561.9719523651,1799.8349471557,7108.1954376045,173.7771673115,1909.0663094659,6009.498163459,249504.646411342,1573.9246296507,1810.1197182823,4763.2676207387,907.1877428225,4043.3336418764,1779.974699463,4056.4555912448,3009.8914672928,57.4528593968939,10929.1652347782,1420.3623573121,434.0882709987,4908.3183583519,1454.7631434941,245.4159179175,2426.1420440379,1271.4104996164,68.0922778037261,1368.2292071186,2515.8678059355,5298.4303666024,9968.4257526413,19.8602476927535,504.663079764,3097.489345509,4452.9512505395,677.0216579547,32.9821970611799,1067.4883134854,7481.9936709646,355.7112220684,1255.4513720062,1009.6808068083,42.2030263471011,5316.517377894,1030.6049963418,248.6077434396,1364.6827343163,3619.175494724,12890.7193417179,1202.6089272522,1388.4441020916,982.0183189506,8665.4516450846,563.5345282818,6.02900376387159,13692.2221950325,5365.8133498457,138.3124392888,13.1219493684264,407.1350777014,58.8714485178049,173.7771673115,871.0137202393,4768.2326826619,73.0573397269145,14124.5372296302,16622.6726715544,6158.0953738744,123.062606239,3113.0938258391,34.4007861820908,26.5985460170805,160.6552179431,312.0896066004
"SRX18091865",71979.5350001564,790.1242294333,0,1666.3015927652,0,5.86725912945521,7.82301217260694,0,0,48.8938260787934,1.95575304315173,371.5930781988,5217.9491191288,0,7924.7113308508,1239.9474293582,3064.6650186187,0,3784.3821384986,0,5.86725912945521,15.6460243452139,0,0,0,0,5751.8696999092,0,0,0,289.4514503864,0,0,0,234.6903651782,0,86.0531338986764,0,0,0,0,0,0,0,0,277.7169321275,0,7240.1977657477,0,0,37.159307819883,46.9380730356417,0,0,0,0,207.309822574,23.4690365178208,39.1150608630347,10713.6151703852,107.5664173733,0,348.124041681,2761.5232969302,0,0,0,18033.9988109021,0,4269.4088932002,3.91150608630347,0,0,0,0,1.95575304315173,83432.424820853,19.5575304315174,919.2039302813,97.7876521575868,29858.4817097975,29.336295647276,803.8145007353,0,0,606.283443377,70898.0035672935,7899.2865412898,4271.3646462433,17957.7244422192,3.91150608630347,32950.5272710204,207288.309290609,0,0,516.318803392,305.0974747316,50.8495791219451,48.8938260787934,1560.690928435,15.6460243452139,13.6902713020621,304991.86406734,0,27.3805426041243,465.4692242701,1854.0538849078,2333.21338048,0,2980.5676377632,11.7345182589104,979.832274619,103.654911287,11.7345182589104,0,2110.2575335607,1261.4607128328,0,0,3.91150608630347,741.2304033545,1681.9476171104,17.6017773883656,0,1171.4960728478,0,37.159307819883,1785.6025283975,0,0,0,0,1.95575304315173,9.77876521575868,5.86725912945521,301.1859686453,0,2391.8859717745,0,1.95575304315173,13.6902713020621,0,0,0,0,23.4690365178208,221.0000938761,7249.9765309634,0,60612.6983133585,0,1.95575304315173,0,0,3.91150608630347,31.2920486904278,0,271.849672998,48.8938260787934,0,0,0,1.95575304315173,0,0,58.6725912945521,31.2920486904278,0
"SRX18092034",169752.314235677,787.1757476644,244.0855031517,4039.6150771615,0,1806.2327233229,6.10213757879385,320.3622228866,6.10213757879385,555.2945196702,152.5534394698,7710.050830806,6864.904776143,57.9703069985416,14599.3641572642,2913.770693874,3945.0319446902,277.6472598351,131.195957944,451.5581808307,256.2897783093,536.9881069338,0,1263.1424788103,70.1745821561293,2562.8977830934,1827.5902048487,347.8218419912,353.92397957,21.3574815257785,9086.082854824,530.885969355,54.9192382091447,0,5128.8466349762,0,2590.3574021979,79.3277885243201,125.0938203652,277.6472598351,2892.4132123482,0,655.9797897203,2922.9239002422,106.7874076288,433.2517680943,527.8349005656,421.0474929367,356.9750483594,0,247.1365719411,161.706645838,1610.9643208015,414.9453553579,640.7244457733,3.05106878939693,5943.4820017452,613.2648266687,5681.090085857,433.2517680943,842.0949858735,36.6128254727631,112.8895452076,5952.6352081134,3371.4310122836,61.0213757879385,622.4180330369,2300.5058672052,292.9026037821,3450.7588008079,100.68527005,662.0819272991,67.1235133667324,0,0,73.2256509455262,140.3491643122,1046.5165947631,4512.530739518,6770.3216436717,94009.531538898,976.342012607,1424.8491246483,375.2814610958,3.05106878939693,686.4904776143,74436.9252549168,1937.428681267,1101.4358329722,15438.4080743484,723.103303087,38074.2874228842,23059.9779102619,76.2767197349231,0,7572.7527352831,4158.606759948,799.3800228219,4720.003417197,295.9536725715,1467.5640876999,118.9916827864,300518.07148044,3240.2350543395,695.6436839824,1577.4025641182,646.8265833521,3188.3668849197,680.3883400355,4350.82409368,3304.3074989168,180.0130585744,6904.5686704052,1418.7469870695,2184.5652532081,2697.1448098268,393.5878738322,2550.6935079358,2172.3609780506,216.6258840471,201.3705401001,1253.9892724421,1455.3598125423,1754.3645539032,5559.0473342811,424.0985617261,70.1745821561293,555.2945196702,2041.1650201065,350.8729107806,527.8349005656,0,7545.2931161785,6.10213757879385,347.8218419912,1906.917993373,0,2010.6543322125,399.6900114109,115.940613997,875.6567425569,695.6436839824,445.4560432519,5955.6862769027,323.413291676,326.4643604654,3038.8645142393,167.8087834168,0,25982.9018105042,6251.6399494743,970.2398750282,6.10213757879385,134.2470267334,45.7660318409539,195.2684025214,180.0130585744,4741.3608987228,305.1068789396,7395.7907454981,10291.2550266358,1714.700659641,21.3574815257785,720.0522342976,0,0,85.4299261031139,9.15320636819078
"SRX18092045",86497.8436970242,60.7409288944599,270.5732287116,44.1752210141526,0,759.2616111807,2.76095131338454,325.7922549793,0,2.76095131338454,0,1427.4118290198,2437.9200097185,0,6278.4032866364,7645.0741867617,347.8798654864,149.0913709227,982.8986675648,5.52190262676908,162.8961274896,99.3942472818434,0,2.76095131338454,0,2683.6446766097,5408.7036229203,0,1882.9687957282,325.7922549793,1402.5632671993,648.8235586453,0,2.76095131338454,947.0063004908,0,474.8836259021,57.9799775810753,0,69.0237828346135,187.7446893101,0,80.0675880881517,6932.7487479085,0,1703.5069603582,0,16466.3136330253,1167.8824055616,0,11.0438052535382,0,1802.9012076401,535.6245547966,590.8435810642,0,1786.3354997597,524.580749543,215.3542024439,0,1159.5995516215,0,33.1314157606145,1181.6871621285,0,0,184.9837379967,9470.0630049089,0,6656.6536165701,0,46.9361723275372,0,0,0,82.8285394015362,38.6533183873836,27.6095131338454,1322.4956791111,3672.0652468014,64407.4722386345,0,6819.5497440598,0,0,0,98336.8029288171,2092.8010955454,2316.4381519296,16250.9594305814,121.4818577889,26891.6657923654,16982.6115286283,0,0,1623.4393722701,4279.474535746,861.4168097759,0,1446.7384882134,596.365483691,52.4580749543063,409893.592936382,35.892367073999,585.3216784375,1156.8386003081,0,2951.456954008,80.0675880881517,3070.1778604836,477.6445772155,1877.4468931014,3857.0489847982,138.0475656692,1275.5595067836,7236.4533923808,651.5845099587,1220.3404805159,69.0237828346135,69.0237828346135,557.7121653036,331.3141576061,259.5294234581,0,621.2140455115,444.5131614549,0,5008.3656824795,0,0,0,0,7101.166778025,0,0,96.6332959684589,0,1675.8974472244,35.892367073999,5.52190262676908,847.612053209,0,0,22.0876105070763,2.76095131338454,57.9799775810753,1535.0889302418,0,0,89949.0328387549,11593.2345649016,0,0,593.6045323776,0,226.3980076975,11.0438052535382,1082.2929148467,0,0,22755.7607249153,2.76095131338454,0,30.3704644472299,0,121.4818577889,16.5657078803072,0
"SRX18092048",46962.3772834596,489.3127873741,0,11.6503044612899,0,19.4171741021499,0,0,0,166.9876972784,0,912.607182801,12388.1570771716,0,4900.8947433826,0,15.5337392817199,7.76686964085995,0,0,0,3.88343482042997,0,0,0,0,2854.324593016,0,77.6686964085995,15.5337392817199,7.76686964085995,0,0,0,582.5152230644,0,143.6870883559,0,0,0,333.9753945569,0,0,0,0,0,0,16434.6961600596,0,0,0,0,0,0,0,0,23.3006089225798,0,7.76686964085995,0,217.472349944,0,7.76686964085995,629.1164409096,7.76686964085995,0,0,31300.4846526655,0,1825.214365602,0,0,0,0,0,0,0,3.88343482042997,66.0183919473096,1130.0795327451,47657.5121163166,0,27.1840437430098,0,0,0,144700.664844041,33960.6375046601,3.88343482042997,0,15.5337392817199,21568.596992668,139.8036535354,0,0,652.4170498322,9390.1453957996,19.4171741021499,0,699.0182676773,314.5582204548,15.5337392817199,468617.963216105,0,466.0121784515,1623.2757549397,0,3.88343482042997,0,66.0183919473096,0,0,19.4171741021499,912.607182801,46.6012178451597,6551.3545420653,2225.2081521063,0,0,27.1840437430098,0,2046.5701503665,3.88343482042997,19.4171741021499,8982.3847396545,50.4846526655897,0,3091.2141170622,23.3006089225798,0,0,0,3.88343482042997,0,3.88343482042997,50.4846526655897,0,155.3373928171,0,0,0,0,0,15.5337392817199,481.5459177333,42.7177830247297,341.7422641978,0,0,123101.00037281,0,0,0,0,0,46.6012178451597,0,54.3680874860196,0,3.88343482042997,0,0,0,0,0,0,209.7054803032,0
"SRX18092050",137853.144113033,4203.0877780986,1538.8724606909,623.6839928791,0,1302.9572112105,35.2517039453436,437.9346297825,0,84.0617555619732,77.2825817263302,4253.2536644824,4460.696383853,21.6933562740576,9013.5895318709,1344.9880889915,5146.7487760201,154.5651634526,535.5547330157,314.5536659738,31.1841996439578,231.8477451789,0,828.4150427155,0,7675.380616715,3914.2949727002,1393.7981406082,761.9791391262,0,2824.2038199288,27.116695342572,0,0,4188.1735956602,12.2025129041574,2710.31369949,699.6107398383,46.0983820823724,52.8775559180154,672.4940444957,391.8362477001,603.3464713722,1.3558347671286,55.5892254522726,511.1497072074,0,5206.4055057738,406.7504301385,0,29.8283648768292,94.908433699002,3404.5011002599,9173.5780343921,749.7766262221,0,3176.7208593823,836.5500513183,1961.892908035,245.4060928502,1269.0613420323,25.7608605754434,519.2847158102,256.2527709873,0,0,6967.6348682738,2607.2702571882,0,5274.1972441302,88.129259863359,1391.0864710739,192.5285369322,0,2261.5323915705,551.8247502213,2390.3366944477,33544.7079735286,4053.9459537145,2177.4706360085,76493.4858918613,2058.1571765012,1373.4606191012,39.3192082467294,0,291.5044749326,66345.0626599037,9667.1018896269,459.6279860565,9447.456657352,165.4118415896,26008.9783378279,10106.3923541765,61.012564520787,0,9207.4739035703,1698.8609632121,347.0937003849,131.5159724114,535.5547330157,561.3155935912,420.3087778098,367466.473595796,62.3683992879156,1271.7730115666,2756.4120815724,5404.3573817745,4300.7078813319,482.6771770977,5659.2543179947,1195.8462646074,1184.9995864703,4898.6310136356,980.2685366339,1601.2408599788,4109.5351791667,2012.0587944188,2704.8903604215,1064.3302921959,235.9152494803,1681.2351112394,700.9665746054,1255.502994361,1052.1277792917,9879.9679480661,252.1852666859,101.6876075346,1504.9765915127,92.1967641647448,456.9163165223,46.0983820823724,0,2420.1650593245,0,1000.6060581409,1300.2455416763,2.7116695342572,1107.717004744,40.675043013858,3475.0045081506,0,178.9701892609,671.1382097286,150.4976591512,24.4050258083148,578.9414455639,6448.3501524636,0,6.779173835643,39696.1303119911,336.2470222478,498.9471943033,0,2153.0656102002,0,321.3328398094,458.2721512894,844.6850599211,0,6513.4302212857,1023.655249182,523.3522201116,2.7116695342572,604.7023061393,0,43.3867125481152,1572.7683298691,273.8786229599
"SRX18092063",153561.548674957,4413.4942800848,19.901949727675,4409.7034325177,0.947711891794047,339.2808572622,3.79084756717619,72.0261037763476,5.68627135076428,358.2350950981,42.6470351307321,2863.9853370016,3623.1025623286,83.3986464778761,9075.2890758197,322.2220432099,679.5094264163,89.0849178286404,40.751611347144,2.84313567538214,364.8690783407,13.2679664851167,0,13.2679664851167,0,276.7318724038,6674.7348539054,1153.3653723133,30529.5908822534,6298.4932328632,5538.4282956444,902.2217209879,0,0,1597.8422495647,46.4378826979083,3123.6583953531,66.3398324255833,109.9345794481,59.705849183025,501.339590759,0,404.672977796,22.7450854030571,13.2679664851167,80.555510802494,0,7877.3812445921,25.5882210784393,0,15.1633902687048,2871.5670321359,0,4440.9779249469,141.2090718773,0,2290.6196424662,606.5356107481,460.5879794119,83.3986464778761,1789.2800517071,0,555.3591685913,3382.3837418129,145.9476313362,0,625.489848584,2043.2668387079,0,4353.7884309018,79.6077989107,447.3200129267,226.5031421387,0,1818.6591203527,11.3725427015286,8.52940702614642,16176.4942810325,6906.924267395,2985.2924591512,103546.053585526,167.7450048475,3333.1027234396,7.58169513435238,120.3594102578,90.9803416122285,66853.4922709356,1691.6657268523,1430.0972447172,8469.7011769633,217.0260232208,40762.9838898455,1874.5741219686,36.9607637799678,0,7899.1786181033,1834.7702225132,1048.1693523242,40.751611347144,823.561633969,806.5028199167,1834.7702225132,349966.308842247,216.078311329,727.8427328978,580.9473896697,673.8231550655,296.6338221315,2330.4235419215,1724.8356430651,860.5223977489,483.3330648149,7162.8064781794,336.4377215868,9383.2954406528,835.8818885623,2858.2990656508,1615.8487755088,1839.5087819722,732.5812923567,161.1110216049,921.1759588238,2320.9464230036,212.2874637618,5784.8333875108,0.947711891794047,302.3200934823,2640.3253305382,3.79084756717619,12.3202545933226,2420.4561716419,189.5423783588,3204.2139061556,1.89542378358809,760.0649372188,2497.2208348773,0,749.640106409,20.849661619469,2513.3319370378,37.9084756717619,62.5489848584071,270.0978891613,30.3267805374095,317.483483751,65.3921205337893,20933.0602659469,0,0,23971.4245910386,1667.9729295575,200.9149210603,166.7972929557,254.9344988925,0,222.7122945716,116.5685626906,664.3460361476,3.79084756717619,416.9932323893,1812.972849002,32.2222043209976,185.7515307916,103.3005962055,0,0,50.2287302650845,11.3725427015286
"SRX18092089",56534.4557618014,464.0097042329,0,0,0,0,0,0,0,0,0,0,34960.611311062,0,8534.6504025762,2970.0096799028,0,0,6306.7086766338,0,0,0,0,0,0,0,5137.1261637172,0,0,0,0,0,0,0,3.47572812159487,0,0,0,0,0,0,0,0,0,0,0,0,6873.2523604538,0,0,0,0,0,0,0,0,194.6407748093,0,0,0,24.3300968511641,0,575.2330041239,908.902903797,0,0,0,21328.8056181669,0,4763.4853906457,0,0,0,0,5.21359218239231,0,0,0,667.3397993462,0,24832.3395647345,0,771.611642994,0,0,0,63762.2323906579,9007.3494271131,0,33160.1841440758,0,20916.9318357579,305485.220335095,0,0,19.1165046687718,13.9029124863795,0,78.2038827358846,2351.3300742589,0,0,296536.958286049,0,0,0,0,2578.9902662233,0,10053.5435917131,0,0,0,0,0,0,0,0,0,0,0,0,1.73786406079744,0,14354.7571421868,0,0,0,0,0,0,0,0,0,0,1.73786406079744,0,3336.698996731,0,1.73786406079744,0,0,0,0,0,0,12.1650484255821,0,0,57837.8538073994,0,0,0,0,0,3.47572812159487,0,1704.8446436422,0,0,0,0,2924.825214322,0,0,0,0,0
"SRX18092126",207890.6400504,9411.2348552297,201.2360527535,3334.5829233116,0,3158.0783388783,2.3429812092907,2451.0186761635,0,154.1160973222,92.4175921442443,1826.7443495103,5410.7246059886,13.0165622738372,7845.0820824416,916.1056528326,1577.607347589,295.4759636161,204.0996964537,274.6494639779,140.0582100664,649.7867887099,0,49.983599131535,35.9257118757908,14347.8962632053,2828.4989821048,312.6578258175,1555.218860478,172.3392845056,872.109672347,330.1000192645,0.780993736430234,0.520662490953489,2228.1751300354,54.4092303046396,3671.711886204,101.0085232449,228.831164774,779.4317489573,77.8390423975466,22.6488183564768,483.9557853412,52.5869115863024,57.5332052503606,302.5049072439,1759.8392194227,741.9440496087,5248.5382400566,13.5372247647907,365.7653998948,2425.5062141068,8850.4813524728,565.6997964209,234.5584521745,0.260331245476745,12970.2233121423,603.1874957696,1205.8543290482,1235.5320910326,1248.0279908155,73.1530799789652,245.75269573,401.6911117706,2699.6350155938,43.9959804855698,1072.3044001187,3249.7149372862,335.0463129285,4414.1765983036,205.6616839266,761.208561774,2707.1846217126,19.2645121652791,181.4508780972,108.0374668728,3827.6503022445,19710.1992575352,4497.4825968562,7585.0111682104,62710.9333916475,1559.9048228966,1622.1239905655,5966.0111525905,4.16529992762791,490.2037352327,44065.4889281121,3226.2851251932,1198.8253854204,13367.2284614944,1525.0204360027,29535.6211243185,7303.0724293591,428.2448988092,0,6550.7151299313,2429.4111827889,1677.5745458521,5082.4469054424,215.0336087637,1780.6657190609,142.6615225212,294492.171839449,104.1324981906,951.7710334629,3579.5546253052,683.8901818674,14497.8470605999,610.4767706429,2720.2011839865,1249.5899782883,192.6451216527,4607.0820512019,1751.768950813,601.1048458058,12107.2252333869,1217.8295663402,543.3113093099,2998.4952854011,841.6509166263,221.8022211461,186.6575030068,2233.1214236995,6001.4162019753,6952.4062417019,659.4190447925,709.4026439241,1019.7174885324,949.4280522536,6.50828113691862,48.4216116586745,58.5745302322675,1410.2143567475,1.30165622738372,1062.1514815451,1067.3581064546,10.6735810645465,8436.0340096739,1358.4084388976,3101.5864586099,4591.2018452278,3210.1445879737,9949.0792083847,1620.8223343382,701.5927065598,470.4185605764,5155.0793229304,271.7858202777,4.42563117310466,16327.1947225649,269.9635015593,291.3106636884,3.64463743667442,200.7153902625,6.24794989144187,798.4359298771,178.587234397,4299.1101878029,3.90496868215117,10199.5178665333,5043.6575498664,1074.3870500825,6.24794989144187,728.1464935984,6.24794989144187,20.0455059017093,406.1167429437,11.7149060464535
"SRX18092182",91723.0649552703,521.1979774406,0,0,0,0,7.77907429015947,7.77907429015947,0,31.1162971606379,0,93.3488914819136,661.2213146635,0,11754.1812524309,0,70.0116686114352,7.77907429015947,23.3372228704784,23.3372228704784,15.5581485803189,544.5352003111,0,0,0,15.5581485803189,6806.6900038895,0,38.8953714507974,0,15.5581485803189,0,0,0,7.77907429015947,0,1197.9774406845,7.77907429015947,0,0,0,0,15.5581485803189,0,0,70.0116686114352,15.5581485803189,21229.0937378451,7.77907429015947,0,0,0,0,0,0,0,31.1162971606379,0,0,0,178.9187086736,0,0,210.0350058343,0,23.3372228704784,0,1874.7569039284,7.77907429015947,5219.758848697,0,0,0,0,0,0,23.3372228704784,54.4535200311163,1322.4426293271,1548.0357837417,35705.9509918319,0,0,0,0,0,135558.148580319,28471.4119019836,101.127965772,70.0116686114352,15.5581485803189,9708.284714119,840.1400233372,7.77907429015947,0,3119.4087903539,147.802411513,381.1746402178,0,70.0116686114352,15.5581485803189,0,486355.50369506,7.77907429015947,373.3955659276,840.1400233372,241.1513029949,1789.1870867366,0,5375.3403345001,0,7.77907429015947,0,7.77907429015947,0,31.1162971606379,9576.0404511863,132.2442629327,0,38.8953714507974,326.7211201866,217.8140801244,707.8957604045,0,116.6861143523,0,0,303.3838973162,62.2325943212758,0,0,0,0,0,23.3372228704784,2450.4084014002,0,23.3372228704784,15.5581485803189,0,0,7.77907429015947,7.77907429015947,0,7.77907429015947,0,9459.3543368339,0,0,121299.105406457,0,0,0,0,0,567.8724231816,0,7.77907429015947,0,0,0,0,0,0,0,0,0,0
"SRX18092276",116075.069629424,889.3477827041,4.33828186684945,0,0,0,4.33828186684945,0,0,17.3531274673978,0,624.7125888263,2333.995644365,0,6242.7876063963,1054.2024936444,0,0,455.5195960191,0,0,0,0,0,0,0,7266.6221269728,0,0,0,0,0,0,0,316.69457628,0,52.0593824021934,0,0,0,0,0,13.0148456005484,0,0,47.721100535344,0,17682.8368892783,0,0,0,0,0,0,0,0,242.9437845435,0,0,0,234.2672208098,0,0,78.0890736032901,0,0,0,3869.7474252297,0,8516.0473046254,0,0,0,0,0,0,0,0,1388.2501973918,104.1187648043,35534.8667713638,880.6712189704,0,0,0,4.33828186684945,133354.446305085,22029.7953198615,208.2375296087,0,0,4125.7060553738,52.0593824021934,0,0,516.255542155,1835.0932296773,0,0,785.2290178997,34.7062549347956,672.4336893616,494047.877278682,0,0,1353.543942457,0,3219.0051452022,0,3934.8216532324,0,0,0,177.8695565408,0,56.3976642690429,6472.7165453393,0,0,0,86.7656373369891,616.0360250926,0,0,56.3976642690429,0,0,9158.1130209191,0,0,0,0,34.7062549347956,0,0,17.3531274673978,0,0,0,0,0,0,0,0,17.3531274673978,4.33828186684945,255.9586301441,0,0,112673.856645814,0,0,0,0,0,21.6914093342473,0,0,0,0,0,0,0,0,0,0,247.2820664104,0
"SRX18092297",18249.2880777278,2029.6369457504,166.2959533159,2211.8853749193,0,203.135843595,0.803362093313721,152.2944996896,2191.9160885998,3207.4805405616,0.573830066652658,1155.6937542384,370.2351590042,13.6571555863332,4576.4095475682,252.2556973005,430.2577839761,77.4670589981088,29.6096314392771,13.4276235596722,8243.642737532,5.85306667985711,34.8888680524816,13659.2213745732,8.83698302645093,1062.848049454,3069.072728485,1003.5140205621,42.0043608789745,7.11549282649295,419.814076763,14.5752836929775,0,357.4961315246,214.4976789147,0,1813.7620746757,17.3296680129103,3004.5742289933,1.26242614663585,0.803362093313721,0,211.2842305415,1631.7431775334,13.0833255196806,253.5181234471,0,3656.904248764,397.3199381503,0,1565.5231878417,1720.9163698913,626.5076667713,2757.8273003326,1845.4374943549,8.60745099978986,4219.0281820569,5829.9987111776,7.23025883982348,0,4108.8528092596,3.09868235992435,2402.2821910346,196.5941808352,54.2843243053414,2006.6837430843,13.4276235596722,399.5004924035,99.6168995709014,2181.0133173334,1005.4650427887,3139.19476263,6.31213073317923,3288.161047933,3.44298039991595,1257.1469100226,136.9158539033,1632.8908376668,21080.3360945653,260.6336162736,404531.145831911,21.9203085461315,19745.7221255446,153.3273938095,18256.1740385276,43.9553831055936,23619.76367153,107.8800525306,4.13157647989913,6751.4550322085,176.5101285023,2325.6184941298,6190.1344610088,243.074416234,8035.3424233371,23120.3019815155,168.5912735825,227.5810044344,4.59064053322126,92.3866407310779,181.5598330889,10.2141751864173,198129.176263496,1087.0636782667,5774.911024779,366.677412591,338.4449733117,895.0601379648,7899.5742295671,583.5851777857,15624.7041188718,0.688596079983189,221.0393416746,5534.8205248915,165.6073572359,1017.9745382418,6784.966708101,49.1198537054675,48.7755556654759,36.3808262257785,7.00072681316242,88.2550642511787,8255.1193388651,187.183367742,660.2488746905,1.14766013330532,12.9685595063501,9047.5786609124,1140.4298744654,2400.2164027947,3.09868235992435,6805.0507604338,88.7141283045009,0,1807.4499439425,187.6424317954,0,186.8390697021,290.8170777795,78.2704210914225,247.7798227806,3.09868235992435,86.1892760112292,13.1980915330111,8.26315295979827,15.2638797729607,38968.5702943553,6120.4714909172,0.688596079983189,6977.6588444829,4542.0945095824,2500.9809624989,0,21.0021804394873,287.3740973796,304.5889993792,48.4312576254843,295.6372503394,0.114766013330532,3726.1081548023,7806.7285247827,1584.4595800413,36.266060212448,198.3156710351,1.95102222661904,0,49.4641517454591,3.09868235992435
"SRX18092298",133172.570079563,199.3584487434,0,6154.2065759003,0,7582.3789657689,21.400059469639,2249.2588821509,7.88423243618277,56.3159459727341,11.2631891945468,1568.9622548003,3589.578396302,183.5899838711,7085.6723222894,218.5058703742,1066.6240167235,42.8001189392779,863.8866112217,0,141.9161838512,20.2737405501843,0,67.5791351672809,0,576.6752867607,7263.6307115632,1298.6457141312,6976.4193871022,135.1582703345,1288.5088438561,0,0,0,442.6433353456,0,2036.384606374,15.7684648723655,22.5263783890936,11.2631891945468,90.1055135563745,0,1171.3716762328,0,117.1371676232,22177.2195240626,0,8823.5824150079,14.6421459529109,0,18.0211027112749,4054.7481100368,341.2746325947,2938.5660608572,2.25263783890936,0,4496.265126463,434.7591029095,55.1896270532794,3.37895675836404,949.4868491002,0,589.0647948747,676.9176705922,703.9493246591,0,0,5254.277759256,0,7083.4196844504,37.1685243420045,33.7895675836404,41.6738000198232,0,440.3906975067,0,0,9.01055135563745,4059.2533857146,5312.8463430677,72612.6544183238,4.50527567781873,1028.3291734621,16.8947837918202,0,139.6635460123,78151.8908642019,1360.5932547012,3745.0104071868,727.6020219677,152.0530541263,8475.5498688964,28620.8900622629,27.0316540669124,0,5593.2997540119,3098.5033474198,1197.2770113803,217.3795514547,308.6113839305,202.7374055018,360.4220542254,395438.183112425,14.6421459529109,832.349681477,786.1706057793,836.8549571548,774.9074165848,377.3168380173,672.4123949144,665.6544813977,1410.1512871572,1543.0569196529,117.1371676232,4865.6977320442,1835.8998387111,646.5070597669,17710.2386895054,13195.952460331,2.25263783890936,25.9053351474577,81.0949622007371,2631.0809958461,1866.3104495364,2989.2504122327,0,52.93698921437,874.0234814968,0,0,0,0,7687.1266252782,318.7482542056,215.1269136158,665.6544813977,0,1580.2254439949,1.12631891945468,188.0952595489,113.7582108649,18.0211027112749,19.1474216307296,97.9897459925573,128.4003568178,1.12631891945468,6278.1016570403,0,0,57709.2024760995,27.0316540669124,176.8320703543,201.6110865823,9.01055135563745,55.1896270532794,190.3478973878,22.5263783890936,119.3898054621,0,15.7684648723655,12550.5717194835,120.5161243816,0,773.7810976653,0,85.6002378785558,11.2631891945468,30.4106108252764
"SRX18092307",135894.692362626,2075.709015249,326.1828452534,14376.7560127606,0,9348.1038151037,7.41324648303231,3296.4236027883,0,1606.203404657,27.1819037711185,9797.8407684077,7764.1401498958,0,10203.0982428134,1964.5103180035,1376.3927636829,237.223887457,444.7947889819,4.94216432202154,0,726.4981553371,0,0,0,133.4384366945,3264.2995346952,2008.9897969017,187.8022442368,7.41324648303231,810.5149488115,32.12406809314,32.12406809314,0,513.9850894902,0,1366.5084350389,1887.9067710122,118.6119437285,103.7854507624,995.8461108873,0,2616.8760085104,887.1184958028,842.6390169046,187.8022442368,0,7272.3947998547,9.88432864404309,0,0,1887.9067710122,66.7192183472908,222.3973944909,3133.3321801616,0,12703.8333897563,1235.5410805053,11371.9201049715,1292.3759702086,3123.4478515176,0,279.2322841942,3805.4665279565,2013.9319612237,0,308.8852701263,7507.1476051507,0,3113.5635228735,59.3059718642585,3558.3583118555,3335.9609173645,0,0,1025.4990968194,4964.4040614706,10660.2484426004,4821.081296132,6783.1205319745,94854.9598325594,19.7686572880862,812.9860309725,9.88432864404309,0,753.6800591082,70853.3388026618,2787.3806776201,266.8768733891,33263.2369693659,219.9263123299,27582.2190812022,30391.8394982714,37.0662324151616,0,5853.9936394345,4428.1792325313,197.6865728808,2312.932902706,501.6296786851,1307.2024631746,24.7108216101077,283139.065090775,74.1324648303231,365.7201598295,1448.0541463523,551.0513219054,1564.1950079198,1571.6082544028,3610.2510372367,1576.5504187248,0,995.8461108873,2814.5625813912,1786.5924024107,494.2164322021,1870.6091958851,0,1270.1362307595,385.4888171176,84.0167934743662,882.1763314808,3377.9693141017,15510.9827246646,7645.5282061673,669.6632656339,0,1969.4524823255,2.47108216101077,0,479.389939236,0,4324.3937817688,0,101.3143686014,3103.6791942295,84.0167934743662,2300.577491901,3291.4814384663,1885.4356888512,0,274.2901198721,7840.7436968871,874.7630849978,7.41324648303231,790.7462915234,7445.3705511254,106.2565329234,0,28328.4858938274,1779.1791559277,985.9617822432,0,76.6035469913339,0,0,0,1749.5261699956,0,3434.8042038049,1020.5569324974,0,0,9479.0711696373,0,24.7108216101077,39.5373145761723,0
"SRX18092315",102663.064453879,793.0507605356,491.6914715321,121.6011166154,0,5.28700507023786,10.5740101404757,0,10.5740101404757,0,0,11483.3750125566,6143.4998916163,0,7993.9516661996,422.960405619,21988.6540871192,0,1104.9840596797,0,0,0,0,26.4350253511893,0,0,4139.7249699962,0,0,0,79.3050760535679,0,0,0,956.947917713,0,5.28700507023786,68.7310659130922,0,0,52.8700507023786,0,264.3502535118,0,0,0,0,12947.8754170125,0,0,0,0,0,0,0,0,5.28700507023786,475.8304563214,14380.6537910469,1506.7964450177,761.3287301142,0,79.3050760535679,2077.7929926034,10.5740101404757,0,0,9305.1289236186,0,1089.1230444689,0,0,0,0,0,0,15327.0276986195,0,1940.3308607772,1104.9840596797,84110.9636624141,185.0451774583,2802.112687226,0,0,3981.1148178891,100775.603643804,7306.6410070687,216.7672078797,3082.3239559486,95.1660912642815,25816.4457579714,72881.3648932289,31.7220304214272,0,2167.6720787975,724.3196946225,777.1897453249,5.28700507023786,1882.1738050046,565.7095425154,322.5073092845,336512.58571557,285.4982737928,58.1570557726165,47.5830456321408,222.0542129499,756.041725044,2268.125175132,3304.3781688986,0,5.28700507023786,0,0,1147.2801002416,15.8610152107136,19561.91875988,206.1931977392,0,79.3050760535679,10.5740101404757,1131.4190850309,1263.5942117868,0,16574.7608951957,132.1751267559,0,1253.0202016463,0,322.5073092845,0,0,47.5830456321408,0,0,9796.8203951507,0,687.3106591309,0,0,0,0,0,0,5.28700507023786,0,21190.3163215133,1253.0202016463,0,52309.6281649334,1406.3433486832,37.009035491665,5.28700507023786,237.9152281607,0,0,0,148.0361419666,0,10.5740101404757,58.1570557726165,52.8700507023786,0,0,0,0,26.4350253511893,0
"SRX18092336",111740.035372646,813.0844044156,0,0,0,0,17.3735983849503,0,0,423.9158005927,0,79.9185525707714,3.47471967699006,0,14847.4771797785,0,18349.9946141845,0,795.7108060307,0,69.4943935398012,562.9045876723,0,0,0,0,11720.2294704874,0,0,0,27.7977574159205,0,0,0,2588.6661593575,0,1574.0480136764,0,0,0,0,0,0,0,0,20.8483180619404,0,13311.6510825489,0,0,0,0,0,0,0,0,10.4241590309702,0,0,0,1177.9299704996,0,0,93.8174312787316,0,0,0,3808.2927659811,0,3200.2168225078,0,0,0,0,0,0,0,62.5449541858211,2289.8402671364,3856.9388414589,47975.4545802017,3.47471967699006,232.8062183583,0,0,0,133210.328256768,17470.890535906,93.8174312787316,0,69.4943935398012,11966.9345675537,1963.2166174993,0,0,3509.4668737599,3297.5089734635,778.3372076457,0,1747.7839975259,3.47471967699006,0,468864.774334331,0,1587.9468923844,302.3006118981,0,274.5028544822,0,705.3680944289,0,0,0,0,0,2223.8205932736,1226.5760459774,38.2219164468906,0,0,0,1031.991744066,0,0,5670.7425128477,0,0,6087.7088740865,0,0,0,0,0,0,0,3982.0287498306,0,642.8231402431,0,0,0,0,0,0,2501.7981674328,0,6456.0291598475,0,0,84393.9915147345,0,0,0,0,0,59.070234508831,0,83.3932722477614,0,0,0,0,0,0,0,0,97.2921509557216,0
"SRX18092364",88888.5412732713,3186.6420256853,0,4.46934365453761,0,0,4.46934365453761,0,0,2.23467182726881,0,46.9281083726449,9182.2665382475,0,12339.8578301783,0,44.6934365453761,0,6965.4720855968,0,0,0,0,0,0,0,9653.7822938012,0,0,0,0,0,0,0,42.4587647181073,0,17.8773746181505,0,0,0,0,0,0,0,0,0,0,11151.0124180713,0,0,0,0,0,0,0,0,306.1500403358,0,0,0,93.8562167452899,0,37.9894210635697,1537.4542171609,0,0,0,30556.9025660736,0,7819.1167236135,0,0,0,0,0,0,0,0,1112.8665699798,10147.6447676276,46054.3516881828,0,958.6742138983,0,0,0,111583.868351013,11544.3146596706,0,4.46934365453761,0,9743.1691668919,46.9281083726449,0,0,29.0507337544945,93.8562167452899,0,111.7335913634,3881.6249639659,0,0,475728.11194812,0,0,0,0,0,0,3973.2465088839,0,0,0,0,0,11034.8094830533,0,0,0,0,0,2989.9909048856,0,0,17050.5460420609,0,0,348.6088050539,0,0,0,0,0,0,0,15.6427027908816,0,5034.7156268366,0,0,0,0,0,8.93868730907523,2.23467182726881,0,125.141622327,16994.6792463792,0,89047.2029730074,0,0,0,0,0,42.4587647181073,0,46.9281083726449,0,0,0,218.9978390723,0,0,0,131.8456378088,11.173359136344,0
"SRX18092380",150142.035377526,1876.1952631729,1733.556122087,7090.8256617625,0.377352225095131,11040.9487540584,8.679101177188,2496.9396734544,0,91.3192384730216,262.6371486662,6753.8501247526,4980.6720190306,0.754704450190261,9936.4387912049,448.6717956381,6016.8812291418,147.1673677871,333.579366984,421.8797876563,1568.2758474953,53.2066637384134,0.754704450190261,385.6539740472,2.64146557566591,12144.7040124616,1466.3907467196,4662.1867410503,507.916094978,13.9620323285198,3071.2697600492,133.9600399087,5.66028337642696,0,1587.8981632003,64.5272304912673,3935.4063555171,124.9035865064,87.9230684471654,97.3568740745437,40.376688085179,0,1506.0127303546,81.8854328456433,500.7464027012,480.3693825461,0,901.4944657522,825.6466685081,0,115.8471331042,916.9659069811,7613.0811412942,9102.8677259698,126.4129954068,90.1871817977362,16814.815150239,714.327762105,1392.0523583759,577.7262566206,2246.3777959913,1.88676112547565,886.7777289735,214.7134160791,323.0135046814,0,147.5447200121,2355.8099412688,101.1303963254,5225.1962608922,178.4876024699,15.8487934539955,58.4895948897452,0,2201.4728812049,55.0934248638891,8687.40292614,14319.76223791,4895.7677683842,3689.7500569801,91372.0677845349,152.0729467133,1987.1368173509,55.4707770889842,25.2825990813737,121.1300642555,47602.6058435256,1435.8252164869,133.2053354585,5750.0932059995,7598.7417567406,24568.6486714937,3626.7322353892,308.2967679027,0.377352225095131,9722.480079576,1893.5534655273,662.630507267,6.41498782661722,257.3542175148,487.1617225978,17.358202354376,324954.227175096,42.2634492106546,1672.0477093965,2474.2985399487,2487.5058678271,14302.0266833305,638.4799648609,5906.694379414,1718.0846808581,263.3918531164,7948.1699171787,1461.8625200185,1229.0361971348,10654.9174277861,1458.8437022177,662.2531550419,1207.9044725295,43.7728581110351,300.3723711757,569.0471554434,2711.2757373085,7315.3502356941,7457.612024555,734.7047822602,76.9798539194066,3246.7385447185,153.5823556137,65.6592871665527,0,30.1881780076104,6731.2089912469,0,117.7338942296,2087.1351570011,3.7735222509513,5779.1493273319,59.9990037901257,3747.1075951946,3193.53188098,9181.3569887896,196.9778614996,4576.9051381788,552.8210097643,409.4271642282,4098.4225167582,415.4647998297,0,16685.0059848062,238.4866062601,686.7810496731,0,54.3387204136988,235.8451406844,4867.8437037271,167.5443879422,5396.8915233105,0.754704450190261,1225.6400271089,1965.6277405205,263.3918531164,9.43380562737826,5730.4708902946,30.1881780076104,21.8864290555176,578.1036088457,15.4714412289004
"SRX18092410",174654.375840174,2912.1113434373,149.0363545412,1898.3690110626,0.737803735352751,315.0421949956,0.737803735352751,520.1516334236,0,168.9570553957,25.0853270019935,5628.7046970061,4638.5720841627,47.2194390625761,11066.3182265559,2349.1670933631,6261.7403019388,443.420044947,105.5059341554,2.951214941411,707.5537822032,481.0480354499,0,9375.2720651274,143.8717283937,6586.373945494,3412.3422760064,289.9568679936,2997.6965767382,60.4999062989256,2310.8012991248,1179.748172829,2.951214941411,0,1656.3693858669,0,3525.2262475154,47.9572427979288,244.9508401371,48.6950465332816,281.1032231693,0,1134.7421449725,1563.4061152124,27.2987382080518,849.212099391,186.6643450442,1682.1925166042,298.8105128178,0,1699.1620025173,5201.5163342368,3632.9455928769,200.6826160159,363.7372415289,0,8904.5532819723,1175.3213504169,8264.1396396861,25.0853270019935,1435.0282652611,106.9815416261,190.353363721,1001.1996688736,2321.1305514197,577.7003247812,357.0970079107,1162.7786869159,120.9998125978,4271.8836276924,536.3833156014,369.6396714117,81.1584108888026,0,335.7006995855,16.9694859131133,21.3963083252298,4158.2618524481,9325.8392148587,4232.7800297187,111944.747353867,745.1817727062,4150.1460113592,249.3776625492,107.7193453615,118.0485976564,58475.3728491176,1203.3578923603,1051.3703228776,14067.7038219709,432.3529889167,22956.0254217655,2456.8864387246,348.2433630864,0,8548.1940777969,2524.7643823771,2669.3739145062,1442.4063026146,293.6458866703,709.0293896739,192.566774927,342202.963905166,489.9016802742,2414.8316258095,1187.1262101825,340.8653257329,6379.7888995952,2366.8743830116,5100.4372224935,2316.7037290076,32.4633643555211,1879.1861139434,557.0418201913,703.1269597911,5422.8574548427,1331.7357423117,396.2006058844,3037.5379784472,254.5422886966,54.5974764161036,519.4138296883,2873.0077454636,83.3718220948609,3107.6293333057,112.8839715089,29.5121494141101,1975.1005995393,1133.2665375018,2702.5750825971,168.9570553957,42.0548129151068,2914.3247546433,683.944062672,99.6035042726214,1380.4307888449,2.951214941411,2704.0506900678,74.5181772706279,500.2309325691,1463.8026109398,43.5304203858123,983.4923792252,3755.4210129455,2994.7453617968,64.1889249756894,6106.8015175147,354.1457929693,0.737803735352751,18246.6241790088,3410.1288648004,537.8589230721,12.5426635009968,562.9442500741,945.1265849868,171.9082703371,15.4938784424078,4420.9199822336,0,8113.6276776742,4634.1452617506,266.3471484623,0,187.4021487795,0,45.7438315918706,23.609719531288,2.21341120605825
"SRX18092427",162450.213130652,1247.6600735244,344.6176052684,2344.6627122848,0,905.7488892397,0.902140327928009,198.4708721441,0,442.9509010126,73.0733665621687,4186.8332619138,4383.4998534021,0,10456.7085410135,4737.1388619499,10580.3017659396,186.743047881,195.7644511603,4.51070163964005,509.7092852793,608.9447213514,0,4108.3470533841,9.02140327928009,903.0424682559,3404.6775976003,184.0366268973,91.1161731207289,0,6813.8658968402,135.3210491892,5.41284196756806,35.1834727891924,7859.4465369088,12.6299645909921,3208.011006112,63.1498229549606,183.1344865693,55.9327003315366,702.7673154559,9.9235436072081,1363.1340354992,1555.2899253478,94.724734432441,725.3208236541,0,1711.3602020794,60.4434019711766,0,561.1312839712,201.1772931279,261.6206950991,527.7520918378,36.0856131171204,0,10033.6047272153,919.2809941586,2469.1580775389,549.4034597081,1917.9503371749,431.2230767495,220.1222400144,1352.308351564,1733.9137102776,90.2140327928009,1177.293127946,2271.5893457227,221.0243803423,4165.1818940436,73.9755068900968,356.3454295315,30.6727711495523,0,1339.678386973,27.9663501657683,10.8256839351361,5406.5269852725,8218.4983874241,3235.0752159498,87594.2172804979,1040.1677981009,2652.2925641083,94.724734432441,109.1589796792,13.5321049189201,58873.6778005818,2897.6747333047,153.3638557477,31492.8167076388,2903.9897156002,19953.5397731117,28016.8700241322,36.0856131171204,22.5535081982002,6509.8446063285,2461.9409549155,1286.4521076253,6591.037235842,941.8345023568,708.1801574234,376.1925167459,337375.222715893,4748.866686213,1434.4031214055,1406.4367712397,1075.3512708901,1613.0269063352,1165.5653036829,4053.3164933805,2032.5221588218,179.5259252576,7569.8594916439,1232.3236879496,886.8039423532,1814.2041994632,599.0211777441,3844.9220776291,729.8315252937,764.112857755,405.9631475676,808.3177338234,2230.090890638,231.8500642774,2222.8737680146,15.3363855747762,17.1406662306322,1200.7487764721,580.9783711856,1207.0637587676,285.0763436252,0,4790.3651412977,1.80428065585602,317.5533954306,2174.1581903065,40.5963147567604,1451.5437876361,535.8713547892,634.2046505333,252.5992918198,46.0091567243285,4837.2764383499,193.0580301765,69.4648052504567,691.9416315207,6231.0832449987,228.2415029657,13.5321049189201,20443.4019711766,2485.3966034416,1149.3267777802,61.3455422991046,21.6513678702722,655.8560184036,244.4800288684,193.9601705045,4206.6803491283,603.5318793838,6739.8903899501,17881.323439861,1002.277904328,46.0091567243285,214.7093980468,0,67.6605245946007,18.9449468864882,0
"SRX20686806",105855.180517849,2261.0316463389,0,72.9365047206127,0,8.10405608006807,16.2081121601361,8.10405608006807,0,121.560841201,0,3946.6753109931,4797.6011994002,0,12990.8018963491,0,14076.7454110782,0,3274.0386563475,16.2081121601361,16.2081121601361,0,0,0,0,121.560841201,10721.66619393,0,0,0,5210.9080594837,8.10405608006807,0,0,129.664897281,0,859.0299444872,8.10405608006807,0,0,129.664897281,0,648.3244864054,0,8.10405608006807,964.3826735281,8.10405608006807,11353.7825681753,0,0,0,16.2081121601361,8.10405608006807,0,737.4691032861,16.2081121601361,97.2486729608169,0,0,0,875.2380566473,0,8.10405608006807,2560.8817213015,0,8.10405608006807,0,15219.4173183678,40.5202804003404,7528.6680983832,0,16.2081121601361,8.10405608006807,0,0,64.8324486405446,0,1450.6260383321,4068.2361521941,3103.853478666,42303.1727379553,121.560841201,615.9082620851,40.5202804003404,0,40.5202804003404,115774.545159852,10316.4633899266,1612.7071599335,32.4162243202723,113.4567851209,19571.2954333644,17739.778759269,0,0,4684.1444142793,1661.3314964139,226.9135702419,48.6243364804085,1288.5449167308,8.10405608006807,1231.8165241703,448632.440536488,0,105.3527290408,413.3068600834,1045.4232343287,575.3879816848,324.1622432027,2309.6559828194,1223.7124680902,81.0405608006807,0,2836.4196280238,0,3735.9698529113,1969.2856274565,2107.0545808176,470.0352526439,0,243.121682402,1183.1921876899,761.7812715263,129.664897281,5283.8445642043,0,8.10405608006807,2585.1938895417,48.6243364804085,0,8.10405608006807,0,24.3121682402042,0,0,1782.8923376149,48.6243364804085,1272.3368045706,0,16.2081121601361,0,0,24.3121682402042,0,0,275.5379067223,6394.1002471737,2423.1127679403,0,77474.7761254507,113.4567851209,218.8095141618,0,0,0,56.7283925604765,0,8.10405608006807,243.121682402,64.8324486405446,2390.69654362,24.3121682402042,48.6243364804085,0,0,0,121.560841201,0
"SRX20686807",130386.595539358,148.181893887,291.4652127696,40903.1012878353,0,2407.649614727,0,0,0,0,151.8558251404,13490.6755624788,10928.720835109,4.89857500453118,8066.7283887117,4429.5364478473,260.8491189912,8.57250625792957,20.8189437692575,1062.9907759832,318.4073752945,0,0,0,0,1234.4409011418,9837.5632528497,2694.2162524921,21884.383832743,3275.9220342802,3917.6353598738,0,112.6672251042,0,3853.9538848149,0,13.4710812624607,0,0,0,429.8499566476,0,1980.2489455817,50.2103937964446,0,48.9857500453118,0,8873.7686207082,0,0,0,155.5297563938,2.44928750226559,22608.1482896625,0,0,2242.3227083241,3775.5766847424,1796.5523829118,2378.2581646998,1396.0938762913,2.44928750226559,2.44928750226559,1107.077951024,356.3713315796,0,265.7476939958,609.8725880641,0,2923.2246339539,0,2.44928750226559,3388.5892593844,0,0,24.4928750226559,113.8918688553,3.67393125339839,9170.1324084823,4653.6462543046,105378.145497475,488.6328567019,1638.5733390156,0,0,7.34786250679677,63579.8296275613,429.8499566476,620.8943818243,9476.2933462655,50.2103937964446,42193.8758015293,112.6672251042,0,0,10075.1441405695,1241.7887636486,326.9798815524,0,442.0963941589,1375.2749325221,297.5884315252,245424.730945768,151.8558251404,1747.5666328664,264.5230502446,255.9505439867,28.1668062760543,2221.5037645548,4307.072072734,82.0511313258973,2.44928750226559,618.445094322,173.8994126608,6355.9010683792,1723.0737578438,1361.8038512596,1.2246437511328,448.2196129146,3.67393125339839,9.79715000906236,473.9371316883,1550.3989889341,0,2597.4693961526,2146.8004957357,0,3758.4316722265,271.8709127514,4.89857500453118,0,0,45043.6218104153,0,0,289.0159252673,0,5706.8398802788,0,0,0,451.893544168,8721.9127955677,19.5943000181247,0,0,10195.1592281805,0,0,27529.9915254652,3884.5699785932,1029.9253947026,0,740.9094694353,0,4.89857500453118,156.7544001449,7810.7778447249,0,77.1525563213661,45858.0099049186,0,12.246437511328,0,0,0,22.0435875203903,656.4090506071
"SRX20686808",133532.033477591,3072.7777726513,0,138.4134131824,0,73.8204870306632,0,92.275608788329,0,9.2275608788329,27.6826826364987,18187.5224921796,784.3426747007,9.2275608788329,2712.9028983768,166.0960958189,138.4134131824,9.2275608788329,0,55.3653652729974,55.3653652729974,0,0,55.3653652729974,18.4551217576658,276.8268263649,452.1504830628,0,64.5929261518303,9.2275608788329,350.6473133956,203.0063393343,0,0,572.1087744876,0,184.5512175766,0,46.1378043941645,36.9102435153316,8443.2182041321,0,18.4551217576658,166.0960958189,0,0,0,7585.0550424006,193.7787784554,0,27.6826826364987,73.8204870306632,203.0063393343,27.6826826364987,9.2275608788329,36.9102435153316,184.5512175766,0,322.9646307591,119.9582914248,1614.8231537957,0,9.2275608788329,1319.5412056731,0,24047.0236502385,156.8685349401,17034.0773823255,0,175.3236566978,9.2275608788329,46.1378043941645,27.6826826364987,0,18.4551217576658,18.4551217576658,821.2529182161,295.2819481226,193.7787784554,19405.5605281855,47927.951204658,46.1378043941645,18.4551217576658,9.2275608788329,0,36.9102435153316,110601.544693691,43268.0329608474,110.7307305459,1042.7143793081,64.5929261518303,27193.6219099205,1587.1404711592,0,0,1771.6916887359,6025.5972538778,3128.1431379243,212.2339002131,2233.0697326775,101.5031696671,110.7307305459,355528.693100553,18.4551217576658,92.275608788329,1098.0797445811,0,424.4678004263,18.4551217576658,3118.9155770455,55.3653652729974,0,332.1921916379,0,36.9102435153316,304.5095090014,63688.6251857046,83.0480479094961,36.9102435153316,36.9102435153316,0,73.8204870306632,73.8204870306632,0,267.5992654861,55.3653652729974,0,0,147.6409740613,0,0,0,267.5992654861,0,55.3653652729974,8350.9425953437,9.2275608788329,138.4134131824,55.3653652729974,18.4551217576658,110.7307305459,55.3653652729974,119.9582914248,18.4551217576658,83.0480479094961,18.4551217576658,3118.9155770455,110.7307305459,9.2275608788329,70221.7382879183,295.2819481226,0,0,0,0,46.1378043941645,36.9102435153316,129.1858523036,0,645.9292615183,1134.9899880964,9.2275608788329,18.4551217576658,0,0,0,0,0
"SRX20686809",156177.870640581,421.6239862317,345.3575313843,24.4628251397259,0,12.9509074269137,4.31696914230457,9238.3139645317,0,214.4094674011,20.1458559974213,4059.3899834803,22449.6785296978,0,3385.9427972808,23269.9026667357,349.6745005266,791.4443427558,1228.8972158427,0,10.0729279987107,7.19494857050762,0,20.1458559974213,0,5.75595885640609,5105.5355056322,0,1.43898971410152,0,319.4557165305,0,1.43898971410152,0,723.811826193,0,225.9213851139,54.6816091358579,0,0,526.6702353611,0,4809.1036245272,0,1.43898971410152,179.8737142626,0,8058.3423989685,5.75595885640609,0,105.0462491294,0,0,15.8288868551168,0,0,132.3870536973,820.2241370378,0,4688.2284885427,6661.0833865759,4.31696914230457,1.43898971410152,689.2760730546,0,0,14165.4147456153,15433.1646837388,0,2146.9726534394,0,0,9328.9703165201,0,0,1.43898971410152,15982.8587545256,556.8890193572,7048.1716196692,8314.4825680786,108917.131460344,17.2678765692183,1312.3586192605,0,0,1574.254747227,73637.4206397172,6904.2726482591,627.3995153482,24865.7422596743,279.1640045356,25310.3900813317,15005.7847386506,5.75595885640609,0,5583.2800907139,4754.4220153914,893.612612457,1.43898971410152,374.1373256663,1454.8186009566,0,280407.291648679,155.4108891229,48.9256502794518,1319.553567831,30.218783996132,538.1821530739,2752.7873230762,2239.0679951419,611.5706284931,0,178.4347245485,2158.4845711522,1169.8986375645,211.5314879729,5088.2676290629,0,0,155.4108891229,0,1338.2604341144,8766.3253383064,1.43898971410152,12076.0016807399,3023.3173893273,1.43898971410152,605.8146696367,0,44.6086811371472,1561.3038398001,657.6182993443,2.87797942820305,21.5848457115229,21.5848457115229,992.90290273,0,5278.2142713243,0,2.87797942820305,5.75595885640609,0,21196.3184887154,418.7460068035,195.7026011178,23.0238354256244,12286.0941789988,54.6816091358579,0,26588.2129474538,745.3966719045,8.63393828460914,0,109.3632182717,0,139.5820022678,84.9003931319899,1411.6489095335,0,5032.147030213,447.5258010855,44.6086811371472,0,1.43898971410152,0,0,79.1444342755838,0
"SRX20686810",108637.555034005,745.2075445839,0,0,0,0,8.56560396073527,0,0,453.9770099189,0,0,0,0,10968.2558717215,0,0,0,462.5426138797,0,0,0,0,0,0,0,6411.3545646103,0,0,0,0,0,0,0,2231.3398317715,0,505.3706336833,0,0,0,0,0,0,0,0,0,0,13833.4503965874,0,0,0,0,8.56560396073527,0,0,0,25.6968118822058,0,17.1312079214705,0,411.1489901152,0,0,4.28280198036764,0,0,0,2509.7219604954,0,21169.8901889572,0,0,0,0,0,0,0,0,1918.6952872047,1550.374316893,50468.5385366522,0,732.3591386428,0,0,0,137375.156322272,4908.0910695013,0,25.6968118822058,0,3918.7638120363,0,0,0,2274.1678515752,111.3528514895,0,8.56560396073527,278.3821287238,0,0,476791.496068388,0,0,0,0,12.8484059411029,0,3661.7956932143,0,0,0,0,4.28280198036764,55.6764257447793,10505.7132578418,0,2612.5092080242,0,0,12.8484059411029,0,0,4736.7789902866,0,0,13293.8173470611,0,0,0,0,0,0,0,9272.2662874959,0,0,0,0,0,0,0,0,0,0,818.0151782502,0,0,105408.322340808,0,0,0,0,0,0,0,0,0,4.28280198036764,0,0,0,0,0,0,835.1463861716,0
"SRX20686812",56442.9052101487,1095.4350153898,0,0,0,0,0,0,0,24.6416874627574,0,0,28438.7474854278,0,8882.2082536212,6.72046021711567,0,0,4912.6564187115,0,6.72046021711567,0,0,0,0,0,6158.1817122836,0,0,0,0,0,0,0,6330.6735245229,0,33.6023010855783,0,0,2.24015340570522,0,0,0,0,0,2.24015340570522,0,6368.7561324199,0,0,0,0,0,0,0,0,250.8971814389,0,0,11077.5585912123,78.4053691996828,0,472.6723686038,3317.6671938494,0,0,0,19209.3154539222,0,4121.8822664976,0,0,8.96061362282089,0,0,0,121546.243486754,0,761.6521579397,188.1728860792,25100.918910927,0,826.6166067052,0,0,0,63246.2511032755,2419.3656781616,0,27524.7648959,2.24015340570522,40723.7487623152,194909.027370194,0,0,17.9212272456418,134.4092043423,31.3621476798731,76.1652157939776,2670.2628596006,0,0,282136.120681544,8.96061362282089,4.48030681141044,0,324.8222438272,2202.0707978082,0,1823.484872244,0,0,4.48030681141044,4.48030681141044,0,0,71.6849089825671,4.48030681141044,2.24015340570522,0,0,660.845254683,0,0,3550.6431480427,0,0,138.8895111537,0,0,0,0,0,0,0,38.0826078969888,0,2948.041881908,0,0,0,0,0,0,0,0,439.0700675182,4334.6968400396,0,54955.4433487605,0,0,0,0,0,11.2007670285261,0,3006.2858704564,5893.8436104104,4.48030681141044,0,0,0,0,0,0,8.96061362282089,0
"SRX20686813",119642.005807654,1717.3752871321,0,0,0,0,0,0,0,0,996.8361288085,42067.5681532527,3629.7837299007,0,14204.914835522,243.7914445455,1690.2873488493,400.901486586,590.5170545659,0,5.41758765656828,54.1758765656828,0,0,0,0,850.5612620812,0,205.8683309495,0,10.8351753131366,0,0,0,1072.6823560005,0,10.8351753131366,0,0,0,980.5833658388,0,1993.6722576171,0,0,0,0,2725.0465912538,0,0,0,0,0,0,0,0,75.846227191956,525.5060026871,5916.0057209725,1841.9798032332,3136.783253153,5.41758765656828,108.3517531313,6929.0946127508,0,0,0,2513.7606726476,0,1538.5948944653,0,0,0,0,0,0,15364.2785940276,21.6703506262731,1885.3205044857,17211.6759849174,106466.43262688,0,232.9562692324,0,0,0,163134.399514584,422.5718372123,4469.5098166688,3033.8490876782,36601.2222077753,16919.1262514627,33648.6369349456,0,10.8351753131366,2887.5742209508,2578.7717245265,16.2527629697049,5.41758765656828,2188.7054132535,2313.3099293546,43.3407012525463,286801.672951068,0,10.8351753131366,0,0,379.2311359597,0,162.527629697,1852.8149785463,0,27.0879382828414,0,1522.3421314956,314.2200840809,37.923113595978,0,0,0,21.6703506262731,1251.4627486672,10.8351753131366,0,2069.518484809,65.0110518788194,0,254.6266198587,0,0,0,0,0,0,0,4057.7731547696,0,590.5170545659,0,0,0,0,0,178.7803926667,0,0,2232.0461145061,7243.3146968317,0,42224.6781952932,81.2638148485242,135.4396914142,0,54.1758765656828,0,0,0,23279.3741602739,0,0,0,0,0,0,0,0,0,0
"SRX20686814",143783.540361016,315.2324839569,0,7.50553533230758,0,7.50553533230758,0,0,0,217.6605246369,0,17000.0375276766,13765.151799452,0,21495.8531917289,0,0,0,0,0,0,0,0,0,0,0,5711.712387886,0,0,0,0,0,0,0,1133.3358351784,0,255.1882012984,0,0,0,0,0,0,0,0,5816.7898825383,0,4638.420835366,0,0,0,0,0,0,0,0,0,0,0,0,885.6531692122,0,0,7055.2032123691,0,7.50553533230758,0,5171.3138439599,0,3767.7787368184,0,0,0,0,0,0,0,0,6544.8268097722,22389.0118962735,78793.1099185649,0,0,0,0,0,147919.090329118,3767.7787368184,0,0,3317.4466168799,15251.2477952489,1576.1624197845,0,0,11843.7347543813,41708.2598416332,0,15.0110706646152,180.1328479753,0,0,338574.698840395,0,0,870.6420985476,4075.505685443,390.2878372799,0,142.6051713138,0,0,0,848.1254925507,142.6051713138,1493.6015311292,0,0,0,3227.3801928922,0,5479.0407925845,0,0,7550.5685443014,0,0,405.2989079446,0,0,0,0,0,0,0,8406.1995721844,0,0,0,7.50553533230758,0,0,0,0,660.487109243,0,607.9483619169,0,0,49829.24907119,0,547.9040792584,0,0,0,495.3653319323,0,11348.369422449,0,15.0110706646152,0,0,540.3985439261,0,0,0,0,0
"SRX20686815",180616.492200753,2672.845380446,650.4199594521,3371.2607058628,0,4165.666763209,3.31002523894245,125.7809590798,0,1011.2127104969,610.6996565848,8976.7884480119,3637.7177375977,74.475567876205,11705.9042575199,187.0164260002,4890.5622905374,84.4056435930324,302.8673093632,417.0631801067,304.5223219827,61.2354669204353,11.5850883362986,203.5665521949,286.3171831685,408.7881170093,3066.7383838801,4.96503785841367,4753.1962431213,243.2868550622,7028.8385948942,43.0303281062518,289.6272084074,4.96503785841367,4728.3710538292,3.31002523894245,3785.0138607306,120.8159212213,213.4966279117,868.8816252223,529.6040382307,0,1605.362240887,160.5362240887,155.5711862302,21238.7769456742,57.9254416814928,1148.578757913,100.9557697877,0,44.685340725723,1640.1175058959,1085.6882783731,0,3076.668459597,6.62005047788489,935.0821300012,157.2261988497,147.2961231329,0,2912.8222102693,4.96503785841367,370.7228267615,2250.8171624808,264.8020191153,2234.2670362861,0,3015.4329926765,812.6111961603,4498.3242997227,89.3706814514461,1540.8167487277,44.685340725723,666.9700856469,0,602.4245934875,0,554.4292275228,5191.7745872812,6154.9919318134,88953.6182713393,1209.8142248334,2302.1225536844,18373.9501013695,31.4452397699533,72.8205552567338,63909.9673135007,6735.9013612478,1810.5838057015,6812.0319417435,1090.6533162315,11287.1860647937,1803.9637552236,228.391741487,0,8865.9026025073,1441.5159915594,1549.091811825,81.09561835409,410.4431296288,1095.6183540899,221.7716910091,355720.137366047,38.0652902478381,1539.1617361082,3255.4098224998,1347.1802722495,928.4620795233,1041.0029376473,4670.4456121477,1108.8584550457,387.2729529562,7553.4775952666,374.0328520004,541.189126567,1817.2038561794,5613.8028052463,1352.1453101079,906.9469154702,168.811287186,605.7346187264,400.513053912,1941.3298026397,3010.4679548181,12093.1772104762,125.7809590798,8.27506309735612,1947.9498531176,264.8020191153,44.685340725723,52.9604038230791,0,2924.4072986056,0,162.1912367081,7200.9599073192,0,948.322230957,44.685340725723,130.7459969382,59.580454300964,19.8601514336547,160.5362240887,518.0189498944,66.2005047788489,129.0909843187,5289.42033183,1438.2059663204,33.1002523894245,23933.1374901733,393.8930034341,2353.427944888,77.7855931151475,1057.5530638421,580.9094294343,5195.0846125201,1277.6697422317,882.1217261781,0,415.4081674872,728.2055525673,0,1506.0614837188,1530.8866730108,1.65501261947122,0,552.7742149033,4.96503785841367
"SRX20686816",160425.28272142,6202.5462658077,755.8150137688,324.2101935737,0,449.8416435835,10.1315685491796,141.8419596885,0,20.2631370983593,66.8683524245857,12188.2769646631,6753.7035948831,0,15053.4845503711,3663.5751873833,7920.8602917486,54.7104701655701,188.4471750147,520.7626234278,16.2105096786874,158.0524693672,0,289.7628605065,0,153.9998419475,2713.2340574703,0,10.1315685491796,0,6940.124456188,40.5262741967186,0,0,8062.7022514371,0,2378.8922953473,44.5789016163904,16.2105096786874,14.1841959688515,1051.6568154048,4273.4956140439,1325.2091662326,1015.1831686278,12.1578822590156,1084.0778347622,0,1677.7877517441,0,0,10.1315685491796,79.0262346836012,0,0,0,0,11693.8564194631,1167.1566968654,0,226.9471355016,1367.7617541392,0,370.8154088999,3410.2859736538,164.1314104967,0,457.9468984229,1673.7351243244,0,3768.9435002948,20.2631370983593,0,147.920900818,0,2016.1821412867,44.5789016163904,905.7622282966,17347.2716699053,5531.836427852,7041.4401416798,94272.2190364067,1416.3932831753,919.9464242655,74.9736072639294,0,85.105175813109,75810.4748260916,1351.5512444605,384.9996048688,1124.6041089589,808.4991702245,20496.1631749904,11896.4877904467,0,0,12394.9609630663,2824.6813115112,559.2625839147,56.736783875406,2463.9974711604,1574.4457525425,218.8418806622,326236.507283585,6.07894112950779,1321.156538813,2401.1817461555,1683.8666928736,1274.5513234867,1317.1039113933,3631.1541680259,2739.5761356981,502.5258000393,6476.0986166356,190.4734887245,1608.8930856097,636.2625048884,478.2100355212,149.9472145278,178.3156064655,10.1315685491796,464.0258395524,393.1048597081,1392.0775186572,235.0523903409,4496.3901221259,10.1315685491796,312.0523113147,1766.9455549769,2735.5235082785,0,8.10525483934372,0,21055.4257589051,0,830.7886210327,3916.8644011128,0,1329.2617936523,3880.3907543358,3193.4704067014,0,9363.5956531518,1063.8146976638,2581.5236663309,50.6578427458982,427.5521927753,2646.3657050457,650.4467008573,0,32339.9668089814,2429.5501380932,111.4472540409,0,378.9206637393,0,303.9470564753,253.2892137294,1422.4722243048,0,11085.9623065123,401.2101145475,101.3156854917,0,32.4210193573749,0,26.3420782278671,5268.4156455734,0
"SRX20686817",184109.837570478,4528.4215464541,195.1094495234,2340.2274418725,0,2993.6088080875,5.06777790970088,1180.7922529603,0.361984136407206,1781.6859193962,10.1355558194018,4365.5286850709,4662.3556769248,4.34380963688647,10338.6289199262,1021.1572488047,5183.2508492147,525.9629501996,778.6278774119,1175.7244750506,596.549856799,148.4134959269,0.361984136407206,110.0431774677,91.9439706474304,7608.544563143,2947.9988069002,525.2389819268,445.2404877808,23.1669847300612,2563.9336381722,730.8459714061,2.89587309125765,11.2215082286234,1781.3239352598,1.44793654562882,4512.8562285886,594.0159678442,209.2268308433,48.8678584149728,226.6020693909,1.08595240922162,950.2083580689,1215.9047141918,279.8137374427,1224.5923334655,2.53388895485044,2621.4891158609,3266.1828628022,0,51.4017473698233,853.1966095117,5560.0763352146,94.1158754658736,2374.9779189676,4.70579377329368,6554.8087420616,740.6195430891,649.3995407145,27.1488102305405,1525.0391666835,120.5407174235,520.5331881535,994.732406847,326.8716751757,250.1310382573,105.3373836944,2891.1672974843,671.8425571717,4931.6718744117,147.3275435177,1451.9183711293,201.2631798424,154.9292103822,5.42976204610809,444.8785036444,41.9901598232359,17363.6550551808,6966.746689293,2692.4380065967,91486.784683148,1601.4178194654,3508.712234195,14.117381319881,78.1885734639565,190.4036557501,48684.6944419507,2452.4425241588,1234.7278892849,10539.5301156322,236.3756410739,27043.1108627095,10246.6849492787,106.7853202401,3.61984136407206,8273.1474375866,2494.0706998456,3320.1184991268,52.1257156426377,288.5013567165,1168.4847923224,1070.0251072197,356088.138793405,69.8629383265908,1940.596955279,1283.9577318363,909.3041506549,7142.3089954505,1876.8877472713,3883.7277995129,1525.0391666835,200.5392115695,2040.5045769274,797.0890683686,810.8444655521,7481.8501154005,1411.3761478516,866.9520066952,1996.3425122857,148.4134959269,494.4703303322,257.0087368491,2812.6167398839,4258.3813806943,2942.2070607177,29.6826991853909,118.7307967415,2500.9483984373,5224.1550566287,41.9901598232359,15.2033337291027,273.6600071238,2887.9094402566,17.3752385475459,253.388895485,4111.415821313,24.61492127569,931.7471671121,1145.3178075924,1965.2118765547,2056.4318789293,523.0670771084,1105.1375684512,132.8481780614,339.1791358135,93.7538913294664,7278.0530466032,2026.7491797439,11.9454765014378,16958.2328224047,1947.4746538707,312.030325583,9.41158754658736,139.7258766531,6.87769859173692,559.2654907491,172.3044489298,1297.7131290198,5.42976204610809,3145.2801612422,6981.2260547493,258.4566733947,164.7027820652,2466.1979213422,0,27.5107943669477,387.3230259557,57.5554776887458
"SRX20686818",82344.342004442,981.6349518539,0,0,0,17.6553048894601,0,0,0,0,7.06212195578405,45.9037927125963,4996.4512837172,0,8110.8470662179,586.15612233,1952.6767207742,0,3997.1610269737,0,10.5931829336761,91.8075854251927,0,0,0,0,7609.4364073573,0,0,0,0,0,0,0,105.9318293367,0,169.4909269388,0,0,0,7.06212195578405,0,14.1242439115681,0,0,0,0,11931.4550442971,14.1242439115681,0,0,0,0,0,0,0,70.6212195578405,77.6833415136246,0,10.5931829336761,466.1000490817,0,434.3205002807,953.3864640308,0,0,0,20812.0734036956,0,5543.7657352904,0,0,0,0,67.0901585799485,0,187.1462318282,17.6553048894601,1197.0296715053,441.3826222365,41705.3612098827,0,476.6932320154,0,0,3.53106097789203,99657.1339790466,13305.0377646971,0,16257.0047422148,0,33096.6345457819,114950.159074297,0,0,1034.6008665223,755.6470492688,134.1803171598,38.8416707568123,1362.9895374663,10.5931829336761,0,413451.929901377,0,257.7674513861,579.0940003742,218.9257806293,3283.8867094395,0,5208.3149423907,10.5931829336761,0,0,0,0,2323.4381234529,2411.7146479002,0,0,0,7.06212195578405,109.4628903146,81.2144024915166,0,3728.8003926539,0,0,3121.4579044565,0,0,0,10.5931829336761,7.06212195578405,95.3386464030847,21.1863658673522,508.4727808164,0,1776.1236718796,0,7.06212195578405,0,0,0,17.6553048894601,10.5931829336761,3.53106097789203,303.6712440987,0,0,85497.5794576996,127.1181952041,3.53106097789203,0,0,0,74.1522805357326,67.0901585799485,300.1401831208,151.8356220493,0,0,0,0,0,0,137.7113781377,24.7174268452442,0
"SRX20686819",135481.414067089,1676.0365500756,2.15152317082879,3702.7713769963,0,47.3335097582333,2.15152317082879,88.2124500039803,0,19.3637085374591,0,1056.3978768769,22504.9323668691,0,10809.2524102438,4.30304634165758,1830.9462183752,191.4855622037,3905.0145550542,32.2728475624318,2.15152317082879,290.4556280618,0,0,0,1140.3072805392,6220.053486866,0,0,0,488.3957597781,0,0,0,421.6985414824,0,1092.973770781,64.5456951248636,122.6368207372,0,0,0,107.5761585414,0,0,268.9403963535,772.3968183275,3685.5591916297,0,0,23.6667548791167,49.4850329290621,116.1822512247,0,0,0,2244.0386671744,114.0307280539,202.2431780579,0,1499.6116500676,0,2.15152317082879,1374.8233061595,0,0,0,3392.9520403969,60.2426487832061,10492.978504132,25.8182780499455,38.7274170749182,0,0,10.7576158541439,21.5152317082879,79.6063573206652,806.8211890607,5006.5944185185,2136.4625086329,48282.3314765688,720.7602622276,68.8487414665212,0,0,288.304104891,102735.231407075,14103.2343847827,5714.4455417212,768.0937719858,0,12390.6219408029,1546.9451598258,53.7880792707197,0,3220.8301867306,20323.2878716487,471.1835744115,8.60609268331515,176.4249000079,1009.0643671187,232.3645024495,432957.46223539,25.8182780499455,335.6376146492,1710.4609208088,96.8185426872955,2842.1621086648,163.5157609829,3577.9830330882,355.0013231867,6168.4169307661,0,1499.6116500676,2.15152317082879,11134.1324090389,2936.8291281812,4.30304634165758,23.6667548791167,0,3898.5599855417,2872.2834330564,862.7607915023,400.1833097741,3337.0124379554,197.9401317162,116.1822512247,1129.5496646851,1927.7647610625,0,0,0,90.3639731748091,0,21.5152317082879,1566.3088683633,159.2127146413,1970.7952244791,604.5780110028,404.4863561158,120.4852975664,0,0,146.3035756163,1482.399464701,2.15152317082879,7844.4534808417,0,0,68698.1348445632,206.5462243995,30.121324391603,0,236.6675487911,0,0,0,1583.5210537299,0,51.6365560998909,213.000793912,19.3637085374591,0,0,0,0,126.9398670788,0
"SRX20686820",105818.912785872,945.1115663425,0,69.5640492993221,0,0,0,0,0,21.5888428859965,0,1676.7334641457,6414.2850974616,0,16673.7829889513,1921.4070168536,13279.5371352085,0,4092.2851070566,0,33.5826444893279,698.0392533138,0,0,0,0,5114.1570036605,0,0,0,0,0,0,0,215.8884288599,0,837.1673519125,0,0,0,0,0,0,0,0,0,0,8940.1797151232,0,0,19.1900825653302,0,0,0,0,0,69.5640492993221,386.2004116272,0,71.9628096199884,367.0103290619,0,386.2004116272,988.2892521145,0,9.59504128266512,0,16460.293320412,0,5123.7520449431,0,0,0,0,410.1880148339,0,477.3533038125,4.79752064133256,2144.4917266756,4176.2417182799,43765.3820505562,0,599.6900801665,0,0,0,83172.2165984619,7131.5144333408,0,19902.5143805681,0,41810.3923892132,156751.790674579,0,0,2667.4214765809,568.5061959979,1089.0371855824,38.3801651306605,2266.8285030296,0,0,355887.277455011,0,858.7561947985,155.9194208433,446.1694196439,1765.4875960103,0,770.0020629338,0,0,0,0,0,326.2314036106,1343.3057795731,0,0,0,0,79.1590905819872,549.3161134325,0,5761.8222902404,0,0,256.6673543112,0,0,0,0,35.9814048099942,0,0,4269.7933707859,4.79752064133256,2321.9999904049,0,0,11.9938016033314,0,0,40.7789254513267,19.1900825653302,0,5342.0392341238,0,4.79752064133256,61542.594787014,0,11.9938016033314,0,0,0,52.7727270546582,249.4710733492,146.3243795606,0,0,0,0,23.9876032066628,0,0,0,110.3429747506,0
"SRX20686821",180592.351179607,1560.4907134845,349.1120757136,5239.0672071317,0,9276.5983211303,3.57910714101965,747.1386156878,27.5889508786932,1728.2613607198,81.8720758508246,4152.5099309038,3129.0344180364,8.64950892413083,10032.6847046707,335.2430355421,8784.9184776327,255.4587721902,2466.3030790909,9633.614258447,1282.9607805913,732.9713165879,10.4390624946407,199.0878347192,25.9485267723925,1018.7033700127,1118.6201110328,198.1930579339,0.745647321045761,0,4025.8990157902,6.11430803257524,21.4746428461179,53.6866071152948,514.9440399142,17.1498883840525,4344.1412924126,36.3875892670332,265.0030578996,162.7002454521,11.1847098156864,0,72.7751785340663,48.019687475347,574.744955062,38.9227901585887,2405.0108693009,1410.3173430259,422.4837721045,0,4.47388392627457,185.8153124046,787.7018299527,94.2498213801842,0,0.447388392627457,7129.4322954469,1574.5088831202,118.8561829746,113.7857811915,1956.578570424,1.04390624946407,850.9327227774,965.3150218258,2600.5195968791,114.6805579768,25.9485267723925,2310.3136595281,671.3808478696,5101.4207116666,133.4708704671,64.5730580025629,60.2483035404975,472.5912720788,764.2885040719,27.1415624860657,991.2635485982,8604.6209554038,8547.5043706117,2128.2265837288,129219.785960445,19.6850892756081,5800.3905104149,991.2635485982,79.7842633518965,74.7138615687853,43849.1328792738,4322.0701317096,46.6775222974647,13067.9166897195,1221.6685708013,15819.05704545,763.0954683582,196.5526338276,9.09689731675829,9338.4870487771,1253.5822761421,3217.4681903124,340.6116962537,102.3028124474,293.0393971709,2.98258928418305,366209.470526276,948.7616512986,3383.5984134414,1403.9047760649,2087.5142399997,2234.4067622457,1908.8571418771,3201.9587260347,2067.3817623314,114.9788169052,1140.5421422715,161.5072097385,288.4163837805,3594.7657347616,2434.6876326786,45.7827455122098,268.8804239691,21.4746428461179,15.658593741961,553.7177006085,3581.3440829827,5160.9233678861,3148.1229894552,13.4216517788237,98.5745758422497,3729.5787704066,1.34216517788237,0,252.0287945134,496.4519863522,2659.574864706,0,128.400468684,13007.9666451075,0,453.3535711958,950.8494637975,366.2619640976,494.5133033175,202.8160713244,75.1612499614128,306.1627900213,946.0773209428,1347.5338385939,11539.1905521115,430.0893747791,0,13621.4852608639,160.0159150964,302.5836828803,6.11430803257524,12.0794866009413,10.1408035662224,3826.6620516068,68.1521651435826,1645.3453786195,28.0363392713206,1102.8123878266,723.4270308785,1.78955357050983,120.4966070809,2813.3273423056,0,6.2634374967844,20.8781249892813,200.5791293613
"SRX20686822",487155.207418927,50.5468324827425,197.1326466826,57.2864101471081,0,13.4791553287313,0,1828.1104414591,0,30.3280994896455,286.4320507355,109.5181370459,8800.2035352454,0,4328.4937549388,121.3123979585,2933.4011784151,99.4087705493935,2486.9041581509,1.68489441609142,0,1558.5273348845,0,2186.9929520866,0,269.5831065746,1826.425547043,5.05468324827425,3.36978883218283,0,166.804547193,554.330262894,0,0,8038.6312591721,0,1831.4802302913,11.7942609126399,8.42447208045708,2111.1727033625,6.73957766436566,0,3042.919315461,0,188.7081746022,0,1233.3427125789,163.4347583608,0,0,55.6015157310167,1391.7227876915,48.8619380666511,5.05468324827425,0,0,3723.616659562,10.1093664965485,53.9166213149253,8.42447208045708,96.0389817172107,2062.3107652958,0,28.6432050735541,225.7758517562,1701.7433602523,23.5885218252798,2026.9279825579,1671.4152607626,1848.3291744522,0,0,192.0779634344,0,0,0,869.4055187031,1133.9339420295,247.6794791654,8065.5895698296,4060.5955427803,168.4894416091,75.8202487241137,0,0,16.8489441609142,16385.598196489,12849.0048171131,0,913.2127735215,340.3486720504,120264.393631773,269.5831065746,7275.3740886827,0,247.6794791654,5142.297757911,10412.6474914449,9310.7265433211,3.36978883218283,518.9474801561,0,152103.843412653,104.4634537976,50.5468324827425,7253.4704612735,42.1223604022854,4667.1575325732,37.0676771540111,453.2365979285,35.3827827379197,0,148.270708616,1484.3919805765,11.7942609126399,5683.1488654763,419.5387096067,6.73957766436566,3315.8722108679,3.36978883218283,0,48.8619380666511,138.1613421194,1.68489441609142,17167.3892055554,25.2734162413712,3534.9084849597,156.6951806965,6742.9474531978,497.0438527469,0,0,11.7942609126399,6.73957766436566,5.05468324827425,2112.8575977786,0,4837.3318685984,0,87.6145096367536,3642.7417275896,2559.3546180428,6053.8256370164,1179.4260912639,4156.6345244975,1182.7958800961,97.7238761333021,0,0,5811.2008410992,28.6432050735541,107.8332426298,0,975.5538669169,3.36978883218283,58.9713045631995,2261.1283063946,8667.0968763742,0,389.2106101171,47.1770436505596,2057.2560820476,879.5148851997,0,0,606.5619897929,2586.3129287003,0
"SRX20686823",47473.1032377851,846.9618739985,0,0,0,0,0,0,0,0,0,129.7148816033,5221.6598417987,0,11877.8136683877,2098.3289671134,10.1737162041865,0,3169.112597604,0,0,0,0,0,0,0,4234.8093699926,0,0,0,0,0,0,0,0,0,0,0,0,0,0,0,12.7171452552331,0,0,0,0,5201.3124093903,0,0,0,0,0,0,0,0,172.9531754711,0,0,15.2605743062797,2.54342905104662,0,424.7526515247,2868.9879695805,0,0,0,15858.2801332756,0,3804.9698603657,0,0,0,0,0,0,99465.8798992802,0,490.8818068519,2222.9569906147,40748.2768268179,0,478.1646615967,0,0,0,54632.8560164814,2029.6563827352,0,23117.2266449627,0,19098.608744309,334865.325431747,0,0,0,7.63028715313986,0,81.3897296334919,1714.2711804054,0,0,247473.103237785,0,2.54342905104662,0,3977.9230358369,1877.0506396724,0,2642.6227840374,0,0,0,0,0,0,7.63028715313986,0,0,0,2.54342905104662,1231.0196607065,0,0,3448.8897932192,0,0,0,0,0,0,0,0,5.08685810209324,0,12.7171452552331,0,2276.3690006867,0,0,0,0,0,0,15.2605743062797,0,122.0845944502,0,0,54467.5331281633,0,0,0,0,0,0,0,58.4988681740723,0,0,0,0,0,0,0,0,2.54342905104662,0
"SRX20686824",21649.2448751142,476.5513240261,118.354220425,2374.0498358916,0,294.4634429701,0.174135684784227,53.3435647722349,0,3061.0151123654,40.2833884134179,615.3374647991,401.4988438841,41.2121120656004,4603.3348724993,138.6120050882,383.6209135796,214.8834350237,9.75159834791671,69.0157764028153,9402.1080285547,5.34016100004963,28.7904332176589,15615.8497139386,11.0866385979291,704.78516155,2784.8359162976,1080.9182406839,11.1446838261905,0.348271369568454,539.2982157767,119.8053511315,2.43789958697918,2795.5742835259,440.1569659062,0.116090456522818,1955.6017853551,34.2466846742313,3062.1179717023,216.508701415,68.9577311745539,1.85744730436509,55.6073286744298,1649.3551610479,43.8241473373638,14001.7860516736,85.9649830551467,3300.7999503132,90.1442394899682,0,1533.6129758946,244.7767275783,458.1509866673,2837.9473001568,1800.0986188428,0,1943.7025135615,5393.5045648218,11.6090456522818,326.8526803399,4192.6648825498,11.0866385979291,2469.1279197838,9.51941743487108,12.8279954457714,2131.0144651611,1180.2336262392,397.261542221,100.4762901204,2169.2662705853,1205.4252553046,3456.2450715973,156.1416640231,4876.9020332953,1761.4985420489,1203.9741245981,23.2180913045636,2301.2030744235,21090.5015078699,619.5747664622,407022.311715065,486.8253294284,19155.0994619497,8308.593973338,0.812633195659726,97.5740287074285,20680.0636988334,279.5458193069,334.4566052422,1188.8823652501,233.5739985239,3643.0346161425,260.0426226111,19.154925326265,9726.9291259056,22248.9101282828,371.1992347317,155.1548951427,553.8095228421,6.38497510875499,241.0618329696,121.4306175228,187229.121058838,8957.3074443875,6786.9383144652,893.7804247691,240.8296520565,760.8568520505,7839.1241671598,452.1723281563,15917.2785843001,18.6905635001737,557.6985531356,48.6999465113222,23.7404983589163,1221.5618287613,7063.7560080439,568.3788751357,325.1113234921,81.7276813920639,54.3883788809402,15.8463473153647,8461.2529236655,36.046086750335,1580.6876560146,5661.32524802,83.2368573268605,10036.8325995932,665.3144063322,3061.7116551045,4784.4940299031,7403.6108195144,494.0229377328,0.058045228261409,2860.4108034939,153.2394026101,1.62526639131945,784.4812599529,361.0993650142,228.4079732086,258.3593109915,46.8424992069571,311.2385139376,596.0084037881,150.8595482514,62.2244846962304,38537.4459925429,2150.2854809438,0,5861.174968924,4705.8427456089,2725.0493311883,1.10285933696677,78.5932390659478,0,3831.3333366225,324.8210973508,1334.1695715884,0,918.3335563237,324.1825998399,184.8740520125,123.9265623381,30.2415639241941,0,0.406316597829863,20.1997394349703,0.232180913045636
"SRX20686825",176126.744608908,1753.0148918125,651.5861683534,9811.6602585321,0,1.30578390451586,19.5867585677379,1096.8584797933,0,99.8924686954631,1.95867585677379,9025.5783480136,4636.8386449358,0,11094.5929447189,463.5532861031,7069.5140590488,99.8924686954631,447.2309872966,1093.594020032,56.1487078941819,2.61156780903172,0.652891952257929,113.6031996928,918.6189768269,351.2558703147,1888.8164178821,0,4297.9877217139,857.2471333146,573.8920260347,39.8264090877337,0,0,3579.1536822779,0,4036.1780488585,1134.073321072,47.6611125148288,85.5288457457887,33.9503815174123,0,1470.9655684371,5.22313561806343,28.7272458993489,2936.0551093039,7.83470342709515,1647.899287499,82.264385984499,0,30.0330298038647,0,291.189810707,20.2396505199958,99.2395767432052,0,1800.6760043273,292.4955946115,287.2724589934,400.8756586863,2539.7496942833,0,892.5032987365,472.6937734347,0,0,345.3798427444,2666.4107330213,54.842923989666,5811.3912670478,92.057765268368,0,9.140487331611,0,13.0578390451586,84.2230618412728,8247.9840328744,383.9004679276,4352.1777537513,4096.2441084662,101303.368204293,2529.9563149994,1958.6758567737,0,0,248.098941858,61952.9173497548,4734.7724377745,400.8756586863,22697.1358282946,2780.6668246665,19180.0068814811,6992.4728086824,1.95867585677379,0,11543.7826078724,2140.8327114537,356.4790059328,351.908762267,302.2889738954,1534.2960878061,42.4379768967654,372987.378945671,84.8759537935308,1675.3207494938,3377.4100690302,3451.8397515876,663.338223494,673.7844947301,8100.4304516641,1250.2880885739,1333.2053665106,71.8181147483722,126.0081467857,2027.8824037131,1001.5362547636,1422.65156397,5783.9698050529,581.7267294618,105.1156043135,1154.9658635442,224.5948315767,2916.4683507361,0,7367.8856812307,0,114.9089835973,895.7677584978,7.18181147483722,41.1321929922495,20.8925424722537,0,5499.9618058207,0,495.5449917637,3359.129094367,0,1265.3046034758,124.7023628812,0,169.751907587,33.9503815174123,141.0246616877,14993.010791651,54.1900320374081,220.6774798631,5823.7962141407,0,0.652891952257929,20548.4684134137,192.603125916,577.8093777482,94.6693330773997,66.5949791303088,0,178.2395029664,19.5867585677379,4178.5084944507,9.140487331611,301.6360819431,1093.594020032,14.3636229496744,0,0,1.30578390451586,25.4627861380592,1027.6519328539,0
"SRX20686826",97519.8326413462,839.9976196252,178.5281044435,20.5993966665599,0,856.0193725881,25.1770403702398,4.57764370367997,0,4.57764370367997,18.3105748147199,382.2332492572,5129.2497699734,0,9370.4366614328,1293.1843462895,425.7208644422,2.28882185183998,2316.287714062,0,102.9969833327,4.57764370367997,0,281.5250877763,0,2.28882185183998,7624.0655884789,22.8882185183998,0,0,3620.9161696108,0,0,0,292.9691970355,0,933.8393155507,0,0,4.57764370367997,50.3540807404796,0,0,196.8386792582,0,2.28882185183998,0,7951.3671132921,4.57764370367997,0,130.4628455548,9.15528740735994,105.2858051846,25.1770403702398,0,0,231.1710070358,18.3105748147199,0,9825.912209949,437.1649737014,4.57764370367997,350.1897433315,1027.6810114761,0,36.6211496294397,0,19308.5011421221,0,5252.8461499727,0,0,0,0,0,11.4441092591999,0,123.5963799993,3378.3010533158,1968.3867925823,48472.6691782671,45.7764370367997,2034.7626262857,0,0,0,89888.9005873117,2055.3620229523,38.9099714812797,16353.6321313966,43.4876151849597,30253.6472376209,155481.957217342,22.8882185183998,0,1991.2750111007,1883.7003840643,36.6211496294397,66.3758337033595,1714.3275670281,13.7329311110399,0,358294.461508883,75.5311211107195,66.3758337033595,640.8701185151,286.1027314799,3396.6116281305,125.8852018511,2206.4242651737,18.3105748147199,0,1833.3463033238,20.5993966665599,256.348047406,5037.6968958998,260.9256911097,2.28882185183998,6.86646555551995,4.57764370367997,45.7764370367997,162.5063514806,634.0036529596,41.1987933331197,773.6217859219,9.15528740735994,0,61.7981899996796,0,77.8199429625595,0,0,6431.5894036703,0,16.0217529628799,235.7486507395,0,1760.1040040649,0,2.28882185183998,0,157.9287077769,59.5093681478396,4.57764370367997,54.9317244441596,551.6060662934,517.2737385158,9.15528740735994,0,74894.8286359079,1148.9885696236,128.174023703,0,38.9099714812797,0,135.0404892585,0,86.9752303699194,0,0,7118.2359592223,22.8882185183998,18.3105748147199,112.1522707401,0,18.3105748147199,11.4441092591999,0
"SRX20686827",346228.528608316,11019.1220815803,695.5067106563,4998.1685312394,0,61.908803173858,14.509875743873,813.1979250232,9.35080881271813,225.3867365548,591.3580469836,776.7620148219,6141.2242981734,16.444525843056,7005.690450825,1049.5476788068,2788.7981179723,874.1394031475,1469.6891920127,310.833782602,86.0919294136463,1269.7753484304,0.967325049591531,598.4517640139,12.2527839614927,6496.2325913735,2262.5732909945,59.0068280250834,157.9964247666,53.5253194107314,709.0492613505,1071.151271581,0.644883366394354,0,6659.3880830712,45.1418356476048,3050.9432064116,4818.2460720154,158.3188664498,1053.7394206883,3.86930019836612,2.25709178238024,1629.6202668785,1337.810543585,35.4685851516895,94.4754131767728,1947.2253248277,294.7116984422,841.8952348278,0,111.8872640694,2319.6454689204,5472.1578055392,152.8373578354,343.0779509217,0.322441683197177,7176.9069846027,187.9835013039,353.0736431009,14.509875743873,1017.9483938534,36.435910201281,47.0764857467878,185.7264095215,11.6079005950984,9.99569217911248,2151.0084686083,7449.3702069043,1483.5541843902,3905.7361085674,79.6430957497027,604.9005976779,381.7709529054,49.0111358459709,0,139.6172488243,270.2061305192,14472.7949503052,1186.9078358488,9007.0859784299,27714.8299958469,426.5903468698,595.2273471819,3908.3156420329,0.644883366394354,48.3662524795765,31996.5331070222,6463.0210980042,29.6646348541403,5446.3624708835,72.871820402562,32815.534982343,1308.4683504141,2215.819246931,25.1504512893798,1417.4536393347,2842.6458790663,4702.4895077476,12645.5179316268,23.8606845565911,3214.4211397926,100.2793634743,247118.338677267,123.4951646645,462.3813737047,5798.791230618,108.9852889206,11013.6405729659,220.5501113068,3114.1417763183,497.20507549,85.4470460472519,1147.8923921819,1164.0144763418,552.9874866831,10835.3303221579,1156.5983176282,9.02836712952096,687.1232268931,1004.083401476,140.5845738739,155.416891301,557.5016702479,33.5339350525064,12487.199065177,16.1220841598588,1000.5365429608,663.2625423365,5275.7908204722,98.344713375139,0.644883366394354,27.7299847549572,514.9393680658,13.2201090110843,333.0822587426,13667.6580673619,9.67325049591531,5114.8924205568,8885.2030221814,1921.1075484887,4636.066521009,2798.4713684682,2574.3743986462,1739.2504391655,2505.0494367588,1270.0977901136,1481.2970926078,56.427294559506,0.644883366394354,10674.4319222425,2318.0332605045,85.4470460472519,93.5080881271813,1612.530857669,5.15906693115483,212.8115109101,2571.7948651806,4576.7372513007,6.77127534714072,4820.5031637977,874.1394031475,344.6901593377,723.2366954112,5.80395029754918,16.7669675262532,226.9989449708,1248.1717556562,26.4402180221685
"SRX20686828",87572.9038653476,1398.6678706979,0,6.78964985775684,0,0,0,0,0,3.39482492887842,0,10737.8312500424,6823.5981070456,0,8779.0172660795,899.6286061527,15684.0911714182,0,3713.9384721929,0,0,0,0,0,0,0,5099.0270431753,0,0,0,0,0,0,0,169.7412464439,0,20.3689495732705,3.39482492887842,0,0,0,0,383.6152169632,0,0,319.1135433145,0,8266.3987018189,0,0,0,0,0,0,0,0,125.6085223685,0,0,5092.2373933176,431.1427659675,0,220.663620377,984.4992293747,0,6813.4136322589,0,16583.719777571,0,4050.0261401519,0,0,0,0,0,0,0,0,2335.6395510683,488.8547897584,36827.060828473,6.78964985775684,468.4858401852,0,0,0,89158.2871071338,9648.0924478724,30.5534243599058,16600.6939022154,0,37509.4206391776,150024.103256995,0,0,716.3080599933,502.434089474,16.9741246443921,47.5275490042978,2457.8532485079,0,78.0809733642036,348064.610308046,0,3.39482492887842,91.6602730797173,1527.6712179952,1283.243823116,0,1826.4158117365,0,95.0550980085957,0,13.5792997155137,0,1829.8106366654,18495.0062125296,0,0,3.39482492887842,74.6861484353252,0,0,0,15327.634553886,0,0,159.5567716572,0,0,0,10.1844747866353,13.5792997155137,210.4791455904,0,4494.748205835,0,1551.4349924974,0,0,0,0,0,0,44.1327240754194,0,2342.4292009261,0,0,71433.9061534596,0,0,0,0,0,0,0,3.39482492887842,0,0,0,0,0,0,0,0,0,0
"SRX20686829",189991.101930738,4885.6889569351,204.8535723163,1097.9601533679,0,255.7232513479,0.549942476017009,1335.5353030073,0,573.5900024857,104.4890704432,2628.1750928852,2522.036195014,3.29965485610205,7549.6103107614,511.7214739338,2668.5958648725,407.5073747286,707.2260241578,214.4775656466,1148.5548611615,1171.3774739162,4.94948228415308,760.0205018555,229.051041261,12468.8457587336,4078.0984309041,1349.0088936697,4815.2963200049,376.1606535956,1852.7562017013,772.6691788038,128.9615106259,35.1963184650886,5938.5538272696,0,3180.3173388063,959.9245918876,449.8529453819,787.5176256563,527.1198632623,42.3455706533097,823.2638865974,746.271939955,12.3737057103827,214.4775656466,1191.4503742908,1198.874597717,4714.6568468938,1.09988495203402,228.776070023,482.2995514669,8076.7301740237,4030.2534354906,692.6525485434,0,6966.3963149454,917.5790212343,967.6237865519,78.0918315944152,1614.6311095859,31.3467211329695,320.8914347559,1365.7821391882,4856.5420057062,226.0263576429,1712.7958415549,5337.191729745,161.4081167109,4243.6311161852,263.6974172501,1354.7832896679,996.4957665428,761.6703292835,30.521807418944,327.7657157061,652.7817190321,4713.2819907037,6175.0290919569,4566.9972920832,100354.602908536,201.0039749842,3641.1691337086,150.6842384286,0.549942476017009,209.8030546004,44049.5674152483,2840.7278598658,404.7576623485,7722.2922482308,1689.9732288002,27212.2535982736,27666.7810547016,69.0177807401346,710.8006502519,7309.285448742,1707.8463592708,2559.1573121451,4527.126462572,237.0252071633,1382.8303559447,526.5699207862,278686.649376475,952.2253972234,1745.7923901159,2903.1463308937,385.2347044499,12457.2969667372,1545.6133288458,9116.9463674099,3031.8328702817,758.9206169034,1719.6701225051,557.0917282052,640.4080133218,12451.7975419771,1050.1151579544,792.4671079405,4234.5570653309,1941.571911578,519.695639836,461.9516798542,2584.4546660419,114.1130637735,7208.3710043929,584.588852006,653.6066327462,2726.3398248543,2812.1308511129,261.222676108,604.6617523807,788.3425393703,4837.2940190456,4.94948228415308,3337.3259157092,1642.1282333867,1.64982742805103,3751.982542626,5620.1371336558,434.1795848154,3392.0451920729,3845.7477347869,6555.0393428847,1696.8475097504,1915.1746727292,1288.5152213078,8175.4448484688,41.5206569392842,1.37485619004252,17981.4691383281,1346.2591812896,164.157829091,384.4097907358,350.5883284608,2.47474114207654,3674.4406535076,865.3344860127,3957.1110861803,1.37485619004252,5068.2698589727,419.3311379629,1286.8653938798,39.0459157972076,55.5441900777179,40.4207719872501,146.8346410965,413.5567419647,1.64982742805103
"SRX20686830",203959.90330004,3162.1831232779,69.0195052754514,11277.4239014546,0,87.1825329795176,0,650.2363918055,0,69.0195052754514,79.9173218978911,7877.3051152534,7101.7438322898,7.26521108162646,13573.2306032486,437.7289676679,10828.7971171642,266.9965072497,381.4235817853,78.1010191274845,201.6096075151,494.0343535505,0,1774.5278066872,0,179.8139742702,4522.5938983124,21.7956332448794,1095.2305705551,114.4270745356,2610.0270810743,0,3.63260554081323,0,521.2788951066,0,4075.7834167924,5.44890831121985,114.4270745356,83.5499274387043,810.0710356013,3.63260554081323,775.5612829636,1583.8160157945,12.7141193928463,444.9941787496,50.8564775713852,561.2375560556,25.4282387856926,0,112.6107717652,466.7898119945,119.8759828468,0,25.4282387856926,0,4488.0841456747,1118.8425065704,3367.4253363338,0,1155.1685619786,299.689957117,192.5280936631,3076.8168930688,0,0,83.5499274387043,2188.6448383399,30.8771470969125,5463.4387333831,154.3857354845,959.0078627746,110.7944689948,10.8978166224397,0,23.611936015286,457.7082981424,41.7749637193522,7009.1123909991,5318.1345117505,94682.0471185264,481.3202341577,2005.1982585289,405.0355178006,5.44890831121985,207.0585158263,64931.0077392661,2553.7216951917,484.9528396985,3681.6457156142,167.0998548774,7216.1709068254,1220.5554617132,170.7324604182,0,10409.2311772003,3507.2806496551,686.5624472137,1787.2419260801,483.1365369281,746.5004386371,72.6521108162646,404944.702662155,12.7141193928463,784.6427968156,1710.957209723,1365.8596833457,940.8448350706,1400.3694359835,6945.5417940348,2906.0844326505,0,1667.3659432332,177.9976714998,2076.0340665747,844.580788239,1291.3912697591,72.6521108162646,706.5417776881,83.5499274387043,34.5097526377257,601.1962170045,1988.8515335952,237.9356629232,4662.4492116337,25.4282387856926,7.26521108162646,1467.5726384885,1.81630277040662,443.1778759792,0,0,321.4855903619,0,831.8666688462,1431.2465830804,21.7956332448794,2388.4381430846,134.40640501,5.44890831121985,127.1411939284,294.2410488058,207.0585158263,254.2823878569,85.3662302091109,330.567104214,5376.2562004035,69.0195052754514,0,26946.6679017525,2786.2084498037,519.4625923362,3.63260554081323,70.835808045858,0,121.6922856172,12.7141193928463,4558.9199537206,0,158.0183410253,2283.0925824011,880.9068436472,5.44890831121985,121.6922856172,0,21.7956332448794,49.0401748009786,5.44890831121985
"SRX20686831",143315.11762532,2581.7075553322,177.7183253654,2929.2418774991,12.9463680729785,1563.9885170759,2.18575045387949,565.2686943032,113.6590236017,1391.4823658697,53.9712227457935,6327.5794293308,4956.1050868465,664.1318686787,10565.5814247528,1866.630887613,4688.9391275223,688.6795276223,270.6967869804,1306.7425021193,2105.2139563865,301.2972933347,5.71657811014635,1302.8754051624,207.4781584682,2920.8351449841,2894.6061395376,177.7183253654,1256.1339723795,351.0651498231,1978.6085647118,97.6862318233833,31.9455835567002,18.6629461831249,1996.4308376434,23.875120342376,4108.7064493425,2580.8668820807,685.148699966,52.2898762428093,606.6298182767,0.840673251492111,755.5971184411,138.2066825453,123.0745640184,185.7887885797,510.7930676066,2940.5068990691,386.3734263857,0.168134650298422,524.580108931,282.9706164522,2212.9882672278,49.0953178871393,1140.2891983238,10.0880790179053,7784.129904866,2088.2323567064,487.4223512151,408.5672002251,2739.7541266127,3.53082765626687,725.3328813873,688.1751236714,802.0022819234,1106.3259989636,1005.1089394839,2259.897834661,647.1502689986,5112.1340423235,372.7545197116,547.110152071,41.1929893231134,806.5419174815,472.1220980379,138.2066825453,62.2098206104162,11846.4311907262,9332.1456301636,2591.9637690004,164567.841826991,220.7607958418,6332.6234688397,54.6437613469872,23.0344470908838,254.0514566009,46109.2464978393,1924.637341966,204.4517347628,7533.4411412711,877.831009208,18694.8917666815,2563.5490131,475.9891949948,16.8134650298422,10589.9609490461,2399.1133251081,1799.0407581931,317.2700851131,75.3243233336931,715.2448023694,158.5509752314,342276.751652007,2407.3519229728,3304.8546862657,661.7779835745,1008.9760364408,4903.6470759534,2764.3017855563,3314.2702266824,4629.7557306173,1289.5927677888,1929.0088428737,1869.6573113184,2546.7355480702,4613.6148041887,2196.3429368482,1742.0431117419,1557.5994003645,413.9475090347,47.5821060344535,1071.6902610021,3970.6679014475,1984.9976814231,4789.6517830511,987.118531902,266.9978246738,4430.5161700137,2316.5592118116,280.1123273971,1008.1353631893,1403.9243299918,649.6722887531,21.8575045387949,182.9304995246,2687.1279810693,30.9367756549097,1006.285882036,2913.7734896716,2364.1413178461,840.8413861424,91.2971151120432,331.5615303884,370.5687692577,628.3191881652,570.3127338122,15208.6197927437,983.9239735463,100.5445208784,15223.7519112706,398.1428519066,277.4221729923,26.7334093974491,249.0074170919,770.224833017,1703.204007523,85.4124023515985,3116.7120125818,20.8486966370044,4384.4472758319,1565.8379982292,37.4940270165481,90.1201725599543,1110.1930959204,297.7664656785,20.6805619867059,665.8132151817,1.00880790179053
"SRX20686832",173731.232581138,2599.7183014174,492.5979202253,3069.8402709101,0,3563.3746890826,5.4316880937397,574.8224399892,0,157.5189547184,27.1584404686985,2382.076178489,7909.0997632533,0,11941.0980251131,1114.6198567532,4718.6385567442,83.3483173004885,156.9570559501,53.9422817585184,95.8973897929216,233.7498876202,0.5618987683179,7442.9110851389,363.7358026911,915.7076927687,1872.0593964458,244.9878629866,7659.8040097096,1129.6038239084,9140.7818634061,480.7980460906,0.5618987683179,0,4030.1252659654,504.7723935389,4703.8418891785,118.560640115,167.4458329587,16.856963049537,274.2065989391,2381.3269801312,789.4677694866,303.0507357127,138.2270970062,515.6357697263,0.9364979471965,481.9218436273,210.3374389403,0,8.6157811142078,1976.3852677634,537.5498216907,530.8070364709,2647.4796967245,52.0692858641254,3011.2154994156,652.1771704276,1259.7770385687,80.1642242800204,1141.0290988642,116.3130450418,1171.1843327639,651.053372891,256.2258383529,174.0013185891,1859.5103239533,1735.3306961551,26.9711408792592,5666.749078486,296.6825496718,1446.8893284185,94.3989930774072,0,675.2150199286,54.8787797057149,1.872995894393,2013.4705864724,5635.0954478707,4952.201144775,91249.1758818064,3015.5233899727,3375.8878000539,475.1790584075,2.8094938415895,306.2348287332,50121.5574335461,1259.7770385687,4000.531930834,19416.411939225,363.1739039228,16541.1759417423,15853.9737480895,91.5894992358177,1.1237975366358,8703.4373220653,4253.386376577,2764.7292397135,3412.7858191734,2413.7298091042,586.6223141238,597.8602894902,363115.466450898,435.2842458569,1892.6623512841,1250.973957865,1154.3273697144,1600.4749917588,1838.3454703467,5298.3307860589,1884.9830681171,117.4368425784,9611.4657316671,849.4036381072,1829.542389643,1566.9483652491,1244.6057718241,929.0059636189,5698.2154095118,276.4541940124,227.3817015793,153.9602625191,2901.0833408253,3462.4202103748,5091.3647397284,1.6856963049537,45.3265006443106,1334.1349755761,136.9159998801,1569.5705595013,101.7036770655,86.3451107315173,12205.7523449908,1.1237975366358,168.007731727,2188.5957025982,5.8062872726183,929.1932632083,255.6639395846,318.4093020468,445.0238245077,1651.6077796757,4229.4120291288,316.5363061524,1781.2190955677,52.6311846324433,5649.3302166681,192.5439779436,0.9364979471965,17602.2281159159,253.6036441008,408.3131049776,8.6157811142078,494.4709161197,8.8030807036471,200.0359615211,164.6363391171,1354.7379304144,36.1488207617849,5565.7945997782,1409.4294105307,157.8935538973,11.7998741346759,1574.0657496478,8.9903802930864,123.0558302616,178.1219095567,10.3014774191615
"SRX20686833",119742.076195748,2362.7869319707,0,0,0,0,8.26149276912845,0,0,0,1759.6979598243,17530.8876560905,3878.7708551058,0,1577.9451189035,0,140.4453770751,8.26149276912845,8.26149276912845,0,0,0,0,0,0,0,5171.6944734744,0,0,0,0,0,0,0,892.2412190658,0,169.3606017671,0,0,0,0,0,0,0,0,0,0,7055.3148248357,0,0,0,0,0,0,0,0,128.0531379214,8.26149276912845,0,0,817.8877841437,0,0,1429.2382490592,0,70.2226885375919,0,9822.9149024937,0,1057.4710744484,0,0,0,0,0,0,0,0,190.0143336899,10277.2970047957,55120.679755625,12.3922391536927,218.9295583819,0,0,0,95168.2659539752,104681.374877627,0,4.13074638456423,4.13074638456423,21719.4644900387,20.6537319228211,0,0,673.3116606839,888.1104726813,8.26149276912845,12.3922391536927,3197.1977016527,4.13074638456423,0,371701.082668627,0,86.7456740758488,2214.0800621264,0,16.5229855382569,351.1134426879,603.0889721463,8.26149276912845,0,0,8.26149276912845,0,1036.8173425256,14746.7645928942,0,0,0,0,0,0,0,52918.9919326523,0,0,45.4382102302065,0,0,0,0,0,8.26149276912845,16.5229855382569,14713.7186218177,0,0,0,0,0,0,4.13074638456423,0,181.7528409208,0,4473.598334483,0,0,70933.1769157369,0,0,0,0,0,0,0,0,0,0,8.26149276912845,0,0,0,0,82.6149276912845,0,0
"SRX20686834",38695.7594858602,1294.6051394993,0,0,0,0,1.18662249266667,0,0,0,0,0,5028.9061239213,0,14277.4418317654,2762.457162928,42764.6880132142,0,3025.8873563,0,0,0,0,2.37324498533335,0,0,3466.1243010793,0,0,0,0,0,0,0,7.11973495600004,0,7.11973495600004,0,0,0,0,0,0,0,0,685.8678007613,0,4404.7426927786,2.37324498533335,0,0,2.37324498533335,0,0,0,0,440.2369447793,0,0,0,70.0107270673337,0,0,2728.0451106406,0,0,0,20113.2512507001,0,4543.5775244206,0,0,0,0,0,0,0,0,91.3699319353338,20.1725823753334,30280.2327678681,0,1673.13771466,0,0,0,59218.3954965303,6158.57073694,0,1.18662249266667,4.74648997066669,27242.4791866414,450458.510931166,0,0,0,558.899194046,0,0,962.3508415526,0,3.55986747800002,213105.533458008,0,0,9.49297994133338,0,0,0,1489.2112282966,0,0,0,169.6870164513,0,1196.115472608,1231.714147388,299.028868152,0,0,0,640.77614604,0,0,2.37324498533335,0,0,4168.604816738,0,0,0,0,0,0,0,1385.9750714346,0,1969.7933378266,0,0,0,0,0,0,4.74648997066669,0,1749.0815541906,8607.759561804,0,42131.0316021302,0,0,0,0,0,177.9933739,0,0,0,0,0,0,275.2964182986,0,0,7.11973495600004,380.905820146,0
"SRX20686835",155357.77966331,7930.3009062849,110.6725200132,1438.7427601726,0,2687.4976943224,0,1898.0337182277,7.37816800088538,1222.9313461467,14.1414886683636,12428.5239974914,4411.529617196,0,11336.5551333603,2367.1622336173,6859.8516988231,94.0716420112886,868.7792821042,1262.8964228182,514.0123707283,187.5284366891,74.3965273422609,19668.9661956936,92.2271000110672,11450.3018900407,3552.5878924263,351.0778273754,54.7214126732332,3.68908400044269,359.6856900431,426.7040493845,3.68908400044269,0,1883.8922295594,0,4017.412476482,2461.848722962,236.7162233617,36.8908400044269,313.5721400376,0.614847333407115,624.0700434082,28.2829773367273,317.8760713714,2651.2217016514,256.3913380307,4225.2308751736,4771.2153072392,0,432.2376753852,67.6332066747827,7753.8397215971,15.986030668585,1154.6832921385,1.22969466681423,1519.2877608489,1293.0239421551,322.7948500387,51.0323286727905,2414.5054782897,23.9790460028775,371.9826367113,1522.361997516,0,174.6166426876,193.6769100232,4766.9113759053,324.6393920389,5140.7385546168,78.0856113427036,3335.5467837335,33.2017560039842,0,1697.593487537,38.1205346712411,106.3685886794,3429.0035784114,5553.301115333,1424.6012715042,95054.1680500731,1042.7810774584,2937.7405590191,7252.7391448703,31.3572140037629,376.2865680451,53327.5537683993,2091.0957809175,204.7441620245,4084.4308358234,1558.0231428536,14954.9316904612,2512.8810516348,101.4498100121,0,8085.2424343035,2228.8215836007,1278.2676061533,10408.750507249,281.6000787004,549.0586687325,253.3171013637,355410.656533983,3082.2296823698,1655.7838688653,1211.249246812,844.1853887679,10255.0386738972,1841.4677635543,4098.5723244918,1709.2755868717,140.1851920168,384.8944307128,338.1660333739,665.8796620799,8330.566520333,1569.7052421883,2115.6896742538,679.4063034148,739.6613420887,707.6892807515,546.5992793989,2142.1281095903,4967.9664539294,7953.6651049544,2773.5763209994,43.039313338498,2243.5779196025,75.011374675668,4919.3935145903,435.3119120522,0,72.5519853420396,0,229.3380553608,4113.3286604935,0,1317.002988158,4258.4326311776,1254.9034074839,2708.4025036583,13.5266413349565,134.0367186827,1756.6188315441,283.4446207006,111.2873673466,8940.4950750728,1904.7970388952,3.07423666703558,19598.8735996851,483.2700040579,763.6403880916,10.452404667921,119.8952300143,579.1861880695,1360.6571488299,423.014965384,2688.7273889893,422.4001180506,437.7713013858,257.0061853641,304.3494300365,10.452404667921,2758.8199849977,0,19.0602673356206,15.3711833351779,47.3432446723479
"SRX20686836",110915.157818321,5459.5208606345,42.1954888227507,9640.7102076161,0,980.5656209377,11.5078605880229,681.8407398403,553.3362966074,3831.6380816204,1.43848257350286,1161.3349310079,4315.4477205085,25.4131921318839,10020.4696070209,131.3814083799,707.2539319722,50.8263842637678,397.5006844779,898.0926200569,3987.9531879411,24.4542037495487,10.06937801452,0.958988382335242,0,7183.3024778821,2924.9145661224,7.67190705868194,938.8496263062,412.3650044041,691.9101178548,250.7754619806,43.1544772050859,0,6136.087164372,1.43848257350286,3430.7809378043,193.7156532317,906.7235154979,8.15140124984956,9.58988382335242,0,173.5768972026,362.4976085227,0,116.9965826448,10.06937801452,9789.8329010693,480.9326737411,0,7.19241286751432,70.4856461016403,2307.3260478985,1040.0229006425,2011.9576261393,0,3362.2132684673,2060.8660336384,0,43.6339713962535,4089.1264622774,1.91797676467048,1264.9056763001,165.9049901439,0.958988382335242,426.7498301391,25.8926863230515,3001.6336367093,215.2928918342,5713.6527819533,488.1250866086,1795.2262517315,51.7853726461031,1345.9401946075,23.4952153672134,425.7908417568,0,1180.9941928458,9739.9655051878,3941.921745589,190671.824106187,53.2238552196059,5793.7283118783,1791.8697923934,0.958988382335242,54.1828436019412,52359.8066871218,2148.1339764309,2806.9589950952,114.1196174978,88.7064253660099,25014.7324590236,1118.659947994,77.198564777987,0,13370.2160265179,4130.842456909,422.9138766098,105.0092278657,2295.8181873105,1808.172594893,2046.9607020945,342228.430073684,2571.0478530407,3136.3715044274,1331.0758746813,773.9036245445,2293.9002105458,4131.3219511002,1219.3537281392,4977.1497043199,1637.4726628374,472.3017783001,2490.9723231157,2106.4179817993,2404.6633687056,2967.1100549452,2373.0167520885,1714.6712276154,10.06937801452,1173.3222857871,120.353041983,4422.3749251389,45.551948160924,4491.9015828582,87.267942792507,10.5488722056877,5708.3783458505,122.7505129389,0,0,2389.7990487794,26.3721805142192,685.1971991785,781.5755316032,2773.8738959046,0.958988382335242,1436.085102547,2589.7481264963,359.6206433757,481.8916621234,4.79494191167621,72.8831170574784,4039.7385605872,67.129186763467,193.7156532317,15813.2389305169,5927.5071912141,0,22041.3889795932,1132.0857853467,756.6418336625,3.35645933817335,16.3028024996991,0.479494191167621,190.3591938935,99.7347917628652,1777.9644608495,1121.536913141,215.2928918342,35.9620643375716,211.936432496,0.479494191167621,11.0283663968553,0,19.6592618378725,49.387901690265,651.1531116056
"SRX20686837",11155.3615710439,31.4493924239462,52.2846149048106,20.0489876702657,0,235.3462866391,0,27.2561401007534,2398.6713680013,3668.9647436586,0,907.1839322957,613.5252305371,150.4329270945,4641.406165234,1555.041416229,242.1603216643,7.07611329538789,18.0834006437691,127.2390001818,10169.8162359585,5.76572194439014,29.6148445325493,1712.1573392136,0,5.37260453909081,2949.9530093661,36.4288795577377,5800.8404325968,1013.980827402,676.424015385,143.8809703395,4.71740886359193,0,276.2304967903,0,1855.3831138777,54.381241066407,3188.837352653,0,1.70350875629709,0,143.7499312044,1828.5200911822,14.021187455676,16291.96462782,0,4910.9536661342,0.262078270199552,0,1742.0342620164,33.9391359908419,0.524156540399103,961.9582907674,113.4798909964,7.07611329538789,631.0844746405,6153.5977842854,63.9470979286906,365.9923043336,4492.1525903554,0,2374.9532845483,70.6300938187792,1011.3600447,2155.9868897966,108.5004038626,241.1120085835,1.96558702649664,1978.1667834662,1180.0074115734,0,0.524156540399103,3799.479722218,0,2.48974356689574,45.601619014722,14.9384614013744,22622.4652444901,121.0801608321,425611.965864829,343.8466905018,21195.1869849834,0,0,5769.2600010378,23723.8491750038,61.8504717670942,2310.0889126739,6432.7111420479,151.3502010402,1614.7952618345,1568.4074080092,0,0,22749.5732055369,231.5461517213,6.02780021458969,0.262078270199552,87.0099857062511,128.2873132626,5864.6564913904,191354.483399176,9160.55281742,6698.5895471654,327.073681209,10592.4174466552,29.22172712725,8271.1902074978,105.3554646202,16405.5755579515,17.4282049682702,765.1375098475,328.6461508302,1342.233860827,85.3064769499541,7672.7344774971,37.4771926385359,682.5828547347,4238.9849813426,9.04170032188453,96.1827251632354,8463.8177360945,0,616.6701697795,0.262078270199552,53.5950062558083,10594.3830336817,3.53805664769395,42.8497971776267,126.7148436414,7590.9660571949,1754.3519407157,2975.3746015755,3058.3223740936,202.0623463238,0,71.285289494278,9.95897426758296,9.95897426758296,0,46.6499320955202,0,24.2422399934585,5.63468280929036,21.4904181563632,40901.6383560983,3.53805664769395,0,7058.6850904196,5440.0896936671,2891.6405942467,0.393117405299327,10.0900134026827,13.2349526450774,353.0194299587,27.2561401007534,139.0325223408,0,86.485829165852,4031.2879522095,31.8425098292455,0,0.262078270199552,0,0,3.53805664769395,3.40701751259417
"SRX20686838",107437.602220816,43.864871131275,0,6.26641016161072,0,0,87.72974226255,0,0,0,0,0,10383.4416377889,0,3208.4020027446,12.5328203232214,1090.3553681202,0,87.72974226255,0,0,31.3320508080536,0,0,0,0,12031.5075102925,0,0,0,0,0,0,0,0,0,156.6602540402,0,0,0,0,0,0,0,0,6.26641016161072,0,14137.0213245937,0,0,0,0,0,0,0,0,0,0,0,0,958.7607547264,0,0,695.5715279387,25.0656406464429,0,0,28029.6526528847,0,8516.0514096289,0,0,0,0,0,0,0,125.3282032322,1729.5292046045,8904.5688396488,47511.9218453324,852.231781979,0,0,0,12.5328203232214,133274.011317137,614.1081958378,0,0,0,8265.3950031645,382.2510198582,0,0,864.7646023022,17508.3499915403,31.3320508080536,0,676.7722974539,0,0,452184.157261829,0,0,0,0,2913.8807251489,0,338.3861487269,0,0,0,0,0,4499.2824960364,369.718199535,0,0,0,0,2537.8961154523,0,0,1102.8881884434,0,0,877.2974226255,0,0,0,0,0,0,6.26641016161072,538.9112738985,0,0,0,0,0,0,0,0,0,0,595.308965353,0,0,126305.763217426,0,0,0,0,0,0,0,0,0,0,0,0,0,0,0,0,31.3320508080536,0
"SRX20686839",145878.519224132,1055.0701395556,0,58.7824792038139,0,0,9.0434583390483,0,0,388.868708579,0,1906.6624664826,8148.1559634825,0,21313.9240620803,0,8879.1688458889,3.0144861130161,3379.238932691,45.2172916952415,283.3616946235,152.2315487073,0,0,0,12.0579444520644,10053.3111869086,0,16.5796736215885,0,2307.5891195138,0,0,0,2000.1115359861,0,551.6509586819,0,84.4056111644508,25.6231319606368,1368.5766953093,0,1412.286743948,0,0,1820.7496122617,0,7403.5778935675,0,0,0,0,0,153.7387917638,340.6369307708,0,278.8399654539,0,0,1.50724305650805,345.1586599403,7.53621528254025,357.2166043924,2492.9800154643,3.0144861130161,0,643.5927851289,15132.7202873408,79.8838819949266,8071.2865676006,18.0869166780966,119.0722014641,66.3186944863542,0,69.3331805993703,266.7820210019,0,22.6086458476207,6429.8988790633,4009.2665303114,65964.4923680747,307.4775835276,1359.5332369702,3.0144861130161,0,232.1154307022,100222.619799446,2703.9940433754,928.4617228089,2731.1244183925,21.1014027911127,12647.276487159,2019.7056957207,57.2752361473059,0,6787.1154834557,1935.3000845563,905.8530769613,69.3331805993703,2313.6180917398,372.2890349574,1208.8089313194,436265.473734029,3.0144861130161,141.6808473117,1186.2002854718,1651.9383899328,1813.2133969791,103.999770899,3493.7894049856,2083.0099040941,16.5796736215885,107.014257012,1.50724305650805,128.1156598031,1906.6624664826,2773.3272239748,740.0563407454,224.5792154196,21.1014027911127,960.1138269956,521.5060975517,1986.5463484776,0,1100.2874312508,185.3908959504,0,2039.2998554553,0,0,24.1158889041288,241.1588890412,3.0144861130161,0,66.3186944863542,2426.6613209779,0,5225.6116769134,0,18.0869166780966,18.0869166780966,46.7245347517495,162.7822501028,51.2462639212737,1368.5766953093,0,6179.696531683,49.7390208647656,0,59597.8976973847,526.0278267213,248.6951043238,0,42.2028055822254,0,73.8549097688944,563.708903134,1413.7939870045,102.4925278425,1.50724305650805,604.4044656597,111.5359861815,934.4906950349,0,0,0,185.3908959504,0
"SRX20686840",133226.269825464,182.2057060047,0,0,0,0,0,0,0,0,0,20970.6055585452,16364.6148044254,0,22440.9632325834,0,0,101.6962080026,0,0,0,0,0,0,0,0,0,0,4.23734200011017,0,0,0,0,0,389.8354640101,0,0,0,0,0,8779.7726242282,0,0,0,0,0,0,0,0,0,0,0,0,0,0,0,0,0,0,0,25.424052000661,0,0,15856.1337644122,0,0,0,173.7310220045,0,12.7120260003305,0,0,0,0,0,0,8.47468400022034,0,0,12296.7664843197,197752.513803141,0,84.7468400022034,0,0,0,126683.813777294,0,0,4.23734200011017,0,21326.5422865544,0,0,0,44606.4992351597,5478.8832061424,0,0,0,6995.8516421818,0,304499.633469917,0,0,4.23734200011017,0,0,0,0,0,0,0,0,0,0,563.5664860146,0,0,0,0,11025.5638842866,0,0,733.060166019,0,0,444.9209100115,0,0,0,0,0,0,0,1271.202600033,0,0,0,0,0,0,0,639.8386420166,0,0,0,0,0,37792.8532989826,0,0,0,0,0,0,0,9258.5922702407,0,0,0,0,0,0,0,0,0,0
"SRX20686841",59431.6890202318,909.297567629,0,0,0,0,0,0,0,0,0,2497.5373190876,16879.5938470864,0,8877.7752519512,2030.7645677047,84.8677729787073,0,3615.9733272713,0,0,0,0,0,0,0,4188.8307948776,0,0,0,0,0,0,0,30.3099189209669,0,0,0,0,0,0,0,0,0,0,0,0,5507.3122679396,0,0,0,6.06198378419338,0,0,0,0,109.1157081154,0,0,0,233.3863756914,0,381.9049784041,1021.4442676365,0,0,0,15645.9801470031,0,3085.5497461544,0,0,0,0,109.1157081154,0,102368.720163673,9.09297567629007,424.3388648935,2591.4980677426,23011.290444798,0,487.9896946275,0,0,0,57431.234371448,17979.8439039175,0,18070.7736606804,0,30658.482988558,258373.87284989,0,0,227.3243919072,106.0847162233,0,103.0537243312,2330.8327650223,0,3.03099189209669,247798.742138365,0,3.03099189209669,303.0991892096,484.9587027354,1442.752140638,0,424.3388648935,0,0,0,0,0,21.2169432446768,2152.0042433886,0,0,0,0,0,0,0,46061.9837841933,0,0,0,0,0,0,0,0,18.1859513525801,0,1503.3719784799,0,1991.3616731075,0,0,0,0,0,0,48.495870273547,0,448.5868000303,0,0,55621.7322118663,0,0,0,0,0,24.2479351367735,0,2758.2026218079,0,0,0,0,0,0,0,66.6818216261272,3.03099189209669,0
"SRX20686842",211591.843853096,9552.0804569302,121.7172671385,1009.1633118723,0,1001.2910508136,4.54168907233276,800.245614545,0,41.4807601939725,552.8749497386,2645.6852742695,4513.2278208128,109.9088755504,11858.0473885893,1646.8164576278,5516.9411057983,517.4497749744,340.6266804249,499.5857979566,1821.5200972769,538.9471032501,3.0277927148885,77.8142727726346,197.4120850107,2580.8905101709,2762.8608523357,342.7461353253,82.0531825734785,2.4222341719108,6293.8727164387,13.6250672169983,137.1590099844,9.99171595913206,1939.6040131575,2.11945490042195,4405.1356208912,82.6587411164562,184.9981348796,2201.5080829954,234.3511561323,0,752.1037103783,82.6587411164562,58.739178668837,305.8070642037,0,355.1600854564,62.9780884696809,0,459.013375577,4074.5006564254,4100.8424530449,349.7100585696,869.8848469874,0.908337814466551,1775.8004272821,643.7087311852,348.1961622121,53.2891517820377,1390.0596354053,56.619723768415,212.8538278566,591.0251379462,3.0277927148885,654.0032264159,301.8709336743,3005.9926073413,956.7824979047,5645.6222961811,185.3009141511,829.3124246079,468.3995329932,1090.0053773598,72.0614666143464,55.7113859539485,3.63335125786621,18701.4644827803,4411.4939855925,5347.9902723075,76692.4755717683,531.6804007344,2293.2502022565,1500.8768487702,6.35836470126586,253.7290295076,51092.7909466575,1666.4971102746,1587.471720416,1910.8399823661,5148.7615116679,20528.434606944,1479.076741223,305.8070642037,5.45002688679931,10259.6756143996,3073.5123848833,2396.4979338342,4398.171697647,285.5208530139,823.2568391781,841.4235954675,356041.475915726,152.2979735588,1838.1729572088,5385.2321227006,975.2520334655,1735.8335634455,1494.5184840689,3996.3836043813,2050.4212265224,149.8757393869,1884.1954064751,561.9583278833,255.2429258651,3471.6671268911,1291.9591514429,794.7955876582,2213.3164745834,3572.4926242969,366.06013923,528.0470494765,2490.6622872672,1020.0633656459,8660.0927231241,75.9975971437015,11.8083915880652,1822.1256558199,6349.8868816641,13.0195086740206,58.1336201258593,0,543.1860130509,453.2605694188,1240.1838960183,2503.3790166698,14.8361843029537,5786.4146574234,3574.0065206543,2371.0644750291,1015.824455845,6239.9780061137,923.1739987695,2894.8726147048,318.2210143347,407.8436786954,4630.4033988789,100.8254974057,14.230625759976,18687.2338570203,2788.2943111408,518.0553335174,166.5285993188,299.7514787739,478.6940282238,7017.2123960255,352.435072013,2024.6849884459,5.14724761531046,464.7661817353,741.8092151476,328.5155095654,918.3295304256,651.8837715154,17.5611977463533,233.4428183179,405.4214445235,11.2028330450875
"SRX20686843",172196.324076678,2250.1094085238,127.9394338781,4010.799712847,0,80.215994256941,8.12313865893073,963.6073234156,0,382.8029093021,215.2631744616,11275.9318509282,6349.2482542867,8.12313865893073,12124.7998407864,1168.7165745536,7095.5616185759,385.8490862992,374.6797706431,1000.1614473808,70.0620709332776,173.6320888346,2.03078466473268,232.5248441118,91.3853099129707,1071.2389106464,2181.0627299229,64.9851092714459,5393.76406953,732.0978716361,2177.0011605934,165.5089501757,3.04617699709902,0,1650.0125400953,0,3582.3041485884,27.4155929738912,78.1852095922083,89.354525248238,430.5263489233,0,1317.9792474115,78.1852095922083,50.7696166183171,177.6936581641,0,1763.7364813203,1.01539233236634,16.2462773178615,279.2328914007,1279.3943387815,1171.7627515507,1146.3779432415,81.2313865893073,0,3402.5797057596,1117.9469579353,2626.8199638317,214.2477821292,2416.6337510318,0,598.0660837637,1571.827330503,0,171.6013041699,178.7090504964,2556.7578928984,147.2318881931,5332.840529588,92.4007022453371,78.1852095922083,135.0471802047,0,860.0373055142,37.5695162975546,152.3088498549,6617.3118300314,5536.9343883936,5332.840529588,104955.013042715,229.4786671147,3022.8229734545,203.0784664732,47.723439621218,11.1693156560298,71722.2373966965,1848.0140449067,235.5710211089,8844.0672149108,6399.0024785726,17243.3925882452,8150.5542519046,322.8947616924,0,9371.0558354089,2570.9733855515,826.5293585462,1249.9479611429,891.5144678176,692.4975706738,290.4022070567,369847.518533449,964.622715748,1438.8109349631,2020.630741409,2432.8800283497,415.2954639378,564.5581367956,5238.4090426779,1687.5820563928,251.8172984268,1816.5368826033,6560.4498594189,1465.2111356046,1942.4455318168,893.5452524823,140.1241418665,574.7120601193,611.2661840845,976.8074237364,1304.7791470907,2001.338287094,111.6931565602,7497.656982193,164.4935578433,133.0163955399,3086.7926903936,2955.8070795184,3.04617699709902,110.6777642279,7.10774632656439,167.5397348404,2.03078466473268,460.9881188943,4759.143861801,15.2308849854951,1805.3675669473,14.2154926531288,1209.3322678483,19.2924543149605,75.1390325951093,695.5437476709,248.7711214297,137.0779648694,221.3555284558,6129.9235104956,0,10.1539233236634,25218.2839666504,294.4637763862,489.4191042005,0,1837.860121583,63.9697169390795,991.0229163895,184.8014044906,3582.3041485884,115.7547258897,3546.7654169556,5147.0237327649,20.3078466473268,0,16.2462773178615,697.5745323356,91.3853099129707,353.3565316634,254.8634754239
"SRX20686844",99172.0921426399,5093.0905988026,98.9618488699384,3185.0153767747,0,1089.4718857573,1820.6224497669,389.444458493,1.45889703493767,2490.7424878149,3.16094357569828,2062.9614572371,1300.930905988,0.324199341097259,7464.2035297527,473.2499881667,4046.4130260701,113.2266198782,400.1430367492,1591.5756152817,5630.937305683,186.6577706367,17.2636149134291,133.3269790262,13.5353224908106,1109.0859458937,2159.4918110488,82.5087323092525,4.29564126953868,0,419.7570968856,0,1082.0153009121,32.5820337802745,693.7055401128,0,3093.0238137384,1372.9842095468,1827.8358851063,48.143602152943,314.7975602054,452.1770309954,302.4779852437,1153.4202057887,141.5940622242,716.2373943191,729.1243181277,2540.6691863439,518.8810454261,0.0810498352743148,715.9942448132,50.4129975406238,826.708319798,2296.7091821682,929.5605607611,0.972598023291777,3096.9142058315,3398.1764435461,9.15863138599757,1.45889703493767,3555.4131239783,5.43033896337909,1316.8166737017,1310.089537374,54.3844394690652,1035.6547951351,2188.6697517475,1509.4721321488,327.6034341787,3867.7791891255,660.8803568267,1687.3765205759,234.6392731191,1836.5082174806,868.2868852937,587.2871063976,194.5196046583,23806.6870652892,14886.6663943392,1927.608232329,257742.771813591,365.9400062635,11450.396528214,0,51.4666453991899,135.3532249081,34163.5592159822,1507.5269361022,210.4864222073,2166.3810470471,172.3119497931,15560.9199739862,2221.008636022,2517.651033126,3.24199341097259,14797.4305257021,889.1166929592,2050.4797826048,1516.3613681471,46.0363064358108,521.0693909785,40.7680671429803,281204.267630446,4903.3529344254,4999.3159393902,937.5844944532,734.7978065969,2356.7671101065,4606.5484376509,708.3755602975,8584.3122532437,53.9791902926937,421.3780935911,2254.401168155,263.9793134884,3180.8818351757,4218.8870755339,138.0278694721,169.9615045702,82.7518818150754,217.780907382,345.110198598,5331.2960646738,1521.8727569458,4945.0935995917,2710.0633420672,647.669233677,6400.910740789,2036.4581611024,48.5488513293146,2079.2524741272,3466.8256540235,2418.7702340913,10.3743789151123,3473.1475411749,4757.8684801081,1646.2842540918,1230.336499464,859.3714034135,3943.8039346128,667.3643436487,178.2285877682,696.137035171,1213.5591835623,388.552910305,365.0484580755,24503.4724991424,1842.9922043026,0,10418.0647763251,2864.220128759,85.5886260496764,1.05364785856609,64.4346190430802,447.5571903847,1045.2186756975,539.6298032563,1950.1400865352,12.7248241380674,2504.6830594821,2409.1253036937,424.5390371668,149.3748464105,903.8677629791,2.7556943993267,106.985782562,140.945663542,1271.5098157834
"SRX20686845",110547.553758768,2933.8267475679,117.4904856754,60.4629399967158,0,830.6783460912,2.06123659079713,219.8652363516,1321.9397335645,1846.1809064906,19.2382081807732,1543.866206507,6356.1665671547,81.7623847682861,7271.3556134686,1378.2802003796,3019.0245266541,458.9686808841,56.3404668151215,114.742170221,5568.7741894702,70.7691229507014,13.7415772719809,718.6844913245,13.0544984083818,889.7671283607,3497.2314157191,204.7495013525,85.1977790862813,51.5309147699282,2012.4539914815,532.4861192892,0,0,3337.1420405005,0,2632.1991264479,1771.9763892219,2074.2910892055,608.0647942851,253.532100668,15.802813862778,430.7984474765,4235.841194088,173.8309524905,1193.4559860715,727.6165165513,2856.1868359812,1058.1014499425,0,129.1708263566,6004.382188992,1115.1289956212,70.0820440871024,1820.0719096738,0,1453.8588753755,3396.23082277,1024.4345856261,6.87078863599043,3094.60320165,136.0416149926,750.9771979137,922.7469138135,435.6079995217,1216.8166674339,1954.0522880756,935.1143333582,6.18370977239138,3208.6582930075,750.9771979137,2164.2984203369,168.3343215817,2193.1557326081,274.144466576,652.0378415554,2.06123659079713,1955.4264458028,15060.0816112274,4194.6164622721,267090.91496231,760.5963020041,10627.0487832863,2149.1826853378,1.37415772719809,287.8860438479,33858.5593192972,2752.4379275777,635.5479488291,6927.1291028055,119.5517222662,11140.9837732584,5328.9836660741,7870.488382527,2.06123659079713,15939.5425566341,981.1486172194,1622.1931969573,2966.8065330206,105.8101449942,841.6716079088,2785.4177130305,252405.291331744,4703.0548213354,3928.7169420593,3232.7060532334,492.6355452005,1214.0683519795,4684.5036920182,1549.3628374158,9485.8107908483,67.3337286327062,653.4119992826,265.2124413492,303.6888577107,2256.3669880592,4046.2074277347,1132.9930460748,520.805778608,512.5608322448,754.4125922317,408.8119238414,5279.513987895,662.3440245094,3750.7635163871,1828.316856037,224.6747883968,6520.3784155549,3177.0526652819,262.4641258948,3.43539431799521,3846.954557291,5350.9701897093,1497.1448437823,1627.0027490025,2509.8990887273,4.12247318159426,1332.2459165185,1713.574685816,217.1169208972,446.6012613393,437.6692361125,3918.4107591053,678.8339172358,87.2590156770784,113.3680124938,24328.7754811785,23.3606813623675,13.0544984083818,11493.4552302847,6964.9184403034,1916.9500294413,141.5382459014,724.8682010969,0,804.5693492744,77.6399115866918,961.223330175,2222.0130448793,3701.9809170716,2909.0919084783,1846.8679853542,9.6191040903866,546.2276965612,0.687078863599043,6.18370977239138,98.2522774946631,2.06123659079713
"SRX20686846",55021.144888453,876.440303996,0,0,0,0,0,0,0,15.3223829369944,0,41.3704339298848,26639.4949742583,0,6754.1063986271,2437.7911252758,0,0,4230.5099289041,0,0,0,0,0,0,0,4477.2002941897,0,0,0,0,0,0,0,3.06447658739887,0,27.5802892865899,0,0,0,0,0,0,0,0,0,6.12895317479774,5696.8619759745,0,0,0,0,0,0,0,0,133.3047315518,0,0,15109.4018141701,49.031625398382,0,484.187300809,815.1507722481,0,0,0,16551.2380485413,0,4060.4314783035,0,0,0,0,0,0,47220.5197352292,0,553.1380240254,85.8053444471684,20363.4469232655,0,576.1215984309,0,0,0,53020.0416768815,2267.7126746751,0,21771.5739151752,0,50062.8217700416,367574.773228733,0,0,0,15.3223829369944,0,55.1605785731797,1916.8301054179,0,0,234729.713164991,0,0,0,0,2086.9085560186,0,1447.9651875459,0,0,0,99.5954890904634,0,0,9.19342976219662,0,0,0,0,7.66119146849718,0,0,1922.9590585927,0,0,119.5145869085,0,0,0,0,0,0,0,0,0,2247.793576857,6.12895317479774,0,0,0,0,0,0,0,343.2213777886,50.5638636920814,0,47108.6663397891,0,0,0,0,0,0,0,899.4238784015,0,0,0,0,0,0,0,0,7.66119146849718,0
"SRX20686847",53259.6515409378,839.0657304716,0,0,0,0,0,0,0,98.7136153496016,0,31.0765085359857,25597.9028840827,0,7403.5211512201,2261.2730034714,0,0,4443.9407206459,0,0,0,0,0,0,0,6145.8365704696,0,0,0,0,0,0,0,0,0,73.1211965552604,0,0,0,0,0,0,0,0,0,0,5381.7200664671,0,0,0,0,0,0,0,0,95.0575555218386,0,0,12840.0821151037,122.47800423,0,457.0074784703,709.275606586,0,0,0,16364.5237890672,0,3458.6325970638,0,0,0,0,0,0,44567.3693004312,0,811.6452817633,329.0453844986,18470.4142498587,0,716.5877262415,0,0,0,58054.574005049,3281.3136954173,0,20331.3487021901,0,47190.5922268512,363322.773413864,0,0,0,65.8090768997344,3.65605982776302,25.5924187943411,1855.4503625897,0,0,241586.949328839,0,0,0,1753.0806874123,1875.5586916424,0,1210.1558029895,0,0,0,778.7407433135,0,0,0,0,0,0,0,21.9363589665781,0,0,2210.0881658827,0,0,277.8605469099,0,0,0,0,0,0,0,31.0765085359857,0,2211.9161957966,0,0,0,0,0,0,0,0,409.4787007094,0,0,48144.8238418973,0,0,0,0,0,0,0,875.6263287492,0,3.65605982776302,0,0,0,0,0,0,0,0
"SRX20686848",52541.9884217481,773.1984180991,0,0,0,0,0,0,0,0,0,0,23237.3738868013,0,6406.5011785358,2254.5045711411,1248.5576496346,0,3759.4800635127,0,1.9724449441305,31.5591191060879,0,0,0,0,3919.2481039872,0,0,0,0,0,0,0,29.5866741619575,0,39.4488988826099,0,0,0,0,0,0,0,0,0,0,5424.2235963588,0,0,0,0,0,0,0,0,159.7680404745,0,0,11586.1416018225,63.1182382121759,0,461.5521169265,731.7770742724,0,0,0,14607.9272562304,0,3818.6534118366,0,0,0,0,161.7404854187,0,133650.896969338,0,579.8988135743,185.4098247482,18566.6242591003,0,560.174364133,0,0,0,52358.551041944,2254.5045711411,0,19168.2199670601,0,29115.2598203102,334289.969131237,0,0,185.4098247482,108.4844719271,57.2009033797844,76.9253528210894,1692.3577620639,0,0,222657.475073227,0,71.0080179886979,0,0,1895.5195913094,0,1161.7700720928,0,0,0,0,0,220.9138337426,0,0,5.91733483239149,0,0,29.5866741619575,0,0,2209.1383374261,0,0,132.1538112567,0,0,0,13.8071146089135,0,0,0,195.2720494689,0,2017.8111778454,0,0,0,0,0,0,0,0,258.390287681,72.9804629328284,0,43638.3719439431,0,0,0,0,0,0,0,1293.9238833496,0,0,0,0,0,0,0,0,17.7520044971745,0
"SRX20686849",170713.962648021,99.7941343583157,307.4303171361,0,0,59.5545640525432,3.2191656244618,13079.4699321882,0,133.5953734151,4.82874843669269,2902.0778104523,9433.7648624852,0,838.5926451722,874.0034670413,88.5270546726994,1002.7700920198,1678.7948731568,0,9.65749687338539,3.2191656244618,0,0,0,70.8216437381595,4843.2346820027,0,0,0,28.9724906201562,0,1.6095828122309,0,239.8278390224,0,41.8491531180033,421.7106968044,946.4346935917,0,0,0,5350.2532678555,0,0,2103.7247355857,0,4083.5115946297,0,0,0,0,0,0,0,0,3145.1248150991,975.4071842119,0,16.095828122309,8493.7685001424,0,14.4862453100781,72.4312265503904,0,0,0,22757.8913821326,0,1736.7398543971,0,0,0,0,0,0,3.2191656244618,32.191656244618,7613.3267018521,11051.3955887773,101300.703870564,12453.3422182304,614.8606342722,0,0,6676.5495051337,68935.2126822249,12237.6581213915,962.530521714,222.1224280878,251.094918708,34449.9009301779,98152.3598898401,0,0,5311.6232803619,6077.7846989838,687.2918608225,0,27.3629078079253,1582.2199044229,1265.1320904134,277089.681125549,9.65749687338539,0,1363.3166419595,0,692.1206092592,2415.9838011585,2556.0175058226,479.6556780448,0,0,0,4281.4902805341,173.8349437209,8319.9335564215,9443.4223593586,0,32.191656244618,1675.5757075323,4236.4219617917,11205.9155387515,0,15472.9195739756,0,0,291.3344890137,0,12.8766624978472,0,738.7985108139,0,1.6095828122309,33.8012390568489,16.095828122309,0,6832.6790379201,0,0,0,156.1295327863,0,0,0,57.9449812403123,2834.4753323386,0,0,22980.0138102205,65.9928953014668,0,0,6.43833124892359,0,0,0,17.7054109345399,0,0,0,0,0,0,0,12.8766624978472,8.04791406115449,0
"SRX20686851",81522.5783680042,1481.6939107159,14.7066393123175,0,0,0,0,18.3832991403969,0,0,0,1540.5204679652,7985.7051465884,0,11191.7525166736,113.9764546704,0,0,6882.7071981646,0,0,0,0,0,0,0,7272.433139941,0,0,0,0,0,0,3.67665982807939,62.5032170773496,0,0,0,0,0,0,0,128.6830939827,0,0,0,0,8724.7137720323,0,0,0,0,0,0,0,0,257.3661879655,0,0,0,161.7730324354,22.0599589684763,599.2955519769,5224.5336157008,0,7.35331965615877,0,24497.5844344929,14.7066393123175,6430.4780393108,0,0,7.35331965615877,0,0,0,7.35331965615877,0,966.9615347848,8073.9449824623,40358.6949328274,0,882.398358739,0,0,0,85291.1546917856,4419.3451133514,0,68242.4830689815,0,36748.2149816534,109575.49285625,22.0599589684763,0,102.9464751862,643.4154699138,36.7665982807939,117.6531144985,3070.0109564462,7.35331965615877,0,380332.075915672,11.0299794842382,0,22.0599589684763,6952.5637348981,3011.184399197,0,6669.460928136,0,0,0,18.3832991403969,0,132.3597538108,338.2527041833,3.67665982807939,3.67665982807939,0,0,3.67665982807939,0,0,7857.0220526056,0,0,154.4197127793,33.0899384527145,0,0,0,0,110.2997948423,0,1525.8138286529,0,3698.7197870478,0,0,22.0599589684763,25.7366187965557,11.0299794842382,0,29.4132786246351,7.35331965615877,73.5331965615877,0,0,62848.823101189,0,0,0,0,0,0,18.3832991403969,36.7665982807939,0,0,0,0,3264.8739273344,0,0,25.7366187965557,25.7366187965557,0
"SRX20686852",95542.7873327352,584.1143795216,0,22.9064462557505,0,15.2709641705003,0,0,0,22.9064462557505,3.81774104262508,4333.1360833794,17534.8846087769,0,13129.2114455876,954.4352606562,14072.193483116,7.63548208525016,4153.702254376,0,34.3596693836257,519.212781797,0,0,0,0,5562.4486991047,0,0,0,0,0,53.4483745967511,0,614.6563078626,0,679.5579055872,0,0,19.0887052131254,1313.302918663,0,458.128925115,0,0,15.2709641705003,0,9330.5591081756,0,0,0,0,0,125.9854544066,0,0,103.0790081508,22.9064462557505,0,10388.0733769828,526.8482638822,0,332.1434707083,1546.1851222631,0,1439.2883730696,0,15267.1464294576,0,4650.0085899173,0,0,0,0,129.8031954492,0,30343.4058067841,11.4532231278752,2363.1817053849,4096.4361387367,49462.6529482505,549.754710138,1061.3320098497,0,0,15.2709641705003,94763.9681600397,6284.0017561608,114.5322312787,13239.9259358237,213.793498387,42922.8625422337,95176.2841926432,0,0,1920.3237444404,1450.7415961975,717.7353160135,80.1725618951266,2237.1962509782,610.83856682,26.7241872983756,350052.493939336,19.0887052131254,675.7401645446,38.1774104262508,1542.3673812205,1821.0624773321,0,2935.8428617786,0,0,0,0,3.81774104262508,1843.9689235879,3909.366827648,0,0,0,0,355.0499169641,0,0,3317.6169660411,404.6805505182,0,2145.5704659552,1954.683413824,0,0,3.81774104262508,0,87.8080439803768,7.63548208525016,4000.992612671,0,1618.722202073,0,7.63548208525016,0,0,0,99.261267108252,782.6369137381,15.2709641705003,4859.9843472617,0,0,64985.588027564,7.63548208525016,0,0,0,0,301.6015423673,0,740.6417622692,0,0,0,53.4483745967511,0,0,0,156.5273827476,80.1725618951266,0
"SRX20686853",129159.3167708,1011.3720090944,316.053752842,5025.254670188,0,29.6300393289389,1.97533595526259,2370.4031463151,0,53.33407079209,0,15840.2190252507,4804.0170431986,0,7739.3662727188,1100.2621270812,13499.4459182645,298.2757292446,363.4618157683,11.8520157315755,1925.952556381,15.8026876421007,0,15.8026876421007,0,13693.0288418802,5084.5147488459,102.7174696736,73.0874303447159,3.95067191052518,6411.9405107823,65.1860865236655,0,0,928.4078989734,0,2757.5689935465,877.0491641365,169.8788921525,3.95067191052518,1058.7800720207,0,1787.6790395126,3379.7998194542,0,3.95067191052518,0,8499.8706154949,5681.0662073352,0,493.8339888156,5124.0214679511,8944.321205429,948.161258526,0,0,7480.5972625794,1505.20599791,158.026876421,535.3160438761,1278.0423630548,0,132.3475090025,784.2083742392,0,1825.2104226626,0,4116.6001307672,49.3833988815648,3707.7055880278,181.7309078841,393.0918550972,833.5917731208,0,0,0,23.7040314631511,13.8273516868381,7460.8439030268,5459.8285803458,79661.3484038297,3338.3177643937,2261.7596687756,0,11.8520157315755,1.97533595526259,70853.3253793138,1552.6140608363,1125.9414944996,32057.7272179565,4732.9049488091,24101.0739901588,5455.8779084352,404.9438708288,0,5434.1492129273,3302.761717199,341.7331202604,0,1390.6365125048,1991.1386429046,584.6994427577,318191.066345609,120.495493271,1710.6409372574,323.955096663,985.692641676,11231.760241623,1544.7127170153,1592.1207799416,404.9438708288,3.95067191052518,7073.6780557953,128.396837092,3237.5756306753,12505.8519327674,7369.9784490847,0,683.4662405208,124.4461651815,167.9035561973,314.0784168867,1497.304654089,0,2775.3470171439,343.7084562156,118.5201573157,853.3451326734,248.892330363,0,0,0,7948.7518839766,5.92600786578777,142.2241887789,2293.3650440598,0,1902.2485249178,185.6815797946,7.90134382105037,4043.5127004225,0,2398.0578496887,37399.0356409866,280.4977056472,0,8460.3638963896,426.6725663367,0,24991.9505059823,4063.2660599751,1222.7329563075,0,175.8049000183,0,339.7577843051,0,1540.7620451048,0,803.9617337918,2554.1093901545,788.1590461497,0,179.7555719288,0,0,27.6547033736763,47.4080629263022
"SRX20686854",74480.8286608751,1624.035728786,0,110.7297087808,0,6.7108914412646,0,0,0,6.7108914412646,0,0,8314.7944957268,0,10871.6441348486,0,6.7108914412646,0,7455.8003912449,0,0,0,0,0,0,0,6737.7350070296,0,0,0,0,0,0,0,16.7772286031615,0,36.9099029269553,0,0,0,0,0,0,6.7108914412646,0,60.3980229713814,0,8291.3063756824,0,0,0,10.0663371618969,0,0,0,0,315.4118977394,0,0,20988.312982555,134.2178288252,0,691.2218184502,5466.02107891,0,0,0,25947.6617576495,0,5278.1161185546,0,0,0,0,0,0,0,26.8435657650584,899.2594531294,261.7247662093,36728.7088580411,0,1130.785207853,0,0,0,76269.2812299721,3888.9615902128,0,34342.9869506715,6.7108914412646,63501.8102629662,170610.99311127,0,0,53.6871315301168,140.9287202665,10.0663371618969,93.9524801777044,3033.3229314515,0,0,342091.046664184,0,10.0663371618969,16.7772286031615,2721.2664794327,3097.0764001436,0,2003.2010952174,0,3.3554457206323,0,26.8435657650584,0,486.5396294916,97.3079258983367,0,0,6.7108914412646,6.7108914412646,46.9762400888522,0,0,16559.1246313204,0,3.3554457206323,6.7108914412646,0,0,0,0,6.7108914412646,0,3.3554457206323,13.4217828825292,3.3554457206323,4217.7952708348,0,0,0,0,0,0,20.1326743237938,0,416.0752693584,0,0,60096.0328565245,0,0,0,0,0,13.4217828825292,0,140.9287202665,0,13.4217828825292,3.3554457206323,0,0,0,0,0,10.0663371618969,0
"SRX20686855",68067.4250716736,3295.1431031874,498.3509395892,382.5772509466,441.8934000659,1054.8269409661,0.476434932685699,647.7132909862,0,2269.6169105815,95.7634214698256,5173.9642602335,1120.8131791431,0.595543665857124,7083.1581442382,2782.6182243508,3019.7637120951,75.5149368306834,72.1798923018835,12.7446344493425,6705.8216775512,80.0410686911975,0,329.0974297526,1428.3519281917,93.1430293400542,2789.1692046752,337.9114760073,77.1824590950833,0.357326199514275,3067.5263140968,5.00256679319984,50.5021028646841,0,1763.7621208024,4.2879143941713,2940.3181870697,1407.9843348194,2307.2552702636,164.1318343102,147.9330465989,97.4309437342255,69.4403914389407,25.9657038313706,29.0625308938277,64.199607179398,0,3250.5964369813,9.17137245419971,0,888.9084756583,45.2613186051414,57.1721919222839,925.7130742083,1825.341335852,0,615.4348242967,3820.0552902739,1669.1897866643,29.1816396269991,3796.1144349064,7.02741525711407,1415.9646199418,427.7194608185,1.07197859854282,1720.7638681275,227.4976803574,1075.7900780043,7.74206765614262,3394.7180041187,909.514286497,2972.9539799587,76.2295892297119,2868.3765122342,139.8336527432,1073.527012074,694.4039143894,12019.1431555953,16669.0289898745,650.8101180486,313313.497758969,3888.6619205806,14625.242237386,2.26306593025707,22.0351156367136,77.7780027609404,31529.0345403415,887.9556057929,365.0682671704,2034.2580538347,20.7249195718279,16574.0993295369,6002.1272819744,853.5331819064,7.50385018979977,18270.207689898,821.1356064838,634.7304390705,103.2672716596,45.8568622709986,193.5516914035,797.1947511163,261887.349342341,6967.9799992615,5979.8539488713,748.5983879824,862.8236630938,1553.1778805553,5964.0124873595,1572.3543865959,11815.348113139,70.2741525711407,4970.5265439767,7027.0579309145,284.908089746,339.817215738,5203.1458998605,110.2946869167,428.7914394171,105.0539026571,155.675114255,75.6340455638548,6735.9561870435,803.5075139744,1184.4172426566,3210.9332288352,37.0428160163131,6854.8267027486,74.2047407657977,86.8302664819687,2491.2782630135,4417.9811307944,44.1893400065986,0,1999.5974124818,1482.1890755852,0.23821746634285,470.0030610944,2805.1297749202,1671.5719613277,30.9682706245705,168.0624225048,367.6886593001,3.3350445287999,128.6374318251,184.856753882,28895.7786673876,0,924.0455519439,9107.8874994193,1285.1832309196,1641.5565605685,526.8179268172,117.6794283733,911.5391349609,1084.6041242589,85.520070417083,904.9881546364,2539.5172999479,2088.6907448941,183.9038840166,1880.0122443777,78.2544376936261,543.2549319948,1356.291144623,0.119108733171425,18.1045274420566,15.126809112771
"SRX20686856",174718.379431046,1803.8235377666,217.7844691266,2338.8158206213,0,14697.2953693971,1540.2727671568,173.5963159705,0,82.0637130042578,101.0014929283,5916.4780779415,5397.2672783569,85.2200096582678,14769.8901924394,415.0530100023,10278.4800537832,208.3155791646,932.6856612599,244.6129906857,1019.4838192452,375.5993018271,0,6400.9696143321,0,3798.6030231009,3293.5955584593,3213.109993782,63.1259330801983,0,1284.612738182,347.192631941,187.7996509135,0,2103.6717198976,0,3333.0492666344,261.9726222828,55.2351914451736,443.4596798883,1287.769034836,0,227.2533590887,127.8300144874,770.1363835784,22.0940765780694,0,3126.3118357968,1005.2804843021,0,340.880038633,3165.7655439719,1655.4775950282,0,0,0,2869.073658495,516.0545029306,3164.1873956449,0,920.0604746438,0,236.7222490507,1439.2712742285,528.6796895466,52.0788947911636,75.751119696238,7401.5156536532,116.7829761983,5193.6861441733,165.7055743355,560.2426560867,99.4233446013124,0,714.9011921332,143.6114977574,26.8285215590843,11922.9106105224,6976.9937536889,4665.0064546266,88980.7371215205,192.5340958946,1349.3168195892,3.15629665400992,22.0940765780694,108.8922345633,67278.0413285484,4062.1537937107,146.7677944114,4537.1764401392,86.7981579852727,22891.0414832069,6075.871058969,975.295666089,336.145593652,8799.7550713796,4663.4283062996,1213.5960634668,2068.9524567035,156.2366843734,344.036335287,26.8285215590843,360032.446729603,1423.4897909584,1508.7098006167,1625.4927768151,495.5385746795,2364.0661938534,635.9937757829,3025.3103428685,1855.9024325578,0,980.03011107,336.145593652,620.2122925129,2809.1040220688,1622.336480161,29.9848182130942,1060.5156757473,563.3989527407,101.0014929283,525.5233928926,2282.0024808491,6992.7752369589,3737.0552383477,11.0470382890347,1.57814832700496,2119.4532031676,160.9711293545,1947.4350355241,356.6615219031,6.31259330801983,135.7207561224,0,192.5340958946,3293.5955584593,45.7663014831438,1317.7538530491,6.31259330801983,667.556742323,438.7252349073,20.5159282510645,34.7192631941091,214.6281724726,375.5993018271,116.7829761983,8337.3576115671,31.5629665400992,0,31622.9361765253,713.3230438062,69.4385263882182,490.8041296985,5452.5024698021,0,186.2215025865,0,3222.5788837441,142.0333494304,3115.2647975077,435.5689382533,11.0470382890347,47.3444498101488,5771.2884318571,0,273.0196605718,47.3444498101488,0
"SRX20686857",73613.2098567412,1224.0728703242,0,16.8837637286104,0,11.2558424857403,0,0,0,11.2558424857403,0,95.6746611287922,8878.0457606276,0,10690.2364008318,0,337.6752745722,0,6365.1789256861,0,0,0,0,0,0,0,7395.0885131313,0,0,0,0,0,0,0,5.62792124287013,0,19.6977243500454,0,0,0,0,0,0,0,0,0,0,7496.391095503,0,0,0,0,0,0,0,0,202.6051647433,0,0,11.2558424857403,56.2792124287013,0,641.5830216871,4915.989205647,0,0,0,27346.0693191059,0,5537.8745029842,0,0,0,0,0,0,0,5.62792124287013,1091.8167211168,182.9074403932,35939.9050569686,0,1091.8167211168,0,0,0,79643.5274684766,3210.7290690574,2.81396062143506,34068.6212437143,0,58018.2400927481,181624.274349905,0,0,25.3256455929156,104.116542993,0,56.2792124287013,2833.6583457851,0,2.81396062143506,349907.561393586,0,2.81396062143506,0,2949.0307312639,2656.3788266347,0,2096.4006629691,0,0,0,0,5.62792124287013,0,59.0931730501363,0,0,0,0,39.3954487000909,0,0,15544.3184728072,0,0,123.8142673431,0,0,0,5.62792124287013,22.5116849714805,0,0,22.5116849714805,0,3942.3588306305,0,0,0,0,0,0,0,0,925.7930444521,0,0,68835.1047215445,0,0,0,0,0,28.1396062143506,0,33.7675274572208,0,11.2558424857403,11.2558424857403,0,2.81396062143506,0,0,0,0,0
"SRX20686858",171543.390250528,175.5885529515,605.1731258958,0,0,0,0,1266.6671083988,0,2866.8420343535,82.8247891280869,8137.8116144649,10253.7088940571,640.5117025905,11248.7106941159,13858.2437169114,8350.9474051545,551.0609303322,132.5196626049,0,80.6161280846712,393.1416657279,83.9291196497947,454.9841749436,4.4173220868313,0,6398.4910427751,0,40.8602293031895,0,19.8779493907409,0,0,0,1445.5686529155,0,4762.9775401258,5.52165260853913,147.9802899088,0,538.9132945934,0,983.9584948416,1961.291006553,0,25.39960199928,0,5062.2511115086,0,0,23.1909409558643,5.52165260853913,0,0,3616.6824585931,0,492.5314126816,2031.9681599423,0,132.5196626049,1361.6395332657,2.20866104341565,3.31299156512347,2224.1216707195,0,0,0,1591.3402817809,14.3562967822017,5949.02852044,138.0413152134,0,12.1476357387861,0,2079.4543723758,54.1121955636834,3.31299156512347,287.125935644,10901.9509102996,2623.8893195777,108387.83204458,673.6416182417,2701.1924560973,0,24.2952714775722,598.5471427656,67573.9846233018,1072.3049365782,98.2854164319964,3564.7789240728,329.0904954689,15245.2828521765,1572.5666629119,0,0,9161.5260080881,3865.1568259773,192.1535107771,11.0433052170783,212.0314601679,972.9151896245,90.5551027800416,404761.431477395,9.93897469537043,1700.66900343,1352.804889092,1932.5784129886,174.4842224298,2033.0724904641,865.7951290189,741.0057800659,22.0866104341565,0,3454.345871902,792.9093145862,23.1909409558643,1951.3520318577,29.8169240861113,166.7539087778,38.6515682597739,13.2519662604939,3665.2730015482,2494.6826485379,0,1736.0075801247,68.4684923458852,1656.4957825617,3391.3990321647,44.173220868313,164.5452477344,155.7106035608,0,3388.0860405996,0,97.1810859102886,847.0215101499,0,755.3620768481,0,27.6082630426956,56.3208566070991,66.2598313024695,29.8169240861113,12.1476357387861,13.2519662604939,415.2282761621,7424.4140974417,0,0,23499.0491714208,14164.1432714245,89.4507722583338,13.2519662604939,61.8425092156382,556.5825829407,0,0,2059.576422985,0,10876.5513083003,6.62598313024695,0,0,0,0,0,79.5117975629634,0
"SRX20686859",84644.1534637176,1486.677611462,17.2268552892475,13.781484231398,0,2697.7255382961,0,0,0,151.5963265453,99.9157606776356,5643.5177927574,8908.0068700698,0,5500.5348938567,4568.5620227084,7176.7079135005,13.781484231398,1378.1484231398,0,115.4199304379,8.61342764462376,0,11824.5134705394,0,53.4032513966673,6034.5674078234,0,3.4453710578495,0,5281.7538316832,4525.4948844853,0,0,6549.6503809719,0,1381.5937941976,0,0,0,0,0,1316.1317440985,503.024174446,0,24.1175974049465,0,5889.8618233937,0,0,3777.8493649319,58.5713079834415,384.1588729502,0,0,0,287.6884833304,976.7626949003,14415.4325060423,2956.1283676348,687.3515260409,68.9074211569901,98.1930751487108,182.604666066,0,1.72268552892475,89.5796475040871,9388.6361326398,0,3324.7830708247,0,1119.745593801,0,0,0,0,43117.0961034576,18.9495408181723,2375.5833443872,1455.6692719414,33375.3094373881,2084.4494899989,501.3014889171,0,0,0,63818.6081045463,5893.3071944515,999.1576067763,18827.2301456186,404.8310992973,61787.561865944,88160.154628253,346.2597913138,0,5598.7279690054,2227.4323888997,673.5700418095,20.672226347097,902.6872171565,423.7806401154,0,256351.110873763,111.9745593801,787.2672867186,1157.6446754374,101.6384462065,711.4691234459,1428.1063034786,1664.1142209413,699.4103247434,422.0579545865,4594.4023056423,1781.2568369081,1741.6350697429,2596.0870920896,651.1751299335,77.5208488016138,24.1175974049465,72.3527922148396,204.999577942,516.8056586774,344.5371057849,6.89074211569901,4728.7717768984,0,0,575.3769666608,1.72268552892475,2683.9440540647,0,0,29861.0309583816,0,0,239.4532885205,0,5643.5177927574,0,3.4453710578495,0,79.2435343305386,0,0,0,2089.6175465857,3043.98532961,0,0,41316.8897257312,1021.5525186523,0,0,144.7055844296,0,382.4361874212,0,578.8223377187,0,23483.6491303022,71410.4832305177,1.72268552892475,0,0,0,0,20.672226347097,0
"SRX20686860",149642.896933793,9451.8016512415,27.6615608035683,6294.5418361897,0,4832.3209970455,19.2094172247002,683.8552531993,0,48.4077314062446,119.8667634821,2378.1258524178,5366.3427958922,6.14701351190408,12103.4696049391,431.0593225222,3283.2735920457,242.8070337202,816.0160437052,1456.0738256322,283.5309982365,2.30513006696403,0,607.7859609895,0,4936.8202267479,4042.4297607659,1711.9432630652,4492.6985005128,563.2201130282,7723.7224777074,45.3342246502926,42.2607178943405,0,1718.8586532661,0,3351.6591173656,97.5838395014772,18.4410405357122,44.5658479613045,19.2094172247002,0,675.4031096204,27.6615608035683,185.1787820461,986.5956686606,0,2182.1897967259,2722.3586090845,0,26.1248074255923,3709.7226544341,2912.9160279535,35.3453276934484,136.0026739508,3.84188344494005,13374.3646485252,422.6071789434,3420.8130193746,1356.9532327528,711.5168140028,3.07350675595204,1034.2350233778,2479.5515753643,0,0,20.7461706026763,7265.0015943816,9.22052026785611,6636.4694627894,109.1094898362,39.9555878273765,149.0650776636,0,0,42.2607178943405,54.5547449181487,13702.4614947231,4757.0200815247,3382.3941849252,73001.1640906838,92.9735793675491,2050.7973829089,2758.4723134669,179.8001452231,15.3675337797602,56428.8156625904,933.5776771204,54.5547449181487,8221.6305721717,3300.9462558924,26011.856052311,44977.6978666021,191.325795558,0,7579.2676601777,481.7721839954,1147.954773348,86.8265658556451,1071.1171044492,181.3368986011,12.2940270238082,357237.53212775,13.0624037127962,937.4195605653,741.4835048734,2800.7330313612,7347.2179001033,125.245400305,3893.3646831022,1180.2265942855,1.53675337797602,9583.1940650584,494.8345877082,1482.9670097468,6434.3863935855,185.947158735,10.7572736458321,2657.8149672095,86.0581891666571,56.0914982961247,301.2036620832,1383.8464168674,4149.2341205352,9408.0041799691,10.7572736458321,335.0122363987,1834.1151566143,6.14701351190408,100.6573462574,33.0401976264844,0,3191.0683893672,1.53675337797602,795.2698731025,1057.2863240475,0,1467.599475967,749.9356484522,3604.4550480427,1616.6645536307,0,384.9567211829,31.5034442485084,72.2274087648729,298.8985320163,4068.5545681915,229.7446300074,19.9777939136882,29902.9156053463,99.1205928794532,693.0757734671,4.61026013392806,129.8556604389,0,3983.2647557138,134.4659205729,2578.6721682437,0,853.6665014656,637.75265186,18.4410405357122,0.768376688988009,2253.6488288018,0,2.30513006696403,5.37863682291607,19.9777939136882
"SRX20686861",76381.6258044645,1880.0248958928,0,391.4045005101,0,275.9080905235,0,19.2494016644316,0,9.6247008322158,3.2082336107386,160.4116805369,9050.4270158935,3.2082336107386,11049.1565553837,118.7046435973,224.5763527517,0,5649.6993885106,57.7482049932948,3.2082336107386,0,0,22.4576352751702,0,368.9468652349,6339.4696148194,64.164672214772,282.3245577449,54.5399713825562,474.8185743893,0,0,0,35.2905697181246,0,176.4528485906,6.4164672214772,0,6.4164672214772,0,0,28.8741024966474,0,3.2082336107386,153.9952133154,0,8084.7486990612,173.2446149798,0,0,211.7434183087,166.8281477584,0,0,0,1023.4265218256,0,189.2857830335,89.8305411006808,134.745811651,0,615.9808532618,1504.6615634364,0,0,0,24854.1857823919,0,5643.2829212891,0,0,6.4164672214772,0,0,0,0,789.2254682416,952.8453823893,2496.0057491546,39313.6946659908,0,1113.2570629262,118.7046435973,0,0,79657.2323210286,2980.4490243761,0,32557.1546817753,218.1598855302,60863.3998293219,163565.374176286,6.4164672214772,0,654.4796565906,32.082336107386,144.3705124832,99.4552419328966,2656.4174296915,6.4164672214772,0,356232.635435582,0,32.082336107386,57.7482049932948,3333.3547215574,3448.8511315439,22.4576352751702,2200.8482569666,6.4164672214772,0,532.5667793826,9.6247008322158,76.9976066577264,311.1986602416,0,0,144.3705124832,0,0,3.2082336107386,134.745811651,243.8257544161,16060.4174553574,0,12.8329344429544,401.0292013423,0,0,0,0,153.9952133154,0,54.5399713825562,41.7070369396018,0,3769.6744926178,35.2905697181246,208.535184698,99.4552419328966,0,16.041168053693,3.2082336107386,0,9.6247008322158,118.7046435973,16.041168053693,0,67254.2011819132,48.123504161079,54.5399713825562,0,6.4164672214772,0,208.535184698,0,195.702250255,0,141.1622788724,0,0,0,76.9976066577264,0,0,3.2082336107386,0
"SRX20686862",201654.637746391,1629.3122796451,66.1546647358704,377.24393173,0,588.6953447814,3.44978313039815,904.4519654226,0,1593.5968778245,61.4873110888611,3947.9724001115,2514.2831168019,0,10371.8744457517,35.3095449817222,7431.6445765553,932.6590157241,161.3280934509,3434.7664273599,672.7077104276,90.911931906963,0,253.2546674551,45.2530375340463,5282.2267578978,1637.226488003,6.8995662607963,3.04392629152778,0,937.3263693711,125.003906372,55.3994585058056,0,1856.1862525736,0.202928419435185,4462.3959433797,109.581346495,193.3907837217,70.0103047051389,945.240577729,0,1509.9903690172,39.9768986287315,9.13177887458334,28.6129071403611,416.0032598421,1522.1660741833,1210.6709503503,0,8.3200651968426,945.8493629873,3277.0910454588,0,0,0.811713677740741,8038.6034790859,1254.3005605288,73.2571594161019,134.1356852466,1533.5300656716,0.811713677740741,521.1201811095,865.2867804716,19.684056685213,45.0501091146111,566.576147063,2990.9619740551,715.322678509,5440.7138534767,104.9139928479,50.3262480199259,411.1329777756,236.8174654808,0,21.7133408795648,91.1148603263982,4330.8983275857,7821.4700702903,2285.7857165179,105916.66216842,21.1045556212593,4709.3598298323,0,4.0585683887037,169.2423018089,46454.9825623609,8151.8375371308,5.47906732475,2326.1684719855,53.1672458920185,21884.2066087292,2092.3949327961,185.0707185248,0,7946.2710482429,2384.6118567828,3375.3084004654,948.2845040206,682.6512029799,936.5146556933,0,375399.921182602,2611.6887581308,3171.1624105136,1446.8796305728,1852.1276841849,5137.1329380017,1686.5380939258,2920.95166935,1107.9891701161,12.7844904244167,70.4161615440093,806.8433956742,530.2519599841,7422.5127976807,2398.6139177238,115.0604138197,242.7023896444,42.8178965008241,42.8178965008241,125.8156200498,3509.0382288732,1.4204989360463,19654.226207556,14.4079177798982,179.5916512001,3063.8132766324,13498.3926039896,0,662.5612894558,163.5603060647,891.0586897398,1.4204989360463,167.2130176145,2264.6811608966,8.72592203571297,1372.6078290595,1792.8725857098,8.11713677740741,1633.9796332921,1421.7165065629,801.3643283495,742.3121582939,354.1100919143,199.4786363047,8918.5011057569,700.1030470513,3.04392629152778,15252.3029331679,84.8240793239074,599.6534794309,0.405856838870371,1116.1063068935,0,12.5815620049815,257.7190926826,2801.4268303027,4.87028206644445,2154.6939575627,400.7836283844,166.4013039368,218.7568361511,12.3786335855463,412.5534767117,4.66735364700926,101.8700665564,0
"SRX20686863",132761.614461303,125.1108937467,0,0,0,0,0,0,0,53.0773488622491,0,504.2348141913,5372.1859527005,0,17784.7031080579,0,7059.2873986791,3.79123920444636,1050.1732596316,0,0,758.2478408892,0,0,0,0,6206.2585776787,0,7.58247840889273,7.58247840889273,0,0,0,0,367.7502028312,0,1349.6811567829,0,0,0,0,0,0,0,0,0,0,13231.4248235178,0,0,0,0,0,0,0,0,0,0,0,0,693.7967744136,0,0,341.2115284001,0,0,0,12871.2570990954,7.58247840889273,3787.4479652419,0,0,0,0,3400.7415663883,0,0,0,3635.798397064,4955.1496402113,55681.9301957037,0,504.2348141913,0,0,0,103842.041809786,40350.1588529226,166.8145249956,7.58247840889273,0,12067.5143877527,1258.6914158761,0,0,4958.9408794158,1630.2328579119,2176.1713033522,0,1247.3176982628,7.58247840889273,15.1649568177855,437759.225980604,0,864.4025386137,1489.9570073474,0,1023.6345852005,0,1834.959774952,0,7.58247840889273,11.3737176133391,0,0,1539.2431170052,5448.0107367894,0,0,0,64.4510664755882,617.9719903247,534.5647278269,0,238.8480698801,0,0,4340.968889091,0,0,0,0,0,3.79123920444636,0,4742.8402447624,0,136.48461136,0,0,0,0,0,15.1649568177855,6994.8363322035,0,7218.5194452658,7.58247840889273,0,84404.3584085894,0,30.3299136355709,0,0,0,170.6057642,0,0,22.7474352266782,0,0,0,7.58247840889273,0,0,7.58247840889273,212.3093954489,0
"SRX20686864",100779.294569429,386.9533060016,0,0,0,0,0,0,0,0,0,640.0240335555,6299.0120445339,0,2969.9074414222,5036.9238355072,5214.8897019806,0,3072.7684468151,0,0,0,0,0,0,1.63271437131517,14596.4664795576,0,0,0,154053.131791071,0,0,0,47234.4267621478,0,1.63271437131517,0,0,0,1.63271437131517,0,0,0,0,0,0,3810.7553426496,0,0,0,0,1.63271437131517,0,0,0,19703.5970330314,0,0,0,19.592572455782,0,97.9628622789101,199.1911533004,0,21.2252868270972,0,14599.7319083002,0,3175.629452208,0,0,0,0,0,0,0,0,2976.4382989075,7530.0786805055,25200.9463212496,3.26542874263034,5877.7717367346,0,0,0,57308.2744331623,1306.1714970521,9.79628622789101,535.5303137913,0,2091.5071096547,29436.2074004411,0,0,13.0617149705213,6281.0521864494,0,9.79628622789101,483.2834539092,0,11.4290005992062,198350.305399223,1964.1553886921,1.63271437131517,4.8981431139455,0,391.8514491156,0,542.0611712766,0,1.63271437131517,187252.745817394,0,0,28564.3379261588,181.2312952159,0,0,0,0,71.8394323378674,4.8981431139455,0,13949.9115885167,0,0,457.1600239682,0,0,0,0,0,0,0,240.0090125833,0,790.2337557165,3.26542874263034,0,0,0,0,0,0,0,969.8323365612,0,0,44289.0100362952,386.9533060016,0,0,0,0,434.3020227698,0,50.6141455107702,0,0,0,19.592572455782,24.4907155697275,3.26542874263034,0,0,57.1450029960309,0
"SRX20686865",191790.957341354,3279.9931324269,331.9140535542,19823.9653131638,0,6376.2730945211,0.279624307964791,1389.173561969,307.3071144533,782.6684379934,23.7680661770072,2057.1960336969,21257.3195157913,9.78685077876768,6660.9306400292,2205.9561655342,2286.767590536,791.8960401562,703.8143831473,1331.2913302203,820.9769681846,60.11922621243,1.67774584778875,2541.7849593999,55.9248615929582,8094.8440912727,3562.1340591634,3097.9577079419,1946.4648077429,115.2052148814,2247.6201874209,279.6243079647,3.63511600354228,0,5549.1443915612,0,2983.3117416763,63.1950936000427,270.3967058019,781.2703164536,210.2774795895,115.7644634974,941.2154206094,350.3692578798,661.5911126446,396.2276443861,223.1401977559,1501.8621580788,3124.5220171985,0,641.7377867791,556.1727485419,5113.4897197521,7491.6944589926,748.8338967297,1382.1829542699,15957.6000069346,944.0116636891,1925.7726089535,6.43135908319019,1253.5557726061,14.5404640141691,251.3822528603,534.9213011366,235.4436673063,142.328772754,4153.539470509,4324.3899226754,985.1164369599,3598.4852191988,128.9068059717,1373.234976415,240.7565291576,424.1900751825,94.7926404000641,221.742076216,44.4602649664017,12296.7585670596,5327.1226910372,5521.7412093807,76227.2640970497,229.2919325311,2686.3507266177,426.7066939542,22.6495689451481,84.4465410053668,39857.0896086853,6670.717490808,381.6871803719,13354.2976997824,898.1532771829,27142.2927012183,5981.4435716748,303.3923741417,4.19436461947186,5656.7997501277,2657.2697985894,3621.6940367599,6068.6863557598,107.0961099505,1986.4510837818,164.4190930832,265808.909781174,694.8664052925,1567.2942461426,3558.4989431599,410.2088597843,9010.6136998574,1255.5131427619,2799.0393227275,1743.1779358525,27.9624307964791,11792.875564107,2133.8130940793,323.8049486232,11228.0344620182,1351.9835290097,1572.8867323019,5976.6899584394,995.7421606626,90.3186514726274,254.1784959399,2189.7379556722,10046.9013851749,11526.1139743086,298.3591365984,298.9183852143,2121.2300002209,7375.0911225713,636.9841735437,315.6958436922,380.848307448,6816.4017552577,275.7095676532,547.504394995,3967.5893057124,13.42196678231,1700.6750410418,2576.4583735875,466.1337213773,2098.5804312757,1759.1165214064,920.52322182,957.1540061634,1006.9271329812,517.5845940428,8198.5847095276,86.1242868531556,1.39812153982395,13555.906825825,808.3938743262,256.1358660957,1.95737015575354,352.6062523436,0,2784.4988587133,1788.7566980507,4089.785128293,271.7948273417,4593.6681312455,1323.4618495973,1876.5587307517,68.5079554513737,6190.8821783404,57.0433588248173,7.27023200708456,362.1134788144,35.2326628035636
"SRX20686866",76013.1199935915,6256.3073236059,139.6768774435,3337.5422294406,0,2289.3319059759,2.78846760776603,1110.3171020013,1257.8523881577,1774.7328838154,34.7290965694497,3022.9523838736,2215.8177599529,208.6280764719,8194.2923110033,607.3789443824,2208.2128482954,158.4356595321,134.6069363385,406.355779568,4607.3089791952,333.3486276556,35.996581845707,351.853912689,224.851888008,8988.7520821614,2851.5883745236,204.0651294774,435.0009468115,100.89182799,1190.4221714608,358.4448361255,76.3026136306888,165.2800800239,1484.985749663,9.63288809955539,3423.2242341156,917.6593400102,1849.7680121698,42.080511171742,7.85840871279519,0,802.5716769261,1228.7002268038,182.517879781,479.6164285357,96.3288809955539,2689.3502591627,1305.509834545,0,1023.8746061606,936.1646250436,5363.7441920655,94.0474074982908,1641.1399356979,1.01398822100583,1570.1607602275,3034.6132484151,738.9439160579,17.4912968123506,3155.2778467148,0,1121.7244694877,859.1015202471,4.30944993927478,1047.9568264095,356.4168596835,1191.6896567371,347.7979598049,3808.5397580979,644.3895144492,2342.3127905234,205.3326147536,746.8023247707,16.7308056465962,690.2724814497,205.5861118089,16818.2621306579,14471.3863931399,1624.6626271065,260642.883741941,7272.8305151643,10408.5890886248,5955.9133131329,12.16785865207,196.9672119303,38418.7462086346,787.8688477215,252.2295699752,10320.6256104525,358.1913390703,11265.9161294852,1036.2959618679,439.8173908612,3725.1392269201,17612.4684047607,1390.6848451094,1908.8328260434,1628.2115858801,107.4827514266,685.4560373999,81.3725547357179,283957.768404583,3868.8720572477,4936.0946598563,847.1871586503,422.3260940489,7919.755000166,4604.2670145322,2939.5518526959,8927.6592918458,98.8638515480685,1192.4501479028,648.1919702779,486.4608490275,6567.85520451,4148.9863033006,514.0920280499,2039.1303124427,667.457746477,140.9443627198,184.2923591678,6011.429168233,3379.1157465019,2413.7989601043,28.8986642986662,443.1128525795,6120.9398961016,1180.535786306,24.8427114146429,20.5332614753681,3046.7811070672,467.1950728284,1331.3665341806,1563.0628426804,3454.4043719116,22.5612379173797,652.247923162,919.6873164522,1488.7882054918,1193.4641361238,178.7154239522,508.5150928344,579.4942683048,148.5492743773,230.6823202788,22992.1829113072,1102.965687399,5.06994110502915,11502.9358761453,3080.2427183604,1138.4552751342,31.9406289616837,68.9511990283965,4.30944993927478,944.0230337564,385.3155239822,1716.9355552181,0.760491165754373,1946.8573843311,391.3994533082,9.12589398905248,42.3340082269934,1540.5016047631,0.253497055251458,4.8164440497777,155.6471919243,8.61889987854956
"SRX20686867",177224.432402349,1533.2739847639,509.7574219572,6064.4510688283,0,2965.2736991027,0.615649060334839,343.5321756668,0,1138.6429370892,0,3697.588256371,3799.1703513262,0,9848.5380181764,337.3756850634,8342.9682411275,340.7617548953,418.0257119673,6448.9239070074,490.3644765566,46.4815040552804,16.0068755687058,5594.4030112626,18.1616472798778,89.5769382787191,2185.2463396585,115.1263742826,44.6345568742758,4.92519248267871,1997.4733762563,0,0,0,740.3179950526,0,3871.5091159156,19.7007699307149,174.2286840747,55.7162399603029,263.4977978233,12.6208057368642,758.7874668626,2.46259624133936,803.1141992067,130.2097762608,1370.4348083053,1243.9189264065,18.1616472798778,0,5.23301701284613,56.0240644904704,36.3232945597555,5170.5286332221,64.6431513351581,0,2997.9030993004,826.2010389693,22.779015232389,0,1142.9524805116,21.5477171117194,309.9793018785,965.9533756653,7896.3148478546,68.952694757502,490.6723010868,4054.9725358954,652.5880039549,4953.8201639842,69.5683438178368,178.5382274971,201.9328917898,0,1572.9833491555,13.236454797199,36.0154700295881,6969.7630120507,7702.6932183793,2580.4930363934,92206.9910644695,213.0145748758,4128.5425986054,6176.4991978092,0,20.0085944608823,47349.5692303524,1091.2379594435,15.0834019782036,7045.1800219417,447.5768668634,37216.2935217712,1717.353053804,467.2776367941,0,6551.7373000833,1890.3504397581,3549.8324818906,1739.516419976,393.3997495539,518.6843333321,48.0206267061175,352633.00790124,1548.9730358024,2532.4724096873,1031.2121760608,1676.1045667615,450.6551121651,1391.0590518265,1315.9498664657,1175.8897052395,0,87.4221665675472,116.3576724032,121.8985139462,2238.8078079076,1693.0349159208,1349.8105647841,253.0317637976,36.0154700295881,41.8641361027691,83.1126231452033,2363.4767426254,5048.3222947456,17520.1409590088,40.6328379820994,101.274270425,2208.6410039512,11614.2195232167,1217.1381922819,121.5906894161,0,2638.6718725951,47.0971531156152,57.5631871413075,12911.084268812,69.8761683480042,1095.5475028658,4880.8657503346,4168.5597875271,218.5554164188,232.4075202764,874.5294902056,474.0497764578,396.4779948556,114.5107252222,8969.6989845484,0,0,17996.9611562381,327.5253000981,89.8847628088865,18.1616472798778,36.6311190899229,0,2809.514486838,312.74972265,5087.7238346071,143.1384065278,3612.3208615146,5747.699627286,2755.6451940587,0.923473590502259,6778.6039788167,0,165.60959723,983.1915493547,1042.9095082072
"SRX20686868",235288.025602687,2518.8427748326,209.9035645693,9662.9614526436,0,3678.3981491498,0.924685306473074,898.7941178918,12.945594290623,177.5395788428,99.866013099092,1739.3330614758,6387.7260971159,0.924685306473074,8770.6401318971,2728.746339402,3270.6119289952,469.7401356883,326.4139131849,282.9537037807,59.1798596142768,429.0539822035,0,4988.6772284222,25.8911885812461,9849.7478845511,4146.2889142252,942.254327296,480.8363593659,7.3974824517846,2789.7755696292,958.8986628125,12.945594290623,0,4987.7525431157,0,3155.9509509926,86.920418808469,103.5647543249,1078.1830673476,686.116497403,704.6102035324,1188.2206188179,280.1796478613,301.4474099102,6122.3414141582,808.1749578574,1129.96544451,2512.3699776873,0,1436.9609662591,5134.7775068449,5535.1662445478,1728.2368377981,286.6524450066,164.5939845522,11057.386894805,737.8988745655,4158.3098232094,15.7196502100423,973.6936277161,10.1715383712038,374.4975491215,940.4049566831,111.8869220832,1842.8978158008,2403.2571115235,8731.8033490252,264.4599976512,4266.4980040667,139.6274812774,323.6398572655,302.3720952166,5.54811183883845,34.2133563395038,94.3179012602536,190.4851731334,2843.4073174047,2776.8299753386,6302.6550489204,47249.5697901611,345.8323046209,928.3840476989,270.0081094901,65.6526567595883,107.2634955508,49175.6892835445,4240.6068154855,726.8026508878,9318.9785186356,304.2214658296,27614.8019925118,4456.0584918937,602.8948198204,3.6987412258923,4518.9370927339,2495.7256421708,3046.8380848287,7184.8048312957,163.6692992457,1627.4461393926,605.6688757398,287896.146743859,66.5773420660614,774.8862868244,4729.7653426097,473.4388769142,9776.6977453398,518.7484569313,3203.1099016227,773.0369162114,389.2925140251,6275.8391750327,1082.8064938799,258.9118858124,12938.1968081712,1301.0322262076,727.7273361943,9908.9277441654,1567.3415944718,173.8408376169,275.5562213289,1262.1954433357,5403.8609310286,10318.563334933,23.1171326618269,296.8239833778,1501.6889377122,4031.6279362226,1063.388102444,5.54811183883845,0,7902.3606291188,4.62342653236537,1148.4591506395,1224.2833457703,73.0501392113729,2196.1276028735,4702.0247834155,168.292725778,3055.160252587,1022.7019489592,1206.7143249473,426.279926284,619.5391553369,824.8192933739,3510.1054233717,5246.6644289282,5.54811183883845,20421.6749934578,1159.5553743172,270.0081094901,0,251.5144033606,15.7196502100423,1006.0576134427,1485.9692875022,4891.5852712425,14.7949649035692,4853.6731736771,3144.8547273149,6084.4293165928,11.0962236776769,3111.5660562818,5.54811183883845,243.1922356024,66.5773420660614,2.77405591941922
"SRX20686869",176388.11468507,2721.9557857544,243.3310531392,2943.1470236846,0,3162.6829483281,2.48296992999266,942.494002593,0,1361.0813499576,10.5526222024688,4732.540686566,5480.7422921371,0,11944.5337623905,2151.9072726603,4338.1622960188,471.7642866986,614.1212293515,1396.2567572992,69.5231580397946,430.1745403712,3.10371241249083,405.1379269104,171.9456676519,2726.7148114536,2243.3633317483,427.0708279587,953.0466247955,255.3320744675,1496.4032111422,698.7491211321,69.93698636146,16.7600470274505,2000.8599352524,48.2109994740242,4521.6951566774,3988.0635358898,122.9070115346,19.4499311182759,785.446154521,1.8622274474945,1081.7472328334,715.5091681595,210.4317015668,1224.518003808,281.1963445716,2430.8275614628,650.9519499797,0,26.4850125865884,486.8690204393,1660.2792265217,172.7733242953,2259.7095504541,66.4194456273037,3871.570863341,729.9931594178,105.3193078638,1473.2288251289,2192.2555340226,11.3802788457997,527.6311101234,952.2189681521,9.31113723747249,302.9223314591,477.1440548802,1882.9188635777,565.7033157166,6030.7201316305,201.7413068119,1583.5140728528,62.6949907323147,21.9329010482685,86.9039475497432,158.0824188761,29.795639159912,5828.3580823361,6349.161025152,5459.2232194105,104439.095023673,3926.1962018008,3161.8552916848,1954.0973349042,109.6645052413,355.4785283106,52301.6924336871,2428.7584198544,1300.6624149944,12047.1631861635,1225.1387462905,15236.3311470783,2993.2202506061,2696.2984298111,0,8397.1973890743,3879.019773131,2145.9067619961,123.9415823388,117.7341575138,472.7988575027,504.2498099493,379960.197992022,147.5297966737,2084.246342068,1760.6325945256,1830.1557525654,3423.808619299,1411.5684052008,3731.0761481356,1770.7713884064,510.0434064526,172.7733242953,1295.6964751345,1941.4755710934,4446.5853162951,1201.9643602772,1063.745700841,387.3433090788,769.0999358152,286.5761127533,371.2040045339,3107.8506957074,573.7729679891,9148.9165353796,8.4834805941416,47.7971711523588,2699.4021422236,3328.4211911551,20.6914160832722,48.0040853131915,39.1067763973845,819.5869910584,421.8979739379,222.8465512168,1815.6717613071,176.9116075119,672.884851028,3764.8031563513,855.5900550433,474.4541707894,0,486.2482779568,2110.110612172,601.7063797015,475.4887415935,7374.2137779173,4.7590256991526,3.51754073415627,18473.2962791454,1174.6516910473,770.7552491018,66.4194456273037,452.7281839019,299.8186190466,147.9436249953,312.2334686965,2909.0061871472,6.41433898581438,9503.360492886,6468.9643242742,16.9669611882832,0.827656643330888,576.0490237582,4.96593985998533,182.0844615327,403.6895277846,0.620742482498166
"SRX20686870",47961.1559860112,817.5654253512,0,0,0,0,0,0,0,0,0,0,26039.7806735902,0,6598.4611101186,1440.3957789161,28.9688536541795,0,4271.2965332329,0,0,0,0,0,0,0,4224.6244912345,0,0,0,0,0,0,0,4.82814227569658,0,0,0,0,0,0,0,0,0,0,0,0,5552.363617051,0,0,1.60938075856553,0,0,0,0,0,159.3286950979,0,0,0,25.7500921370484,0,447.4078508812,899.6438440381,0,0,0,16682.8409432902,0,3865.7325820743,0,0,0,0,0,0,163308.69371392,0,519.8299850166,3.21876151713105,19945.0557409025,0,572.9395500493,0,0,0,53696.9890095388,2047.1323248953,0,22009.8912541421,0,39481.3287691295,274722.904867894,0,0,80.4690379282763,27.359472895614,0,62.7658495840555,1865.2722991774,0,0,221766.231007295,0,4.82814227569658,0,0,2142.0857896507,0,1406.5987829862,0,0,0,0,0,0,0,0,0,0,0,2328.7739576443,0,0,7181.0569447193,0,0,4.82814227569658,0,0,0,0,0,0,0,3.21876151713105,0,2296.586342473,0,0,0,0,0,0,0,0,252.6727790947,8656.8591003239,0,44587.8939160579,3.21876151713105,0,0,0,0,0,0,3891.4826742114,8108.0602616531,0,0,0,0,0,0,0,0,0
"SRX20686871",62488.2592793131,921.8932277155,0,6.3143371761337,0,0,0,0,0,29.9931015866351,0,80.5077989957047,22826.3288917233,0,7015.2286026845,1376.5255043971,47.3575288210028,0,4604.7303856955,0,0,0,0,0,0,0,6063.3422733823,0,0,0,0,0,0,0,198.9016210482,0,34.7288544687353,0,0,0,0,0,0,0,0,3.15716858806685,0,6554.2819888267,0,0,0,0,0,0,0,0,205.2159582243,0,0,13073.8351231848,88.4007204658718,0,454.6322766816,997.6652738291,0,0,0,17814.3237581672,0,4871.5111313871,0,0,0,0,0,0,97026.1050484704,6.3143371761337,681.9484150224,394.6460735083,24692.2155272708,1.57858429403342,607.7549532028,0,0,0,68709.4599820988,3378.1703892315,7.89292147016712,21197.2299002808,0,38181.2183197864,250488.17719293,0,0,37.8860230568022,306.2453530424,0,66.3005403494038,1807.4790166682,0,4.73575288210027,268198.314387691,0,3.15716858806685,41.043191644869,192.587283872,2500.4775217489,0,1441.2474604525,0,1.57858429403342,0,0,0,528.8257385011,285.72375722,0,0,1.57858429403342,0,898.214463305,0,0,3592.85785322,0,0,284.145172926,0,0,0,151.5440922272,3.15716858806685,0,0,116.8152377584,0,2170.5534042959,3.15716858806685,0,0,0,0,0,467.2609510338,0,339.3956232171,3744.4019454472,0,54699.5243725522,0,0,0,0,0,26.8359329985682,0,2918.8023596678,0,0,0,0,0,0,0,33.1502701747019,3.15716858806685,0
"SRX20686872",150273.592359684,3472.4237990422,59.0380923611596,3548.1893509056,0,538.2306086925,0.983968206019327,1273.254858589,3.93587282407731,1211.2648616097,57.070155949121,7708.4069259554,6520.75730129,0,11994.5724313755,3013.8946150371,2948.9527134399,565.7817184611,312.9018895141,440.8177562966,591.3648918176,294.2064935997,7.87174564815462,372.9239500813,8.85571385417394,7728.0862900757,3480.2955446903,98.3968206019327,2350.7000441801,420.1544239702,2162.7621168304,388.6674413776,25.5831733565025,0,1189.6175610773,0,3248.0790480697,1112.8680410078,132.8357078126,153.499040139,885.5713854173,733.0563134843,1297.8540637394,4302.8929649225,10.8236502662126,540.1985451046,9.83968206019327,5826.0757478404,921.9782090401,0,21.6473005324252,5600.747028662,4987.7348363119,159.4028493751,1229.9602575241,14.7595230902899,2081.0927557308,1038.0864573503,4222.2075720289,7.87174564815462,2748.2231994119,6.88777744213529,441.8017245026,1893.1548283811,7914.0562810134,60.022060567179,118.0761847223,3813.8607665309,576.6053687273,5284.8932345298,148.5791991089,514.6153717481,48.214442094947,43.2946010648504,1.96793641203865,31.4869825926185,1487.7599275012,9343.7620843595,6843.4988728644,4319.6204244248,92582.5524725645,4075.596309332,2326.1008390296,82.6533293056235,88.5571385417394,143.6593580788,58061.9959007884,2887.9466846667,4007.7025031167,20765.6650198318,321.7576033683,27395.6427919901,368.9880772572,117.0922165162,0,10996.828670472,3086.7082622826,1058.7497896767,615.964096968,306.998080278,1186.6656564593,1030.2147117022,334770.582892925,58.0541241551403,1236.8480349662,1677.6657912629,932.8018593063,9085.9624143824,1191.5854974894,4485.9110512421,1680.617695881,82.6533293056235,2768.8865317383,677.9540939473,1680.617695881,7645.4329607701,1170.9221651629,618.9160015861,2434.3373416918,609.0763195259,90.5250749537781,644.4991749426,1873.4754642607,36.4068236227151,5705.0476585,77.7334882755269,113.1563436922,2555.3654310321,735.0242498964,26.5671415625218,6.88777744213529,56.0861877431016,3009.9587422131,19.6793641203865,353.2445859609,2649.82637881,165.3066586112,2293.629888231,1000.6956655216,1240.7839077903,2051.5737095502,2053.5416459623,461.481088623,216.4730053242,1177.8099426051,177.1142770834,6321.0117554681,1062.6856625008,16.7274595023286,24387.651986189,5962.8473284771,1480.872150059,99.380788807952,298.1423664238,0,249.9279243289,385.7155367595,2516.0067027914,0,5404.9373556641,19432.3881006756,739.9440909265,29.5190461805798,54.118251331063,103.316661632,34.4388872106764,1052.8459804406,15.7434912963092
"SRX20686874",153495.069583785,6224.2346856658,92.2776484221595,4206.1439745914,0,3353.7560221895,0.42919836475423,936.9400302584,71.2469285492022,739.5087824715,69.9593334549395,2602.6588838696,3868.3648615298,418.8976040001,8874.5345880232,2291.4900694228,3659.7744562593,389.7121151968,76.397308926253,528.3431870124,1458.8452417996,310.3104177173,3.43358691803384,2703.0913012221,304.3016406107,6248.6989924568,2591.0705280212,853.6755474961,5534.9421118705,933.9356417052,7092.9321759284,599.5901155616,62.6629612541176,0,4680.8373660096,0,3053.7463652263,498.7284998444,287.1337060205,259.6650106763,243.7846711804,387.566123373,656.6734980739,448.5122911681,380.698949537,1465.7124156356,723.1992446108,941.232013906,2054.5725720785,0,48.0702168524738,1733.961393607,4107.8575490627,196.1436526926,498.7284998444,15.0219427663981,6269.300513965,883.7194330289,1939.9766086891,57.5125808770669,1244.2460594225,41.2030430164061,218.0327692951,893.1617970535,110.3039797418,269.5365730656,438.211530414,4476.9681427513,618.4748436108,4012.1463137225,330.4827408607,780.7118254879,479.8437717952,588.0017597132,43.7782332049315,81.1184909385495,81.976887668058,13866.1115701149,8904.578473556,5361.5459725098,117278.453169093,1798.3411483202,3884.2452010257,4170.9497086816,25.7519018852538,220.1787611189,46546.1334592315,3952.4877410217,1243.8168610577,15953.3032179147,1366.9967917422,35314.0122536133,10190.0275759949,179.834114832,0.42919836475423,8277.9488610148,3269.2039443329,1931.8218397587,7101.5161432234,266.5321845123,1096.601821947,2984.2162301361,287367.189931006,543.3651297788,2097.0632101891,1716.3642606521,1347.6828653282,6001.0515359936,2335.6975009925,1733.961393607,3511.2718220543,311.1688144468,5083.8546305138,1054.5403822011,1901.3487558612,6853.8686867603,1470.4335976479,667.4034571928,3126.7100872345,1641.2545468201,136.055881627,351.5134607337,2782.4929987016,4918.6132600834,6221.2302971125,18.8847280491861,446.3662993443,3115.1217313862,3809.9938839233,602.1653057501,1064.8411429552,370.3981887829,3601.8326770175,29.6146871680419,389.282916832,3247.7440260952,6.86717383606768,5468.8455636984,3506.1214416773,1473.867184566,1589.7507430496,5973.5828406493,2587.2077427385,2977.3490563,470.4014077706,262.2402008648,9832.5053381546,230.0503235082,17.1679345901692,14956.2754165906,1789.3279826603,657.5318948034,14.1635460368896,133.9098898033,684.5713917829,1575.157998648,134.339088168,3854.6305138577,52.7913988647703,10731.24671395,2934.8584181894,2467.8905973368,90.9900533278968,2865.3282830992,18.0263313196777,81.1184909385495,366.1062051353,2.57519018852538
"SRX20686875",243447.439995265,10609.7729661259,200.5400850926,914.8817112174,0,325.8291517945,0,1108.3621646878,46.8573351628382,722.1770414418,226.7615739751,878.3422991947,3809.0979412174,0.620626955799181,7186.3170995681,260.896056544,2401.9038973123,411.6308284338,354.4555701308,763.8366258498,1089.8209343833,2257.0650815026,3.02555640952101,565.2359999941,127.9267312641,4912.4175118894,2514.4701114203,215.5127104012,616.4377238475,26.3766456214652,949.2489288948,400.1492297515,518.9217134175,2.63766456214652,7859.7749249797,0,3478.3813521459,779.5074564837,339.2502097137,847.6212648827,152.3639176486,965.9282783319,1600.6744973755,483.6235553065,69.5102190495083,1462.8953131881,604.4130765789,833.5795800077,1833.3320274307,0,163.8455163309,4895.4278489744,4089.0006982829,175.8701635995,44.1420922312167,178.6629849006,7480.5718549864,926.8287801166,152.2863392792,20.8685813887475,1452.1119198311,0.0775783694748976,245.7682744964,306.7448729037,43.3663085364678,168.5777968689,1202.5423052303,2551.7853071378,1047.1528311721,4062.7792094003,294.7202256351,917.3642190406,1070.7366554925,951.4987016096,299.2197710646,120.9446780113,0,23124.482794708,6151.1113372951,6615.6506137108,88580.8441473054,259.3444891545,3632.2968371841,349.4905544844,12.6452742244083,40.9613790827459,37996.4889581543,7953.6447520444,55.6236909135016,5603.0977353244,311.0116832248,33678.1665997036,896.6507943908,799.4450974388,33.4362772436809,7194.9282985799,2463.5011226753,3386.6061410571,8790.8705154174,74.6303914348515,2663.4981591816,25.756018665666,284598.420613007,1302.3856667445,2089.9612736537,4377.6698110989,511.474189948,7558.5381163087,1742.9532269925,5463.5342486391,2629.5188333516,117.3760730155,3037.7362135285,494.329370294,63.8469980778407,6352.194470974,981.4439522269,1542.102828422,883.3073148411,299.2973494341,125.9096936577,126.2200071356,2500.1181130675,428.5429129793,8871.5520196713,387.9694257439,876.9458885442,2429.4442184758,6050.1043002388,7.91299368643956,360.7394180582,568.6494482509,2009.9779747251,274.8601630495,2733.6290051869,2838.2046472391,2.79282130109631,2814.0001959629,3231.2166669989,3364.0308355399,1389.3510189259,2634.7165841064,2488.0934657989,1093.0792259013,2202.8378012397,2764.9706664548,8430.1310973592,10.7058149875359,5.12017238534324,11205.7300004321,1242.8054789878,213.030202578,13.1883228107326,211.7113702969,352.2833757855,166.4056025236,440.102090031,4780.3791270431,10.4730798791112,8062.7975178955,878.8077694116,3854.7140224687,32.7380719184068,282.5404216275,158.8029223151,31.5743963762833,252.9830628576,4.11165358216957
"SRX20686876",176199.908439892,8998.1770613832,218.570835957,1443.6417785137,0,1227.5500068587,0.413177383661644,568.5320799184,151.6360998038,992.0388981716,247.9064301969,645.3830732794,3883.8674064194,4.54495122027808,6943.0327550502,1174.2501243663,1281.6762441184,268.56529938,271.8707184493,204.5228049125,2826.5464816293,1844.4238406655,12.808498893511,138.4144235266,285.9187494938,2606.7361135213,3684.7159074945,213.1995299694,662.7365233932,40.0782062151795,2780.6837920428,846.187281739,66.9347361531863,0.826354767323288,11289.2456537871,0,2670.3654306052,221.4630776426,620.1792528761,754.4619025661,138.4144235266,561.0948870125,1189.1245101782,1247.3825212745,94.2044434748549,5448.1569809624,782.1447872714,2054.3179515656,1449.426261885,0,980.0567540454,2864.5588009261,2086.1326101076,315.2543437338,102.467991148,362.7697428549,10132.7621569181,1997.2994726203,738.761161987,98.7493946951329,1972.095652217,4.54495122027808,729.6712595464,259.8885743231,99.1625720787946,532.9988249235,1345.3055612023,3628.9369607002,564.8134834654,3627.2842511655,420.6145765675,540.849195213,478.4594102801,1175.902833901,183.4507583457,294.5954745507,0.413177383661644,13863.3407539991,10090.6180637846,4673.0362092131,152212.895431415,518.1244391117,6127.0074223185,1102.7704369929,2.06588691830822,18.592982264774,41409.4637453372,4175.1574619009,382.189079887,7340.5093981327,180.9716940438,26445.4184412635,1187.4718006435,961.8769491643,1.65270953464658,9697.6863719224,3820.6512667192,1886.567933799,5931.9876972302,472.2617495252,1677.9133550499,75.6114612100809,263611.715727349,2574.9214549793,2685.239816417,3052.5545104922,283.8528625755,4023.9345394807,2622.0236767167,5511.7862980463,5262.6403356983,45.0363348191192,3545.4751292005,1723.7760446363,73.132396908111,4944.0805728952,2543.9331512047,950.3079824217,1031.2907496194,509.8608914384,146.2647938162,481.3516519658,3452.097040493,1820.0463750295,6674.4674556701,1640.3142131367,1075.9139070549,4109.4622578987,2335.6917498392,4.54495122027808,1091.2014702504,1925.8197852469,5253.5504332578,751.5696608805,2662.9282376992,3233.1130271523,13.2216762771726,5607.2302736721,2664.9941246176,1808.477408287,1430.4201022366,5920.8319078713,1335.3893039944,2681.521219964,2003.9103107589,1682.0451288865,14215.3678848788,63.2161397002315,2.06588691830822,15906.0897388223,2807.1271445972,730.9107916974,3.7185964529548,261.5412838578,126.0191020168,129.324521086,543.7414368987,5083.7345285728,60.7370753982617,7014.5124424237,2667.4731889195,1266.8018583066,94.2044434748549,1684.9373705721,562.3344191634,135.522181841,785.8633837244,2.89224168563151
"SRX20686878",57293.4494074618,598.4025046735,0,0,0,0,0,0,0,0,0,0,31396.9826152104,0,9540.9295345146,3442.0112068821,14.3616601121646,0,6386.1515298758,0,0,0,0,0,0,0,5328.175901613,0,0,0,0,0,0,0,0,0,0,0,0,4.78722003738819,0,0,0,0,7.18083005608228,19.1488801495528,0,6491.4703706983,0,0,0,0,0,0,0,0,318.3501324863,0,14.3616601121646,0,157.9782612338,0,466.7539536453,3901.5843304713,0,0,0,20223.6110479464,0,4502.3804451635,0,0,0,0,0,0,0,0,600.7961146922,6290.407129128,25843.8073718401,0,892.8165369728,7.18083005608228,0,0,64921.8845370399,3868.0737902096,0,30501.7724682188,0,23064.8261401362,332900.887789956,4.78722003738819,0,2.39361001869409,4.78722003738819,2.39361001869409,43.0849803364937,2688.0240509934,0,0,291505.79612666,14.3616601121646,2.39361001869409,14.3616601121646,0,2767.0131816103,0,2230.8445374228,0,0,0,0,0,0,0,0,0,0,2.39361001869409,0,0,0,5696.7918444919,0,0,0,0,0,4.78722003738819,0,9.57444007477638,0,0,4.78722003738819,0,3348.660416153,0,0,0,0,4.78722003738819,0,0,0,23.9361001869409,0,0,48255.1779768729,0,0,0,0,0,0,0,1498.3998717025,0,28.7233202243291,9.57444007477638,0,2831.6406521151,0,0,0,0,0
"SRX20686879",72458.4383044684,1144.5147498049,0,0,0,0,0,0,0,0,0,0,32988.1458517355,0,11737.2909026543,1264.8090928775,0,0,5732.8846927166,0,0,0,0,0,0,0,5578.2205373376,0,0,0,0,0,0,3.4369812306455,0,0,0,0,0,0,0,0,0,0,0,0,0,8331.2425030846,0,0,0,0,0,0,0,0,233.7147236838,0,0,25815.1660233783,54.991699690328,0,642.7154901307,1192.6324870339,0,0,0,25289.3078950895,0,5646.9601619505,0,0,0,0,0,0,20951.8375820149,0,752.6988895113,0,33245.9194440339,0,780.1947393565,0,0,0,74792.1485600767,2887.0642337422,0,32427.9179111402,0,21567.0572223005,196107.275058171,0,0,0,24.0588686145185,0,82.487549535492,2828.6355528212,0,13.747924922582,337710.901760765,0,0,0,182.1600052242,2722.0891346712,0,2560.5510168308,0,0,0,0,0,0,44.6807559983915,0,0,0,0,17.1849061532275,0,0,842.0604015081,0,0,0,0,0,0,0,0,0,0,0,0,4045.3269084697,0,0,0,0,6.873962461291,0,0,0,61.865662151619,34.369812306455,0,61989.3934759222,0,0,0,0,0,0,0,5207.0265644279,0,0,0,0,0,0,0,0,0,0
"SRX20686880",106407.781391982,1715.6073763821,69.0012180082844,6873.3724299706,13.3746854289186,1232.2948802008,0.911910370153538,504.8943749416,172.351059959,339.5346278205,61.4019649236716,3923.6463526472,13441.2548859397,90.2791266452003,8102.0196686908,1807.7103237676,5352.9138728012,229.8014132786,17.0223269095327,707.3384771157,4154.3596762961,217.9465784666,10.9429244418425,3209.9245029404,995.5021540842,2546.357723592,3159.1614923352,90.5830967685848,17.9342372796863,0.911910370153538,3255.8239915715,43.1637575206008,0,0,2427.8093754721,3.64764148061415,3312.0584643976,220.3783394537,1051.1286866636,321.9043606641,471.1536912459,0.607940246769026,245.6078596946,873.3061644837,92.1029473855074,1805.582532904,93.0148577556609,2310.1729377222,1149.0070663934,0,807.6486178326,708.2503874859,1891.9100479452,448.9638722389,964.8011716224,336.4949265866,2896.2273356076,1600.4026996194,1369.3854058472,1121.041815042,2169.4347705952,96.9664693596596,789.7143805529,363.8522376912,196.9726399531,872.3942541135,721.9290430382,2664.906071712,276.0048720331,3882.3064158669,559.6089971508,1426.2278189201,217.0346680965,1347.8035270869,71.736949118745,428.9018440955,109.7332145418,1786.7363852541,12653.3643261271,1911.0601657184,199996.838710717,2178.8578444201,8170.4129464523,5735.0043178956,5919.51418279,1071.7986550537,35669.9820688024,2305.3094157481,281.476334254,6646.6107179257,424.0383221213,28661.3429339257,32793.2088210913,194.2369088427,31.0049525852203,12593.7861819437,1949.6643713882,559.9129672742,1810.4460548781,105.4776328144,812.5121398068,409.7517263223,288578.292216815,1603.1384307299,3574.6886510018,1466.0479050835,784.8508585788,3937.0210380762,3426.6552009136,2846.9841756193,6903.4654721856,94.230738249199,2394.9806021465,1594.9312373985,489.9998388958,3972.8895126355,3060.6751723586,359.9006260872,208.2195345183,250.7753517922,747.4625334025,67.1773972679773,3888.3858183346,979.3917375449,3932.157516102,1581.2525818462,194.8448490894,4154.3596762961,1325.6137080798,781.2032170981,1477.9027398955,2429.329226089,2525.9917253253,839.2615106646,1128.3370980033,2539.3664107542,110.9490950353,2161.2275772638,1565.4461354302,217.0346680965,885.464969419,112.4689456522,657.791347004,774.5158743837,394.2492500297,138.3064061399,17505.9433758374,1425.3159085499,18.8461476498398,12104.698253418,2068.5166896316,1625.6322198603,171.4391495888,131.6190634254,119.7642286134,987.9029009996,264.1500372211,2079.4596140734,56.2344728261349,7822.367155177,13581.0811426966,311.2654063457,1.82382074030708,237.4006663633,772.6920536434,1073.3185056707,210.9552656288,116.7245273796
"SRX20686881",90346.9947463297,213.9345009714,333.1766818408,0,0,28.0569837339637,3.50712296674546,0,0,10.5213689002364,0,17917.8912371025,1171.3790708929,0,2847.7838489973,7298.3228937973,91.185197135382,7.01424593349092,108.7208119691,3.50712296674546,10.5213689002364,0,0,0,0,1729.0116226055,3026.6471203013,0,0,0,2539.1570279237,0,0,0,3443.994753344,0,119.2421808693,0,0,0,294.5983292066,0,2135.8378867479,6389.9780454102,0,0,0,8687.1435886285,45.592598567691,0,0,14.0284918669818,578.675289513,2142.8521326814,0,0,785.5955445509,1588.7267039356,0,1904.3677709427,2367.3080025531,0,0,4099.8267481254,0,0,3251.102990173,1160.8577019927,0,834.6952660854,0,0,0,0,0,0,0,164.834779437,3019.6328743678,12972.8478539914,100370.352185288,3.50712296674546,7876.9981833103,0,0,0,133807.26255024,196.3988861377,31.5641067007091,84230.5722923257,1736.025868539,18086.2331395063,3717.5503447501,0,0,2262.0943135508,725.9744541163,17.5356148337273,0,2525.1285360567,2875.8408327312,0,266162.576192246,115.7350579026,1430.9061704321,17.5356148337273,70.1424593349092,38.5783526342001,1132.8007182587,1248.5357761613,466.4473545771,0,0,1886.832156109,1153.8434560592,171.8490253705,1711.4760077717,0,185.8775172375,59.6210904346728,0,1402.8491866981,855.7380038858,10.5213689002364,5257.1773271514,1830.7181886411,0,1027.5870292564,0,7.01424593349092,0,17.5356148337273,24342.9405121802,0,3.50712296674546,6887.989506688,0,192.891763171,0,0,0,0,0,0,3.50712296674546,14.0284918669818,13000.9048377254,0,0,32216.4315725237,9812.9300609537,1872.803664242,0,119.2421808693,0,0,217.4416239382,101.7065660356,0,24321.8977743797,43926.7151584868,13383.1812411006,0,1111.7579804583,0,0,56.1139674679274,0
"SRX20686882",53311.206134241,1146.7380551484,0,0,0,2.01890502666974,0,0,0,0,0,0,6642.1975377434,0,8764.0667207733,1348.6285578153,14.1323351866881,0,5247.1341643146,0,0,0,0,0,0,0,5176.4724883812,0,0,0,0,0,0,0,2.01890502666974,0,6.05671508000921,0,0,0,14.1323351866881,0,0,0,0,0,0,5689.2743651553,0,0,0,0,0,0,0,0,228.1362680136,4.03781005333947,0,12832.1603495128,84.7940111201289,0,541.0665471474,3567.4051821254,0,0,0,19032.2176864155,0,4292.1920866998,0,0,0,0,0,0,115899.28086603,10.0945251333487,722.7679995477,16.1512402133579,24101.6882083833,0,847.9401112012,0,0,2.01890502666974,62218.6151119079,2608.4252944572,0,28210.1599376562,0,33859.0562022781,260202.536552276,0,0,82.7751060934592,58.5482457734223,0,72.6805809601105,3070.7545455646,0,0,271429.667405586,0,0,4.03781005333947,2614.4820095373,2249.06019971,0,1778.655328496,10.0945251333487,0,0,6.05671508000921,0,0,0,0,0,0,0,2166.2850936166,0,0,8.07562010667894,0,0,4.03781005333947,0,0,0,0,0,0,0,12.1134301600184,0,2994.0361545512,0,0,0,0,0,0,0,0,50.4726256667434,9636.2336922946,0,47058.6572666448,0,0,0,0,0,0,0,48.4537206400736,0,0,0,0,0,0,0,0,0,0
"SRX20686883",86091.0835624254,386.4308314746,41.4959282120442,0,0,15.5609730795166,7.78048653975829,0,0,261.9430468385,7.78048653975829,2126.6663208672,132.2682711758,0,8685.6164738835,363.0893718553,1320.0892162456,0,1203.3819181492,0,0,18.1544685927693,0,0,0,0,13701.4367965143,0,0,0,0,0,0,0,1358.9916489444,0,339.7479122361,0,0,0,0,0,0,0,0,0,0,15247.1601224129,0,0,570.5690129156,0,0,0,0,0,64.837387831319,46.6829192385497,0,0,1247.4713418745,0,98.552829503605,295.6584885108,0,0,0,9245.811504746,0,6138.8038798692,0,0,0,0,0,0,0,352.7153898023,912.9104206649,1078.8941335131,63206.079153483,612.0649411276,31.1219461590331,0,0,2.59349551325276,135940.660822657,3726.8530525442,0,0,189.3251724674,19956.94797448,801.3901135951,0,0,3122.5685979563,7186.5760672234,241.1950827325,2.59349551325276,2878.7800197105,2.59349551325276,0,478751.49125992,0,601.6909590746,10.373982053011,0,0,0,4626.7959956429,134.8617666891,0,0,0,0,1361.5851444577,238.6015872192,0,0,0,0,11001.6079672182,2.59349551325276,0,3413.0400954406,0,0,8107.2669744281,0,12.9674775662638,0,0,114.1138025831,0,2.59349551325276,604.2844545878,0,1148.9185123709,0,23.3414596192749,0,0,0,0,6641.9420094403,44.089423725297,1320.0892162456,2528.6581254214,0,89029.5139789408,23.3414596192749,0,0,0,0,199.6991545204,0,158.2032263084,0,44.089423725297,20.7479641060221,23.3414596192749,0,0,0,435.7072462264,111.5203070698,0
"SRX20686884",162315.075057133,3038.5542840098,527.5902282067,813.539564014,0,29.234436887647,7.76539729828124,1392.7468448505,0,599.3059561967,0.91357615273897,3602.2307702497,3666.1811009414,0,10670.5694639911,914.0329408153,8768.960702065,126.5302971543,264.0235081415,627.1700288553,434.4054606273,195.9620847625,19.1850992075184,21379.052338321,10.9629138328676,5192.3100640919,1942.262900723,72.6293041427481,44.7652314842095,0,662.7994988121,378.6773153103,0.456788076369485,0,4669.2877166488,0,3864.4271260858,1405.0801229125,147.0857605909,83.1354298992463,300.1097661747,0,798.9223455702,124.7031448488,14.160430367454,1093.0938667521,0,708.478306449,2823.8638881161,0,8.22218537465073,48.8763241715349,3633.2923594428,671.9352603395,0,0,1670.0172072068,977.983271507,27.4072845821691,651.8365849792,2008.9539598729,45.222019560579,401.0599310524,672.3920484158,4.11109268732536,178.6041378604,798.4655574938,3393.4786193489,302.3937065565,4887.6324171534,98.2094364194392,271.3321173634,251.6902300795,0,2.74072845821691,102.7773171831,0,31971.5110412529,5951.491847018,4063.1299393065,93273.3844661906,1414.2158844399,2995.1594167547,152.5672175074,1.82715230547794,121.0488402379,46404.1871022232,3956.2415294361,183.6288067005,15518.0045304241,372.2822822411,16832.1838261391,26067.068366101,5771.5173449284,2.74072845821691,8774.8989470578,2187.101309657,1453.4996590077,5144.3473160731,458.1584405985,159.4190386529,3.65430461095588,347495.134065016,3984.1056020946,1978.3491587562,2156.0397204639,1923.5345895919,7552.0772666166,901.6996627533,5519.3703267724,1827.6090935543,585.1455258293,220.17185281,524.8494997485,745.0213525586,6357.1196588341,1542.1165458233,552.2567843307,2626.9882272009,2128.6324358817,565.046850469,429.8375798636,2342.4092556227,3.65430461095588,5070.8044357776,5.02466884006433,335.2824480552,1379.4999906358,8242.7408380873,4437.2393738531,104.1476814122,0,296.9122496401,4.11109268732536,615.750326946,2170.2001508314,21.9258276657353,1054.7236683371,3046.7764693844,3559.7494791473,1302.3028057294,174.9498332495,1904.8062784607,146.6289725146,128.3574494598,287.3197000364,6419.2428372203,5.48145691643382,0,17122.7010427101,173.122680944,430.29436794,0,33.3455295749724,0,637.6761546118,241.6408923994,2279.3725010837,470.9485067369,6363.5146919032,916.7736692735,210.5793032063,0,3.65430461095588,86.7897345102021,275.4432100507,5.9382449928033,0.91357615273897
"SRX20686885",157526.591034181,8957.4199333262,218.3313998464,339.0649700197,0,1944.9575459161,1.16650792437996,629.7198611777,530.5666876054,1191.3934267667,217.5537278968,2631.6418774011,5544.0233286031,33.2454758448288,7287.3694215889,1885.8544777475,2709.992326322,239.5229604726,174.9761886569,733.5390664475,4295.6654315291,63.1858459039143,0,4414.4548218285,62.9914279165177,3549.6836138882,3289.7467647388,127.7326177196,1147.6493796024,164.6720353249,862.6326100789,169.3380670224,3.30510578574321,2.91626981094989,5190.571427516,4.86044968491649,3182.4280356959,738.7883521073,1626.6953005478,830.7480601459,162.3390194762,204.1388867664,210.7490983379,1378.0346946675,36.550581630572,104.0136232572,639.4407605476,1623.7790307369,1820.9188699571,0,425.3865564238,572.7553908705,2541.6263492365,1212.3905694055,1375.7016788187,928.345889819,5556.4660797965,1511.7942699964,369.9774300158,85.5439144545302,2906.7433295674,6.99904754627974,630.4975331273,364.9225623435,251.7712936786,742.093457893,3267.5831141756,3986.3464135811,878.1860490707,3838.3943251722,502.3760794329,2503.3260057193,597.0576392951,1510.627762072,16.9143649035094,751.425521288,78.5448669082505,8193.9404968196,10412.6385689902,4407.844610257,191494.718538163,1072.0207825051,7700.8964807816,1296.9623939231,3.11068779834655,77.5727769712672,35230.0946601738,1477.1878682398,4321.7174418403,2378.1208218359,363.7560544191,22357.2908786662,1166.5079243799,610.4724804255,9.72089936983298,11824.11315749,2305.2140765621,950.5095403822,8114.6179579617,76.6006870342839,755.7027170108,1439.6651966722,272753.077296509,3551.2389577873,3497.7740112533,3283.9142251169,500.431899559,3917.9112820174,3447.0309165427,3030.3931695517,6936.6393723254,48.0212428869749,1689.6867284643,1168.8409402287,219.3034897834,6468.6752766616,3977.014350186,230.7741510398,2731.9615588978,151.2571941946,80.489046782217,127.1493637574,3675.4720517338,965.2853074244,8036.6563450157,2129.2657979682,488.7668203152,4271.3631831046,1127.2354909258,878.3804670581,1.55534389917328,2669.1645489687,1357.231970016,444.0506832139,639.8295965224,3570.680756527,2.33301584875991,6003.8218687962,3879.4165205129,1662.4682102288,1278.298267133,56.5756343324279,1070.2710206186,165.2552892871,1131.1238506737,506.2644391809,17351.0277032022,66.2965337022609,0,12282.3563537839,2775.5111880747,1002.2247250297,12.6371691807829,295.7097588303,294.9320868807,707.4870561364,933.2063395039,6502.3095884812,888.2957844153,5189.7937555664,340.2314779441,577.421422568,120.3447341985,1960.3165669205,53.2705285466847,12.8315871681795,35.7729096809854,615.9161840726
"SRX20686886",61707.8980047455,780.3681980732,0,4.52387361201903,0,2.26193680600951,0,6.78581041802854,0,13.5716208360571,0,956.799268942,21268.9917869074,0,6781.2865444165,1852.5262441217,2092.2915455588,0,4313.5134890601,42.9767993141808,0,4.52387361201903,0,0,0,22.6193680600951,4259.2270057159,4.52387361201903,11.3096840300476,0,4.52387361201903,0,4.52387361201903,0,108.5729666884,0,38.4529257021617,0,0,0,27.1432416721142,0,47.5006729261998,0,0,0,0,5458.0535129009,0,0,0,22.6193680600951,6.78581041802854,0,0,0,174.1691340627,0,0,13336.379408232,76.9058514043235,0,495.364160516,992.9902578381,9.04774722403806,888.9411647617,0,15743.0801698262,0,3732.1957299156,0,0,0,0,0,0,94114.6666244438,27.1432416721142,821.0830605814,762.2727036252,21911.3818398141,9.04774722403806,606.1990640105,4.52387361201903,0,0,56822.1145037649,3277.5464319077,2.26193680600951,20898.0341507218,15.8335576420666,47697.4614283226,296503.724278951,2.26193680600951,0,296.3137215872,352.8621417374,122.1445875245,108.5729666884,1881.9314225999,47.5006729261998,0,240749.243947623,0,4.52387361201903,13.5716208360571,2135.2683448729,1956.5753371982,6.78581041802854,1325.4949683215,2.26193680600951,0,9.04774722403806,13.5716208360571,13.5716208360571,22.6193680600951,2463.2491817443,0,15.8335576420666,0,0,413.9344354997,4.52387361201903,4.52387361201903,5130.0726760295,4.52387361201903,0,22.6193680600951,40.7148625081713,0,0,4.52387361201903,15.8335576420666,0,0,574.5319487264,2.26193680600951,2117.1728504249,27.1432416721142,4.52387361201903,4.52387361201903,0,9.04774722403806,2.26193680600951,0,18.0954944480761,640.1281161006,1657.9996788049,0,48066.1571277021,22.6193680600951,0,0,0,0,4.52387361201903,6.78581041802854,855.0121126715,0,4.52387361201903,22.6193680600951,9.04774722403806,0,0,0,0,0,0
"SRX20686887",255421.512464518,9647.164318367,224.176529929,366.5589205597,0,13.2536799789153,26.1286833870044,417.3015810504,0,26.5073599578306,6.81617827487072,1351.8753578493,5253.758743642,1.13602971247845,7636.7704038509,3430.8097316849,4561.1592956009,852.0222843588,325.6618509104,639.5847281253,37.488980511789,891.7833242955,0,10.6029439831322,239.7022693329,3919.3025080506,4379.7732181752,122.6912089476,55.6654559114442,1.89338285413076,5692.2662126587,37.488980511789,0,0,3560.6957954782,0,3222.5376177305,65.132370182098,122.6912089476,3801.5340945237,63.6176638987934,0,707.746510874,109.4375289687,33.7022148035274,376.4045114011,601.3383944719,1475.7025965095,31.8088319493967,0,108.3014992562,5231.4168259632,6140.240595946,1.13602971247845,96.1838489898424,28.0220662411352,11641.2751403375,236.2941801955,1243.1951820222,0.757353141652302,919.048037395,63.9963404696195,70.055165602838,322.253761773,184.7941665631,25.3713302453521,4565.7034144509,4491.4828065689,1445.4084708434,4430.5158786659,106.4081164021,1205.7062015104,81.7941392984486,0,11.7389736956107,10.6029439831322,888.7539117289,4993.6079394844,4235.8761212613,9738.4253719361,46868.4204945819,314.6802303565,521.4376380276,0.378676570826151,1.13602971247845,2187.6145496626,42762.0517605431,1549.9232043914,505.9118986237,25560.2898541943,6101.2369091509,25089.9735532282,3228.2177662929,560.0626482518,0,5343.5050909278,3448.9862070845,3745.1112854706,10809.7013908033,105.6507632604,1246.6032711596,90.125023856624,282886.924146539,99.2132615564516,1054.9929263216,8225.9911480564,71.9485484569687,3533.4310823788,583.9192722139,3456.5597385011,1083.7723457044,0,4881.5196745199,269.996394999,265.8309527199,6134.9391239544,780.8310890435,105.6507632604,7079.7371681657,57.1801621947488,99.2132615564516,703.5810685949,1361.34227212,25.7500068161783,11009.6426201995,1295.831225367,725.165633132,1689.2761824554,11501.9221622735,1.5147062833046,0.757353141652302,0,3213.4493800307,0,1293.1804893713,1819.9195993904,136.7022420682,11759.0435538644,1696.0923607303,2170.1954274046,1491.2283359133,2584.4675958884,3825.3907184857,1100.0554382499,527.11778659,387.0074553843,5347.291856636,17.7977988288291,2.65073599578306,17099.1405556548,2698.8279202779,69.2978124611856,0.757353141652302,1333.6988824497,0,17.0404456871768,49.9853073490519,4692.5600656776,1.13602971247845,12616.3673102148,9157.1568357179,3172.1736338106,80.279433015144,4.16544227908766,0,138.5956249223,174.5698991508,13.6323565497414
"SRX20686888",123487.330000706,3530.9628257747,160.8764233639,1880.920056189,0,393.3232360488,0.313905216319932,442.9202602274,1239.9256044637,2051.8414464752,170.6074850698,1170.3955990488,3654.6414810048,98.2523327081388,6643.8039034113,373.0763495962,2247.5613488507,335.4077236378,515.118459981,718.9998979808,5343.7654500223,472.8982083859,4.23772042031908,923.5091464132,42.0632989868709,1393.7391604604,2835.3488664097,419.6912742197,2172.6949547584,221.6170827218,360.5201409434,264.936002574,25.5832751300745,0,3241.2283111114,0,2777.4333539987,276.8644007941,2020.1370196269,613.0568874728,377.9418804491,12.8701138691172,574.4465458654,1080.4617545732,565.6571998085,1291.8769177646,609.2900248769,2515.1655457634,517.3157964952,0.313905216319932,1375.8465631302,1723.3396375964,1026.313104758,857.9029562023,1114.2065653275,215.3389783954,5339.9985874265,2841.470018128,2412.3615874186,220.3614618565,3290.1975248573,44.5745407174304,1432.3495020678,264.3081921413,698.9099641363,1207.5933671827,1498.4265501031,2204.2424289985,467.090961884,3116.7648928406,708.6410258422,2095.9451293681,302.7615811405,2380.5002079622,37.6686259583919,667.6763951124,1427.0131133904,2166.416850432,14352.6882057962,3129.007196277,263579.14727648,310.138353724,11375.2972290017,269.9584860351,0.470857824479898,85.5391714471815,31307.964560101,2657.5215613645,179.2398785186,5450.1793183548,105.7860578998,14482.01715492,6876.2507160962,565.8141524166,1.41257347343969,15484.6304158459,1808.4079512191,1438.1567485697,4147.9435284515,53.3638867743885,1458.089729806,77.6915410391832,247450.069451529,5217.889458278,3950.0262895618,2386.6213596804,599.0881053465,2128.4343192573,4732.7489464556,2100.6537076129,9604.4009511328,69.373052806705,568.0114889309,579.6259819347,190.6974189143,3775.3380366798,4490.7280246729,269.3306756025,1097.2556836463,323.3223728095,452.4943693251,264.4651447495,5502.444536872,246.8864526356,4555.2355466266,3039.8581148422,694.9861489323,6682.1003398023,3303.2245913346,211.7290684077,12.3992560446373,3884.8909571754,2617.1847410674,1461.5426871856,1980.4280097624,4217.3165812582,1.56952608159966,4031.3277405887,3854.5991038006,261.1691399781,1160.9784425592,642.4070251987,648.8420821332,704.56025803,1195.9788741789,660.2996225289,24760.3726054917,46.45797201535,0.313905216319932,9775.4792940271,2840.3713498709,1467.1929810793,7.53372519167837,525.3203795114,1.88343129791959,742.5427892047,562.9890054697,3631.0985897808,2191.3723151294,4811.0682979274,5125.7582772881,434.9156772112,115.5171196057,155.3830820783,0.784763040799831,261.3260925863,283.7703155532,30.1349007667135
"SRX20686890",116388.262597414,950.6312398091,161.1939928372,0,0,0,2.06658965175898,0,0,24.7990758211077,0,7981.1692350931,6489.0915065231,0,17396.551688507,305.8552684603,33627.546813422,0,3223.879856744,51.6647412939745,12.3995379105539,4.13317930351795,0,0,0,0,7735.2450665338,0,0,0,57.8645102492514,2696.8994955454,0,0,1405.2809631961,0,1262.6862772247,51.6647412939745,0,8.26635860703591,0,0,1539.6092905604,7749.7111940961,0,2597.703192261,0,8336.6226551957,0,0,0,0,0,0,0,0,1260.6196875729,483.5819785116,0,0,423.6508786105,0,0,2996.5549950505,0,30.9988447763847,0,16921.2360686025,0,4467.9668271029,0,0,0,0,55.7979205974924,4.13317930351795,0,59.9310999010104,7770.3770906137,1335.0169150362,59032.1334024952,2122.3875723564,2758.8971850982,0,0,6697.8170613508,95234.6509220089,7344.6596223514,3110.2174258972,1411.4807321513,0,16113.1995147647,57409.8605258644,0,0,7049.1373021498,878.3006019975,1326.7505564292,0,1942.5942726534,421.5842889588,140.5280963196,369293.371000374,68.1974585080463,758.4384021955,890.7001399081,547.6462577161,35.1320240799026,2153.3864171328,2659.7008818138,332.7209339331,0,0,2709.299033456,1454.8791148383,3354.0750048048,2155.4530067846,6.19976895527693,202.5257858723,221.1250927382,24.7990758211077,1012.6289293618,748.1054539367,0,3707.4618352556,0,0,4284.0403480963,0,16.5327172140718,0,0,0,92.996534329154,0,2727.8983403218,0,2725.83175067,0,0,0,2.06658965175898,0,4.13317930351795,241.7909892558,90.929944677395,6282.4325413472,1764.8675626021,0,55014.6831194757,11248.4474745241,3033.7536087821,0,448.4499544316,0,340.9872925402,0,221.1250927382,0,0,0,0,39.2652033834206,0,0,12.3995379105539,206.6589651758,0
"SRX20686891",204414.482161819,4380.6612276054,141.7078249171,70.8539124585741,0,10987.0800252428,0.944718832780988,379.7769707779,0,89.7482891141938,476.1382917216,4518.5901771914,4221.9484636982,3.77887533112395,9039.0697920484,44.4017851407064,8526.0874658484,427.9576312497,707.5944057529,55.7384111340783,471.4146975577,44.4017851407064,0,7.5577506622479,86.9141326158509,4.72359416390494,2885.1713153131,150.2102944121,420.3998805875,12.2813448261528,4007.4972886569,0.944718832780988,5.66831299668593,0,546.9922041801,0,3384.9275778542,52.9042546357353,10.3919071605909,166.2705145694,57.6278487996402,149.2655755793,997.6230874167,0,460.0780715643,71.7986312913551,0,695.3130609268,0.944718832780988,0,4.72359416390494,0,133.2053554221,6.61303182946691,0,0,4736.8202275638,668.8609336089,4.72359416390494,4.72359416390494,2392.9728034342,41.5676286423635,46.2912228062684,332.5410291389,0,3940.4222515295,155.8786074088,9835.4677680828,0,4045.2860419681,604.6200529798,36.8440344784585,23.6179708195247,0,107.697946937,0,231.4561140313,317.4255278144,8950.266221767,2470.4397477222,122783.217258879,52.9042546357353,5871.4275457338,0,91.6377267797558,92.5824456125368,54722.8383888387,5280.9782752457,36.8440344784585,1679.7100846845,407.1738169286,20608.0966182844,3859.1764319103,3036.326328558,3.77887533112395,8546.8712801695,2331.5660793034,4068.9040127877,661.3031829466,351.4354057945,2802.9807768611,30.2310026489916,351476.028704337,96.3613209436608,3469.9522728045,1717.4988379958,1606.0220157276,1508.7159759512,2348.5710182935,5911.1057367106,2899.3420978048,9.44718832780988,684.9211537662,3179.9235911408,450.6308832365,613.1225224748,4722.6494450721,35.8993156456775,270.1895861753,503.5351378722,102.9743527731,176.66242173,3472.7864293029,9911.9899935381,1974.4623605122,95.4166021108798,34.9545968128965,1473.7613791383,0,1.88943766556198,1551.2283234263,22.6732519867437,358.9931564567,0,237.124427028,2802.0360580284,0,3097.7330526888,554.5499548424,5.66831299668593,74.632787789698,412.8421299252,564.941862003,105.8085092714,205.9487055462,167.2152334022,8624.3382244576,13.2260636589338,0,22293.4750159657,54.7936923012973,286.2498063326,0,17.0049389900578,0,1446.3645329876,283.4156498342,947.5529892793,1.88943766556198,6972.9697047564,4866.2467076548,83.1352572847269,615.9566789732,4821.8449225141,0,138.8736684188,32.1204403145536,0
"SRX20686892",164761.876818629,1373.8979794642,24.2377545123683,433.7282386423,0,42.0971525741133,0,343.1555770435,0,500.0631457288,0,2385.505312533,4955.9829621342,0,11276.9342047018,3062.8867675892,10020.397983929,131.3941428828,334.2258780126,478.3767337967,577.8790944264,465.6200208954,0,80.3672912778527,5.10268516049858,0,3681.5873432997,86.7456477284759,6042.8549013204,891.6942317971,2764.3796857001,0,0,0,6027.5468458389,0,3667.5549591083,1978.5661709833,211.7614341606,14.0323841913711,346.9825909139,0,770.5054592352,63.7835645062323,28.0647683827422,68.8862496667309,0,1566.524344273,10.2053703209972,0,2.55134258024929,2291.1056370638,0,0,0,0,1162.1365453035,383.9770583275,35.7187961234901,12.7567129012465,1006.5046479083,0,112.2590735309,781.9865008464,1.27567129012465,515.3712012103,0,3653.5225749169,197.7290499693,4945.7775918132,105.8807170803,473.2740486362,0,0,7.65402774074788,5.10268516049858,56.1295367654844,2391.8836689837,7559.6280652786,2334.4784609281,88846.6783433112,419.695854451,2714.6285053852,22.9620832222436,0,49.7511803148612,53587.123884266,9756.3340268732,114.8104161112,22007.8810972303,535.7819418523,15343.7742776192,13515.7373188706,3363.9451920586,0,6889.9006379632,2658.4989686197,1043.4991153219,13511.9103050002,674.8301124759,102.0537032099,16.5837267716204,372017.6399826,12306.4009358324,1176.1689294949,1349.6602249518,1051.1531430627,1377.7249933346,1356.0385814024,5137.1282853319,1896.9232084153,19.1350693518697,2599.818089274,47.1998377346119,1858.6530697116,1174.8932582047,1868.8584400326,438.8309238028,304.8854383397,1518.0488352483,15.3080554814958,153.0805548149,2692.9420934531,16.5837267716204,16903.9202654416,0,20.4107406419943,1047.3261291923,3412.4207010834,0,1393.0330488161,0,38.2701387037394,0,506.4415021794,907.0022872786,1.27567129012465,3295.0589423919,283.1990264076,455.4146505744,211.7614341606,10.2053703209972,418.4201831608,126.2914577223,140.3238419137,363.5663176855,8557.2030141561,109.7077309507,0,23251.6606051019,272.9936560866,289.5773828582,246.204558994,6.37835645062323,0,1260.3632346431,169.6642815865,1711.9508713472,1229.7471236801,1719.604899088,27588.9429915257,0,137.7724993334,0,10.2053703209972,24.2377545123683,8.92969903087252,804.9485840686
"SRX20686894",121889.561272054,2065.6956876361,20.4114676038289,1340.2610957703,0.827491929884954,3135.6427529773,1.37915321647492,688.1974550209,2078.659727871,2129.4125662372,250.4542241118,2123.620122728,2463.7193059108,1917.5746321867,6421.8890371938,1116.0107827715,2137.9633161794,138.7428135773,346.4432879785,799.6330349121,5490.6847854299,475.2561983972,12.6882095915693,11050.0514010403,51.0286690095722,2734.5849976264,2891.5326336613,114.7455476107,108.9531041015,5.79244350919468,6339.6915054919,338.1683686796,28.1347256160884,0,2902.0141981065,38.0646287747079,2494.0606766732,879.3480908244,1896.335672653,169.9116762697,247.1442563923,0,1409.218756594,1125.9406859301,102.6089993057,272.5206755754,208.8037969743,3069.7192292298,1163.1778227749,0,1167.8669437109,1655.5355210564,1784.0726008319,1921.9879224794,823.0786395922,0,3408.7150898394,3392.1652512417,1247.5819996232,710.5397371278,2973.1785040766,15.9981773111091,1333.0894990446,77.5084107658907,482.1519644796,1095.3234845243,438.0190615524,4000.0959890638,293.7596351091,3013.725608641,722.6762854328,421.1933923114,55.7177899455869,2040.8709297395,993.5419771485,77.7842414091857,85.5074994214452,2659.8348932935,13961.9955023055,3177.5690107582,247836.86713762,8824.0981096498,11339.3977458568,693.7140678868,25.3764191831386,81.6458704153154,29584.7673078901,1984.0498172208,427.2616664639,8250.0945409529,3557.1119759321,11722.2506787502,6924.4524692772,1799.2432862131,4.68912093601474,14549.5147725238,1681.4636015262,1909.5755435311,4776.0075886526,165.7742166202,866.1082199462,500.3567869371,224901.273316999,5627.2209538609,3639.8611689206,1775.7976815331,608.4823991087,4193.4532700136,4751.4586613994,2032.0443491541,8737.2114570119,3503.6008311328,6501.8799237493,988.0253642826,388.6453764026,4116.220689891,4006.4400938596,3928.3800218071,574.2793993401,452.9139162903,2096.8645503284,4364.7440994998,5242.1613758211,1472.6598045519,1752.6279074963,57.0969431620618,209.0796276175,5986.0766207877,1169.797758214,2108.4494373468,90.472451000755,3672.4091848294,5179.5478197932,3220.0469298256,1600.6452230407,6901.8343565271,10.4815644452094,1153.5237502596,225.353635572,317.4810704325,1200.1391289764,158.3267892513,159.1542811812,1309.0922330779,713.8497048474,295.9662802555,22786.0936119553,1314.8846765871,18.204822457469,10322.9618253148,3053.996882562,512.2175045987,65.6476931042063,236.3868613038,1729.7339641028,1687.2560450354,191.9781277333,1506.5869736772,2174.3729610943,4393.7063170458,6636.4852776773,1218.8956127205,368.509739442,791.6339462566,7.1715967256696,93.5065880769998,38.6162900612978,1234.8937900316
"SRX20686895",183701.781399885,1512.8312609665,287.737051306,969.374751179,0,251.0853332041,0.421284116114328,813.9209123328,170.6200670263,777.690478347,46.3412527725761,4495.1015189398,5235.7189950688,174.4116240713,11704.9578821204,1013.609583371,4856.1420064498,445.2973107328,530.3967021879,660.5734940672,190.4204204836,101.5294719835,21.0642058057164,3135.6176762389,425.4969572754,1714.2050684692,2176.7750279627,984.5409793591,1254.1628136723,75.4098567844647,4391.8869104918,765.0519548636,0,28.6473198957743,2769.9430634517,0,5095.8526685189,135.2322012726,197.5822504576,29.489888128003,488.6895746926,0,856.4706080604,183.6798746258,97.3166308224098,66.1416062299495,286.0519148416,1042.6781873829,105.3210290285,0,347.5593957943,2181.4091532399,1193.919185068,2290.1004551974,1672.0766568577,3.37027292891462,2411.8515647545,1085.2278831105,3028.1902266297,38.3368545664039,1819.1048133816,0,572.1038296832,482.791597067,0.421284116114328,72.8821520877788,34.1240134052606,1261.3246436462,169.777498794,5994.8729723068,135.6534853888,228.3359909339,492.9024158537,418.7564114176,670.684312854,73.7247203200074,2263.1382717661,6388.3523367576,6571.1896431512,3208.0785442106,96498.4970689157,487.4257223442,4434.4366062194,83.8355391067513,93.5250737773808,57.2946397915486,51510.4088772988,1572.2323213386,1948.4390370287,9900.1767286867,429.7097984366,29705.1643113373,7657.260094494,115.4318478153,7.58311409005791,9702.594478229,1895.7785225144,1744.9588089455,1177.9103886556,290.6860401188,905.3395655296,434.7652078299,382027.177038331,632.7687424037,1745.3800930616,1398.2419813834,1075.5383484398,2581.6290635486,1632.8972340591,3262.0029110732,1744.9588089455,22.3280581540594,3200.9167142366,1769.3932876801,345.8742593298,2417.7495423801,1324.5172610634,21.4854899218307,2725.7082312597,990.8602411008,49.7115257014907,203.4802280832,3332.7786425804,294.0563130478,4101.622154489,0,130.5980759954,1919.7917171329,2562.6712783234,701.8593374464,44.6561163081188,323.5462011758,3995.8798413444,468.046653003,347.5593957943,3335.3063472771,4.21284116114328,1812.3642675238,1115.9816235868,1955.1795828865,714.0765768137,5134.6108072014,3775.5482486166,2272.4065223206,291.9498924672,428.0246619721,7275.5766852944,271.3069707776,0,17728.4781743231,386.7388185929,415.8074226048,0.421284116114328,100.6869037513,580.9507961216,3131.4048350778,82.9929708745226,508.0686440338,61.9287650688062,2758.1471082005,5103.857066725,2233.6483836381,219.0677403794,317.226939434,0.842568232228656,0,510.1750646144,46.3412527725761
"SRX20686896",291799.522511602,3391.9854238158,46.5017475145344,90.8897792329537,0,293.80649566,14.7960105728064,605.579575587,0,60.7693291383121,47.0301764635632,1053.1588954143,5428.0221644238,1.0568578980576,7803.3102903082,2357.3215416174,3356.0522552819,633.5863098855,172.7962663324,2214.6457253797,42.8027448713328,316.5289404682,0,11.6254368786336,24.3077316553248,893.0449238586,4568.796693303,1.0568578980576,2.642144745144,0,834.9177394655,374.1276959123,149.0169636261,0,8945.7736781085,0,4209.4650079634,1511.3067942223,79.7927713033489,3318.5337999008,479.2850567691,0,312.301508876,1016.1688689823,99.3446424174145,11.6254368786336,798.4561419825,144.2611030848,537.9406701113,0,112.0269371941,705.9810759024,454.4488961647,3.6990026432016,0,26.42144745144,7753.1095401505,141.0905293906,6057.9094716661,0,865.0381895601,0.5284289490288,0,727.1182338636,0,1077.4666270697,735.573097048,4053.0500390508,1314.7312251836,4363.2378321308,88.2476344878097,1600.0828576592,392.0942801793,0,11.6254368786336,15.852868470864,5.8127184393168,1134.0085246158,4446.7296060773,8926.7502359435,40756.1395517442,1321.600801521,931.6202371377,10.0401500315472,10.568578980576,178.0805558227,47951.7565506694,7390.0788521677,162.2276873518,11213.2622983911,3247.1958917819,30172.7645605954,1062.6706164969,349.819964257,0,3947.8926781941,3226.5871627698,6586.8668496439,12423.8930206161,147.431676779,967.5534056717,125.2376609198,309056.426700035,129.993521461,1197.4199984992,7057.6970432286,2507.3953631416,1882.2639164405,852.8843237324,3729.1230932962,140.5621004416,10.0401500315472,144.2611030848,1269.8147645162,76.6221976091761,2398.0105706926,3246.6674628329,222.9970164901,11564.1391205462,159.5855426066,84.5486318446081,102.5152161115,869.7940501014,12.1538658276624,9836.176457222,0,248.8900349925,474.0007672788,10777.8368443914,3.1705736941728,0,0,4150.2809656721,0.5284289490288,1423.0591597345,1855.8424689891,41.2174580242464,6777.6297002433,2201.4350016539,39.63217117716,334.4955247352,251.5321797377,1935.1068113434,552.7366806841,1954.6586824575,1738.0028133557,4433.5188823516,20.0803000630944,4.7558605412592,16601.6522916378,560.6631149195,0.5284289490288,1.0568578980576,15.3244395218352,0,27.4783053494976,3069.1153359592,4952.4361102979,0,4534.4488116161,175.9668400265,8989.1048519289,0,0,0,3.6990026432016,43.8596027693904,5.284289490288
"SRX20686898",173307.477458874,1127.5028526965,512.306429267,1680.5365713195,1.4290276967003,633.0592696382,9.28868002855197,2760.5242531008,0,534.4563585659,464.4340014275,4800.1040332163,7480.959992226,58.9473924888875,10682.6965466831,535.1708724142,6136.6021865552,460.1469183374,467.2920568209,158.9793312579,536.5999001109,45.7288862944097,0,196.4913082962,166.1244697414,7445.2342998085,2611.9053726439,138.6156865799,2.50079846922553,0.357256924175076,1089.9908756581,89.314231043769,1.4290276967003,2.50079846922553,2861.6279626423,1.07177077252523,4087.7337264112,36.4402062658577,137.5439158074,213.6396406566,240.791166894,1.78628462087538,1489.76137381,257.9394992544,176.1276636183,191.4897113578,0,1551.2095647681,1510.125018488,0,16.0765615878784,172.1978374523,3622.9424680594,31.0813524032316,549.8184063054,0,4386.7577719457,1263.9749977314,43.2280878251842,171.8405805282,2669.7809943603,139.3302004282,613.0528818844,836.695716418,569.467537135,1.07177077252523,188.6316559644,3927.3253674566,30.7240954790565,5882.9497703909,136.829401959,215.4259252775,25.0079846922553,1800.2176409182,430.8518505551,58.9473924888875,438.7115028869,2732.3009560909,4702.2156359923,4083.0893863969,105119.991883123,666.9986774348,2612.9771434165,0,21.0781585263295,280.0894285532,54335.2055977872,3551.8483401486,6855.0458610713,4820.1104209701,929.2252597793,26598.8497756069,9559.1235201525,91.4577725888194,0,10925.2739981979,2687.2865836449,646.6350327568,166.8389835897,193.6332529028,669.1422189799,7766.4082746419,369820.578427541,104.6762787832,1820.224028672,2185.6978621031,2241.7871991986,4856.9078841601,1014.6096646572,5429.2334766886,1697.6849036799,102.8899941624,557.6780586372,333.3207102553,1009.9653246429,7727.1100129827,1471.8985276013,687.0050651886,509.4483738736,710.5840221842,449.4292106122,596.9763202965,3881.239224238,1116.0706311229,9601.9943510535,1.07177077252523,48.9441986119854,3426.8084166873,789.5378024269,0,421.9204274507,274.3733177664,819.9046409817,0.714513848350152,494.0863261341,3456.817998318,6.43062463515137,2067.0885632769,45.0143724460596,105.3907926316,947.0881059881,118.2520419019,3649.3794804484,217.5694668226,86.8134325745434,483.0113614847,7011.52439386,120.395583447,0.714513848350152,20755.1982668752,139.6874573524,853.12953493,0,1898.8205519905,440.1405305836,10828.4573717465,6.43062463515137,3493.9727184322,6.43062463515137,385.1229642607,2330.7441733181,154.6922481678,186.1308574952,689.5058636578,121.1100972953,33.2248939482821,23.578956995555,0
"SRX20686900",117500.536826283,742.3540599404,0,0,0,0,0,0,0,0,0,17687.6591306481,5533.9120831927,0,3993.9875456302,0,54044.6025951716,0,0,6.13515752016933,0,0,0,12.2703150403387,0,12.2703150403387,840.5165802631,0,0,0,0,0,0,0,343.5688211294,0,0,0,0,0,7527.8382772477,0,0,0,0,0,0,0,0,0,0,0,0,0,0,0,12.2703150403387,0,0,0,957.0845731464,0,0,1662.6276879658,0,25853.5537899935,0,8221.1110770269,0,184.054725605,0,0,0,0,0,0,0,0,5288.5057823859,55.216417681524,27810.6690389275,0,0,0,12.2703150403387,0,105150.464738182,9043.2221847295,0,24.5406300806773,6.13515752016933,27436.4244301972,1220.8963465136,0,0,12.2703150403387,7423.5405994048,2030.737139176,0,2110.4941869382,0,0,371146.354182644,0,0,0,0,6.13515752016933,0,24.5406300806773,0,0,18.405472560508,0,0,0,69946.9308874505,6.13515752016933,0,0,0,0,0,0,38099.3282002515,0,0,319.0281910488,0,0,0,0,0,0,0,12417.5588208227,0,0,0,0,0,0,0,0,0,0,3135.0654928065,0,0,71854.9648762232,0,0,0,0,0,0,0,202.4601981655,0,24.5406300806773,0,0,0,0,0,0,36.810945121016,0
"SRX20686901",117308.761525275,1366.8164759301,0,0,0,0,11.5831904739842,0,0,57.9159523699208,46.3327618959366,18857.4340916462,3486.5403326692,0,2281.8885233748,0,341.7041189825,0,0,0,0,0,0,0,0,0,2687.3001899643,0,0,0,0,0,0,0,990.3627855256,0,34.7495714219525,0,0,0,0,0,550.2015475142,0,0,0,0,7361.1175462169,0,0,0,0,0,0,0,0,0,0,0,0,1424.7324283,0,23.1663809479683,1656.3962377797,0,944.0300236297,0,16986.7488300977,0,86.8739285548812,0,0,0,0,0,0,0,0,5484.6406894314,12787.8422832785,54904.3228466848,0,0,0,0,0,117830.005096604,48272.9463003289,0,289.5797618496,17.3747857109762,31737.9418987165,28.9579761849604,0,0,0,220.0806190056,752.9073808089,11.5831904739842,2270.3053329008,0,0,376604.271880647,0,0,579.1595236992,3793.4948802298,5.79159523699208,0,1239.4013807163,0,0,0,0,0,272.2049761386,21243.5713292869,0,0,0,0,11.5831904739842,0,0,48359.8202288838,0,0,34.7495714219525,0,0,0,0,0,0,0,16222.2582588148,0,0,0,0,0,0,0,0,110.0403095028,0,5478.8490941945,0,0,74920.0759857295,0,0,0,0,0,0,0,11.5831904739842,0,0,0,0,0,0,0,0,0,0
"SRX20686902",186589.28829103,1019.4580902285,573.1731528641,790.4566670048,0,839.6718851537,1.00439220712174,466.0379841044,927.7236019781,1851.4296351277,0,3944.248197367,7756.9210156012,905.292176019,9437.2691781159,126.5534180973,9904.3115544275,1695.4140456215,177.4426232581,8910.2980667793,589.5782255804,921.6972487353,0.334797402373914,238.0409530878,1262.8558017544,158.6939687252,1744.294466368,178.1122180629,18.7486545329392,0,228.6666258213,802.1745760878,0,89.0561090314612,2868.878940942,147.6456544468,3963.3316493024,7.70034025460003,153.3372102872,113.4963194047,99.1000311026787,72.3162389127655,1189.2003732321,133.5841635471,220.296690762,214.6051349216,0,1430.2545029413,526.6363139341,0,1.00439220712174,7380.9435327353,63.6115064510438,0,351.8720698949,2.00878441424349,2951.5738993284,1145.6767109235,0.334797402373914,24.4402103732958,3340.2736834845,0.334797402373914,337.1409841905,1021.4668746428,0,108.8091557715,6306.243871115,5395.9297340603,867.4600695508,4654.0186903997,56.2459635988176,72.6510363151394,63.6115064510438,113.1615220023,2.3435818166174,10.7135168759653,11.717909083087,5174.6286510912,9261.1657444672,1788.8225208838,104818.035937823,2.3435818166174,6039.0755440206,44.5280545157306,118.8530778427,826.9495838635,48551.6496974603,8780.3966746582,838.6674929466,667.9208177359,183.1341790985,15508.4852727644,8177.7613503852,44.5280545157306,0,7174.7083328729,1809.9147572333,3620.8339066738,2231.7594842245,289.264955651,144.6324778255,145.6368700326,371665.627120732,1593.6356352998,3104.5763122133,945.1330669015,1674.3218092719,570.1599762427,1744.294466368,2905.3718578008,1158.7338096161,96.7564492860613,145.6368700326,2712.5285540334,1329.8152822291,3434.3517535516,3411.2507327878,741.5762462582,436.2410152932,358.9028153448,32.1405506278958,1138.980762876,2646.2386683634,755.3029397555,21590.0800868866,1.33918960949566,3.68277142611306,2982.3752603468,15830.8951712505,0,222.6402725786,27.1185895922871,125.2142284878,12.3875038878348,116.8442934284,645.1545943745,54.5719765869481,317.7227348528,8.36993505934786,1.00439220712174,168.0682959917,14.0614908997044,1031.1759993116,33.4797402373914,610.0008671252,1506.2535132802,10592.3202163059,0,1.00439220712174,16870.1063082191,145.971667435,42.854067503861,405.7744516771,84.0341479958525,348.8588932736,35.4885246516349,342.1629452261,1937.1377701354,150.3240336658,6856.9855980201,66.9594804747829,13.0570986925827,2.00878441424349,277.5470465679,0,98.4304362979308,9.03952986409569,0
"SRX20686903",73702.594140011,2082.297782017,0,0,0,0,0,0,0,18.8078509343472,0,10932.7350645512,10306.7023120222,0,27287.5048698899,0,75306.635141126,2.68683584776388,6289.8827196152,0,0,0,0,2.68683584776388,0,0,8210.9703507664,0,0,0,0,0,0,0,69.8577320418609,0,21.494686782111,0,0,0,0,0,0,0,0,2.68683584776388,0,8831.6294315998,0,0,0,0,0,0,5.37367169552776,0,800.6770826336,0,0,0,142.4022999314,0,0,5932.5335518626,0,0,0,35917.6216129075,0,7818.6923169928,0,0,0,0,0,0,0,0,204.19952443,11343.8209492591,53658.7987156924,5.37367169552776,217.6337036688,0,0,0,110501.497910985,10784.9590929242,0,0,0,10634.4962854494,0,0,0,13.4341792388194,1241.3181616669,0,0,1966.7638405631,0,0,413176.242997434,0,0,0,0,99.4129263672636,0,3232.2635248599,0,0,0,8.06050754329164,0,2705.6436986982,1730.3222859599,0,5.37367169552776,0,0,1241.3181616669,0,0,196.1390168867,0,0,7278.6383115923,0,0,0,0,2.68683584776388,0,0,2778.1882665878,0,4352.6740733774,0,0,0,0,0,0,0,0,2821.177640152,0,0,84788.4788478847,0,0,0,0,0,198.8258527345,0,0,0,0,0,0,284.8045998629,0,0,0,840.97962035,0
"SRX20686904",90013.5283596183,99.8737958398024,0,0,0,0,0,0,0,290.5419515339,0,345.0185674465,2914.4989513251,0,9978.3001479948,54.4766159126195,11567.2014454462,0,2478.6860240241,0,27.2383079563098,345.0185674465,0,0,0,0,8979.5621895967,0,0,0,36.3177439417463,0,0,0,2133.6674565775,0,644.6399549659,0,0,0,9.07943598543658,0,0,0,0,27.2383079563098,0,15571.2327150237,0,18.1588719708732,0,0,0,0,0,0,18.1588719708732,0,0,0,1452.7097576698,0,18.1588719708732,226.9858996359,0,0,0,17959.1243791935,0,3822.4425498688,0,0,0,0,0,0,0,127.1121037961,6310.2080098784,4412.6058889221,66416.0742334686,18.1588719708732,653.7193909514,0,0,27.2383079563098,109370.885880569,47694.2772314983,18.1588719708732,0,0,8516.5109543395,2578.5598198639,0,0,1452.7097576698,789.9109307329,762.6726227766,0,2442.3682800824,0,0,430991.746792689,18.1588719708732,944.2613424854,163.4298477378,0,1153.0883701504,0,2115.5085846067,0,0,27.2383079563098,18.1588719708732,0,3994.951833592,5592.9325670289,0,18.1588719708732,0,0,1298.3593459174,0,0,853.466982631,0,0,5175.2785116988,0,63.5560518980561,0,18.1588719708732,0,0,0,2696.5924876746,0,0,0,0,0,0,0,18.1588719708732,5801.7595946939,0,499.368979199,0,0,117288.15405987,0,72.6354878834927,0,0,0,136.1915397815,0,54.4766159126195,0,18.1588719708732,0,54.4766159126195,0,0,0,190.6681556941,99.8737958398024,0
"SRX20686905",186729.067063416,960.500412777,434.7010919691,5270.8452403632,0,807.7880291635,0,1237.9531097382,0,1184.6549758532,51.4081291372204,4309.5888256871,2511.0603077834,0,9665.862280646,1631.0740972581,8383.6830598118,178.0384472325,226.0445678239,4.53601139446062,96.0122411827498,901.1542636995,0,19501.0689866852,24.570061719995,404.8390169556,1965.9829385491,90.3422269396741,43.0921082473759,0,6034.4071584307,44.9821129950678,0.756001899076771,86.1842164947518,3030.4336124492,1.13400284861516,3759.5974441087,56.7001424307578,161.7844064024,10.2060256375364,131.5443304393,0,1635.6101086525,2697.0367749563,388.5849761254,26.0820655181486,0.756001899076771,1591.005996607,40.8241025501456,0,254.0166380897,188.2444728701,77.8681956049074,141.3723551273,22.6800569723031,0,22608.6147928403,1454.9256547732,560.9534091149,927.2363292176,3378.572486974,52.5421319858356,330.3728298965,1241.355118284,906.0682760435,98.2802468799802,58.2121462289113,2757.5169268825,789.2659826361,4461.923208351,82.7822079489064,168.9664244436,68.7961728159861,0,670.573684481,16.632041779689,8.31602088984448,2004.539035402,8153.1024805934,2704.2187929976,103982.769204716,133.0563342375,4699.3078046612,40.4461016006072,348.8948764239,163.6744111501,52014.0646593304,1954.2649091134,562.0874119635,12794.5761399752,2020.0370743331,12279.7388467039,12967.3225739143,27.5940693163021,24.570061719995,7043.6696936982,2152.7154076211,3177.8539827692,3871.8637261216,414.289040694,446.7971223543,518.2393018171,357788.104763719,2763.5649420751,2686.8307493188,1427.3315854569,1530.9038456304,378.7569514374,1705.1622833676,1859.3866707793,1319.6013148385,51.030128187682,6291.0698031673,857.306153553,289.9267282959,2974.867472867,1328.6733376274,538.2733521426,203.7425118011,281.610707406,54.8101376830659,493.2912391475,3081.0857396873,797.5820035259,2737.8608775065,38.1780959033769,90.3422269396741,2191.6495054235,60.85815287568,5258.749209978,167.832421595,0,2214.3295623958,0,168.9664244436,3276.1342296491,52.9201329353739,1613.6860535793,334.5308403414,2234.3636127213,116.0462915082,21.1680531741496,279.7207026584,84.6722126965983,310.7167805205,1596.6760108501,9203.5671193606,154.6023883611,1.13400284861516,15576.6631285777,4010.9680755518,278.9647007593,194.6704890122,19.656049375996,2303.9157874364,130.0323266412,254.7726399888,6807.7971011863,268.0026732227,3388.0225107125,1959.5569224069,1330.1853414255,41.5801044492224,359.478903011,0,7.93801994030609,18.9000474769193,0
"SRX20686906",126319.770313658,1721.1039762904,0,92.6154606075574,0,0,0,0,0,108.0513707088,7.71795505062978,16153.6799209681,1250.308718202,0,13336.6263274882,0,15.4359101012596,0,0,0,0,285.5643368733,0,0,0,0,1134.5393924425,0,0,0,0,0,0,0,555.6927636453,0,370.4618424302,0,0,0,0,0,46.3077303037787,0,0,0,0,9153.4946900469,0,0,7.71795505062978,0,0,0,0,0,46.3077303037787,0,0,0,995.6162015312,0,0,1049.6418868856,0,18793.2205482835,0,11082.9834527043,0,1435.5396394171,0,0,0,0,0,0,0,0,478.513213139,13799.703630526,48036.5522351197,7.71795505062978,38.5897752531489,0,0,0,113500.246974562,32330.5137070881,0,0,957.026426278,22544.1467028896,33588.5403803408,0,0,9716.9054087429,2276.7967399357,1628.4885156828,0,1952.6426278093,0,30.8718202025191,378704.618424302,0,470.7952580884,957.026426278,2215.0530995307,0,0,2299.9506050876,0,0,0,0,0,84.8975055569276,50313.3489750555,0,0,0,0,0,0,0,339.5900222277,0,0,586.5645838478,0,0,0,0,0,23.1538651518894,0,6405.9026920227,0,0,0,0,0,0,0,0,7.71795505062978,0,3256.9770313657,0,0,69098.8515682884,0,0,0,0,0,0,0,316.4361570758,0,15.4359101012596,0,0,0,0,0,0,54.0256853544085,0
"SRX20686908",142245.477538389,276.5366426587,0,52.8216059011055,0,0,0,3.10715328830032,0,2389.4008787029,217.500730181,9066.6732952603,25000.1553576644,0,27886.7007624954,53996.109844083,3924.3346031233,0,0,21.7500730181023,590.359124777,658.7164971196,0,0,0,0,1858.0776664035,65.2502190543068,0,0,87.0002920724091,0,0,0,3147.5462810482,0,326.2510952715,0,0,0,3128.9033613184,0,24.8572263064026,0,0,0,0,3977.1562090244,0,668.0379569845,0,0,0,130.5004381086,0,0,12.4286131532013,2115.9713893325,0,0,3507.976062491,59.0359124777062,0,3775.1912452848,0,34.1786861713036,0,14019.475636811,0,2215.4002945581,21.7500730181023,1190.039709419,0,0,40.3929927479042,0,15.5357664415016,195.7506571629,4489.8365015939,5173.41022502,98422.187560201,31.0715328830032,114.9646716671,0,0,354.2154748662,81267.594255495,10505.2852677433,12.4286131532013,27.9643795947029,62.1430657660065,29002.1687929952,369.7512413077,0,0,25954.0514171726,9420.8887701265,957.0032127965,0,192.6435038746,3520.4046756442,6720.7725625936,337716.490905362,6.21430657660065,854.4671542825,77.6788322075081,9.32145986490098,6.21430657660065,40.3929927479042,363.5369347311,0,0,127.3932848203,6.21430657660065,3.10715328830032,65.2502190543068,1451.0405856362,74.5716789192078,0,0,0,192.6435038746,2376.9722655497,0,4412.1576693864,121.1789782437,0,1578.4338704565,3.10715328830032,0,9.32145986490098,6.21430657660065,668.0379569845,0,0,3927.4417564116,0,3737.9054058252,59.0359124777062,680.4665701377,0,0,0,223.7150367576,3.10715328830032,6.21430657660065,2392.5080319912,0,0,48670.4491079362,1155.8610232477,0,0,3.10715328830032,0,158.4648177033,3.10715328830032,5036.6954803348,0,0,108.7503650905,99.4289052256104,0,0,0,0,18.6429197298019,0
"SRX20686909",54782.0279655652,889.2903288804,0,3.48741305443329,0,0,0,0,0,0,0,0,22652.4914950714,0,6776.0435647638,2090.7041261327,59.2860219253659,0,4983.5132547851,0,0,0,0,0,0,0,4397.6278616403,0,0,0,0,0,0,0,12.2059456905165,0,0,0,0,0,5.23111958164993,0,0,0,0,0,0,5515.3437455862,0,0,0,0,0,0,0,0,134.2654025956,0,0,14816.2743617598,29.6430109626829,0,441.1577513858,903.2399810982,0,0,0,19390.016582649,0,3860.5662512576,0,0,0,0,0,0,59456.9051650331,3.48741305443329,605.0661649441,3.48741305443329,23937.60320563,0,530.0867842738,0,0,0,54163.0121484033,3956.4701102545,0,26373.5612241517,0,51833.4202280419,346270.473294263,0,0,20.9244783265997,15.6933587449498,0,59.2860219253659,1865.7659841218,0,0,236971.460755269,0,0,0,0,2020.955865044,0,1382.7592760827,0,0,0,1.74370652721664,0,1.74370652721664,0,0,0,0,3.48741305443329,441.1577513858,0,0,2810.8549218732,0,0,0,3.48741305443329,0,0,0,0,0,0,8.71853263608322,0,2212.7635830379,0,0,0,0,0,0,1.74370652721664,0,209.2447832659,1757.6561794343,0,39740.8154617945,0,0,0,0,0,0,0,1593.747765876,0,0,0,0,0,0,0,0,0,0
"SRX20686910",78263.6169986619,435.347921614,36.4003278941537,180.545626355,0,0,1.45601311576615,1696.2552798675,0,45.1364065887506,0,1838.9445652126,15090.1199318003,0,5117.886101918,1804.0002504342,4429.1918981606,266.4504001852,2518.9026902754,0,4.36803934729844,11.6481049261292,0,0,0,279.5545182271,5132.4462330756,0,24388.2196890829,4863.0838066589,12514.43273001,8.73607869459688,0,0,605.7014561587,0,55.3284983991136,97.5528787563318,0,0,0,0,857.5917251862,0,228.5940591752,0,0,9962.0417380719,37.8563410099198,0,1.45601311576615,0,0,0,0,0,2593.1593591795,484.8523675501,0,1329.3399746944,1125.4981384872,0,196.5617706284,3034.3313332566,0,0,0,11201.1088995889,0,2483.958375497,2.91202623153229,0,0,0,11.6481049261292,0,54198.632221279,40.7683672414521,2906.2021790692,1311.8678173052,65402.6531470995,342.163082205,1755.9518176139,0,0,311.5868067739,64421.3003070731,2232.0681064695,1051.2414695831,11754.3938835801,37.8563410099198,24169.817721718,196346.280687296,0,0,2000.5620210626,1313.323830421,467.3802101609,30.5762754310891,1380.3004337463,534.3568134861,65.5205902094766,237810.622198085,228.5940591752,34.9443147783875,259.1703346063,939.1284596691,933.3044072061,1715.1834503725,1988.9139161365,94.6408525247996,0,12852.2277728677,17.4721573891938,6083.2227976709,1195.386768044,3064.9076086877,0,0,144.1452984608,18.9281705049599,800.8072136713,2200.0358179226,0,6489.4504569697,0,645.0138102844,1853.5046963703,0,0,0,123.7611148401,0,0,0,1290.0276205688,0,2562.5830837484,10.192091810363,59.696537746412,0,0,0,21.8401967364922,0,2.91202623153229,13690.891327549,0,0,34488.5826731527,1122.5861122556,0,0,145.6013115766,0,91.7288262932672,0,3953.075609305,0,24455.1962924082,0,13213.3190255777,0,0,0,5.82405246306459,81.5367344829042,0
"SRX20686911",176434.737907606,1604.0164005377,105.9922731632,3811.3054891631,0,4364.2318474983,5.29961365816432,2058.0166372538,0,378.9223765587,173.1207128333,3857.2354742005,3830.7374059097,233.1830009592,9240.7596819525,2068.6158645701,5297.8471202782,231.4164630731,205.8016637253,67.1284396700814,56.5292123537527,83.0272806445743,0,1920.2266821415,128.0739967389,6002.6957368141,3231.8810625372,287.9456754269,1224.2107550359,179.3035954345,6278.2756470386,620.9380669482,197.8522432381,0,4873.8780276251,0,3442.0990709777,1598.7167868795,204.9183947823,221.7005046998,2815.8613903713,1.76653788605477,1077.5881104934,461.0663882602,457.5333124881,153.6887960867,1305.4714977944,2186.0906339927,2110.1295048924,18.5486478035751,68.8949775561362,242.8989593325,3523.3598137362,270.2802965663,105.1090042202,0,15753.9848678364,960.9966100137,5406.4892002706,355.074115097,2701.0364277777,14.1323030884382,289.7122133129,992.7942919627,2601.2270372156,14.1323030884382,179.3035954345,3088.7914937667,26.4980682908216,4759.0530650315,239.3658835604,638.6034458088,2.64980682908216,0,1329.3197592562,58.2957502398075,0,1811.5846021491,6613.034576446,5447.1195716498,78288.5427652324,463.7161950893,3066.709770191,776.393400921,1.76653788605477,234.0662699022,47250.47210725,1657.0125371193,2966.9003796289,35593.9718661176,264.9806829082,33386.6827774921,2589.7445409562,1103.2029098412,100.6926595051,8308.0276781156,3390.8694722821,816.1405033573,1590.7673663923,119.2413073086,556.4594341072,2291.199638213,304999.832178901,1952.9076330335,1347.8684070597,1255.1251680419,1029.0083186269,8060.7123740679,1385.8489716099,2386.5926840599,1392.9151231541,204.0351258393,1469.7595211975,1319.6038008829,951.2806516404,4884.4772549414,549.393282563,87.4436253597113,7854.0274413995,113.0584247075,25.6147993477942,774.626863035,3069.3595770201,5900.2365394229,9333.5029209703,249.9651108767,98.0428526760399,2132.2112284681,203.1518568962,567.9419303666,62.7120949549445,2.64980682908216,14187.0657629058,0.883268943027387,185.4864780357,2490.8184193372,0,7050.2527032446,107.7588110493,857.6541436795,2191.3902476509,84.7938185306291,13407.1392862127,1403.5143504705,1078.4713794364,414.2531342798,5340.2440295435,121.0078451947,1.76653788605477,17080.6548202636,948.6308448114,577.6578887399,90.9767011318208,33.5642198350407,977.7787199313,23.8482614617394,8.83268943027387,5982.3805511244,22.9649925187121,8205.5684807244,6577.7038187249,5315.5124991388,23.8482614617394,4067.4534826411,0,3.53307577210955,52.9961365816432,0
"SRX20686912",106125.31661952,887.4590936824,18.4887311183833,0,0,9.24436555919167,0,0,0,175.6429456246,73.9549244735334,13478.2849853014,2791.7983988758,0,11536.9682178712,46.2218277959584,8144.2860576478,0,175.6429456246,0,166.3985800654,101.6880211511,0,0,0,0,3124.5955590067,0,0,0,0,0,0,0,711.8161480577,0,415.9964501636,0,0,0,582.395030229,0,129.4211178286,0,0,258.8422356573,0,8467.8388522195,0,0,18.4887311183833,0,0,0,0,0,9.24436555919167,0,0,0,1090.8351359846,0,27.733096677575,1774.9181873648,0,0,0,12711.0026438885,0,2283.3582931203,0,0,0,0,0,0,0,27.733096677575,4742.3595318653,2301.8470242387,61928.004881025,0,55.46619335515,0,0,9.24436555919167,130715.32900697,34823.525061475,27.733096677575,0,0,31273.6886867454,3568.3251058479,0,0,4742.3595318653,1321.9442749644,1432.8766616747,0,1488.3428550298,665.5943202618,0,396130.308576922,0,628.616858025,36.9774622367667,0,0,0,2311.0913897979,9.24436555919167,0,0,286.5753323349,0,1358.9217372011,14411.9659067798,0,0,0,0,1137.0569637805,221.8647734206,0,29785.3458317155,18.4887311183833,0,286.5753323349,0,0,0,1331.1886405236,64.7105589143417,295.8196978941,0,11657.1449701407,0,0,0,0,0,0,0,83.199290032725,600.8837613474,0,3670.013126999,0,0,80259.5817849021,0,0,0,0,0,101.6880211511,0,776.5267069721,0,0,9.24436555919167,0,0,0,0,0,64.7105589143417,0
"SRX20686913",103900.504326364,781.0995313402,10.6999935800039,1522.9657528872,0,943.3827673036,0,19.6166548966737,0,693.7162504369,5.34999679000193,6644.6960131823,5558.646664812,0,9886.7940679235,1374.9491750304,12071.3760905076,10.6999935800039,979.0494125703,42.7999743200154,581.3663178468,142.6665810667,0,0,0,1990.1988058807,5285.7968285219,10.6999935800039,10.6999935800039,0,2628.6317561542,7657.628738756,3.56666452666795,0,21669.2703317711,0,1057.516032157,139.09991654,99.8666067467026,172.9832295433,215.7832038634,0,1312.5325458138,2728.4983629009,0,831.0328347136,0,5412.4134192186,0,16.0499903700058,296.0331557134,10805.2101835405,140.8832488033,24.9666516866757,806.0661830269,0,4624.1805588249,331.6998009801,12255.059313631,308.5164815567,1423.0991461405,0,331.6998009801,1888.5488668706,23.1833194233417,1.78333226333398,426.2164109368,10699.9935800038,16.0499903700058,3784.2310627946,35.6666452666795,394.1164301968,0,167.6332327533,114.1332648533,58.8499646900212,0,839.9494960303,5629.9799553453,2509.1484945109,60874.0468089052,151.5832423833,1162.7326356937,335.2664655067,24.9666516866757,831.0328347136,60515.5970239751,3263.4980419011,7468.5955188426,19236.8051245835,187.24988765,41924.3581787184,44153.5235078858,53.4999679000193,0,7213.5790051859,2831.9316341743,287.1164943967,9992.0106714602,2906.8315892343,1210.8826068037,5531.8966808619,255852.896488262,16.0499903700058,593.8496436902,2009.8154607773,429.7830754634,115.9165971167,854.2161541369,2361.1319166541,627.7329566935,151.5832423833,290.6831589234,3215.3480707911,454.7497271501,831.0328347136,759.6995441802,160.4999037,501.1163659968,156.9332391733,315.6498106101,661.6162696969,2145.3487127907,8.91666131666988,1858.232218394,35.6666452666795,0,2826.5816373843,8.91666131666988,7.1333290533359,0,224.69986518,38639.4601496572,0,219.34986839,3213.5647385278,0,3593.4145106179,26.7499839500096,971.916083517,5.34999679000193,246.09985234,584.9329823735,1806.5155827573,720.4662343869,686.5829213835,4021.4142538181,4538.5806101849,53.4999679000193,30940.8147688444,3636.2144849379,189.0332199134,0,135.5332520133,0,526.0830176835,23.1833194233417,3017.398189561,0,38243.5603871971,61218.2299357287,169.4165650167,205.0832102834,255.0165136567,0,19.6166548966737,103.4332712733,7.1333290533359
"SRX20686914",148947.462205169,2593.3669800158,719.1689944581,3243.311151478,2.5638823331842,442.2697024742,0,265.3618214845,0,108.9649991603,42.3040584975393,5555.9330160101,5785.4004848301,33.3304703313946,11199.0380313485,4021.4494395994,5987.9471891517,249.9785274854,255.1062921518,1.2819411665921,593.5387601321,289.7187036498,0,23404.3998784719,14.1013528325131,2770.2748610055,3759.9334416146,924.2795811129,4588.0674352331,24.3568821652499,5554.6510748435,1212.7163435961,0,0,1781.898221563,0,3213.8265046463,25.638823331842,176.9078809897,41.0221173309472,410.2211733094,0,1258.8662255934,1324.2452250896,23.0749409986578,960.1739337774,171.7801163233,2770.2748610055,139.7315871585,23.0749409986578,1620.3736345724,7228.8662384128,1771.6426922302,3218.9542693127,389.7101146439,0,7955.7268798705,1153.7470499328,8642.8473451639,66.6609406627892,1299.8883429243,257.670174485,365.3532324787,1301.1702840909,4025.2952630991,479.4459963054,385.8642911442,1420.390812584,96.1455874944075,4547.0453179021,298.6922918159,375.6087618114,98.7094698275917,0,494.8292903045,15.3832939991052,52.5595878302761,3156.1391521497,8672.3319919955,3689.426677452,97723.6570704824,299.9742329825,3192.0335048143,462.7807611397,37.1762938311709,184.5995279892,59320.5455428828,1528.0738705777,5943.0792483209,21130.2362489375,678.1468771272,26738.728852778,10568.3229773852,214.0841748208,6.4097058329605,7989.0573502019,2960.0021536611,1215.2802259293,2851.0371545008,635.8428186296,774.2924646216,1315.2716369234,316195.916504608,475.6001728056,1617.8097522392,961.455874944,823.0062289521,3967.6079106025,1880.6076913906,4171.4365560906,2313.9038056987,21.7929998320657,3438.1662088,1380.6506364196,992.2224629422,3124.0906229849,1053.7556389387,1192.2052849306,2225.4498652038,364.0712913121,258.9521156516,1261.4301079266,2099.8196308778,98.7094698275917,3833.0040881103,115.3747049932,29.4846468316183,1642.1666344044,1938.2950438872,6703.27036011,125.630234326,0,2210.0665712047,233.3132923197,169.2162339901,2566.4462155173,1.2819411665921,2606.1863916817,80.7622934953023,511.4945254702,819.1604054523,226.9035864868,792.2396409539,4625.2437290642,1156.310932266,124.3482931594,5364.9237821879,274.3354096507,1.2819411665921,22614.7241198512,3804.8013824453,1356.2937542544,6.4097058329605,853.7728169503,337.1505268137,310.2297623152,20.5110586654736,5499.5276046801,2.5638823331842,15141.0071186192,9388.9371041205,416.6308791424,0,255.1062921518,0,35.8943526645788,111.5288814935,15.3832939991052
"SRX20686915",155322.688248556,625.4026576583,298.2275321234,7748.5302364345,0,271.972738099,4.712398927458,418.7303046969,40.3919908067829,301.5935313573,2.01959954033914,7259.7871476724,4939.2672758227,1089.9105519363,12841.287077323,2675.9693909493,2442.3690441168,470.566692899,461.8150948908,0,1866.1099752733,30.9671929518669,61.2611860569541,4818.0913034024,47.7971891213598,5708.0615008452,5280.57959814,2874.5633457493,14465.0451077557,2195.9779001954,4908.9732827176,193.8815558725,0,0.673199846779715,12819.0714823793,0,4227.6950377766,3225.9736657683,267.2603391715,8.75159800813629,4820.1109029427,0,775.5262234902,45.1043897342409,2.69279938711886,331.8875244623,0,2332.6374690917,424.1159034712,0,4.712398927458,0,4247.89103318,23511.5046487815,148.1039662915,0,9772.8421757011,1681.6532172557,4192.0154458972,0,992.2965741532,4.03919908067829,551.3506745125,1767.1495977967,43.7579900406815,0,139.3523682834,1944.2011574998,139.3523682834,5497.3499488031,91.5551791620412,394.4951102129,877.8526002007,0,1005.0873712421,34.3331921857655,0,578.2786683837,7214.6827579382,3893.7879137738,91255.6052302242,578.2786683837,2322.53947139,1.34639969355943,100.9799770169,85.4963805410238,53828.3865486592,304.9595305912,1112.12614688,15844.4315938073,554.7166737464,21360.6311383203,1588.0784385533,273.9923376393,0,9162.9231145187,2408.7090517778,989.6037747661,249.0839433084,361.5083177207,1027.3029661858,31.6403927986466,358303.886450035,443.6386990278,2022.965539573,383.0507128176,1011.8193697099,6745.4624647327,2719.0541811432,3107.4904927351,1633.1828282875,0,3254.2480593331,449.6974976488,3767.2263425792,6045.3346240818,978.1593773709,126.5615711945,453.7366967295,389.1095114386,7.40519831457686,375.645514503,1499.2160587784,84.8231806942441,4399.3609987054,1132.3221422834,50.4899885084786,2036.4295365086,125.215171501,2327.9250701642,1581.3464400855,0,1232.6289194536,0,185.8031577112,1368.6152885031,0,2301.6702761398,756.0034279336,4.03919908067829,1919.9659630157,1235.3217188407,2401.97705331,438.9263001003,108.3851753315,158.87516384,6816.1484486446,276.0119371796,7.40519831457686,20144.1590151894,858.3298046441,1378.7132862048,221.4827495905,282.7439356474,799.0882181275,215.4239509695,60.5879862101743,4009.5782874199,0,3285.215252285,2579.7018128598,67.9931845247512,6.05879862101743,117.1367733396,0,0,174.3587603159,14.8103966291537
"SRX20686916",62188.5651594965,793.5045684088,0,0,0,0,0,0,0,0,0,25.1241552002814,21072.885174236,0,9381.778287705,1685.4120780188,4.1873592000469,0,5705.2769100638,0,0,0,0,0,0,0,5675.9653956635,0,0,0,0,0,0,0,10.4683980001172,0,4.1873592000469,0,0,0,0,0,0,0,0,0,0,7147.82215448,0,0,0,0,0,0,0,0,236.5857948026,0,0,0,41.873592000469,0,573.6682104064,1258.301439614,0,0,0,21883.139179445,0,5343.0703392598,0,0,0,0,0,0,34057.8860535814,0,663.6964332074,3689.0634552413,28593.3822975202,0,827.0034420092,0,0,0,68911.3703551718,2749.0013148307,0,28911.6215967238,0,38927.7848032359,254888.741866055,0,0,16.7494368001876,12.5620776001407,0,87.9345432009849,2506.134481228,0,0,306925.054645038,0,0,4.1873592000469,2815.9990620315,2732.2518780306,0,2024.5881732226,0,0,0,6.28103880007035,0,4.1873592000469,525.5135796058,0,0,2.09367960002345,0,6.28103880007035,0,0,9775.3900525094,0,0,0,0,0,0,0,0,0,0,2.09367960002345,0,3236.8286616362,0,0,0,0,0,0,6.28103880007035,0,148.6512516016,0,0,61547.8992018893,0,0,0,0,0,4.1873592000469,0,659.5090740073,0,0,0,64.9040676007269,1633.0700880182,0,0,0,0,0
"SRX20686917",85284.7585315117,933.2658683308,2.24883341766459,21480.8568055321,0,0,4.49766683532917,0,0,6.74650025299376,0,0,32048.125035138,0,8997.582504076,0,771.3498622589,0,5961.6573902288,0,17.9906673413167,15.7418339236521,0,0,0,0,7942.8796311913,0,0,0,0,0,29.2348344296396,0,62.9673356946084,0,161.9160060718,0,0,0,0,0,2.24883341766459,0,0,0,0,8806.4316635745,0,0,4.49766683532917,0,0,4.49766683532917,0,0,251.8693427784,0,0,17331.7591499409,170.9113397425,0,618.4291898577,1257.0978804745,0,0,0,22818.9126890425,0,6267.4987350312,0,0,0,0,0,0,64087.2547366053,0,1000.7308708607,155.1695058188,34809.6924720301,0,708.3825265643,0,0,0,86002.1363917467,2898.7462753696,0,26489.0088266711,15.7418339236521,33453.6459211783,69162.8717602743,0,0,114.6905043008,514.9828526451,83.2068364535897,83.2068364535897,2314.0495867768,0,0,357631.978411199,4.49766683532917,83.2068364535897,0,418.2830156856,2527.6887614549,0,3559.903300163,0,0,0,0,0,3472.1987968741,0,0,0,0,8.99533367065835,8.99533367065835,0,0,11927.8124472929,0,0,321.583178726,4.49766683532917,0,0,0,24.7371675943105,0,0,182.1555068308,0,2475.9655928487,0,0,0,0,0,0,15.7418339236521,0,359.8133468263,0,0,72311.2385450047,0,0,0,0,0,53.9720020239501,0,1252.6002136391,0,4.49766683532917,0,0,0,0,0,132.6811716422,67.4650025299376,0
"SRX20686918",146250.946114217,447.6239307892,97.6634030812804,0,0,252.2971246266,0,0,0,0,8.13861692344003,22519.5530271585,12199.7867682366,0,25742.4453288408,4468.1006909685,1277.76285698,56.9703184640802,16.2772338468801,113.9406369281,8.13861692344003,0,0,406.930846172,0,89.5247861578403,903.3864785018,537.148716947,89.5247861578403,0,56.9703184640802,724.3369061861,0,0,252.2971246266,0,138.3564876984,0,0,48.8317015406402,3084.5358139837,0,146.4951046219,3157.7833662947,0,244.1585077032,0,2083.4859324006,0,0,724.3369061861,1082.4360508175,146.4951046219,3646.1003817011,0,0,4891.3087709874,227.8812738563,2718.2980524289,0,1074.297433894,0,16.2772338468801,11158.0438020362,0,0,0,496.4556323298,0,390.6536123251,0,537.148716947,0,0,0,0,545.2873338704,56.9703184640802,6136.5171602737,19882.6411439639,114591.726282036,992.9112646596,211.6040400094,0,0,0,136834.566333797,236.0198907797,81.3861692344003,2164.872101635,2075.3473154772,21192.9584686378,1196.3766877456,16.2772338468801,0,15740.085129933,28753.7335905136,56.9703184640802,1098.7132846644,97.6634030812804,944.079563119,0,299297.637359507,0,195.3268061625,1294.0400908269,3011.2882616728,48.8317015406402,504.5942492532,268.5743584735,1375.4262600613,0,0,472.0397815595,10523.2316820079,48.8317015406402,195.3268061625,0,1041.7429662003,16.2772338468801,32.5544676937601,5754.0021648721,252.2971246266,0,5916.7745033409,472.0397815595,0,846.4161600377,0,0,8.13861692344003,0,122.0792538516,0,32.5544676937601,7552.6365049523,0,1155.6836031284,56.9703184640802,0,0,1123.1291354347,0,2352.0602908741,0,81.3861692344003,1782.3571062333,0,0,37502.7467832116,3939.0905909449,24.4158507703201,0,8.13861692344003,0,56.9703184640802,89.5247861578403,1001.0498815831,0,1261.4856231332,4826.1998355999,0,0,16.2772338468801,0,0,0,0
"SRX20686919",157361.746222242,1373.9300890689,238.7052276444,861.318862883,0,6297.6379182704,0,735.9161165629,0,289.3063358087,79.2017345179859,3286.8719824964,5096.4116114142,180.4039508465,12210.2674048561,4436.3971570977,2301.2503973837,61.6013490695446,200.204384476,51.7011322547964,36.3007949874102,94.6020717853721,14.3003131768586,166.1036376696,58.3012767979619,1553.2340158249,3664.1802455473,540.111828449,757.9165983735,0,4394.5962416576,985.6215851127,47.301035892686,0,3993.0874486151,0,3393.5743192775,1107.7242591612,194.7042640233,290.4063598992,1427.8312695048,1.10002409052758,631.4138279628,1056.0231269064,539.0118043585,404.8088653141,0,831.6182124388,270.6059262697,0,0,42.9009395305757,1069.2234159928,669.9146711312,5035.9102864352,91.3019995137894,2465.1539868723,432.3094675773,5668.4241384886,0,614.9134666049,51.7011322547964,155.1033967643,2484.9544205018,1.10002409052758,174.9038303938,3489.2764151534,2214.348494232,195.8042881139,5034.8102623447,298.1065285329,4274.6936157901,19.8004336294965,0,0,38.5008431684654,0,3792.8830641391,7530.7649237518,9921.1172724682,104798.195080472,2901.8635508117,2130.7466633519,0,31.9006986252999,78.1017104274584,52836.3571162208,1467.4321367637,1061.5232473591,30888.6764620145,1455.3318717679,25285.153744867,5585.922331699,67.1014695221825,0,10182.9230060138,3162.5692602668,451.0098771163,5.50012045263791,222.2048662865,2241.8490964952,91.3019995137894,343199.816075972,115.5025295053,1383.8303058836,1417.93105269,1445.4316549532,2762.1604913147,2724.7596722368,1358.5297518015,2065.8452420108,163.9035894886,1771.0387857494,1314.5287881804,299.2065526235,2758.8604190431,3595.9787519346,899.8197060515,198.0043362949,926.2202842242,475.2104071079,306.9067212571,2399.1525414406,2052.6449529244,11957.2618640348,145.2031799496,3.30007227158275,2010.8440374844,755.7165501924,0,2.20004818105516,1.10002409052758,8416.2843166265,0,206.8045290191,1486.1325463027,1069.2234159928,720.5157792955,129.8028426822,63.8013972505998,408.1089375857,28.6006263537171,1336.529269991,2409.0527582554,38.5008431684654,366.3080221456,8977.2966027956,247.5054203687,0,22766.0985775588,1785.3390989262,546.7119729922,1.10002409052758,1455.3318717679,272.8059744508,49.5010840737412,224.4049144676,1623.6355576187,0,10515.1302813531,21883.8792569557,44.0009636211033,13.200289086331,1551.0339676438,243.1053240065,316.8069380719,55.0012045263791,6.6001445431655
"SRX20686920",239414.509895492,4308.3785418365,59.6986502815283,1713.7542919425,0,509.7055647454,3.0227164699508,1366.3937909373,0,214.9907089252,524.3153610168,1592.971579664,3644.2625440844,13.0984380364535,9250.6459167256,424.0619314301,3324.6102773871,454.5409891688,199.3733404971,150.5060908996,206.3003990741,98.4901783125635,0,218.8950510322,4.40812818534491,14302.8646032092,2359.985883914,123.5535357092,310.0803312091,5.79353990073903,931.6264053427,61.5878480752475,2.64487691120695,0,3481.1618012266,126.8281452183,4025.5026588569,412.8526911874,201.2625382908,716.0059638195,118.1378353672,55.5424151353459,2560.8705826462,31.8644694540647,166.627245406,346.3529288485,1441.8357561665,391.6936758977,1734.661414193,0.37783955874385,279.4753269508,1253.1678698337,9507.3249236323,0,144.0828184009,0,9775.5910103404,360.5848855612,145.2163370772,6.0454329399016,1365.7640583394,8.56436333152726,121.1605518371,754.7974918506,151.1358234975,32.9979881302962,857.5698518289,4149.0561945662,844.4714137925,4926.650006461,165.115887171,607.0622243817,718.0211081328,10.4535611252465,58.3132385661341,113.2259211035,18.6400848980299,6766.3508179848,3172.8447212916,8171.4101904336,59057.2046573007,781.8759935606,1430.6265159237,86.6512054719229,4.91191426367005,791.3219825292,42165.3833975786,2938.2063553117,547.4895206198,4126.6377140807,911.3490156901,36115.6682760112,4837.3539240779,1104.6769232474,0,5705.7551765908,2541.2229255915,1713.7542919425,11072.0844829101,106.172916007,2082.2738082373,203.1517360846,314090.342446068,239.1724406848,1172.4361507821,3603.45587174,985.0277296452,16116.7463782189,970.4179333737,2858.9859944951,1078.2281541353,3390.7322001673,927.3442236769,1005.1791727782,214.2350298077,16238.2847696148,788.04737302,3758.7479303838,8246.9781021824,881.8775301081,1664.0054167079,201.6403778496,1448.5109217043,682.3782430913,11753.9589399232,97.6085526754945,1295.6118469326,750.0115241065,1078.3541006549,36.2725976394096,2.01514431330053,63.8548854277106,1549.6459769281,3.27460950911336,2638.3276921887,2457.9722761483,27.9601273470449,11142.4885873561,3876.3819796727,791.9517151271,4801.4591659972,1525.4642451685,2085.4224712268,750.2634171457,1419.7951152398,817.0150725237,4062.6568821334,1872.8247461736,4.40812818534491,13454.992633388,372.2979118822,108.4399533594,71.5376231221689,1543.2227044294,188.4159932935,1195.4843638655,2722.2080742298,4940.2522305758,20.6552292113305,640.060212512,357.94000865,3078.3848316057,712.9832473496,419.5278567252,8.56436333152726,80.7317190516026,201.0106452517,0
"SRX20686921",69908.7772147438,1854.7329454675,117.4200565954,2280.2672621593,0,675.7952613498,2.11658471116279,238.3677543761,2398.2920572437,2476.4041120604,1.1086872296567,4338.7970783874,1512.0478017554,157.5343763594,6446.7138712092,2709.9339585254,2019.3226041974,129.7164058698,65.4125465497452,329.8848456969,7251.1168511992,83.6554909650054,0,10050.2497368379,1453.9929068206,1513.0556992369,3017.2419006366,650.6986140603,37.6953658083277,3.4268514371207,379.8765607796,140.7024884182,5.34185665198227,3.93080017787375,2421.1713300739,0,2648.5530019017,44.5490686825691,2340.8419007978,735.7651614994,60.574638638516,1.91500521486157,53.5193562679733,1192.4435103698,38.6024735416832,27.1124422525138,153.2004171889,2880.0670534036,83.0507524761017,0,1089.3355980117,1767.6506030653,945.0046786601,1577.8635072977,1565.8695272678,0.705528237054262,2734.2242878297,4227.2228271846,576.214990177,215.7908507904,3271.9375942132,53.0154075272203,1593.9898670018,307.207152363,238.6701236206,1296.7608997057,661.0799581198,1218.7496346371,338.4519742897,3081.4449702085,772.956578567,2564.494351944,79.0191625500774,2672.9441209541,35.2764118527131,885.3371477549,747.1544030404,1412.769899827,16426.8139433343,1706.6728054342,310601.751080768,217.7058560053,14306.6008012381,6.65212337794019,15451.6731299772,153.301206937,29645.2886235385,1827.5197134668,603.9321709184,3589.022141895,721.2514377657,8932.0882708551,2535.7692737211,2784.1152131642,3.12448219266888,17527.2364136427,928.0720009708,1110.2998656271,2182.4004167051,67.3275517646068,385.6215764242,99.7818506691028,240843.251380517,6507.0869303514,5529.728742535,2014.5854860343,712.2811501803,1958.4455963144,5600.7855149811,1097.7011471082,11564.716492549,34.6716733638095,401.6471463801,791.5018922267,203.7968707605,1654.0605568996,4715.8515262188,22.2745343412846,1548.8360598304,291.786320896,22.173744593134,144.7340783442,6462.638651417,626.408284756,4249.4973615259,3762.2797189659,45.355386667774,7392.6256576027,3652.0157344891,1947.9634625068,2995.8744740286,4936.4802849205,1252.5142002676,3594.2632087988,2206.5899562612,412.935598173,48.1774996159911,1374.0666365372,6183.6526285361,128.0029801512,569.4620770509,694.7437340021,586.6971239846,358.0051854309,302.7724034444,127.5998211586,28845.219602719,996.7098194613,2.318164207464,9115.9287714818,3806.2240491595,2062.7629856503,5.03948740753044,337.6456563045,35.4779913490143,206.2158247161,151.5877812185,1591.5709130462,2850.7372366918,1897.1654294389,3381.2944709566,175.8781105228,0,440.0480404255,1569.3971684531,4.23316942232557,273.6441662289,0.201579496301218
"SRX20686923",243819.771819551,5057.3315655077,292.5915013422,4655.4786224055,0,2807.036927912,3.47836050546716,806.1611995023,193.1513127741,564.1082302101,547.5348654488,1568.5359785241,4099.7593792967,20.870163032803,8238.5991619197,1212.720159759,4420.5869835657,1032.6638512407,732.911019446,724.3174229031,381.5966083938,680.9402213055,0.409218882996137,62.610489098409,259.4447718195,6811.8575263536,3476.3144110521,596.4365219668,3191.9072873698,213.4076474824,1843.326458456,3129.9106265959,0,0,8806.5949715183,35.3974333791658,3661.8951744909,1440.0412492634,138.7252013356,2683.6574346886,125.4255876383,16.9825836443397,1334.4627774504,107.4199567864,272.1305571924,219.1367118444,1005.0415766385,565.3358868591,1732.2235317226,0,441.1379558698,1799.744647417,4909.1943298631,52.7892359065017,416.175604007,1.43226609048648,7184.8605382046,416.58482289,5013.1359261441,2172.7476592679,1220.0860996529,11.867347606888,129.7223859097,594.3904275518,0,25.3715707457605,3591.5095266155,3223.0079224775,1171.1844431349,4345.2907090944,124.4025404308,1201.4666404766,94.9387808551038,13.2996136973745,85.9359654291888,99.2355791265632,0,6411.2322399004,5252.3243632554,7528.8090093629,63112.3960584037,719.4067963072,1983.4839258822,303.4358017416,4.29679827145944,218.3182740784,42234.6624762653,3740.6698094676,399.6022392457,12948.5038957637,2662.9918810973,29308.8702285078,7796.0289399594,318.3722909709,3.68296994696523,5435.0405945131,2665.6518038368,4443.707850455,5972.3449878871,47.878609310548,2032.3855824003,658.0239638577,299554.7698553,465.6910888496,1730.5866561906,6974.1128134616,699.5596804818,8628.993976298,1317.2755843645,3144.2332875008,1172.8213186669,46.0371243370654,977.0100831532,1036.9606495122,236.3239049302,10366.1281346166,495.1548484253,2001.6941661756,3165.3080599751,459.9620244876,60.3597852419302,389.5763766123,1762.0965101813,4570.3610947423,9631.375630197,31.7144634322006,755.6226674523,1994.7374451646,8148.9802265435,0,37.2389183526485,2.04609441498069,3693.8142473646,0,299.7528317946,3684.1976036142,14.5272703463629,3836.4270280887,2336.8444313494,1477.4847770575,2763.0458979899,1444.9518758593,909.4889674589,1549.9165193478,1579.175669482,737.6170366005,4871.5461926275,112.9444117069,0.204609441498068,13433.6328815556,1538.6630000654,144.8634845806,68.5441629018529,618.5343416486,12.4811759313822,3853.4096117331,184.3531067897,4876.2522097819,37.2389183526485,2271.9832383945,826.0083153277,1412.0097557781,85.9359654291888,2634.3465592876,0,22.0978196817914,557.3561186407,121.7426176913
"SRX20686924",148760.102242692,514.8972759003,375.9168729744,66.1412760912683,0,12685.7293080366,19.2563208873313,582.7130146775,0,168.2834999284,2.51169402878234,1201.4269771008,4243.9256772992,214.3312237894,10881.495764028,105.4911492088,841.417499642,99.6305298083661,99.6305298083661,0,22.6052462590411,140.6548656118,0,1016.3988503139,0,786.1602310088,4598.9117667004,861.5110518723,8.37231342927446,0,784.485768323,369.219022231,0,0,673.1339997136,0,3832.8450879218,101.3049924942,72.0018954917604,0,3.34892537170979,0,1026.445626429,220.1918431899,740.1125071478,2.51169402878234,0,4814.0802218328,0,0,4.18615671463723,94.6071417508014,154.0505670986,0,0,0,7620.4796833256,214.3312237894,10199.1522195421,9.20954477220191,792.8580817522,0.837231342927446,1325.3372158541,296.3798953963,0,0,21552.8464609812,6390.5868405651,4.18615671463723,7033.5805119334,45.2104925180821,232.7503133338,0,0,108.0028432376,3.34892537170979,5266.1851470136,217.6801491611,2442.2038273193,5257.8128335843,75941.9061915769,54.420037290284,712.4838728312,47.7221865468644,0,161.5856491849,67990.7201277949,714.99556686,631.2724325672,18890.4507904719,19.2563208873313,16472.5266720975,5803.687669173,1396.5018800029,0,9433.9227721064,5309.7211768458,935.1874100499,9484.993884025,411.9178207203,646.3425967399,2.51169402878234,402039.328105103,67.8157387771231,956.955424966,840.5802682991,1298.5458128804,1514.5514993557,1389.8040292595,740.1125071478,35.1637164029528,4.18615671463723,10.0467761151294,238.6109327343,462.1517012959,3420.9272672015,583.5502460204,222.7035372187,5884.899109437,134.7942462113,3.34892537170979,175.8185820147,3039.1497748266,4113.3175878025,7329.1231759868,1240.7768502184,0,693.2275519439,0,622.062887795,513.2228132145,125.5847014391,69.490201462978,0,54.420037290284,135.6314775542,0,2069.6358797166,0.837231342927446,798.7187011527,0,14.2329328297666,0,16.7446268585489,344.1020819431,17.5818582014764,6917.2053552665,0,0,40429.0643186234,169.1207312713,1125.2389248944,0,24.2797089448959,0,123.0730074103,0,2866.6801181835,0,18246.6198877607,1107.657066693,0,0,2463.9718422354,0,32.6520223741704,7.53508208634702,0
"SRX20686925",145855.297647489,870.5122674523,6641.0413648084,16292.1207032965,0,491.3558131841,32.8860189926432,0,0,29.017075581744,0,2673.4398969313,9397.6635450741,0,11125.1467780406,483.6179263624,9093.9514873185,19.344717054496,1870.6341391697,11.6068302326976,71.5754531016352,54.1652077525888,0,3.8689434108992,0,1377.3438542801,16528.1262513613,0,0,0,15907.160833912,73.5099248070848,96.72358527248,0,920.808531794,0,379.1564542681,232.1366046539,135.4130193814,0,119.9372457378,0,123.8061891487,0,7.7378868217984,499.0937000059,0,4451.2193942395,0,0,2042.8021209547,0,0,340.4670201591,0,0,4310.0029597417,38.689434108992,0,0,1766.1726670754,3.8689434108992,1251.6031934258,224.3987178321,0,377.2219825626,2969.4140678651,6437.9218357362,38.689434108992,6942.8189508586,1.9344717054496,0,0,0,42.5583775198912,5.8034151163488,1404.4264581564,8293.0802012624,4505.3846019921,5255.9596237065,60812.0525325136,425.5837751989,4499.5811868757,7.7378868217984,0,1350.2612504038,86894.5345370905,3586.5105419035,533.914190704,2472.2548395645,34.8204906980928,12262.616140845,67810.9711628302,164.4300949632,0,4041.1113926842,8057.0746531975,340.4670201591,1054.28707947,367.5496240354,193.4471705449,121.8717174433,332763.953828029,2365.8588957648,280.4983972901,79.3133399234336,158.6266798468,729.2958329544,253.4157934138,13367.1994846567,373.3530391517,54.1652077525888,379.1564542681,50.2962643416896,110.2648872106,22238.6867258486,1402.4919864509,50.2962643416896,1075.5662682299,19.344717054496,319.1878313991,640.3101345038,473.9455678351,56.0996794580384,2201.4288008016,0,102.5270003888,864.7088523359,0,118.0027740324,179.9058686068,183.7748120177,29.017075581744,0,59.9686228689376,1754.5658368427,0,208.9229441885,0,36.7549624035424,0,0,0,19.344717054496,156.6922081414,301.7775860501,5250.1562085902,9.672358527248,0,60270.4004549877,1108.4522872226,11.6068302326976,1.9344717054496,1.9344717054496,0,421.714831788,50.2962643416896,1294.1615709457,87.051226745232,48.36179263624,396.5666996171,0,5.8034151163488,0,0,216.6608310103,212.7918875994,0
"SRX20686926",102502.610471721,2329.3439970625,0,0,0,0,0,0,0,22.9492019415025,0,37757.1744942569,3505.4905965645,0,212.2801179588,74.5849063098831,229.492019415,11.4746009707512,126.2206106782,0,0,5.73730048537562,0,5.73730048537562,0,0,757.3236640695,0,0,0,40.1611033976293,0,0,0,2082.6400761913,0,40.1611033976293,0,0,0,0,0,5180.7823382941,0,0,45.898403883005,0,2105.5892781328,0,0,0,0,0,0,0,0,103.2714087367,0,22.9492019415025,0,4469.3570781076,0,0,68.8476058245075,0,0,0,1049.9259888237,0,390.1364330055,0,0,0,0,34.4238029122537,0,0,0,2105.5892781328,5622.5544756681,138194.356791243,0,7699.457251374,0,0,40.1611033976293,272906.172187862,327.0261276664,0,22.9492019415025,3344.8461829739,5129.1466339258,5553.7068698436,0,0,63.1103053391318,5943.8433028491,11.4746009707512,0,3614.4993057866,4584.1030878151,0,320164.316285901,0,17.2119014561269,0,0,109.0087092221,0,315.5515266956,0,0,11.4746009707512,0,0,195.0682165027,120.4833101928,34.4238029122537,0,0,22.9492019415025,17.2119014561269,0,0,5.73730048537562,0,5.73730048537562,34.4238029122537,0,45.898403883005,0,0,0,0,0,10430.4122824128,0,0,0,0,0,0,0,0,0,22.9492019415025,63.1103053391318,0,0,49966.1499271362,0,0,0,0,0,0,0,34.4238029122537,0,0,0,0,0,0,0,40.1611033976293,5.73730048537562,0
"SRX20686927",150674.290193224,1371.6749130456,32.6589265010859,543.5378481966,0,457.2249710152,25.6605851079961,802.4764797409,4.66556092872656,74.6489748596249,23.3278046436328,7378.584608781,3583.1507932619,0,11757.2135403909,2388.7671955079,6172.5371087052,11.6639023218164,396.5726789417,0,46.6556092872656,62.9850725378085,0,4700.552635692,0,9221.481175628,5454.0407256813,1360.0110107237,445.5610686933,9.33112185745312,697.5013588446,2057.5123695684,0,0,1632.9463250542,2.33278046436328,2983.6262139206,214.6158027214,41.990048358539,39.6572678941758,83.9800967170781,0,909.7843811016,286.9319971166,23.3278046436328,272.9353143305,0,5342.0672633919,2778.3415330566,0,1658.6069101622,39.6572678941758,4231.6637623549,6942.3546619451,83.9800967170781,9.33112185745312,1810.2376403459,1978.19783378,5927.595159947,2.33278046436328,2608.0485591581,0,359.2481915119,370.9120938337,3807.0977178408,4.66556092872656,235.6108269006,7105.6492944505,11.6639023218164,7031.0003195909,37.3244874298125,718.4963830238,30.3261460367226,0,228.6124855076,58.319511609082,0,279.9336557235,6718.4077373662,3422.1889412209,85461.4123119487,797.8109188122,837.4681867064,41.990048358539,0,55.9867311447187,60491.3302214041,3011.6195794929,132.9684864687,10098.6066302286,293.9303385097,19541.7019499711,4273.6538107135,282.2664361879,0,10828.7669155743,2440.0883657239,1693.5986171277,3879.4139122361,802.4764797409,552.868970054,11.6639023218164,374523.237992596,79.3145357883515,2946.3017264908,2402.7638782941,1845.2293473113,7329.5962190294,730.1602853457,3580.8180127976,839.8009671707,6.99834139308984,8983.5375682629,912.117161566,767.4847727755,8465.6603051743,1080.0773550001,46.6556092872656,5696.6498939751,2906.6444585966,209.9502417926,342.9187282614,2181.1497341796,25.6605851079961,6093.2225729168,32.6589265010859,76.9817553239882,606.5229207344,0,898.1204787798,4.66556092872656,13.9966827861797,529.5411654104,53.6539506803554,307.9270212959,1558.2973501946,0,1730.9231045575,433.8971663715,296.2631189741,2139.1596858211,4.66556092872656,135.301266933,76.9817553239882,410.5693617279,149.2979497192,4306.3127372146,821.1387234558,2.33278046436328,44490.7890163364,1269.0325726136,585.5278965551,0,1476.6500339419,0,212.283022257,1450.9894488339,1520.9728627648,13.9966827861797,15191.0663839336,727.8275048813,221.6141441145,0,114.3062427538,0,44.3228288229023,480.5527756588,6.99834139308984
"SRX20686928",171907.843008433,1167.7514109446,80.9584462760174,1573.8152409573,0,240.3321415628,3.39092968695361,296.2824813975,115.2916093564,679.8814022341,50.8639453043042,3588.0274750077,14032.5147770357,116.9870741998,11669.8845176508,5634.8774072951,9541.2284066657,111.4768134585,67.8185937390722,604.8570829103,782.0331590536,329.3440458453,0,3012.4171606474,282.2948964388,1500.9102526878,4133.5432883964,41.1150224543125,3947.042155614,271.6982411671,4197.1232200268,102.5756230303,400.9774354822,0,2038.7964742808,0,4194.5800227616,1029.5710262012,166.1555546607,5.51026074129962,237.7889442976,0.423866210869201,778.2183631558,86.4687070173171,5.93412695216882,143.2667792737,224.2252255498,1704.366033905,128.0075956824,0,977.8593484752,447.178852467,913.4316844231,169.5464843476,371.3068007214,7.20572558477642,11800.8591768094,987.1844051143,594.2604276386,989.7276023795,1278.8043581923,464.1335009017,160.6452939194,465.8289657452,4085.2225403573,87.3164394390555,281.871030228,1907.3979489114,233.126415978,5189.3940196716,105.5426865064,248.8094657802,31.7899658151901,217.8672323867,115.7154755672,27.5513037064981,41.9627548760509,3765.6274173619,9168.6500073116,1401.7255593444,90551.3863604092,1152.0683611424,5435.2364219757,10.59665527173,22.4649091760677,184.8056679389,51615.4600961752,2437.2307124979,768.0455740949,10407.6109416823,182.2624706737,30221.660834974,5819.2592090232,69.0901923716798,0.423866210869201,10784.8518693559,2232.0794664372,1689.9545827355,96.2176298673087,305.6075380366,545.0919471777,168.6987519259,363541.571738296,356.0476171301,2018.0270299482,1723.0161471833,1374.1742556379,2661.8798042585,1962.5005563244,5200.4145411542,1990.4757262417,214.4763026998,2988.6806528387,216.1717675432,1577.6300368551,3455.3573510057,913.4316844231,308.1507353019,247.1140009367,78.8391152216714,220.4104296519,177.5999423541,2652.9786138303,17.3785146456373,3176.8772504646,166.5794208715,0,1532.2763522921,3618.9697084012,631.9845204059,108.9336161933,32.2138320260593,2330.4164273588,0,31.3660996043209,2058.2943199808,11.0205214825992,1136.3853113403,645.1243729429,418.3559501279,584.5115047886,150.8963710694,1699.2796393746,50.0162128825658,321.7144540497,867.6541336492,6133.7679374882,89.0119042825323,170.3942167694,18931.560442262,1224.5494832011,1151.2206287207,29.2467685499749,915.9748816883,81.8061786977558,901.9872967296,223.377493128,689.6303250841,0,17439.5513800024,24930.9627909046,462.8619022691,1.6954648434768,24.1603740195445,66.1231288955954,403.9444989583,192.0113935237,0.847732421738402
"SRX20686929",183731.285645402,1776.3306429817,902.1176054602,1990.5908919099,0,512.2342016727,2187.0936885136,129.3757240796,0,483.3539495403,42.3446940049475,3769.6534506339,3604.762821905,914.6063631391,12137.9016428375,457.0104763114,4104.8985395763,377.5897829473,350.4657623635,729.2263663432,869.3346165531,87.8115774296146,14.2449892274708,615.6567262009,106.1544402704,240.2134484796,1884.046177962,194.5514282162,1183.3097900737,0,183.6237652472,174.6474706655,199.2347123458,0,2261.4408240706,0,4966.8179562577,3654.1324421043,514.7709805762,5.65896832324183,68.2978935563669,8.19574722676403,1073.0574761898,345.7824782339,261.4833639015,115.3258716908,0,4486.7813329758,9.75684193662385,0,7.6103367105666,4.09787361338202,98.3489667211684,89.9580826556719,0,0.195136838732477,4480.1466804589,345.9776150726,578.9710005192,0.975684193662385,1306.4411353139,390.2736774649,419.5442032748,1877.8017991226,1870.9720097669,3.90273677464954,303.8280579064,1042.4209925088,1150.1365274892,6449.2725201083,88.5921247845445,1001.2471195363,35.5149046493108,0,720.0549349228,6.24437883943926,2397.8414743446,23209.7707356795,3299.9590798049,2499.5077673242,104895.027113288,138.9374291775,3103.0660095238,0,1.56109470985982,216.4067541543,51899.1790398057,1541.7761628253,51.9063991028389,5956.9422759863,1136.0866751004,18209.7795168372,8193.0153110217,641.6099257523,0,9924.2693442563,3860.3920806445,853.5285326158,183.4286284085,6074.609789742,785.2306390594,7.22006303310165,402388.74809766,11.3179366464837,2393.3533270538,2752.795383999,2549.267661201,2476.4816203538,2978.3735695737,2399.5977058932,2333.2511807242,50.9307149091765,34.1489467781835,394.566687917,230.0663328655,1632.3196559971,1507.4320792083,203.1374491205,2937.3948334399,216.601890993,128.4000398859,385.5903933353,2091.8669112121,307.5356578423,2481.3600413221,0,533.1138434171,2352.5697277587,89.7629458169394,52.6869464577688,0,248.9946062226,1617.2941194147,0,254.8487113846,6409.6597418456,0,585.4105161974,688.8330407256,2036.6431858508,255.8243955782,4.87842096831192,2342.2274753059,257.1903534494,46.4425676183295,342.4651519754,7746.5422240018,45.2717465859347,0.585410516197431,16093.5205007835,188.1119125381,940.3644258518,2.14650522605725,10.5373892915538,4699.0902135167,28.0997047774767,4.29301045211449,828.7461540968,0,2738.1601210941,1605.5859090908,475.9387496685,195.1368387324,197.2833439585,93.665682591589,0,24.5872416802921,0.195136838732477
"SRX20686930",145877.318920136,234.5897962822,0,0,0,0,0,0,0,0,159.5210614719,20296.7091743377,4569.8092315776,0,18588.8954574031,0,0,0,0,0,0,0,0,0,0,0,600.5498784824,0,703.7693888466,0,0,0,0,0,319.0421229438,0,46.9179592564442,0,0,0,0,0,0,0,0,0,0,10209.3479342022,0,0,0,0,0,0,0,0,478.5631844157,0,0,0,262.740571836,0,0,8661.0552787395,0,0,0,0,0,17519.1659863562,0,0,0,0,0,0,0,18.7671837025777,3284.257147951,9.38359185128884,85775.4131126312,0,65.6851429590218,0,0,0,140641.274667117,0,0,0,0,4719.9467011982,0,0,0,2674.3236776173,2101.9245746886,0,0,2270.8292280118,0,0,429984.329401608,0,0,0,0,28.1507755538665,0,0,4034.9444960542,0,0,0,5930.4300500145,0,0,0,0,0,0,4663.6451500905,0,0,375.3436740515,0,0,7900.9843387852,0,0,0,0,0,0,0,2815.0775553866,0,0,0,0,0,459.7960007131,0,0,0,0,516.0975518208,9149.0020550066,0,61509.4445851983,0,1848.5675947039,0,0,0,0,0,84.4523266615995,0,0,0,0,0,0,0,0,609.9334703337,0
"SRX20686931",55786.1511602363,933.6231515417,0,11.5618966135205,0,0,2.89047415338012,0,0,20.2333190736608,5.78094830676024,8.67142246014036,6153.8194725462,0,8503.7749592443,1387.4275936224,1323.837162248,0,5324.2533905261,0,0,0,0,0,0,5.78094830676024,5127.7011480963,0,5.78094830676024,2.89047415338012,0,0,0,0,95.385647061544,0,23.123793227041,5.78094830676024,0,0,0,0,0,8.67142246014036,0,49.138060607462,5.78094830676024,5983.2814974968,0,0,28.9047415338012,0,0,0,0,0,213.8950873501,0,0,13859.8235654576,52.0285347608422,0,482.7091836144,3633.3260107988,5.78094830676024,0,0,18843.001005885,0,4228.7636863951,2.89047415338012,0,0,0,0,5.78094830676024,121980.899746794,14.4523707669006,878.7041426275,161.8665525892,24152.8020256442,49.138060607462,907.6088841613,8.67142246014036,0,78.0428021412633,60642.1477379149,2480.0268236001,52.0285347608422,26118.3244499427,0,35182.8513949428,256448.647836191,0,0,361.3092691725,80.9332762946434,5.78094830676024,121.3999144419,2615.879108809,0,135.8522852088,267964.296863257,11.5618966135205,20.2333190736608,0,2292.1460036304,2089.8128128938,5.78094830676024,1465.4703957637,40.4666381473217,0,11.5618966135205,2.89047415338012,0,5.78094830676024,14.4523707669006,0,0,0,0,2008.8795365991,0,0,511.6139251482,0,0,144.523707669,0,2.89047415338012,2.89047415338012,0,17.3428449202807,0,0,98.2761212149241,0,3081.2454475032,37.5761639939416,0,0,14.4523707669006,0,0,0,14.4523707669006,329.5140534853,10099.3166919101,0,44889.0636019932,26.0142673804211,0,0,2.89047415338012,0,20.2333190736608,0,46.2475864540819,0,43.3571123007018,66.4809055277428,0,0,0,0,0,8.67142246014036,0
"SRX20686932",45654.4656925535,819.5699241642,0,0,0,0,0,0,0,4.53427343935976,0,13.6028203180793,23666.6402167382,0,6270.9001666345,1267.329426301,0,0,3791.7861636645,1.13356835983994,0,0,0,0,0,0,4035.5033610301,0,0,0,0,0,0,0,9.06854687871952,0,0,0,0,0,0,0,0,0,0,0,0,5062.5162950451,0,0,0,0,0,0,0,0,196.1073262523,0,0,0,11.3356835983994,0,472.6980060532,2706.9612432977,0,0,0,15022.0479045988,0,3786.1183218654,0,0,0,0,0,0,162525.363592051,0,511.2393302878,0,17852.5680991192,0,603.0583674348,0,0,0,52435.4716211161,2056.2930047496,0,22367.5708763617,0,67827.0628110228,265910.198714533,0,0,4.53427343935976,7.93497851887958,0,64.6133965108766,1775.1680515093,0,0,216773.411020552,0,0,0,0,1877.1892038949,0,1279.7986782592,0,0,0,6.80141015903964,0,0,0,0,0,0,0,1971.2753777616,0,0,16925.3091807701,0,0,5.6678417991997,0,0,0,0,0,4.53427343935976,0,3.40070507951982,0,1979.2103562805,0,0,0,0,0,0,0,0,222.1793985286,8813.4939977555,0,42583.6290057471,0,0,0,0,0,0,0,819.5699241642,0,0,0,0,0,0,0,0,1.13356835983994,0
"SRX20686933",174348.827083335,6828.0920382069,71.7487779846612,1878.1297766573,2.81367756802593,2516.8345845991,2.11025817601945,385.4738268195,11.9581296641102,170.2274928655,86.5205852167974,2421.8729666783,8049.2281027301,0,9571.4276670322,980.566632457,7295.8659338912,303.8771773468,194.1437521937,394.6182789156,1430.0516239491,327.793436675,0,139.2770396172,68.9351004166353,2288.926701589,2554.8192317675,381.2533104675,51.3496156164732,3.51709696003241,2859.3998285063,978.456374281,37.2812277763436,5.62735513605186,6094.4256123441,3.51709696003241,4115.7068626299,148.4214917133,149.1249111053,456.5191854122,278.5540792345,0.703419392006483,720.3014574146,3771.0313605467,177.2616867856,31.6538726402917,338.3447275551,272.2233047065,269.4096271384,0,28.8401950722658,545.150028805,1114.2163169382,1300.6224558199,164.6001377295,0,7156.5888942739,553.5910615091,995.3384396891,181.4822031376,1337.9036835963,737.1835228227,215.9497533459,506.4619622446,1523.606403086,28.1367756802593,1512.3516928139,1349.8618132604,196.2540103698,4861.3314181568,158.2693632014,833.5519795276,203.9916236818,23.9162593282204,50.6461962244667,50.6461962244667,517.7166725167,13011.8519133359,5668.1534607882,5287.6035697127,68495.4632966312,207.5087206419,1984.3461048502,1450.4507863173,9.84787148809076,14.7718072321361,48940.404198851,3927.1904655721,183.5924613136,35760.4350508255,265.8925301784,63841.6405991163,22242.1211752449,94.9616179208752,7.03419392006483,4892.281871405,2039.9162368188,1430.7550433411,3090.8248084764,362.2609868833,1339.3105223803,232.1283993621,302248.058034913,375.6259553314,839.8827540557,2346.6070917336,1272.4856801397,3770.3279411547,900.3768217682,4934.4870349254,1500.3935631498,212.4326563859,524.0474470448,510.6824785967,665.4347448381,1878.8331960493,343.2686632991,317.2421457949,1580.5833738385,296.1395640347,92.1479403528492,593.6859668534,1945.6580382899,3665.5184517457,4405.5156521366,125.9120711691,80.8932300807455,1413.169558541,2814.3809874179,9.84787148809076,11.2547102721037,19.6957429761815,4410.4395878806,21.1025817601945,277.1472404505,1825.3733222568,10.5512908800972,3894.1297541478,801.1946874953,1276.7061964917,785.7194608712,2727.1569828091,32435.3715848109,1219.7292257392,787.1262996552,301.0634997787,3772.4381993307,58.3838095365381,4.92393574404538,15375.3410704776,3932.1144013162,1789.4989332644,21.1025817601945,132.2428456972,2.11025817601945,6524.2148608601,158.9727825934,2757.4040166654,47.8325186564408,8390.3865078533,2710.9783367929,5756.080884789,0,2716.605691929,2.81367756802593,90.0376821768298,882.0879175761,9.84787148809076
"SRX20686934",88938.3844064966,2141.0357713422,58.6585142833482,1454.386104143,0,24.1535058813787,0,84.5372705848254,0,258.7875630147,0,1588.9556369106,8898.8416668679,0,21579.4322545917,31.0545075617726,58446.3084816761,165.6240403294,5577.7346081783,2273.8800536897,196.6785478912,43.1312605024619,0,6145.3419963907,63.8342655436437,12.0767529406893,5603.6133644798,13.8020033607878,997.1947428169,219.1068033525,886.7787159306,36.230258822068,0,15.5272537808863,224.2825546128,0,883.3282150904,0,55.2080134431513,46.5817613426589,234.6340571333,1.72525042009848,96.6140235255147,288.1168201564,31.0545075617726,188.0522957907,0,7199.4700030709,6.90100168039391,0,72.460517644136,0,3.45050084019695,27.6040067215756,179.4260436902,0,4207.8857746201,322.6218285584,79.36151932453,0,291.5673209966,0,44.8565109225604,4699.5821443482,0,51.7575126029543,0,25790.7685300521,101.7897747858,6395.503307305,31.0545075617726,41.4060100823635,74.1857680642345,0,320.8965781383,0,34.5050084019695,3704.1126519514,1678.6686587558,590.0356436736,63446.0841991215,295.0178218368,3057.1437444145,0,46.5817613426589,56.9332638632497,87582.3375762992,7860.2409139686,117.3170285666,4615.0448737634,89.7130218451208,12675.4148364635,62010.6758495995,60.3837647034467,8.62625210049239,1666.5919058151,1078.2815125615,586.5851428334,1323.2670722155,1678.6686587558,162.1735394892,10.3515025205909,384044.194014761,1111.0612705434,534.8276302305,296.7430722569,697.0011697197,138.0200336078,326.0723293986,2717.2694116551,143.1957848681,58.6585142833482,981.667489036,334.6985814991,332.973331079,2211.7710385662,2561.9968738462,355.4015865402,167.3492907495,13.8020033607878,151.8220369686,558.9811361119,384.7308436819,0,1093.8087663424,3.45050084019695,12.0767529406893,5520.8013443151,2166.9145276436,1178.3460369272,134.5695327676,1.72525042009848,60.3837647034467,0,41.4060100823635,3115.8022586978,5.17575126029543,3257.2727931459,0,479.6196167873,120.7675294068,58.6585142833482,184.6017949505,158.723038649,58.6585142833482,5.17575126029543,4090.5687460534,0,5.17575126029543,61077.3153723262,731.5061781217,32.7797579818711,0,377.8298420015,446.8398588055,747.0334319026,46.5817613426589,928.1847260129,103.5150252059,27.6040067215756,150.0967865485,2004.7409881544,508.948873929,0,0,0,738.4071798021,20.7030050411817
"SRX20726182",161337.710760284,1853.8587431,32.2717313881314,2505.382376785,0.121780118445779,488.3382749675,1.46136142134935,817.8752754818,150.276666162,1441.5112620426,36.2904752968421,3139.0043330583,3453.8059392407,713.2661537369,8587.0814919672,1318.5133424124,4538.1361138819,492.6005791131,82.3233600693465,1553.9143113681,2010.3461953029,261.7054745399,8.40282817275874,995.3089080573,369.8462197198,3633.5533940667,3506.902070883,146.6232626087,3349.805718088,689.2754704031,1630.2704456336,731.04605103,1.94848189513246,4.99298485627693,2459.3494920125,4.0187439087107,4072.8142813006,388.2350176051,815.4396731129,652.376094514,284.3565765708,0,818.8495164294,1184.7987723589,20.3372797804451,4087.9150159879,347.0733375704,2143.8172051194,939.2900535722,91.2133087158883,444.2538720902,1277.2298822593,1888.4442967386,69.1711072772024,1127.440336571,11.4473311339032,6864.7452767885,1312.5461166086,2379.461734312,100.5903778362,2383.6022583392,29.1054483085411,663.4580852926,728.0015480688,13.3958130290357,490.0431966258,1716.4907694932,1489.7361889472,390.0617193818,4310.8944128621,332.21616312,1183.2156308191,122.5107991564,430.9798391796,285.6961578737,278.7546911223,36.5340355337336,6493.1941354104,11110.1219859268,2255.976694208,161827.75395691,490.652097218,6566.1404263595,4576.0097307185,2577.5979870233,875.3554913882,42578.4699326714,1872.4911012222,3536.2510794285,6945.2419350812,864.638840965,17486.5289877478,2343.0494788967,256.4689294468,13.2740329105899,11986.9388387364,1523.4692817566,1636.6030117928,1975.151741072,109.2367662458,735.6736955309,3324.2318932144,331705.539083441,2277.8971155282,3088.7091441402,1824.7532947915,1421.7828828544,3697.3661761322,3244.8312559877,2281.1851787263,5361.8568350491,28.0094272425291,1111.7307012915,2006.4492315126,3090.4140657985,5131.9359714235,2031.0488154386,124.4592810515,1278.9348039175,1589.8394463096,155.6349913737,159.6537352824,4349.6204905278,39.7003186133239,5974.8979513052,338.0616088054,280.4596127806,3521.2721248596,2716.0619816962,214.454788583,912.2548672773,1310.9629750688,1358.2136610257,5.23654509316849,230.8951045731,2710.3383161292,28.0094272425291,1467.9375477454,1008.9482813232,1111.9742615284,775.7393544996,551.298596204,380.9282104983,233.8178274158,422.8205712437,346.5862170966,14249.1263189852,1951.2828378567,2.92272284269869,12920.7487869786,1924.8565521539,542.8957680312,29.71434890077,84.3936220829247,1402.6634042584,365.4621354557,802.2874203207,2959.1350981139,14.0047136212646,4128.9549159041,655.1770372382,1851.666700968,3.16628307959025,30.9321500852278,344.2723948462,3.53162343492758,1290.1385748145,25.9391652289509
"SRX20726183",207007.447017417,6952.5636571451,43.3024677371439,8644.8845183607,0,1105.2199614305,3.52461946697683,756.2826341998,130.9144373448,340.3775370966,60.9255650720281,2666.1228682346,4877.5698252292,159.6149101473,10868.4158849564,858.4965987422,6711.8824992573,87.1084525409989,102.2139645423,832.8172283399,743.6947075321,2811.1357834473,0,418.9261995035,105.2350669425,1930.9879508365,2097.1485828512,587.1008997849,128.3968520112,10.0703413342195,1722.5318852182,169.6852514815,10.5738584009305,16.1125461347512,1667.14500788,62.436116272161,4390.6688217197,202.4138608178,97.6823109419294,35.7497117364793,388.7151755008,19.1336485350171,2753.7348378423,1045.8049475586,381.6659365669,164.6500808144,850.9438427415,643.9983283233,457.1934965735,0,31.2180581360805,465.7532867076,889.7146568782,870.5810083432,371.5955952327,1.00703413342195,1210.9585454398,742.1841563319,309.1594789605,91.1365890746867,1137.4450537,642.9912941899,518.1190616455,531.21050538,46.8270872041208,34.7426776030574,8.05627306737562,1779.9328308233,131.4179544115,5318.650775668,218.0228898858,295.0610010926,147.5305005463,67.9748040059818,4.02813653368781,59.4150138718952,132.9285056116,12276.753120547,5783.9005453089,3853.9196286058,74340.2667633419,582.5692461845,3367.0186250962,5547.7510410215,757.7931854,124.3687154776,49860.7775310544,4316.6518129131,974.8090411524,22635.6097339919,283.4801085582,22087.2796483436,20874.8105517036,627.8857821885,4.02813653368781,8002.9002583042,2151.528426056,1669.6625932135,2694.3198239704,297.5785864261,1122.3395416987,156.0902906804,342009.43590983,151.55863708,1774.3941430894,2412.3502666122,1355.9714606526,2168.1444892574,1277.9263153124,6985.795783548,1589.6033796065,117.8229936103,417.9191653701,406.8417899024,598.6817923193,3064.9083850697,733.1208491311,407.3453069691,524.1612664461,1618.8073694757,151.0551200132,391.2327608344,2594.6234447616,863.0282523426,5710.8905706358,74.5205258732245,347.4267760305,1746.7007044203,2025.1456423115,169.6852514815,23.6653021354159,47.8341213375427,3554.8304909794,16.6160632014622,451.6548088397,2847.3890122505,124.3687154776,3458.6587312376,544.8054661812,2264.3162489992,140.984778679,105.7385840093,24249.8854498673,302.1102400265,2280.9323122007,2785.9599301118,5655.0001762309,311.1735472273,42.295433603722,16268.6364254316,436.0457797717,2234.6087420633,25.6793704022598,602.709928853,363.0358050986,489.9221059097,24.1688192021269,2689.2846533033,5.53868773382074,5112.7122953832,1876.6081076318,1932.4985020367,57.4009456050513,343.9021565635,2.51758533355488,1.51055120013293,59.9185309386062,1.00703413342195
